,pred_a1,pred_a0,pred_mu,pred_sigma,pred_mu_sigma,variance,mean_peak,mu_1,mu_2,mu_3,mu_4,CellID,animal
1242,0,0,9.6,0.6,6.6,2.003954424,9.275,6.9,9.1,9.3,11.8,1242,F10
1243,0,0,31.9,11.5,0.4,0.355902608,32,32.3,32.3,31.6,31.8,1243,F10
1244,0,0,3.1,1.3,0.8,0.707106781,3.2,2.7,2.7,3.2,4.2,1244,F10
1245,0,0,5.1,1.6,0.4,0.238047614,5.15,5,5,5.1,5.5,1245,F10
1246,0,0,7.7,2.5,9.3,11.34372073,9.8,17.3,21.7,0.1,0.1,1246,F10
1247,0,0,2.6,0.8,0.3,0.244948974,2.6,2.3,2.9,2.6,2.6,1247,F10
1248,0,0,10.3,4.2,3.5,2.578759392,6.05,4.7,8.5,3.1,7.9,1248,F10
1249,0,0,2.1,1.5,1.2,26.05409437,15.175,54.2,0.2,3,3.3,1249,F10
1250,0.1,0,3.3,1.2,1.8,1.988299106,2.9,3.7,3.4,4.5,0,1250,F10
1251,0.1,0,4.4,1.3,0.2,0.095742711,4.525,4.5,4.4,4.6,4.6,1251,F10
1252,0.1,0,3.9,1.3,0.6,1.907004632,2.85,3.3,3.5,4.5,0.1,1252,F10
1253,0.1,0,3.7,1.2,2.9,2.430877756,3.625,4.6,5.2,4.7,0,1253,F10
1254,0,0,5.4,0.9,3.9,3.179491574,5.325,9.7,5.4,2.3,3.9,1254,F10
1255,0,0,3.2,0.9,0.3,0.294392029,3.2,3.2,3.6,3.1,2.9,1255,F10
1256,0.1,0,2.8,1,0.4,0.386221008,2.825,2.6,2.6,2.7,3.4,1256,F10
1257,0.1,0,3,1.1,0.1,0.05,2.975,3,3,2.9,3,1257,F10
1258,0.1,0,2.5,0.6,0.4,0.404145188,2.55,2.2,2.3,2.6,3.1,1258,F10
1259,0.1,0,2.5,0.7,0.4,0.40824829,2.4,2.1,2.2,2.3,3,1259,F10
1260,0,0,2.4,0.7,0.2,0.221735578,2.375,2.2,2.3,2.3,2.7,1260,F10
1261,0,0,3.1,1.1,0.2,0.125830574,3.075,2.9,3.1,3.1,3.2,1261,F10
1262,0,0,3,0.7,0.4,0.340342964,2.925,2.6,2.8,2.9,3.4,1262,F10
1263,0,0,2.4,0.7,0.4,0.40824829,2.5,2.2,2.4,2.3,3.1,1263,F10
1264,0.1,0,3.1,1,0.5,0.386221008,3.175,2.8,3,3.2,3.7,1264,F10
1265,0.1,0,3.4,1.2,0.3,0.221735578,3.375,3.3,3.2,3.3,3.7,1265,F10
1266,0,0,3,0.9,0.2,0.163299316,3,2.8,3,3,3.2,1266,F10
1267,0.1,0,3,0.8,0.6,0.499165971,3.125,2.6,3,3.1,3.8,1267,F10
1268,0,0,2.9,0.8,0.2,0.163299316,2.9,2.9,2.9,2.7,3.1,1268,F10
1269,0,0,2.8,0.8,0.6,0.457347424,2.725,2.6,2.4,2.5,3.4,1269,F10
1270,0.1,0,5.2,2.6,0.2,0.238047614,5.15,4.9,5,5.3,5.4,1270,F10
1271,0,0,3.7,1.3,0.3,0.294392029,3.7,3.7,3.4,3.6,4.1,1271,F10
1272,0.1,0,4.2,1.8,0.4,2.101586702,3.25,4.4,4.3,4.2,0.1,1272,F10
1273,0.1,0,5.3,1.2,0.9,2.278888618,3.5,4.8,4.3,4.8,0.1,1273,F10
1274,0,0,2.6,0.9,0.1,0.05,2.575,2.6,2.6,2.5,2.6,1274,F10
1275,0.1,0,4.3,2,0.8,0.865544145,4.175,4.6,3,4.1,5,1275,F10
1276,0.1,0,3.2,1.1,0.3,0.251661148,3.05,3,2.8,3,3.4,1276,F10
1277,0,0,4,0.9,0.3,0.275378527,4.025,4.2,3.9,3.7,4.3,1277,F10
1278,0,0,6.4,1.1,3.9,2.718302166,4.175,5.4,5.6,5.6,0.1,1278,F10
1279,0,0,4.2,0.8,0.4,0.394757309,4.325,4.5,4,4,4.8,1279,F10
1280,0.1,0,6.2,0.9,3.6,3.269429104,6.125,4,4.7,4.8,11,1280,F10
1281,0,0,6,1.7,6.3,5.681182389,6.375,5.6,5.9,0.1,13.9,1281,F10
1282,0.1,0,3.7,1.4,0.1,0.05,3.625,3.7,3.6,3.6,3.6,1282,F10
1283,0.1,0,4,1,0.5,0.499165971,4.075,4.4,4,4.5,3.4,1283,F10
1284,0,0,5,1.9,4.1,3.581898938,3.15,5.4,0.1,7,0.1,1284,F10
1285,0.1,0,3.3,1,0.1,0.05,3.325,3.3,3.3,3.4,3.3,1285,F10
1286,0,0,3.9,1.1,2.6,2.675817632,2.4,5.1,4.3,0.1,0.1,1286,F10
1287,0.1,0,7.8,3.9,4.7,4.812483766,6.8,8.3,7.3,11.5,0.1,1287,F10
1288,0.1,0,4.5,2.3,0,0,4.5,4.5,4.5,4.5,4.5,1288,F10
1289,0.1,0,3.7,1.5,0.1,0.095742711,3.675,3.6,3.8,3.7,3.6,1289,F10
1290,0.1,0,5.3,0.9,0.1,2.63375524,3.95,5.2,5.3,5.3,0,1290,F10
1291,0,0,5.8,0.9,1.2,1.004572878,5.625,5.1,5.4,4.9,7.1,1291,F10
1292,0,0,5.5,0.7,1.1,3.168990375,4.525,5.5,7.6,4.9,0.1,1292,F10
1293,0.1,0,4.1,0.9,0.1,0.05,4.025,4.1,4,4,4,1293,F10
1294,0.1,0,4.3,1,0,2.15,3.225,4.3,4.3,4.3,0,1294,F10
1295,0,0,5.4,1,0.7,2.397915762,3.55,5.1,4.2,4.9,0,1295,F10
1296,0.1,0,5.9,1.6,0.4,2.858175409,4.275,5.8,5.9,5.4,0,1296,F10
1297,0,0,6.1,1.3,0.6,0.320156212,6.225,6,6.7,6.1,6.1,1297,F10
1298,0,0,4,1.3,2.4,2.26329406,3.475,4.9,4.3,4.6,0.1,1298,F10
1299,0,0,4.5,1,0.9,2.23383079,3.35,5.2,4,4.1,0.1,1299,F10
1300,0,0,7.7,1.9,1.5,1.484082208,8.175,6.8,7.4,8.3,10.2,1300,F10
1301,0,0,3.9,1.7,1.8,1.490805152,3.975,6.1,2.8,3.1,3.9,1301,F10
1302,0,0,8.6,1.6,2.6,2.691963348,8.6,7.3,12.6,7.7,6.8,1302,F10
1303,0.1,0,14.8,3,5.7,4.74789427,14.925,8.8,19.2,13.6,18.1,1303,F10
1304,0.2,0,4.6,1.3,0.5,0.355902608,4.5,5,4.3,4.5,4.2,1304,F10
1305,0,0,8.3,1.7,1.6,1.24465524,8.425,7.2,7.7,8.8,10,1305,F10
1306,0,0,8.2,1.3,1.2,1.008298897,8.45,7,8.6,9.3,8.9,1306,F10
1307,0,0,4.6,1.4,0.6,0.597215762,4.45,4.2,3.8,4.6,5.2,1307,F10
1308,0,0,9.6,0.8,0.6,0.522812905,9.5,9.1,10.2,9.6,9.1,1308,F10
1309,0,0,14.8,3.2,4.9,4.415502991,16.15,12.8,12.4,21.7,17.7,1309,F10
1310,0,0,2.3,3.7,4.4,4.25,2.225,8.6,0.1,0.1,0.1,1310,F10
1311,0.1,0,11.5,2.9,1.9,1.689921103,10.925,8.5,11.1,12.3,11.8,1311,F10
1312,0,0,8.8,1.5,0.9,0.809835374,8.525,8.1,9.7,7.9,8.4,1312,F10
1313,0,0,3.6,1.3,0.3,0.310912635,3.65,3.6,3.4,3.5,4.1,1313,F10
1314,0,0,20.6,2.7,6.8,6.035105633,19.925,19,13,27.7,20,1314,F10
1315,0.3,0,27.3,4.7,2.1,1.298717316,26.5,25.6,25.5,26.6,28.3,1315,F10
1316,0,0,12.9,1.3,9.1,10.59732671,13.35,21.5,4.3,4.1,23.5,1316,F10
1317,0.2,0,14,4.5,7.6,10.14901473,8.875,16.1,0.2,19.1,0.1,1317,F10
1318,0,0,2.9,0.7,0.1,0.05,2.875,2.9,2.9,2.8,2.9,1318,F10
1319,0,0,25.8,1.6,16,27.31292429,39.825,44,0.1,59.9,55.3,1319,F10
1320,0.1,0,3.6,1.7,0.4,0.485626743,3.675,3.8,3.2,3.4,4.3,1320,F10
1321,0.1,0,3.8,1.8,0.6,0.623832242,3.875,3.7,3.2,3.9,4.7,1321,F10
1322,0.1,0,2.9,0.9,0.1,0.05,2.925,2.9,2.9,2.9,3,1322,F10
1323,0,0,3,0.8,0.5,0.435889894,3.05,2.8,2.8,2.9,3.7,1323,F10
1324,0.1,0,3.8,1.1,0.6,0.670198975,3.625,3.3,3.1,3.5,4.6,1324,F10
1325,0,0,2.5,0.6,0.3,0.264575131,2.45,2.2,2.3,2.5,2.8,1325,F10
1326,0,0,3.4,1.2,0.1,0.129099445,3.35,3.2,3.3,3.5,3.4,1326,F10
1327,0.1,0,3,1.1,0.1,0.1,2.95,2.9,2.9,2.9,3.1,1327,F10
1328,0.1,0,2.9,0.9,0.2,0.206155281,2.875,2.6,2.9,2.9,3.1,1328,F10
1329,0.1,0,3,1,0.5,0.386221008,3.075,2.7,2.9,3.1,3.6,1329,F10
1330,0,0,2.9,0.9,0.4,0.287228132,2.925,2.6,2.9,2.9,3.3,1330,F10
1331,0,0,2.8,0.8,0.3,0.264575131,2.85,2.6,2.7,2.9,3.2,1331,F10
1332,0.1,0,3,1.1,0,0,3,3,3,3,3,1332,F10
1333,0,0,3.9,1.4,0.7,0.567890835,3.775,3.6,3.3,3.6,4.6,1333,F10
1334,0,0,3.2,0.5,0.3,0.238047614,3.25,3,3.5,3.1,3.4,1334,F10
1335,0.1,0,3.2,1,0.4,0.309569594,3.175,3,2.9,3.2,3.6,1335,F10
1336,0,0,2.3,2.2,2.2,1.81934054,2.55,2.8,4.5,2.8,0.1,1336,F10
1337,0,0,3.6,0.7,0.7,0.759385717,3.65,2.9,3.4,3.6,4.7,1337,F10
1338,0.1,0,2.9,0.7,0.4,0.411298756,2.875,2.5,2.6,3,3.4,1338,F10
1339,0,0,3.9,0.8,0.6,1.83757086,2.75,3.5,3.7,3.8,0,1339,F10
1340,0,0,4.5,0.6,0.6,0.668331255,4.5,4.1,3.9,4.6,5.4,1340,F10
1341,0,0,13,1.2,10.4,1.241974235,4.875,5.1,4.6,6.4,3.4,1341,F10
1342,0.1,0,3.6,1.4,0.2,0.238047614,3.55,3.3,3.4,3.7,3.8,1342,F10
1343,0.1,0,3.6,1.3,0.1,0.057735027,3.55,3.6,3.5,3.5,3.6,1343,F10
1344,0.1,0,3.9,2.3,1.7,2.027107956,3.075,0.1,4.5,4.2,3.5,1344,F10
1345,0,0,3.2,0.9,0.5,0.37859389,3.25,3,3.2,3,3.8,1345,F10
1346,0.1,0,3.3,1.3,0.5,0.330403793,3.275,3.1,3.5,2.9,3.6,1346,F10
1347,0.1,0,4.3,0.9,0.8,0.571547607,4.3,3.8,4.3,4,5.1,1347,F10
1348,0.1,0,14,2.5,6,4.773800024,15.275,8.5,16.2,16.7,19.7,1348,F10
1349,0.1,0,4.4,1.7,0.1,0.05,4.475,4.5,4.4,4.5,4.5,1349,F10
1350,0,0,5.1,0.9,2.6,1.826654501,5.05,3.7,7,6.2,3.3,1350,F10
1351,0,0,11.2,1.3,5,3.663331817,9.8,7.3,9.4,7.4,15.1,1351,F10
1352,0.1,0,13.4,3.3,0.2,0.320156212,13.125,12.8,12.9,13.4,13.4,1352,F10
1353,0,0,6.3,0.8,4.3,5.473192243,6.025,2.4,14.1,2.9,4.7,1353,F10
1354,0,0,4.1,1.5,1.2,0.850490055,4.35,4.3,3.2,4.7,5.2,1354,F10
1355,0,0,2.6,0.8,0.3,0.310912635,2.75,2.4,2.6,2.9,3.1,1355,F10
1356,0,0,2.5,0.7,0.6,0.49244289,2.575,2.2,2.4,2.4,3.3,1356,F10
1357,0,0,2.5,0.7,0.4,0.27080128,2.5,2.4,2.3,2.4,2.9,1357,F10
1358,0.1,0,3.7,1.3,0.3,0.359397644,3.625,3.7,3.4,3.3,4.1,1358,F10
1359,0,0,3,0.7,0.4,1.372345923,2.05,2.6,2.9,2.7,0,1359,F10
1360,0,0,3.5,0.8,0.7,0.734846923,3.7,4,4.1,4.1,2.6,1360,F10
1361,0,0,3,1,0.3,0.2,3,2.9,2.9,2.9,3.3,1361,F10
1362,0,0,4.2,1.8,0.1,0,4.2,4.2,4.2,4.2,4.2,1362,F10
1363,0,0,3.7,1.6,0.5,0.403112887,3.725,3.5,3.4,3.7,4.3,1363,F10
1364,0.1,0,3.8,1.7,0.7,0.531507291,3.725,3.7,3.1,3.7,4.4,1364,F10
1365,0,0,4.6,1.3,0.6,0.713559154,4.625,4.4,3.9,4.6,5.6,1365,F10
1366,0,0,3.2,1.1,0.5,0.394757309,3.125,3,2.8,3,3.7,1366,F10
1367,0.1,0,2.8,0.8,0.2,0.221735578,2.825,2.6,2.7,2.9,3.1,1367,F10
1368,0.1,0,3.9,1.3,0.6,0.607590871,3.875,4.1,3.6,4.6,3.2,1368,F10
1369,0.1,0,5.1,1.5,0.6,0.221735578,5.075,5.2,4.8,5,5.3,1369,F10
1370,0,0,8.2,1.5,3.3,2.95,4.425,5.2,5.7,6.7,0.1,1370,F10
1371,0,0,5.7,1.1,0.7,0.7,5.75,4.7,6.1,6.1,6.1,1371,F10
1372,0.1,0,3.5,4.1,2.7,2.645751311,3.8,6.3,0.3,3.3,5.3,1372,F10
1373,0,0,15.6,0.7,14,20.35567079,18.2,5.7,5.8,48.3,13,1373,F10
1374,0,0,26,1.8,14,24.2666266,37.675,36.3,59.9,50.2,4.3,1374,F10
1375,0,0,2.8,0.6,0.4,0.404145188,2.65,2.4,2.3,2.7,3.2,1375,F10
1376,0,0,2.7,0.6,0.4,0.359397644,2.625,2.4,2.3,2.7,3.1,1376,F10
1377,0,0,3.1,0.5,0.6,0.543905629,3.125,2.8,2.7,3.1,3.9,1377,F10
1378,0,0,8.2,0.9,2,1.75,7.675,6,6.4,8.7,9.6,1378,F10
1379,0,0,14.6,1.2,3.6,5.077647093,13.775,18.5,6.7,13.9,16,1379,F10
1380,0,0,4.3,1,0.8,0.804155872,4.2,4.8,3.1,4.1,4.8,1380,F10
1381,0,0,5.1,3.8,2.1,3.180670789,4.35,4,0.2,7.8,5.4,1381,F10
1382,0,0,4.9,1.2,0.8,0.75,5.025,4.8,4.2,5.1,6,1382,F10
1383,0,0,3.4,0.9,0.6,0.618465844,3.575,3.2,3.3,3.3,4.5,1383,F10
1384,0,0,3.3,1.6,0.3,24.96858026,15.85,53.3,3.1,3.2,3.8,1384,F10
1385,0,0,4,1.7,0.6,0.512347538,3.825,3.6,3.3,3.9,4.5,1385,F10
1386,0,0,5.6,0.9,5,2.831960452,4.3,8.4,2.1,2.8,3.9,1386,F10
1387,0,0,2.9,1.2,0.1,0.057735027,2.95,3,2.9,2.9,3,1387,F10
1388,0.1,0,2.6,0.9,0.2,0.221735578,2.575,2.5,2.5,2.4,2.9,1388,F10
1389,0.1,0,7.3,3,8.2,8.6,4.4,17.3,0.1,0.1,0.1,1389,F10
1390,0,0,4.6,2.5,0.2,0.221735578,4.475,4.7,4.4,4.2,4.6,1390,F10
1391,0,0,18.5,3.4,13.5,23.27564893,17.175,49.4,0.1,19.1,0.1,1391,F10
1392,0,0,3.5,2.1,1,1.068877916,3.825,5.3,2.9,3.2,3.9,1392,F10
1393,0,0,4.7,1.3,0.5,0.330403793,4.725,4.7,5.1,4.3,4.8,1393,F10
1394,0,0,3.4,0.9,2.3,2.485122398,3.025,6.2,0.2,2.4,3.3,1394,F10
1395,0,0,3.4,1.6,0.4,0.264575131,3.35,3,3.3,3.5,3.6,1395,F10
1396,0,0,3.5,1.2,0.8,0.754431353,3.675,4.4,3.3,2.8,4.2,1396,F10
1397,0,0,3.2,0.5,0.8,0.820568908,3.3,2.5,2.9,3.4,4.4,1397,F10
1398,0,0,4.9,1.8,4.2,4.099085264,4.725,10,0.1,3.7,5.1,1398,F10
1399,0,0,2.8,1,0.2,0.15,2.825,2.7,2.7,2.9,3,1399,F10
1,0,0,2.6,0.5,0.5,0.512347538,2.675,2.6,2.9,2,3.2,1,F3.
10,0,0,2.3,0.8,0.6,0.493288286,2.35,2.3,2.3,1.8,3,10,F3.
100,0,0,13,8.1,0.8,2.45950537,5.325,7.1,4.2,7.6,2.4,100,F3.
101,0,0,2,0.7,0.4,0.556027577,2.025,1.5,2,1.8,2.8,101,F3.
102,0,0,2.1,0.7,0.4,0.355902608,2.2,1.9,2.2,2,2.7,102,F3.
103,0,0,2.7,1.3,1.2,0.707106781,2.5,2.3,2.6,1.7,3.4,103,F3.
104,0,0,2.5,1.1,0.8,0.680685929,2.55,2.8,2.6,1.6,3.2,104,F3.
105,0,0,2.8,0.9,0.4,0.386221008,2.775,2.6,2.8,2.4,3.3,105,F3.
106,0,0,3.1,1,1.5,1.138712724,3.35,3.1,2.9,2.4,5,106,F3.
107,0,0,3.6,0.9,1.4,1.206579187,3.725,3.3,3.3,2.8,5.5,107,F3.
108,0,0,3.4,1.2,0.3,0.129099445,3.45,3.4,3.5,3.3,3.6,108,F3.
109,0,0,3.1,0.8,0.9,0.761577311,3.2,2.8,3.1,2.6,4.3,109,F3.
11,0,0,2.9,1.1,0.2,0.238047614,3.05,2.9,3,2.9,3.4,11,F3.
110,0,0,2.8,0.4,0.6,0.496655481,2.6,2.2,2.6,2.3,3.3,110,F3.
111,0,0,3,1.2,0.5,0.21602469,3,3,3.1,2.7,3.2,111,F3.
112,0,0,3.3,1,0.1,0.05,3.325,3.4,3.3,3.3,3.3,112,F3.
113,0,0,3.7,1.1,0.2,0.129099445,3.65,3.6,3.7,3.5,3.8,113,F3.
114,0,0,3.4,0.8,0.8,0.785281266,3.55,3.1,3.4,3,4.7,114,F3.
115,0,0,3.5,0.9,0.7,0.802080628,3.65,3.1,3.6,3.1,4.8,115,F3.
116,0,0,3.6,1.2,0.1,0.141421356,3.5,3.5,3.6,3.3,3.6,116,F3.
117,0,0,3.3,0.9,0.1,0.141421356,3.3,3.1,3.4,3.3,3.4,117,F3.
118,0,0,3.3,0.9,0.1,0.125830574,3.275,3.1,3.3,3.3,3.4,118,F3.
119,0,0,4.4,1.1,0.1,0.057735027,4.35,4.3,4.3,4.4,4.4,119,F3.
12,0,0,3.1,1,0.4,0.359397644,3.075,3.3,3,2.6,3.4,12,F3.
120,0,0,4,1.1,2.9,2.574716813,3.525,3.1,6.3,4.5,0.2,120,F3.
121,0,0,4.4,1.2,0.9,0.888350531,4.075,3.5,3.7,3.7,5.4,121,F3.
122,0,0,3.3,0.7,0.5,0.434932945,3.325,3.4,3.5,2.7,3.7,122,F3.
123,0,0,2.8,1,0.8,0.801560977,2.775,2.6,2.6,2,3.9,123,F3.
124,0,0,2.9,0.9,0.8,0.660807587,2.85,2.7,2.9,2.1,3.7,124,F3.
125,0,0,3.1,1,0.3,0.264575131,3.05,3.2,3,2.7,3.3,125,F3.
13,0,0,4.3,0.6,1.7,1.440775254,4.425,3.5,4.3,3.4,6.5,13,F3.
14,0,0,3.5,1,0,0,3.5,3.5,3.5,3.5,3.5,14,F3.
15,0,0,3.4,0.9,0.4,0.36968455,3.35,3.5,3,3.1,3.8,15,F3.
16,0,0,4.4,0.6,1.1,1.231191834,4.625,3.9,4.5,3.7,6.4,16,F3.
17,0,0,3.4,1,0.3,0.330403793,3.375,3.6,3.4,2.9,3.6,17,F3.
18,0,0,3.8,0.8,1.1,1.00166528,3.75,3.4,3.5,2.9,5.2,18,F3.
19,0,0,3.9,0.9,1.3,1.161536339,4.075,3.5,3.7,3.3,5.8,19,F3.
2,0,0,3.9,0.5,1.4,1.191637529,3.9,2.9,3.3,3.8,5.6,2,F3.
20,0,0,3.6,1,0.3,0.238047614,3.55,3.7,3.4,3.3,3.8,20,F3.
21,0,0,5.2,0.5,1.2,0.809835374,5.025,4.6,5.8,4.1,5.6,21,F3.
22,0,0,2.6,0.9,0.4,0.387298335,2.65,2.6,2.5,2.3,3.2,22,F3.
23,0,0,2.1,0.7,0.2,0.15,2.075,2,2.2,1.9,2.2,23,F3.
24,0,0,2.1,1.1,0.4,0.472581563,1.95,2,1.6,1.6,2.6,24,F3.
25,0,0,2.2,0.7,0.3,0.359397644,2.175,2,2.1,1.9,2.7,25,F3.
26,0,0,2.3,0.7,0.4,0.330403793,2.325,2,2.5,2.1,2.7,26,F3.
27,0,0,2.9,1.2,0.4,0.377491722,2.875,2.8,2.8,2.5,3.4,27,F3.
28,0,0,2.9,1.1,0.1,0.05,2.925,2.9,2.9,2.9,3,28,F3.
29,0,0,2.6,0.6,0.4,0.374165739,2.6,2.7,2.6,2.1,3,29,F3.
3,0.1,0,2.7,0.9,0.6,0.588784058,2.7,2.9,2.7,1.9,3.3,3,F3.
30,0,0,3.1,1,0.1,0.095742711,3.175,3.1,3.3,3.1,3.2,30,F3.
31,0,0,3.1,1.1,1.1,1.087428159,3.375,2.9,2.7,2.9,5,31,F3.
32,0,0,3.6,0.6,0.6,0.506622805,3.65,3.5,3.3,3.4,4.4,32,F3.
33,0,0,4.5,1.1,1,2.094437076,3.1,4,4.6,3.8,0,33,F3.
34,0,0,3.9,0.7,1.6,2.05669638,2.95,4.2,4.5,3.1,0,34,F3.
35,0,0,2.2,0.7,0.3,0.236290781,2.175,2.2,2,2,2.5,35,F3.
36,0,0,2.1,0.6,0.6,0.6164414,2.2,1.8,2.1,1.8,3.1,36,F3.
37,0,0,2.1,0.6,0.3,0.35,2.075,1.9,2.2,1.7,2.5,37,F3.
38,0,0,2.2,0.6,0.3,0.298607881,2.125,1.8,2.2,2,2.5,38,F3.
39,0,0,2.2,0.7,0.4,0.387298335,2.15,1.8,2,2.1,2.7,39,F3.
4,0.1,0,2.9,1.1,0.5,0.464578662,2.825,3,2.8,2.2,3.3,4,F3.
40,0,0,2.3,0.5,0.7,0.64807407,2.2,2.5,2.2,1.3,2.8,40,F3.
41,0,0,3.4,0.7,0.6,0.544671155,3.45,3.6,3.3,2.8,4.1,41,F3.
42,0,0,3.9,1.1,0.1,0.057735027,3.85,3.8,3.9,3.8,3.9,42,F3.
43,0,0,5.5,0.9,1.2,1.093541647,5.875,4.8,5.6,5.7,7.4,43,F3.
44,0,0,2.5,0.5,0.3,0.294392029,2.5,2.4,2.5,2.2,2.9,44,F3.
45,0,0,0.9,1.3,0.1,0.251661148,0.65,0.4,0.6,1,0.6,45,F3.
46,0,0,2.8,1.1,0.5,0.613731755,2.65,2.6,2.7,1.9,3.4,46,F3.
47,0,0,3.1,1,0.4,0.340342964,3.225,3.5,3.1,2.8,3.5,47,F3.
48,0,0,3.3,0.9,0.4,0.330403793,3.375,3.4,3.3,3,3.8,48,F3.
49,0,0,2.9,1.2,0.3,0.404145188,2.85,3.2,2.8,2.3,3.1,49,F3.
5,0,0,3,1,0.5,0.535412613,3,3.1,3,2.3,3.6,5,F3.
50,0,0,3,1,0.4,0.36968455,3.05,2.9,2.9,2.8,3.6,50,F3.
51,0,0,2.9,0.8,0.7,0.602771377,2.95,2.9,2.7,2.4,3.8,51,F3.
52,0,0,2.4,0.6,0.4,0.391578004,2.4,2,2.5,2.2,2.9,52,F3.
53,0,0,2.4,0.7,0.6,0.42031734,2.35,1.9,2.6,2.1,2.8,53,F3.
54,0,0,2.4,0.5,0.9,0.634428877,2.525,1.8,2.7,2.3,3.3,54,F3.
55,0,0,2,0.6,0.2,0.15,2.025,1.9,2.1,1.9,2.2,55,F3.
56,0,0,2.3,0.9,0.4,0.341565026,2.35,2,2.4,2.2,2.8,56,F3.
57,0,0,2.2,0.8,0.1,0.057735027,2.15,2.1,2.2,2.1,2.2,57,F3.
58,0,0,2.7,0.7,0.8,0.776745347,2.85,2.6,1.9,3.2,3.7,58,F3.
59,0,0,3,1.3,0,0,3,3,3,3,3,59,F3.
6,0,0,3.6,0.8,1,1.00124922,3.625,3.4,3.9,2.4,4.8,6,F3.
60,0,0,2.9,1,0.3,0.264575131,2.85,2.6,2.9,2.7,3.2,60,F3.
61,0,0,3,0.9,0.5,0.377491722,2.875,2.8,3,2.4,3.3,61,F3.
62,0,0,2.3,0.7,0.5,0.531507291,2.325,2.3,2.3,1.7,3,62,F3.
63,0,0,3.2,0.7,0.9,0.9,3.25,3.3,3.3,2.1,4.3,63,F3.
64,0,0,3.1,1.3,0.2,0.15,3.025,2.9,3.2,3.1,2.9,64,F3.
65,0,0,2.3,0.7,0.2,0.129099445,2.35,2.4,2.3,2.2,2.5,65,F3.
66,0,0,3.6,1.1,0.1,0.141421356,3.6,3.5,3.6,3.5,3.8,66,F3.
67,0,0,3.3,1,0.2,0.21602469,3.3,3.4,3.3,3,3.5,67,F3.
68,0,0,4.3,0.6,1.3,1.224744871,4.1,2.9,3.7,4,5.8,68,F3.
69,0,0,5,0.8,2.2,1.433817748,4.975,3.3,6.6,4.4,5.6,69,F3.
7,0,0,3.3,0.9,0.5,0.479583152,3.35,3.3,3.8,2.7,3.6,7,F3.
70,0,0,3.7,1,0.1,0.05,3.675,3.6,3.7,3.7,3.7,70,F3.
71,0,0,4.3,0.7,0.7,0.602079729,4.275,3.5,4.8,4.1,4.7,71,F3.
72,0,0,5.9,0.5,2.8,2.551470164,6.35,4,8.3,4.3,8.8,72,F3.
73,0,0,3,1.4,0.8,0.613731755,2.95,2.9,2.1,3.4,3.4,73,F3.
74,0,0,2,0.5,0.7,0.660176744,2.125,2.4,1.8,1.4,2.9,74,F3.
75,0,0,2.2,0.7,0.2,0.236290781,2.175,2.2,2,2,2.5,75,F3.
76,0,0,2.3,0.6,0.2,0.081649658,2.3,2.3,2.3,2.2,2.4,76,F3.
77,0,0,2.2,0.5,0.3,0.294392029,2.1,2.1,2.2,1.7,2.4,77,F3.
78,0,0,2.9,0.7,1.8,1.424488212,2.975,1.4,2.2,3.8,4.5,78,F3.
79,0,0,2.2,0.8,0.4,0.565685425,2.3,1.9,2.3,1.9,3.1,79,F3.
8,0,0,3.1,1.1,0.4,0.403112887,3.125,2.9,3.1,2.8,3.7,8,F3.
80,0,0,2.8,0.6,0.8,0.890692614,2.7,2,3.2,1.9,3.7,80,F3.
81,0,0,2.6,1,0.4,0.443471157,2.55,2.3,2.7,2.1,3.1,81,F3.
82,0,0,3.1,0.7,2,2.028957039,3.15,5.6,1.8,1.2,4,82,F3.
83,0,0,3.6,0.5,0.9,0.83416625,3.425,2.7,3.4,3,4.6,83,F3.
84,0,0,2.6,1.1,0.4,0.288675135,2.65,2.6,2.7,2.3,3,84,F3.
85,0,0,3.6,0.8,0.7,0.68495742,3.625,3.2,3.6,3.1,4.6,85,F3.
86,0,0,4.5,0.8,0.7,0.590903263,4.375,3.9,4.4,4,5.2,86,F3.
87,0,0,3.3,1,0.9,0.65,3.325,2.7,3.4,3,4.2,87,F3.
88,0,0,4.9,0.7,1.5,1.364734406,4.775,4.3,4.6,3.5,6.7,88,F3.
89,0,0,3.3,0.7,0.7,0.590903263,3.175,2.6,3,3.1,4,89,F3.
9,0,0,2.8,1.2,0.1,0.125830574,2.675,2.7,2.7,2.5,2.8,9,F3.
90,0,0,3.4,1.5,0.4,0.355902608,3.2,3.5,3.2,2.7,3.4,90,F3.
91,0,0,4.5,1.6,0.4,0.25,4.625,4.9,4.7,4.6,4.3,91,F3.
92,0,0,19.6,0.8,1,7.877975628,10.975,6.1,16.1,19.1,2.6,92,F3.
93,0,0,10.5,11.8,0.8,3.678201553,12.325,7.1,14.8,12.4,15,93,F3.
94,0,0,3.4,1,2.1,2.515783509,3.225,6.9,2,1.3,2.7,94,F3.
95,0,0,3.7,0.8,1.2,0.921502396,3.725,5.1,3.4,3.2,3.2,95,F3.
96,0,0,3.6,1.1,0.3,0.346410162,3.6,4.1,3.5,3.3,3.5,96,F3.
97,0,0,2.3,0.5,0.1,1.219289411,1.3,2.5,2.2,0.3,0.2,97,F3.
98,0,0,2.7,0.8,1,0.754983444,2.75,2.7,1.7,3.3,3.3,98,F3.
99,0,0,3.2,1.2,0.2,0.057735027,3.15,3.1,3.2,3.1,3.2,99,F3.
126,0,0,2.3,0.7,0.2,0.170782513,2.275,2.2,2.1,2.5,2.3,126,F5.
127,0,0,4.9,1.1,0.5,0.457347424,5.025,4.5,4.9,5.1,5.6,127,F5.
128,0,0,3.6,0.7,0.3,0.221735578,3.625,3.3,3.7,3.7,3.8,128,F5.
129,0,0,2.6,0.6,0.4,0.387298335,2.65,2.2,2.5,2.8,3.1,129,F5.
130,0,0,3,0.9,0.2,0.15,3.025,2.9,2.9,3.1,3.2,130,F5.
131,0,0,3.3,1,0.1,0.05,3.275,3.3,3.2,3.3,3.3,131,F5.
132,0,0,3.6,0.9,0.1,0.057735027,3.55,3.5,3.5,3.6,3.6,132,F5.
133,0,0,3.2,0.9,0.1,0.05,3.125,3.1,3.1,3.1,3.2,133,F5.
134,0,0,5.5,0.6,1,0.981070844,5.475,4.7,5,5.3,6.9,134,F5.
135,0,0,3.3,0.5,0.6,0.457347424,3.275,2.8,3.2,3.2,3.9,135,F5.
136,0,0,3.5,0.7,0.3,0.21602469,3.4,3.1,3.4,3.6,3.5,136,F5.
137,0,0,3,0.5,0.5,0.129099445,3.15,3,3.2,3.3,3.1,137,F5.
138,0,0,2.2,0.4,0.2,0.21602469,2.2,1.9,2.2,2.3,2.4,138,F5.
139,0,0,2.6,0.7,0.3,0.221735578,2.625,2.3,2.7,2.8,2.7,139,F5.
140,0,0,3.5,0.9,0.5,0.457347424,3.575,3,3.5,3.7,4.1,140,F5.
141,0,0,4.3,1,0.2,0.170782513,4.425,4.2,4.5,4.4,4.6,141,F5.
142,0,0,3.2,0.9,0.1,0.141421356,3.2,3,3.2,3.3,3.3,142,F5.
143,0.1,0,2.9,0.7,0.3,0.331662479,2.85,2.4,2.9,2.9,3.2,143,F5.
144,0.1,0,2.7,0.7,0.3,0.2081666,2.75,2.5,2.7,2.8,3,144,F5.
145,0,0,2.6,0.4,0.5,0.556027577,2.625,2,2.4,2.8,3.3,145,F5.
146,0,0,2.8,0.5,0.4,0.359397644,2.775,2.3,2.7,3,3.1,146,F5.
147,0,0,2.7,0.7,0.3,0.294392029,2.6,2.2,2.7,2.6,2.9,147,F5.
148,0,0,7.2,0.9,1.8,3.471190958,4.675,4,0.1,6.6,8,148,F5.
149,0,0,3.2,0.9,0.3,0.170782513,3.225,3.2,3,3.3,3.4,149,F5.
150,0,0,3.2,0.4,0.7,0.741057803,3.275,2.2,3.5,3.5,3.9,150,F5.
151,0,0,3,1.3,0.1,0,3,3,3,3,3,151,F5.
152,0,0,2.8,1,0,0.221735578,2.875,2.8,2.7,3.2,2.8,152,F5.
153,0,0,4.4,0.5,1.5,1.560982597,3.45,4,2,5.4,2.4,153,F5.
154,0.1,0,3.1,1.1,0.3,0.221735578,3.125,2.8,3.2,3.2,3.3,154,F5.
155,0.1,0,3,0.9,0.2,0.238047614,3.05,2.9,2.9,3.4,3,155,F5.
156,0.1,0,3,0.9,0.2,0.125830574,2.975,2.8,3,3.1,3,156,F5.
157,0,0,4,1.6,0.1,0.057735027,3.95,4,3.9,3.9,4,157,F5.
158,0,0,2.2,0.6,0.1,0.125830574,2.225,2.2,2.1,2.2,2.4,158,F5.
159,0,0,2.2,0.5,0.3,0.336650165,2.2,1.8,2.1,2.3,2.6,159,F5.
160,0,0,2.9,0.9,0.1,0.1,2.95,2.8,3,3,3,160,F5.
161,0,0,2.3,0.8,0.2,0.21602469,2.3,2,2.3,2.5,2.4,161,F5.
162,0,0,2.5,1.2,0.4,0.499165971,2.325,1.8,2.2,2.3,3,162,F5.
163,0,0,2.1,0.6,0.1,0.129099445,2.05,1.9,2.2,2,2.1,163,F5.
164,0,0,3.1,0.8,0.6,0.434932945,3.075,3,2.5,3.5,3.3,164,F5.
165,0,0,2.3,0.4,0.4,0.36968455,2.25,1.8,2.2,2.3,2.7,165,F5.
166,0,0,2.7,0.7,0.4,0.454606057,2.8,2.3,2.8,2.7,3.4,166,F5.
167,0,0,2.6,0.5,0.5,0.450924975,2.65,2.1,2.6,2.7,3.2,167,F5.
168,0,0,3,0.8,1,1.391641716,2.05,0,2.6,2.5,3.1,168,F5.
169,0.1,0,3.1,1,0.4,0.310912635,3.15,2.7,3.4,3.2,3.3,169,F5.
170,0,0,2.4,0.5,1.3,1.198262631,1.775,0,2.1,2.5,2.5,170,F5.
171,0,0,3,0.7,0.3,0.236290781,3.075,2.9,2.9,3.1,3.4,171,F5.
172,0,0,3.3,0.7,0.3,0.294392029,3.2,2.8,3.2,3.3,3.5,172,F5.
173,0,0,2.5,0.7,0.3,0.264575131,2.55,2.2,2.5,2.7,2.8,173,F5.
174,0,0,2.4,0.6,0.4,0.341565026,2.45,2,2.4,2.6,2.8,174,F5.
175,0,0,2,0.6,0.2,0.15,2.025,1.9,2.1,1.9,2.2,175,F5.
176,0,0,2.6,0.6,0.4,0.351188458,2.55,2.2,2.3,2.9,2.8,176,F5.
177,0,0,2.7,0.7,0.2,1.147460965,2.05,2.2,2.6,3,0.4,177,F5.
178,0,0,3.4,0.6,1,0.880814017,3.425,2.2,3.4,4.2,3.9,178,F5.
179,0,0,2.8,0.5,0.2,0.21602469,2.8,2.6,2.7,2.8,3.1,179,F5.
180,0,0,3.2,1.1,0.2,0.115470054,3.2,3.1,3.1,3.3,3.3,180,F5.
181,0,0,2.9,0.7,0.2,0.191485422,2.85,2.7,2.7,2.9,3.1,181,F5.
182,0,0,3.1,0.8,0.3,0.21602469,3.1,2.8,3.1,3.2,3.3,182,F5.
183,0,0,3,0.9,0.2,0.27080128,3,2.6,3.1,3.1,3.2,183,F5.
184,0,0,2.5,0.6,0.5,0.499165971,2.575,1.9,2.6,2.7,3.1,184,F5.
185,0,0,2.3,0.6,0.4,0.359397644,2.275,2,2.1,2.2,2.8,185,F5.
186,0.1,0,3.1,0.7,0.1,0,3.1,3.1,3.1,3.1,3.1,186,F5.
187,0,0,2.9,0.9,0.4,0.282842712,2.9,2.5,2.9,3.1,3.1,187,F5.
188,0,0,2.8,0.9,0.3,0.21602469,2.9,2.6,2.9,3,3.1,188,F5.
189,0,0,3.2,0.8,0.3,0.27080128,3.1,2.7,3.2,3.2,3.3,189,F5.
190,0,0,3.2,0.9,0.2,0.1,3.25,3.1,3.3,3.3,3.3,190,F5.
191,0,0,2.8,0.6,0.9,0.986576572,3.1,2,3,4.4,3,191,F5.
192,0,0,2.8,0.5,0.7,0.574456265,2.75,2.1,2.7,2.7,3.5,192,F5.
193,0,0,2.7,0.6,0.3,0.25819889,2.7,2.4,2.6,2.8,3,193,F5.
194,0,0,3,0.8,0.3,0.189296945,2.975,2.7,3,3.1,3.1,194,F5.
195,0,0,2.9,0.7,0.2,0.189296945,2.925,2.8,2.8,2.9,3.2,195,F5.
196,0,0,2.8,0.7,0.2,0.163299316,2.8,2.6,2.8,2.8,3,196,F5.
197,0,0,3,0.7,0.4,0.359397644,2.975,2.5,2.9,3.2,3.3,197,F5.
198,0,0,3,0.5,0.7,0.65,3.025,2.1,3.1,3.3,3.6,198,F5.
199,0,0,3.1,0.5,0.4,0.411298756,3.025,2.5,3.3,2.9,3.4,199,F5.
200,0,0,3.6,1,0.4,0.298607881,3.575,3.3,3.5,4,3.5,200,F5.
201,0,0,3.6,0.9,0.3,0.21602469,3.6,3.4,3.6,3.9,3.5,201,F5.
202,0,0,4.5,0.9,0.7,0.623832242,4.475,4.1,4.3,5.4,4.1,202,F5.
203,0,0,4.9,0.6,1.2,1.281925635,4.55,3,4.3,4.8,6.1,203,F5.
204,0,0,5.9,0.8,1.8,1.613484841,6.25,4.2,5.9,6.9,8,204,F5.
205,0,0,2.2,0.5,0.5,0.450924975,2.15,1.5,2.2,2.4,2.5,205,F5.
206,0,0,2.6,0.6,0.5,0.454606057,2.5,1.9,2.4,2.8,2.9,206,F5.
207,0,0,2.8,0.8,0.4,0.404145188,2.85,2.3,2.8,3.1,3.2,207,F5.
208,0,0,2.5,0.5,0.6,0.627162924,2.6,1.8,2.5,2.8,3.3,208,F5.
209,0,0,3.7,1.2,1.3,1.317826493,3.55,3.4,2.3,3.1,5.4,209,F5.
210,0,0,2.4,0.7,0.4,0.377491722,2.425,2,2.3,2.5,2.9,210,F5.
211,0,0,2.3,0.6,0.4,0.35,2.325,1.9,2.2,2.5,2.7,211,F5.
212,0,0,1.7,0.5,0.8,9.056995455,6.525,20.1,2.2,1.5,2.3,212,F5.
213,0,0,3,0.9,0.4,0.3,3.05,2.6,3.2,3.2,3.2,213,F5.
214,0,0,2.3,0.8,0.4,0.346410162,2.3,2,2,2.6,2.6,214,F5.
215,0,0,3.8,0.7,0.6,0.537742193,3.825,3.2,3.9,3.7,4.5,215,F5.
216,0,0,4.7,0.6,1.3,0.963932916,4.325,3,4.4,4.6,5.3,216,F5.
217,0,0,3.8,0.7,0.5,0.496655481,3.8,3.1,4.2,4.1,3.8,217,F5.
218,0,0,3.6,0.9,0.3,0.288675135,3.55,3.2,3.5,3.6,3.9,218,F5.
219,0,0,3.8,0.6,0.6,0.585234996,3.875,3,4.2,4.1,4.2,219,F5.
220,0,0,3.8,1,0.3,0.230940108,3.7,3.5,3.5,3.9,3.9,220,F5.
221,0,0,3.2,1,0.5,0.450924975,3.25,3.9,3,2.9,3.2,221,F5.
222,0,0,2.3,0.5,0.1,0.05,2.275,2.2,2.3,2.3,2.3,222,F5.
223,0,0,2.6,0.6,0.2,0.170782513,2.625,2.4,2.6,2.7,2.8,223,F5.
224,0,0,3.1,0.7,0.1,0.057735027,3.05,3,3,3.1,3.1,224,F5.
225,0,0,2.3,0.6,0.2,0.182574186,2.3,2.4,2.1,2.2,2.5,225,F5.
226,0,0,2.7,0.7,0.3,0.330403793,2.675,2.3,2.9,2.5,3,226,F5.
227,0,0,2.9,0.9,0.2,0.15,2.925,2.7,3,3,3,227,F5.
228,0,0,2.9,0.5,0.2,0.173205081,2.95,2.8,2.9,2.9,3.2,228,F5.
229,0.1,0,3.6,0.9,0.5,0.424264069,3.4,2.8,3.5,3.5,3.8,229,F5.
230,0,0,3,0.7,0.1,0.129099445,2.95,2.9,2.8,3,3.1,230,F5.
231,0.1,0,3.2,1,0.3,0.298607881,3.225,2.8,3.3,3.3,3.5,231,F5.
232,0,0,2.2,0.7,1.4,1.393735986,2.075,0,2.6,2.7,3,232,F5.
233,0,0,2.7,0.7,0.1,0.262995564,2.775,2.4,2.9,2.8,3,233,F5.
234,0,0,3,0.7,0.4,0.40824829,3,2.4,3.1,3.2,3.3,234,F5.
235,0,0,3,0.7,0.3,0.330403793,2.975,2.5,3.2,3,3.2,235,F5.
236,0,0,3,0.8,0.4,0.359397644,2.925,2.4,3,3.1,3.2,236,F5.
237,0,0,3.1,0.7,0.2,0.206155281,3.075,2.8,3.1,3.1,3.3,237,F5.
238,0,0,3.1,0.8,0.4,0.310912635,3.15,2.7,3.3,3.2,3.4,238,F5.
239,0,0,3,0.6,0.5,0.529150262,3.1,2.6,2.8,3.2,3.8,239,F5.
240,0.1,0,2.6,0.7,0.4,0.359397644,2.625,2.1,2.7,2.9,2.8,240,F5.
241,0,0,3.7,1,0.2,0.163299316,3.7,3.5,3.7,3.7,3.9,241,F5.
242,0,0,3.4,0.5,0.4,0.387298335,3.45,3.1,3.3,3.4,4,242,F5.
243,0,0,3,1.1,1,0.861684397,2.725,2,3.2,2,3.7,243,F5.
244,0,0,4.9,1,0.1,0.05,4.875,4.8,4.9,4.9,4.9,244,F5.
245,0.1,0,3.8,1,0.4,0.387298335,3.75,3.2,3.8,4.1,3.9,245,F5.
246,0.1,0,3.8,1,0.5,0.424264069,3.7,3.2,3.5,4.1,4,246,F5.
247,0,0,4.9,1,0.9,1.132475165,4.925,3.5,4.6,5.5,6.1,247,F5.
248,0,0,2.6,0.9,0.4,6.23458098,5.65,2.4,2.5,2.7,15,248,F5.
249,0,0,3.1,1.1,0.2,0.21602469,3.2,2.9,3.2,3.4,3.3,249,F5.
250,0,0,3,0.9,0.4,0.394757309,3.075,3.4,2.5,3.2,3.2,250,F5.
251,0,0,2.7,0.5,0.4,0.330403793,2.575,2.2,2.4,2.8,2.9,251,F5.
252,0,0,2.5,0.6,0.4,0.316227766,2.5,2.1,2.4,2.8,2.7,252,F5.
253,0,0,2.8,1.3,0.1,0.25,2.675,2.8,2.8,2.3,2.8,253,F5.
254,0,0,2.7,0.7,0.3,0.27080128,2.7,2.3,2.8,2.8,2.9,254,F5.
255,0,0,2.6,0.7,0.2,0.238047614,2.65,2.5,2.6,2.5,3,255,F5.
256,0,0,2.2,0.5,0.5,0.483045892,2.3,1.6,2.5,2.4,2.7,256,F5.
257,0,0,2.6,0.7,0.4,0.359397644,2.625,2.1,2.7,2.9,2.8,257,F5.
258,0,0,3.1,0.6,0.5,0.403112887,3.175,2.6,3.5,3.4,3.2,258,F5.
259,0,0,2.9,0.6,0.3,0.238047614,2.85,2.5,3,2.9,3,259,F5.
260,0,0,2.8,0.7,0.4,0.346410162,2.8,2.5,2.5,3.1,3.1,260,F5.
261,0,0,2.7,0.6,0.3,0.309569594,2.725,2.3,2.7,2.9,3,261,F5.
262,0.1,0,3.2,0.8,0.3,0.262995564,3.275,2.9,3.3,3.4,3.5,262,F5.
263,0,0,3.3,0.7,0.3,0.294392029,3.3,2.9,3.3,3.4,3.6,263,F5.
264,0,0,3.2,0.6,0.4,0.340342964,3.175,2.7,3.2,3.3,3.5,264,F5.
265,0,0,2.8,0.7,0.3,0.377491722,2.725,2.2,2.8,2.8,3.1,265,F5.
266,0.1,0,2.8,0.8,0.2,0.191485422,2.85,2.6,2.8,3,3,266,F5.
267,0,0,3.5,1.2,0.5,0.330403793,3.475,3,3.5,3.7,3.7,267,F5.
268,0.1,0,3,0.9,0.3,0.244948974,3,2.7,2.9,3.2,3.2,268,F5.
269,0.1,0,3.1,0.9,0.3,0.330403793,3.125,2.7,3.1,3.2,3.5,269,F5.
270,0,0,2.9,0.6,0.4,0.469041576,2.9,2.3,3.1,2.8,3.4,270,F5.
271,0,0,3.2,0.6,1.3,1.42126704,2.1,2.5,3.1,2.8,0,271,F5.
272,0,0,2.6,0.7,0.2,0.221735578,2.625,2.4,2.5,2.7,2.9,272,F5.
273,0,0,3,0.8,0.3,0.355902608,3,2.5,3,3.2,3.3,273,F5.
274,0,0,2.9,0.5,0.6,0.525198375,2.825,2.1,2.8,3.1,3.3,274,F5.
275,0,0,3.4,0.7,0.4,3.661852901,5.225,3,3.5,3.7,10.7,275,F5.
276,0,0,2.3,0.5,0.2,0.163299316,2.3,2.3,2.1,2.3,2.5,276,F5.
277,0,0,4.3,1,1.1,1.042433051,4.2,3.8,4,5.7,3.3,277,F5.
278,0,0,3.1,0.8,0.5,0.469041576,3.3,2.6,3.6,3.5,3.5,278,F5.
279,0.1,0,2.9,0.8,0.3,0.262995564,2.875,2.5,3,2.9,3.1,279,F5.
280,0,0,3.3,0.8,0.4,0.27080128,3.3,2.9,3.4,3.4,3.5,280,F5.
281,0,0,3.5,0.7,0.6,1.77270979,2.625,3.1,3.7,3.7,0,281,F5.
282,0,0,3.6,0.8,0.2,0.125830574,3.475,3.3,3.5,3.6,3.5,282,F5.
283,0.1,0,3,0.6,0.4,0.341565026,3.05,2.6,3,3.4,3.2,283,F5.
284,0,0,2.6,0.5,0.3,0.309569594,2.625,2.2,2.6,2.8,2.9,284,F5.
285,0,0,2.5,0.6,0.4,0.340342964,2.475,2,2.6,2.5,2.8,285,F5.
286,0,0,2.4,0.4,0.3,0.341565026,2.45,2,2.4,2.6,2.8,286,F5.
287,0,0,2.3,0.5,0.2,0.15,2.325,2.2,2.2,2.4,2.5,287,F5.
288,0,0,4.1,1.1,0.2,0.236290781,4.075,3.9,3.9,4.1,4.4,288,F5.
289,0,0,3.6,1.1,0.2,0.21602469,3.6,3.7,3.8,3.6,3.3,289,F5.
290,0,0,3.7,1.1,0.1,0,3.7,3.7,3.7,3.7,3.7,290,F5.
291,0,0,3.6,0.9,0.3,0.25,3.575,3.3,3.5,3.9,3.6,291,F5.
292,0,0,4.2,0.9,0.6,0.499165971,4.175,3.5,4.5,4.6,4.1,292,F5.
293,0,0,4.3,0.7,1,0.780491298,4.425,3.3,5,4.9,4.5,293,F5.
294,0,0,3.7,0.9,0.3,0.21602469,3.7,3.4,3.7,3.8,3.9,294,F5.
295,0,0,6.1,1.2,4.3,1.808314132,6.65,4.2,7.5,8.4,6.5,295,F5.
296,0,0,3.8,1,0.1,0.170782513,3.725,3.5,3.9,3.7,3.8,296,F5.
297,0,0,3.5,0.7,0.1,0.170782513,3.475,3.4,3.3,3.7,3.5,297,F5.
298,0,0,6,0.5,3.4,2.417988144,3.3,3.5,5.8,3.9,0,298,F5.
299,0,0,4.6,0.9,0.6,0.605530071,4.6,3.8,4.5,5.2,4.9,299,F5.
300,0,0,3.9,1,0.4,0.454606057,3.9,3.3,3.9,4.4,4,300,F5.
301,0,0,3.7,0.9,0.1,0.081649658,3.7,3.6,3.7,3.8,3.7,301,F5.
302,0,0,3.6,0.7,0.4,0.35,3.675,3.3,3.5,4.1,3.8,302,F5.
303,0,0,2.7,0.9,0.3,0.238047614,2.85,2.5,2.9,3,3,303,F5.
304,0,0,3.1,1,0.3,0.221735578,3.225,3,3.1,3.5,3.3,304,F5.
305,0,0,3.4,0.7,0.3,0.25,3.425,3.1,3.4,3.5,3.7,305,F5.
306,0,0,4.8,0.8,1.3,1.04363148,4.475,3.4,5.9,4.2,4.4,306,F5.
307,0,0,3,0.7,0.4,0.309569594,3.125,2.7,3.1,3.4,3.3,307,F5.
308,0,0,2.7,0.7,0.1,0.05,2.725,2.7,2.7,2.8,2.7,308,F5.
309,0,0,2.8,0.6,0.3,0.287228132,2.825,2.4,2.9,3,3,309,F5.
310,0,0,2.8,0.7,0.4,0.331662479,2.85,2.4,2.8,3.1,3.1,310,F5.
311,0,0,3,0.9,0.1,0.05,3.025,3,3,3.1,3,311,F5.
312,0,0,2.9,0.9,0.1,0.05,2.875,2.8,2.9,2.9,2.9,312,F5.
313,0,0,3.1,0.9,0.3,0.206155281,3.075,2.8,3.1,3.1,3.3,313,F5.
314,0,0,3.2,0.6,0.5,0.45,3.125,2.5,3.1,3.5,3.4,314,F5.
315,0,0,3.4,0.7,0.3,0.411298756,3.425,2.9,3.5,3.4,3.9,315,F5.
316,0,0,3,0.7,0.4,0.519615242,2.95,2.4,2.7,3.1,3.6,316,F5.
317,0,0,3.2,0.7,0.5,0.512347538,3.275,2.6,3.2,3.5,3.8,317,F5.
318,0,0,3.7,0.7,0.6,0.613731755,3.65,2.8,3.6,4.1,4.1,318,F5.
319,0.1,0,2.7,1,0.3,0.191485422,2.75,2.5,2.7,2.9,2.9,319,F5.
320,0,0,4.5,0.7,0.6,0.678232998,4.5,3.7,4.9,4.2,5.2,320,F5.
321,0,0,3.1,0.5,0.3,0.275378527,3.125,2.8,3,3.3,3.4,321,F6.
322,0,0,1.3,0.5,0.4,0.403112887,1.325,0.9,1.1,1.5,1.8,322,F6.
323,0,0,1.8,0.5,0.2,0.2,1.8,1.5,1.9,1.9,1.9,323,F6.
324,0.1,0,2.9,0.7,0.5,0.465474668,2.95,2.3,3.1,3.4,3,324,F6.
325,0,0,2.3,0.8,0.3,0.206155281,2.325,2.1,2.5,2.2,2.5,325,F6.
326,0,0,3.1,0.8,0.1,0.095742711,3.075,3.1,3,3,3.2,326,F6.
327,0,0,3.6,0.6,0.4,0.316227766,3.7,3.3,3.6,4,3.9,327,F6.
328,0.2,0,18,10.1,11.1,20.68711354,21.95,50.3,17.1,19.7,0.7,328,F6.
329,0.1,0,2.6,0.7,0.4,0.35,2.575,2.4,2.2,2.7,3,329,F6.
330,0,0,1.6,0.3,0.4,0.316227766,1.6,1.4,1.3,1.7,2,330,F6.
331,0,0,1.5,0.4,0.2,0.244948974,1.5,1.2,1.5,1.5,1.8,331,F6.
332,0,0,1.7,0.6,0.1,0.115470054,1.7,1.6,1.6,1.8,1.8,332,F6.
333,0,0,1.5,0.4,0.4,0.439696865,1.5,1,1.3,2,1.7,333,F6.
334,0,0,1.5,0.3,0.2,0.221735578,1.525,1.4,1.3,1.6,1.8,334,F6.
335,0,0,1.5,0.3,0.2,0.170782513,1.475,1.3,1.4,1.5,1.7,335,F6.
336,0.1,0,2.5,0.8,0.4,0.331662479,2.45,2,2.4,2.7,2.7,336,F6.
337,0.1,0,23.3,4.9,8,8.428918476,22.9,32.8,19,13.5,26.3,337,F6.
338,0,0,2,0.5,0.4,0.387298335,1.95,1.5,1.8,2.4,2.1,338,F6.
339,0,0,1.5,0.4,0.3,0.3,1.45,1.1,1.3,1.7,1.7,339,F6.
340,0,0,1.7,0.4,0.4,0.465474668,1.75,1.3,1.4,2.2,2.1,340,F6.
341,0,0,1.4,0.3,0.3,0.275378527,1.425,1.1,1.3,1.6,1.7,341,F6.
342,0,0,1.9,0.5,0.4,0.377491722,1.775,1.4,1.5,2.1,2.1,342,F6.
343,0,0,2.4,0.7,0.4,0.330403793,2.425,2.1,2.2,2.6,2.8,343,F6.
344,0,0,2,0.6,0.4,0.434932945,1.975,1.6,1.6,2.4,2.3,344,F6.
345,0,0,1.6,0.4,0.3,0.25,1.525,1.2,1.5,1.6,1.8,345,F6.
346,0,0,2,0.6,0.3,0.262995564,1.925,1.7,1.7,2.1,2.2,346,F6.
347,0,0,2.4,0.7,0.7,0.529150262,2.3,1.8,2,2.4,3,347,F6.
348,0,0,2.3,0.5,0.7,0.683130051,2.3,3.2,1.6,2.4,2,348,F6.
349,0,0,2.2,0.6,0.4,0.37859389,2.05,1.8,2,2.6,1.8,349,F6.
350,0,0,1.8,0.3,0.3,0.298607881,1.775,1.4,1.7,1.9,2.1,350,F6.
351,0,0,1.9,0.4,0.3,0.316227766,1.9,1.5,1.8,2.1,2.2,351,F6.
352,0,0,1.9,0.7,0.6,0.479583152,1.95,1.4,1.7,2.4,2.3,352,F6.
353,0,0,1.6,0.5,0.3,0.288675135,1.55,1.3,1.3,1.8,1.8,353,F6.
354,0,0,2.5,0.8,0.4,0.479583152,2.55,2.1,2.2,3.1,2.8,354,F6.
355,0,0,1.7,0.4,0.4,0.479583152,1.65,1.2,1.4,1.7,2.3,355,F6.
356,0.1,0,2.4,0.7,0.7,0.635085296,2.45,1.6,2.4,2.7,3.1,356,F6.
357,0,0,2.6,0.5,0.7,0.573730483,2.625,3.3,1.9,2.7,2.6,357,F6.
358,0.1,0,2.8,0.8,0.3,0.288675135,2.75,2.8,2.4,3.1,2.7,358,F6.
359,0,0,2.5,0.5,0.3,0.262995564,2.525,2.3,2.3,2.7,2.8,359,F6.
360,0,0,2.5,0.4,0.5,0.525991128,2.35,1.8,2,2.8,2.8,360,F6.
361,0,0,2.1,0.5,0.5,0.43204938,2.1,1.5,2.1,2.5,2.3,361,F6.
362,0,0,2.3,0.5,0.3,0.294392029,2.3,2.1,2,2.5,2.6,362,F6.
363,0,0,1.9,0.4,0.4,0.320156212,1.925,1.7,1.6,2.2,2.2,363,F6.
364,0,0,2.2,0.7,0.3,0.275378527,2.175,2,1.9,2.3,2.5,364,F6.
365,0,0,3.1,0.6,0.4,0.427200187,3.125,3,2.6,3.6,3.3,365,F6.
366,0,0,2.2,0.5,0.4,0.331662479,2.25,2,2,2.3,2.7,366,F6.
367,0,0,2.2,0.6,0.3,0.221735578,2.275,2,2.2,2.4,2.5,367,F6.
368,0,0,2.2,0.5,0.4,0.36968455,2.15,1.7,2,2.5,2.4,368,F6.
369,0,0,2.5,0.4,0.4,0.36968455,2.55,2.1,2.4,2.9,2.8,369,F6.
370,0,0,2.7,0.6,0.5,0.427200187,2.575,2.5,2.3,2.3,3.2,370,F6.
371,0,0,2.4,0.6,0.2,0.206155281,2.375,2.1,2.4,2.4,2.6,371,F6.
372,0,0,2.4,0.7,0.2,0.095742711,2.475,2.4,2.4,2.6,2.5,372,F6.
373,0,0,2.2,0.7,0.2,0.170782513,2.225,2,2.2,2.3,2.4,373,F6.
374,0,0,2.6,0.5,0.4,0.386221008,2.575,2.2,2.3,2.8,3,374,F6.
375,0,0,2.7,0.7,0.4,0.424264069,2.7,2.1,2.8,2.8,3.1,375,F6.
376,0,0,2.6,0.7,0.1,0.095742711,2.575,2.5,2.5,2.7,2.6,376,F6.
377,0,0,2.8,0.6,0.5,0.493288286,2.85,2.3,2.6,3.1,3.4,377,F6.
378,0.1,0,3.2,0.7,0.4,0.479583152,3.15,2.6,2.9,3.6,3.5,378,F6.
379,0,0,3,0.7,0.4,0.386221008,3.025,2.6,2.8,3.3,3.4,379,F6.
380,0,0,3.3,0.6,0.4,1.592691642,2.35,2.8,3.1,3.5,0,380,F6.
381,0,0,2,0.8,1.3,1.398809017,1.85,2.6,3.2,1.6,0,381,F6.
382,0,0,2.9,0.5,0.4,0.427200187,2.925,2.4,2.8,3.1,3.4,382,F6.
383,0,0,2.7,0.5,0.6,0.571547607,2.7,2,2.5,3,3.3,383,F6.
384,0,0,2.5,0.6,0.3,0.320156212,2.525,2.2,2.3,2.8,2.8,384,F6.
385,0,0,3,0.4,0.3,0.287228132,3.025,2.6,3.1,3.2,3.2,385,F6.
386,0,0,3.2,0.6,0.2,0.173205081,3.15,3,3,3.3,3.3,386,F6.
387,0,0,2.8,1,0.4,0.330403793,2.775,2.3,2.8,3,3,387,F6.
388,0,0,2.5,0.7,0.4,0.36968455,2.55,2.1,2.4,2.8,2.9,388,F6.
389,0.1,0,2.9,0.7,0.2,0.189296945,2.925,2.8,2.8,2.9,3.2,389,F6.
390,0,0,3.4,0.7,0.4,0.443471157,3.25,2.7,3.1,3.7,3.5,390,F6.
391,0.1,0,2,0.6,0.2,0.236290781,2.025,1.7,2,2.2,2.2,391,F6.
392,0,0,4,0.5,0.4,2.05669638,3.05,3.9,3.8,0,4.5,392,F6.
393,0,0,4,0.5,0.7,0.727438428,3.775,2.8,3.7,4.1,4.5,393,F6.
394,0,0,3.5,0.5,0.6,0.544671155,3.55,2.8,3.5,3.9,4,394,F6.
395,0.1,0,2.6,0.6,0.4,0.309569594,2.625,2.2,2.6,2.8,2.9,395,F6.
396,0,0,3,0.6,0.6,0.583095189,3,2.2,3.1,3.1,3.6,396,F6.
397,0.1,0,3,0.5,0.6,1.417450763,2.025,2.1,2.9,3.1,0,397,F6.
398,0,0,2,0.4,1.1,1.181453907,2.075,0.6,3.4,1.8,2.5,398,F6.
399,0,0,3,0.4,0.5,0.485626743,2.925,2.3,2.8,3.2,3.4,399,F6.
400,0,0,2.8,0.5,0.4,0.36968455,2.75,2.3,2.6,3.1,3,400,F6.
401,0.2,0,2.4,0.6,0.3,0.294392029,2.4,2.1,2.3,2.4,2.8,401,F6.
402,0.1,0,1.8,0.4,0.3,0.340342964,1.825,1.4,1.7,2.1,2.1,402,F6.
403,0,0,3.9,0.6,0.3,0.238047614,3.95,3.7,3.8,4.1,4.2,403,F6.
404,0,0,3.3,0.7,0.4,0.42031734,3.35,2.9,3.2,3.4,3.9,404,F6.
405,0,0,2.2,1.1,0.1,0.170782513,2.125,2.1,1.9,2.2,2.3,405,F6.
406,0.1,0,2.2,1.3,0.2,0.081649658,2.1,2,2.1,2.1,2.2,406,F6.
407,0.1,0,2.1,0.8,0.2,0.244948974,2.1,1.9,1.9,2.2,2.4,407,F6.
408,0,0,3.1,0.5,0.3,1.609088769,2.375,2.8,3.2,3.5,0,408,F6.
409,0.2,0,2.5,0.7,0.3,0.182574186,2.5,2.3,2.4,2.7,2.6,409,F6.
410,0,0,9.4,1.2,6.9,8.538686472,9.925,22.3,8.9,4,4.5,410,F6.
411,0.1,0,1.8,0.5,0.2,0.221735578,1.725,1.5,1.6,1.8,2,411,F6.
412,0,0,1.7,0.4,0.2,0.2081666,1.65,1.4,1.6,1.7,1.9,412,F6.
413,0.1,0,1.6,0.4,0.3,0.298607881,1.675,1.3,1.6,1.8,2,413,F6.
414,0,0,1.5,0.3,0.3,0.264575131,1.45,1.1,1.4,1.6,1.7,414,F6.
415,0,0,1.6,0.4,0.3,0.298607881,1.575,1.2,1.5,1.7,1.9,415,F6.
416,0,0,1.1,0.4,0.6,0.571547607,0.8,0.6,1.1,1.4,0.1,416,F6.
417,0,0,1.5,0.3,0.3,0.330403793,1.475,1.1,1.3,1.7,1.8,417,F6.
418,0,0,1.5,0.3,0.2,0.21602469,1.5,1.2,1.5,1.6,1.7,418,F6.
419,0.1,0,2.3,0.5,0.4,0.316227766,2.3,1.9,2.2,2.5,2.6,419,F6.
420,0,0,1.8,0.3,0.1,0.095742711,1.825,1.8,1.7,1.9,1.9,420,F6.
421,0,0,2.2,0.6,0.3,0.320156212,2.175,1.9,1.9,2.4,2.5,421,F6.
422,0,0,2,0.4,0.6,0.434932945,1.975,1.6,1.6,2.4,2.3,422,F6.
423,0,0,2.7,0.5,0.8,0.745542308,2.675,1.6,2.8,3,3.3,423,F6.
424,0,0,3.1,0.5,0.2,0.191485422,3.05,2.8,3,3.2,3.2,424,F6.
425,0,0,3.2,0.6,0.3,0.057735027,3.25,3.2,3.3,3.2,3.3,425,F6.
426,0,0,3,0.6,0.7,0.865544145,3.075,2.3,2.5,3.3,4.2,426,F6.
427,0,0,2.6,0.5,0.3,0.294392029,2.6,2.3,2.4,2.8,2.9,427,F6.
428,0,0,2.8,0.5,0.4,0.330403793,2.825,2.4,2.8,2.9,3.2,428,F6.
429,0.1,0,2.9,0.7,0.9,1.530522787,2.175,2.3,2.9,3.5,0,429,F6.
430,0,0,5.8,0.4,8.6,10.64467786,7.275,3.1,2.9,23.1,0,430,F6.
431,0.1,0,2.4,0.7,0.3,0.206155281,2.425,2.2,2.3,2.6,2.6,431,F6.
432,0,0,1.6,0.3,0.4,0.330403793,1.575,1.2,1.4,1.8,1.9,432,F6.
433,0,0,1.6,0.4,0.4,0.355902608,1.6,1.2,1.4,1.9,1.9,433,F6.
434,0,0,1.9,0.7,0.2,0.170782513,1.875,1.7,1.9,2.1,1.8,434,F6.
435,0,0,1.7,0.6,0.2,0.206155281,1.675,1.5,1.5,1.8,1.9,435,F6.
436,0.1,0,2.3,0.6,0.2,0.221735578,2.325,2.1,2.2,2.6,2.4,436,F6.
437,0,0,1.4,0.4,0.2,0.170782513,1.425,1.2,1.4,1.5,1.6,437,F6.
438,0.1,0,2.3,0.6,0.3,0.298607881,2.275,1.9,2.2,2.4,2.6,438,F6.
439,0,0,1.7,0.5,0.3,0.262995564,1.725,1.5,1.5,1.9,2,439,F6.
440,0,0,2.2,0.6,0.2,0.236290781,2.225,1.9,2.2,2.4,2.4,440,F6.
441,0,0,1.9,0.4,0.4,0.359397644,1.925,1.4,2,2.1,2.2,441,F6.
442,0,0,2.8,0.5,0.3,0.262995564,2.825,2.6,2.6,3.1,3,442,F6.
443,0.1,0,2.3,0.6,0.3,0.310912635,2.35,2,2.2,2.5,2.7,443,F6.
444,0,0,3,0.8,0.3,0.340342964,2.975,2.5,3,3.1,3.3,444,F6.
445,0,0,2.8,0.4,0.3,0.25819889,2.7,2.6,2.4,2.8,3,445,F6.
446,0,0,2.5,0.6,0.2,0.21602469,2.5,2.4,2.3,2.5,2.8,446,F6.
447,0,0,1.8,0.4,0.5,0.382970843,1.8,1.5,1.5,2.3,1.9,447,F6.
448,0,0,3.9,0.6,0.6,0.525198375,3.775,3,4.1,4.1,3.9,448,F6.
449,0.1,0,1.7,0.4,0.3,0.221735578,1.675,1.4,1.6,1.8,1.9,449,F6.
450,0,0,2.1,0.3,0.5,0.559761854,2.1,1.9,1.4,2.6,2.5,450,F6.
451,0,0,2.5,0.6,0.3,0.27080128,2.5,2.1,2.6,2.6,2.7,451,F6.
452,0,0,1.8,0.3,0.5,0.42031734,1.85,1.4,1.6,2.1,2.3,452,F6.
453,0,0,2.2,0.3,0.4,0.340342964,2.125,1.7,2,2.4,2.4,453,F6.
454,0,0,2.3,0.6,0.5,0.427200187,2.225,1.7,2.1,2.4,2.7,454,F6.
455,0,0,2.1,0.3,0.5,0.377491722,1.975,1.6,1.7,2.3,2.3,455,F6.
456,0,0,2.2,0.5,0.1,0.221735578,2.225,1.9,2.3,2.3,2.4,456,F6.
457,0,0,1.8,0.4,0.2,0.170782513,1.825,1.6,1.8,2,1.9,457,F6.
458,0,0,1.8,0.5,0.2,0.221735578,1.775,1.5,1.7,2,1.9,458,F6.
459,0.1,0,2.2,0.5,0.4,0.377491722,2.175,1.7,2.1,2.3,2.6,459,F6.
460,0,0,19.4,7.4,5.2,4.359281286,15.85,20,15,18.3,10.1,460,F6.
461,0,0,2.2,0.9,0.2,0.141421356,2.2,2.1,2.1,2.4,2.2,461,F6.
462,0,0,2.6,0.5,0.3,0.310912635,2.55,2.4,2.2,2.7,2.9,462,F6.
463,0,0,11.1,0.6,10.7,12.54724405,8.8,1.7,2.9,3,27.6,463,F6.
464,0,0,1.9,0.4,0.3,0.275378527,1.825,1.5,1.7,2.1,2,464,F6.
465,0,0,2.2,0.3,0.5,0.450924975,2.25,1.6,2.3,2.5,2.6,465,F6.
466,0,0,11.2,0.5,8.5,11.34225139,12,24.8,18.3,2.4,2.5,466,F6.
467,0,0,2.7,0.5,0.3,0.262995564,2.675,2.5,2.4,2.9,2.9,467,F6.
468,0,0,2.6,0.4,0.5,0.464578662,2.575,2,2.4,2.9,3,468,F6.
469,0,0,3.1,0.9,0.1,0.057735027,3.15,3.1,3.2,3.2,3.1,469,F6.
470,0,0,2,0.6,0.3,0.206155281,1.975,1.8,1.8,2.1,2.2,470,F6.
471,0,0,1.9,0.4,0.5,0.424264069,2,1.4,2,2.3,2.3,471,F6.
472,0,0,2.1,0.4,0.6,0.465474668,2.15,1.5,2.3,2.2,2.6,472,F6.
473,0,0,2.6,0.4,0.3,0.294392029,2.6,2.4,2.3,2.8,2.9,473,F6.
474,0,0,2,0.4,0.6,0.479583152,2.05,1.4,2,2.3,2.5,474,F6.
475,0,0,24.8,12,5.4,5.214323222,26.925,33.3,21.1,28.5,24.8,475,F6.
476,0,0,1.6,0.3,0.3,0.244948974,1.6,1.3,1.5,1.8,1.8,476,F6.
477,0,0,1.7,0.4,0.2,0.206155281,1.675,1.4,1.7,1.7,1.9,477,F6.
478,0.1,0,2.5,0.5,0.3,0.282842712,2.5,2.3,2.3,2.5,2.9,478,F6.
479,0,0,24.1,11.6,3.7,2.551470164,26.85,26.3,23.6,29.6,27.9,479,F6.
480,0.1,0,32.1,15.3,5.6,3.615245497,33.75,33.7,28.8,35.2,37.3,480,F6.
481,0,0,1.6,0.3,0.3,0.310912635,1.55,1.2,1.4,1.7,1.9,481,F6.
482,0,0,1.4,0.3,0.3,0.25,1.375,1.1,1.3,1.4,1.7,482,F6.
483,0,0,13.8,7.3,0.9,1.643167673,13.8,15.1,14.5,11.4,14.2,483,F6.
484,0,0,2.9,0.5,0.3,0.262995564,2.875,2.6,2.7,3.1,3.1,484,F6.
485,0,0,3,0.7,0.4,0.668331255,3.2,2.8,2.6,3.3,4.1,485,F6.
486,0,0,2.7,0.9,0.1,0.081649658,2.7,2.6,2.7,2.8,2.7,486,F6.
487,0,0,3.2,0.5,0.3,0.25,3.225,2.9,3.3,3.5,3.2,487,F6.
488,0,0,2.5,0.5,2,1.72626765,2.5,2.8,3.3,3.9,0,488,F6.
489,0,0,2.5,0.7,0.1,0.081649658,2.5,2.4,2.5,2.5,2.6,489,F6.
490,0,0,2.8,1.1,0.1,0.095742711,2.875,3,2.8,2.9,2.8,490,F6.
491,0,0,3.9,0.8,0.6,1.961292091,2.8,2.9,4,4.3,0,491,F6.
492,0,0,4.6,0.6,0.9,0.732575366,4.45,3.7,4,5.3,4.8,492,F6.
493,0,0,1.6,0.4,0.3,0.221735578,1.575,1.3,1.5,1.7,1.8,493,F6.
494,0,0,1.7,0.4,0.3,0.275378527,1.725,1.4,1.6,1.9,2,494,F6.
495,0,0,2.4,0.7,0.1,0.173205081,2.35,2.1,2.4,2.5,2.4,495,F6.
496,0,0,14.3,8.2,4.1,4.371403283,17.375,23.9,15.4,14.6,15.6,496,F6.
497,0,0,2.8,0.7,0.6,0.496655481,2.8,2.1,3.2,2.8,3.1,497,F6.
498,0,0,2.6,1.1,0.2,0.1,2.55,2.4,2.6,2.6,2.6,498,F6.
499,0,0,4.1,0.6,0.4,0.221735578,4.025,3.9,3.8,4.1,4.3,499,F6.
500,0,0,2.6,0.6,0.4,0.355902608,2.6,2.1,2.6,2.8,2.9,500,F6.
501,0,0,2.3,0.7,0.2,0.15,2.225,2.1,2.1,2.3,2.4,501,F6.
502,0,0,2.8,0.8,0.4,0.330403793,2.775,2.4,2.6,3,3.1,502,F6.
503,0,0,2.4,0.7,0.6,0.472581563,2.25,1.9,1.9,2.9,2.3,503,F6.
504,0,0,2.6,0.5,0.3,0.298607881,2.625,2.3,2.5,2.7,3,504,F6.
505,0,0,2.4,0.7,0.2,0.115470054,2.4,2.5,2.3,2.3,2.5,505,F6.
506,0,0,2.7,0.5,0.3,0.206155281,2.725,2.5,2.6,2.9,2.9,506,F6.
507,0,0,3.1,0.6,0.4,0.43204938,3.1,2.5,3.1,3.3,3.5,507,F6.
508,0,0,3.1,0.5,0.4,0.294392029,3.1,2.7,3.1,3.2,3.4,508,F6.
509,0,0,2.9,1.2,0.1,0.05,2.875,2.8,2.9,2.9,2.9,509,F6.
510,0.1,0,2.1,0.5,0.3,0.264575131,2.05,1.7,2,2.2,2.3,510,F6.
511,0,0,2.9,0.7,0.2,0.15,2.925,3,3,2.7,3,511,F6.
512,0,0,2.1,0.6,0.3,0.238047614,2.15,1.9,2,2.3,2.4,512,F7.
513,0,0,2,0.6,0.1,0.081649658,2,1.9,2,2,2.1,513,F7.
514,0,0,2.5,0.9,0.2,0.095742711,2.525,2.4,2.5,2.6,2.6,514,F7.
515,0,0,3.2,0.8,0.2,0.095742711,3.125,3.2,3,3.2,3.1,515,F7.
516,0,0,2,0.4,0.4,0.351188458,2.15,1.9,1.8,2.4,2.5,516,F7.
517,0,0,20.1,8.1,3,5.09599516,16.825,9.7,18.1,17.7,21.8,517,F7.
518,0,0,1.5,0.5,0.5,0.346410162,1.7,1.4,1.4,2,2,518,F7.
519,0,0,2.2,0.6,0.1,0.05,2.225,2.3,2.2,2.2,2.2,519,F7.
520,0,0,2.7,0.8,0.3,0.262995564,2.675,2.3,2.7,2.8,2.9,520,F7.
521,0,0,2.5,0.8,0.4,0.251661148,2.55,2.2,2.6,2.8,2.6,521,F7.
522,0,0,3.3,0.6,0.8,0.668331255,3.2,2.6,2.8,3.3,4.1,522,F7.
523,0,0,1.8,0.6,0.3,0.238047614,1.85,1.7,1.6,2.1,2,523,F7.
524,0,0,1.6,0.4,0.3,0.275378527,1.625,1.3,1.5,1.8,1.9,524,F7.
525,0,0,1.7,0.6,0.3,0.206155281,1.675,1.4,1.7,1.9,1.7,525,F7.
526,0,0,2.7,1.8,0.2,0.499165971,2.525,2,3.2,2.5,2.4,526,F7.
527,0,0,1.6,0.4,0.3,0.341565026,1.65,1.3,1.5,1.7,2.1,527,F7.
528,0,0,1.9,0.5,0.3,0.340342964,1.825,1.5,1.7,1.8,2.3,528,F7.
529,0,0,1.9,0.5,0.3,0.244948974,1.9,1.7,1.7,2,2.2,529,F7.
530,0,0,2.3,0.6,0.5,0.442530602,2.325,1.9,2,2.6,2.8,530,F7.
531,0.1,0,2.8,0.8,0.4,0.386221008,2.875,2.5,2.6,3.1,3.3,531,F7.
532,0,0,2.3,0.5,0.5,0.330403793,2.275,1.9,2.1,2.5,2.6,532,F7.
533,0,0,1.7,0.5,0.3,0.262995564,1.725,1.5,1.5,1.9,2,533,F7.
534,0,0,2.4,0.7,0.4,0.355902608,2.4,2.1,2.1,2.6,2.8,534,F7.
535,0,0,2.1,0.7,0.3,0.238047614,2.05,1.7,2.2,2.1,2.2,535,F7.
536,0,0,2.8,0.9,0.5,0.434932945,2.825,2.4,2.5,3.2,3.2,536,F7.
537,0,0,2.6,0.9,0.1,0.095742711,2.625,2.5,2.6,2.7,2.7,537,F7.
538,0,0,3,1.1,0.8,0.939414711,3.125,4.5,2.4,2.7,2.9,538,F7.
539,0,0,2.5,0.7,0.3,0.288675135,2.45,2.2,2.2,2.7,2.7,539,F7.
540,0.1,0,2.9,0.6,0.4,0.457347424,2.925,2.4,2.7,3.4,3.2,540,F7.
541,0,0,2.4,1.1,0.1,0.141421356,2.4,2.4,2.2,2.5,2.5,541,F7.
542,0,0,3,0.7,0.4,0.377491722,2.975,2.7,3.3,2.6,3.3,542,F7.
543,0.1,0,2.3,0.6,0.3,0.320156212,2.275,2,2,2.6,2.5,543,F7.
544,0,0,3.1,1.1,0.3,0.244948974,3.1,2.9,2.9,3.2,3.4,544,F7.
545,0,0,2.8,0.7,0.3,0.330403793,2.725,2.4,2.5,2.9,3.1,545,F7.
546,0,0,2.3,0.5,0.3,0.294392029,2.3,1.9,2.4,2.3,2.6,546,F7.
547,0,0,2.2,0.7,0.1,0.129099445,2.25,2.2,2.1,2.3,2.4,547,F7.
548,0,0,2.9,0.7,0.6,0.454606057,2.9,2.3,2.8,3.2,3.3,548,F7.
549,0,0,2.1,0.4,0.3,0.27080128,2.1,1.9,2,2,2.5,549,F7.
550,0,0,3.7,1.6,1,0.912870929,3.9,3.5,3.8,5.2,3.1,550,F7.
551,0,0,2.8,0.7,0.4,0.35,2.825,2.4,2.7,3.2,3,551,F7.
552,0,0,2.8,0.8,0.5,0.411298756,2.625,2.1,2.5,2.9,3,552,F7.
553,0,0,2.6,0.8,0.1,0.05,2.625,2.6,2.6,2.6,2.7,553,F7.
554,0,0,2.7,0.8,0.1,0.173205081,2.65,2.4,2.7,2.8,2.7,554,F7.
555,0,0,2.6,0.7,0.3,0.287228132,2.625,2.3,2.6,2.6,3,555,F7.
556,0,0,2.2,0.4,0.3,0.346410162,2.3,2,2,2.6,2.6,556,F7.
557,0,0,2.5,0.6,0.5,0.457347424,2.475,2,2.2,3,2.7,557,F7.
558,0,0,2.2,0.7,0.3,0.282842712,2.2,2,2,2.2,2.6,558,F7.
559,0,0,2.4,0.7,0.3,0.264575131,2.55,2.2,2.5,2.7,2.8,559,F7.
560,0,0,2.5,0.8,0.5,0.454606057,2.5,1.9,3,2.6,2.5,560,F7.
561,0,0,2.7,0.6,0.5,0.499165971,2.725,2.4,2.2,3.1,3.2,561,F7.
562,0,0,3.2,0.6,0.3,1.588500341,2.35,2.9,3,3.5,0,562,F7.
563,0,0,2.3,0.7,0.2,0.170782513,2.275,2.1,2.2,2.3,2.5,563,F7.
564,0,0,3.3,0.4,0.6,0.6164414,3.3,2.4,3.4,3.7,3.7,564,F7.
565,0,0,3.1,0.6,0.5,0.531507291,3.075,2.5,2.8,3.7,3.3,565,F7.
566,0,0,3.2,0.7,0.4,0.457347424,3.275,2.8,3.2,3.2,3.9,566,F7.
567,0,0,3.3,0.6,0.5,0.479583152,3.15,2.6,2.9,3.5,3.6,567,F7.
568,0,0,3.3,0.7,0.5,0.435889894,3.35,2.8,3.2,3.7,3.7,568,F7.
569,0,0,3.3,0.6,1.1,0.98319208,3.1,3.3,3.4,1.7,4,569,F7.
570,0,0,2.3,0.7,0.3,0.251661148,2.25,1.9,2.3,2.3,2.5,570,F7.
571,0,0,2.3,0.6,0.3,0.21602469,2.3,2.1,2.2,2.3,2.6,571,F7.
572,0,0,3,0.7,0.3,0.275378527,3.075,2.8,2.9,3.2,3.4,572,F7.
573,0,0,3.9,0.6,0.6,0.597215762,3.95,3.4,3.8,3.8,4.8,573,F7.
574,0,0,3.5,0.5,0.3,0.3,3.45,3.1,3.3,3.7,3.7,574,F7.
575,0,0,2.9,0.7,0.2,0.173205081,2.95,2.8,2.8,3.1,3.1,575,F7.
576,0,0,4.3,0.6,0.5,0.585234996,4.375,3.7,4.1,4.7,5,576,F7.
577,0,0,3.2,0.7,0.2,0.221735578,3.125,2.9,3,3.2,3.4,577,F7.
578,0,0,2.7,0.8,0.3,0.320156212,2.775,2.9,2.3,2.9,3,578,F7.
579,0,0,3.7,0.5,0.6,0.535412613,3.7,3.1,3.6,4.4,3.7,579,F7.
580,0,0,3.3,0.4,0.5,0.469041576,3.3,2.9,2.9,3.6,3.8,580,F7.
581,0,0,3.3,1.2,0.1,0.1,3.25,3.2,3.2,3.2,3.4,581,F7.
582,0,0,2.9,1.2,0.1,0.1,2.85,2.9,2.7,2.9,2.9,582,F7.
583,0,0,3.9,0.8,0.5,0.485626743,3.975,3.7,3.5,4.1,4.6,583,F7.
584,0,0,2.2,0.6,0.2,0.129099445,2.25,2.4,2.2,2.1,2.3,584,F7.
585,0,0,2.8,0.7,0.3,0.316227766,2.8,2.7,2.4,3.1,3,585,F7.
586,0,0,4.1,0.6,0.3,0.221735578,4.125,3.9,4,4.4,4.2,586,F7.
587,0,0,3.2,0.6,0.2,0.15,3.175,3,3.1,3.3,3.3,587,F7.
588,0,0,2.7,0.7,0.4,0.439696865,2.7,2.5,2.2,3.2,2.9,588,F7.
589,0,0,4.3,0.7,0.4,0.310912635,4.15,3.8,4.5,4.3,4,589,F7.
590,0.1,0,2.7,0.7,0.3,0.244948974,2.7,2.4,2.6,2.9,2.9,590,F7.
591,0.1,0,2.6,1,0.1,0.095742711,2.625,2.5,2.7,2.6,2.7,591,F7.
592,0,0,2.5,0.8,0.2,0.189296945,2.625,2.5,2.5,2.9,2.6,592,F7.
593,0,0,2.9,0.7,0.4,0.340342964,2.875,2.4,2.9,3,3.2,593,F7.
594,0,0,3.2,0.6,0.8,0.853912564,3.075,3.2,4.2,2.2,2.7,594,F7.
595,0,0,3.4,0.6,0.3,1.937997248,1.675,3.2,3.5,0,0,595,F7.
596,0,0,3.3,0.6,0.2,0.141421356,3.3,3.1,3.4,3.4,3.3,596,F7.
597,0,0,3,0.6,0.2,1.521786231,2.275,2.9,3,3.2,0,597,F7.
598,0,0,4.7,0.9,1,0.946924847,4.85,4,4.1,5.9,5.4,598,F7.
599,0,0,5.4,0.7,1.3,1.147097787,5.325,4.1,6.4,4.6,6.2,599,F7.
600,0,0,2.8,1.1,1.1,1.042433051,3,3.9,3.9,2,2.2,600,F7.
601,0,0,3.4,1.7,0.4,0.129099445,3.45,3.4,3.3,3.5,3.6,601,F7.
602,0,0,7.1,1.1,0.5,0.316227766,7.3,7.2,7.5,7.6,6.9,602,F7.
603,0,0,2.9,0.7,0.4,0.45,2.975,2.4,3,3,3.5,603,F7.
604,0,0,2.2,0.8,0.2,0.2081666,2.25,2.2,2,2.3,2.5,604,F7.
605,0,0,2.6,0.7,0.4,0.355902608,2.6,2.4,2.2,2.9,2.9,605,F7.
606,0,0,1.9,0.5,0.2,0.2081666,1.85,1.6,1.8,1.9,2.1,606,F7.
607,0,0,2.4,0.6,0.4,0.382970843,2.4,2.3,1.9,2.7,2.7,607,F7.
608,0,0,2.5,0.8,0.4,0.298607881,2.475,2.4,2.1,2.6,2.8,608,F7.
609,0,0,2,0.7,0.2,0.244948974,2,1.7,1.9,2.2,2.2,609,F7.
610,0,0,2.8,1.1,0.1,0.189296945,2.675,2.7,2.4,2.8,2.8,610,F7.
611,0,0,2.8,0.9,0.2,0.173205081,2.75,2.6,2.6,2.9,2.9,611,F7.
612,0,0,2.6,0.7,0.4,0.275378527,2.675,2.4,2.5,3,2.8,612,F7.
613,0,0,2.2,0.9,0.3,0.221735578,2.225,2,2.1,2.5,2.3,613,F7.
614,0,0,2.1,0.5,0.3,0.275378527,2.175,1.9,2,2.3,2.5,614,F7.
615,0,0,3.9,0.7,0.5,0.547722558,3.9,3.3,3.6,4.2,4.5,615,F7.
616,0,0,2.3,0.6,0.3,0.262995564,2.325,2.1,2.1,2.5,2.6,616,F7.
617,0,0,2.3,0.6,0.5,0.403112887,2.275,2.1,1.8,2.7,2.5,617,F7.
618,0,0,2.1,0.6,0.2,0.15,2.075,1.9,2,2.2,2.2,618,F7.
619,0,0,2.3,0.7,0.1,0.095742711,2.325,2.3,2.2,2.4,2.4,619,F7.
620,0,0,2.8,0.6,0.2,0.173205081,2.85,2.7,2.7,3,3,620,F7.
621,0,0,2.7,0.9,0.5,0.434932945,2.675,2.3,2.3,3.1,3,621,F7.
622,0,0,3,0.4,1.7,1.594521872,2.325,2.7,3,3.6,0,622,F7.
623,0,0,3,0.5,1.2,0.97425185,2.775,3,3,3.7,1.4,623,F7.
624,0,0,3.9,0.6,0.6,0.512347538,3.925,3.6,3.4,4.2,4.5,624,F7.
625,0,0,2.9,1,0.3,0.341565026,2.95,2.5,2.9,3.3,3.1,625,F7.
626,0,0,2.9,0.7,0.3,0.331662479,2.85,2.6,2.9,3.3,2.6,626,F7.
627,0,0,2.3,0.7,0.2,0.221735578,2.275,2,2.2,2.4,2.5,627,F7.
628,0,0,2.4,0.6,0.2,0.21602469,2.4,2.2,2.3,2.4,2.7,628,F7.
629,0,0,2.2,0.6,0.2,0.163299316,2.2,2.2,2.2,2,2.4,629,F7.
630,0,0,2,0.6,0,0,2,2,2,2,2,630,F7.
631,0,0,2.2,0.7,0.3,0.262995564,2.125,1.9,1.9,2.3,2.4,631,F7.
632,0,0,2.4,0.5,0.2,0.170782513,2.425,2.2,2.4,2.6,2.5,632,F7.
633,0,0,3.3,0.5,0.3,0.316227766,3.3,2.9,3.2,3.6,3.5,633,F7.
634,0,0,3,1,0.1,0.081649658,3,2.9,3.1,3,3,634,F7.
635,0,0,3.6,0.7,0.4,1.813835715,2.65,3,3.6,0,4,635,F7.
636,0,0,2.3,0.6,0.4,0.275378527,2.275,2,2.1,2.6,2.4,636,F7.
637,0,0,2.9,0.7,0.3,0.238047614,2.85,2.6,2.7,3,3.1,637,F7.
638,0,0,2.9,1,0.4,0.434932945,2.775,2.4,2.4,3.2,3.1,638,F7.
639,0,0,3.3,0.5,0.5,0.556027577,3.225,2.7,2.8,3.6,3.8,639,F7.
640,0,0,2.7,0.5,0.4,0.427200187,2.675,2.4,2.6,2.4,3.3,640,F7.
641,0,0,2.7,0.6,0.2,0.206155281,2.675,2.4,2.7,2.9,2.7,641,F7.
1000,0.1,0,3.2,0.8,0.3,0.287228132,3.175,3.1,3,3,3.6,1000,F9.
1001,0.1,0,3.7,1.3,0.2,0.330403793,3.625,3.2,3.7,3.6,4,1001,F9.
1002,0,0,3.4,0.7,0.8,0.627162924,3.4,2.9,2.9,3.6,4.2,1002,F9.
1003,0.1,0,3.1,0.5,0.3,0.316227766,3.1,3.4,3,2.7,3.3,1003,F9.
1004,0.1,0,3.5,0.8,0.6,0.665832812,3.55,4.1,2.6,3.9,3.6,1004,F9.
1005,0,0,4,0.6,0.4,0.457347424,3.925,3.7,3.4,4.4,4.2,1005,F9.
1006,0.1,0,4.2,0.6,0.2,1.388944443,4.825,4.1,4,6.9,4.3,1006,F9.
1007,0,0,3.5,0.8,2.2,2.151549829,2.975,4.4,2.8,0,4.7,1007,F9.
1008,0.1,0,4.2,1.7,0.2,0.129099445,4.15,4.1,4.3,4.2,4,1008,F9.
1009,0.1,0,3.9,1,1,1.172959221,3.925,4.5,2.3,3.9,5,1009,F9.
1010,0.1,0,4.6,0.8,0.7,0.64807407,4.5,5.2,4.3,3.7,4.8,1010,F9.
1011,0.3,0,4.5,1.7,0.1,0.057735027,4.55,4.6,4.5,4.6,4.5,1011,F9.
1012,0.2,0,5.6,2.2,0.7,0.660176744,5.275,6,5.4,5.3,4.4,1012,F9.
1013,0.1,0,5.3,1.5,0.6,0.547722558,5.3,6,4.7,5.1,5.4,1013,F9.
1014,0.1,0,6.2,1.5,0.2,0.15,6.275,6.4,6.2,6.4,6.1,1014,F9.
1015,0.2,0,5.1,4.7,5.4,5.204485245,2.9,10.7,0.2,0.6,0.1,1015,F9.
1016,0.2,0,4.9,5,5,6.6,3.4,13.3,0.1,0.1,0.1,1016,F9.
1017,0.1,0,7,1,3.2,2.80297461,6.65,9.7,8.3,3.8,4.8,1017,F9.
1018,0.2,0,7.1,1.6,3.2,2.781486413,6.55,8.9,6.1,8.4,2.8,1018,F9.
1019,0,0,24.4,1.4,12.4,18.00451332,26.325,10.9,46.8,36.1,11.5,1019,F9.
1020,0.1,0,11,1.9,3.8,6.619352939,9.425,10,12.6,15.1,0,1020,F9.
1021,0.3,0,10.2,2.3,4.1,4.249705872,12.1,13.4,6.1,12.8,16.1,1021,F9.
1022,0.1,0,6.8,1.4,7.1,11.82567828,9.7,14.5,0.1,24.2,0,1022,F9.
1023,0.1,0,3.7,0.7,1.2,0.962635272,3.7,4.9,2.6,3.4,3.9,1023,F9.
1024,0,0,3.8,0.9,0.8,0.804155872,3.6,4.3,2.6,3.3,4.2,1024,F9.
1025,0.1,0,3.9,0.9,0.6,0.505799697,3.825,4,3.2,3.7,4.4,1025,F9.
1026,0.1,0,2.9,0.8,0.3,0.310912635,2.95,3.4,2.8,2.7,2.9,1026,F9.
1027,0.1,0,2.7,1,0.2,0.129099445,2.65,2.6,2.5,2.7,2.8,1027,F9.
1028,0.1,0,2.2,1.1,0.6,0.506622805,2.15,2.3,2.5,1.4,2.4,1028,F9.
1029,0.1,0,4.1,0.7,0.9,1.951068084,2.9,4,4.1,3.5,0,1029,F9.
1030,0.1,0,4.3,1,0.4,0.387298335,4.35,4.4,3.8,4.5,4.7,1030,F9.
1031,0,0,6.7,0.5,3.3,2.441993721,3.55,0,3.9,5,5.3,1031,F9.
1032,0.2,0,6.4,4.8,0.7,1.144188213,6.975,6,8.6,6.4,6.9,1032,F9.
1033,0.1,0,13.1,1.7,0.5,0.607590871,13.125,12.6,12.9,14,13,1033,F9.
1034,0.1,0,11,2,7.6,10.80755908,9.45,19.4,18.2,0.1,0.1,1034,F9.
1035,0.1,0,26.7,3.3,11.2,15.03670509,30.725,30,50.6,14.1,28.2,1035,F9.
1036,0.2,0,8.4,4.9,5.8,6.617653159,6,0.2,10.3,13,0.5,1036,F9.
1037,0.1,0,3,1.2,0.1,0.556027577,2.825,3.1,3,2,3.2,1037,F9.
1038,0.1,0,2.4,0.9,0,0.1,2.35,2.4,2.2,2.4,2.4,1038,F9.
1039,0,0,7.4,0.6,3,3.490343823,7.625,12.2,4.9,4.9,8.5,1039,F9.
1040,0,0,2.3,0.6,0.8,2.844146035,3.875,8,1.5,2.8,3.2,1040,F9.
1041,0.1,0,3.7,1.1,0.5,0.374165739,3.7,3.7,4.1,3.8,3.2,1041,F9.
1042,0.1,0,3.9,0.9,0.6,0.68495742,3.875,4.7,3.1,3.6,4.1,1042,F9.
1043,0.1,0,6,1,1.5,1.324134938,6,7.9,5,5.2,5.9,1043,F9.
1044,0.2,0,6.1,3.3,0.2,0.173205081,6.25,6.1,6.2,6.2,6.5,1044,F9.
1045,0.1,0,2.6,0.8,0.1,0.081649658,2.6,2.6,2.5,2.6,2.7,1045,F9.
1046,0.1,0,4.9,0.9,0.3,0.341565026,4.95,5.3,4.5,5.1,4.9,1046,F9.
1047,0.1,0,4.1,0.9,0.5,0.525991128,4.15,4.5,3.7,3.7,4.7,1047,F9.
1048,0.1,0,5.7,1.2,0.9,1.055146119,5.5,6.5,4.2,5.1,6.2,1048,F9.
1049,0,0,7.9,0.8,3.7,3.905018139,7.325,4,3.9,11,10.4,1049,F9.
1050,0,0,1.8,0.3,0.2,0.191485422,1.85,1.9,1.7,1.7,2.1,1050,F9.
1051,0,0,1.8,0.3,0.2,0.170782513,1.825,1.9,1.8,1.6,2,1051,F9.
1052,0,0,9.8,0.8,6.8,10.09203481,10.025,16.7,20.5,2.9,0,1052,F9.
1053,0.1,0,4.6,0.7,1.7,1.390443574,4.3,5,4.2,5.6,2.4,1053,F9.
1054,0,0,2.5,0.8,0.2,0,2.5,2.5,2.5,2.5,2.5,1054,F9.
1055,0,0,4.7,0.9,2.6,2.414366722,5.225,8.3,3.2,3.4,6,1055,F9.
1056,0,0,5.9,0.5,3.8,3.518877662,5.225,4.7,10.1,1.7,4.4,1056,F9.
1057,0,0,3.5,0.4,0.6,0.655108134,3.775,4.6,3.7,3,3.8,1057,F9.
1058,0,0,3.4,0.5,0.3,0.330403793,3.375,3.6,3.7,3,3.2,1058,F9.
1059,0.1,0,26.5,3.2,13,18.25541016,30.8,46,20.8,46.3,10.1,1059,F9.
1060,0.1,0,4.1,0.9,0.9,0.809835374,4.025,5.2,3.6,3.4,3.9,1060,F9.
1061,0.1,0,8,2.1,4.9,5.064253811,7.5,11.4,8.6,9.9,0.1,1061,F9.
1062,0.1,0,5.6,2.4,1.6,1.982212568,5.125,7.6,5.8,3.2,3.9,1062,F9.
1063,0.2,0,23.4,20.3,10.5,17.54869416,25.45,28.8,40.6,32.2,0.2,1063,F9.
1064,0,0,2.5,0.6,0.6,0.465474668,2.45,3,2.6,1.9,2.3,1064,F9.
1065,0.1,0,4.1,1.3,0.6,0.658280589,4.2,5,4.3,3.4,4.1,1065,F9.
1066,0,0,6.8,0.7,6,5.835166379,6.875,1.8,13.1,10.6,2,1066,F9.
1067,0,0,22.9,15.6,10.3,14.92657027,20.375,23.9,36.4,20.8,0.4,1067,F9.
1068,0.1,0,2.7,0.6,0.7,0.670198975,2.875,3.8,2.2,2.7,2.8,1068,F9.
1069,0.1,0,4.5,0.6,1.4,1.081280106,4.325,5.8,4.2,3.2,4.1,1069,F9.
1070,0,0,7,0.5,6.1,5.451834554,5.825,3,3,3.3,14,1070,F9.
1071,0,0,4,1.4,1,0.727438428,3.775,3.3,3.1,4,4.7,1071,F9.
1072,0,0,3.2,0.5,0.2,0.21602469,3.2,3.2,3.3,2.9,3.4,1072,F9.
1073,0.1,0,6.3,2,0.8,0.68495742,6.425,7.4,5.8,6.3,6.2,1073,F9.
1074,0,0,12.7,1.4,3.7,3.09408037,11.1,13.7,12.7,11.3,6.7,1074,F9.
1075,0,0,5.8,0.5,2.4,2.304162899,5.475,5.4,5.1,2.9,8.5,1075,F9.
1076,0.2,0,3.7,1,0.6,0.707106781,3.7,4.6,2.9,3.8,3.5,1076,F9.
1077,0,0,2.9,0.5,0.3,0.316227766,2.9,3.2,2.8,2.5,3.1,1077,F9.
1078,0,0,2.6,0.4,1.5,1.134313302,2.8,3.5,4,1.6,2.1,1078,F9.
1079,0,0,6.3,0.9,2,2.106339637,6.45,6.4,7.2,8.6,3.6,1079,F9.
1080,0.2,0,5.3,1.4,0.4,0.365148372,5.2,5.4,5,5.6,4.8,1080,F9.
1081,0.1,0,4.6,1,2,1.936276495,4.675,6.8,2.5,3.7,5.7,1081,F9.
1082,0.1,0,4.2,1.2,0.8,0.939858145,4.35,4.4,3.2,4.3,5.5,1082,F9.
1083,0,0,1.7,0.5,0,0,1.7,1.7,1.7,1.7,1.7,1083,F9.
1084,0,0,3,0.9,0.3,0.294392029,3,2.7,2.9,3,3.4,1084,F9.
1085,0.1,0,3.1,1,0.2,0.206155281,3.075,2.8,3.1,3.1,3.3,1085,F9.
1086,0,0,3.3,1.7,0.9,0.946484724,3.375,2.6,2.8,4.7,3.4,1086,F9.
1087,0,0,2.4,1.2,0.5,1.00124922,2.675,1.9,1.9,4,2.9,1087,F9.
1088,0,0,5.9,1,2.3,2.38240075,6.175,3.5,5.9,9.3,6,1088,F9.
1089,0,0,3.1,0.7,0.3,0.238047614,3.05,3.2,2.7,3.1,3.2,1089,F9.
1090,0,0,2.9,1.1,0.4,0.40824829,2.8,3.1,2.4,2.5,3.2,1090,F9.
1091,0,0,3.5,0.6,0.4,0.326598632,3.5,3.5,3.1,3.5,3.9,1091,F9.
1092,0,0,3.6,0.8,0.6,1.656049516,2.475,3.1,3.4,3.4,0,1092,F9.
1093,0,0,2.8,0.7,0.5,0.518812747,2.875,3.5,2.4,2.5,3.1,1093,F9.
1094,0.1,0,3.2,1.1,0.4,0.382970843,3.2,3.3,2.9,2.9,3.7,1094,F9.
1095,0,0,4,0.6,0.4,0.427200187,3.925,3.6,3.6,4,4.5,1095,F9.
1096,0.1,0,5.1,1,0.7,0.818535277,5.25,4.3,5.2,5.2,6.3,1096,F9.
1097,0,0,3.2,0.8,0.3,0.387298335,3.15,3.6,2.7,3,3.3,1097,F9.
1098,0.1,0,5.7,3,1.5,0.994987437,5.95,7.4,5.8,5.3,5.3,1098,F9.
1099,0,0,4.2,0.7,0.3,0.15,4.275,4.1,4.2,4.4,4.4,1099,F9.
1100,0.1,0,4,1.7,1,0.875595036,3.8,3.9,2.6,4.7,4,1100,F9.
1101,0,0,4.6,1.4,0.2,0.189296945,4.625,4.6,4.5,4.5,4.9,1101,F9.
1102,0.1,0,3,1.5,0.1,0.057735027,2.95,2.9,2.9,3,3,1102,F9.
1103,0.1,0,5,1.6,0.6,0.544671155,4.95,5.1,4.3,4.8,5.6,1103,F9.
1104,0,0,4.4,0.6,0.3,0.309569594,4.325,4.6,3.9,4.3,4.5,1104,F9.
1105,0.1,0,4.6,1.6,0.2,0.057735027,4.65,4.7,4.6,4.6,4.7,1105,F9.
1106,0,0,3.8,0.4,6.7,1.35,3.825,4.6,3.9,1.9,4.9,1106,F9.
1107,0.1,0,8.9,1,2.7,2.991515781,8.275,6.1,10.9,10.8,5.3,1107,F9.
1108,0.1,0,5.2,2.5,1.5,1.463728117,4.925,4.9,4,7,3.8,1108,F9.
1109,0.1,0,5.9,1.7,1.2,1.251665557,5.5,7.1,4.2,4.9,5.8,1109,F9.
1110,0,0,8.9,1.2,3.6,4.243033506,7.15,6.9,1.7,12,8,1110,F9.
1111,0,0,8.8,0.9,3.2,1.994993734,8.6,6.9,7.5,8.6,11.4,1111,F9.
1112,0.1,0,6.9,1.2,1.5,1.358921141,7.1,7,6.9,8.9,5.6,1112,F9.
1113,0,0,5.9,0.8,0.5,2.935273979,4.375,5.9,5.4,6.2,0,1113,F9.
1114,0.1,0,5.2,2.4,0.7,0.675771164,5.05,5.9,4.3,4.8,5.2,1114,F9.
1115,0,0,5.3,2.5,0.6,2.812472222,4.25,4.9,5.2,6.7,0.2,1115,F9.
1116,0,0,11,0.8,4.8,5.300628894,12.25,7.2,16.1,8.2,17.5,1116,F9.
1117,0.1,0,4.1,2.9,2,2.474536994,3.45,5,3.1,5.6,0.1,1117,F9.
1118,0,0,8.1,0.6,0.4,0.355902608,8.1,8.4,7.6,8.3,8.1,1118,F9.
1119,0,0,9.8,1.6,7.8,7.976371355,10.625,10.3,12.8,19.3,0.1,1119,F9.
1120,0,0,12.9,2.1,8.1,6.729722629,9.975,11.3,14.4,14.1,0.1,1120,F9.
1121,0.1,0,4.5,0.8,0.3,0.359397644,4.425,4.5,3.9,4.6,4.7,1121,F9.
1122,0.1,0,7.4,1.1,4.2,3.196352087,7.15,11.1,3.8,8.2,5.5,1122,F9.
1123,0,0,14.3,1.5,7.3,8.496028484,7.525,12.4,0.5,0.2,17,1123,F9.
1124,0,0,2.5,0.3,6.2,6.403644795,5,14.6,1.6,1.7,2.1,1124,F9.
1125,0,0,16.3,2.2,0.6,8.315597794,12.225,14.8,18.6,15.5,0,1125,F9.
1126,0,0,24.1,2.9,7.5,6.973043334,24.25,34.1,23.1,22.1,17.7,1126,F9.
1127,0,0,2.5,1.1,0.1,0.05,2.475,2.5,2.4,2.5,2.5,1127,F9.
1128,0,0,12.9,1.2,2.1,1.132475165,12.725,12.5,14,11.3,13.1,1128,F9.
1129,0.2,0,3.5,1.1,0.2,0.206155281,3.575,3.8,3.3,3.6,3.6,1129,F9.
1130,0,0,2.8,0.6,0.5,0.403112887,2.825,3.3,2.4,2.6,3,1130,F9.
1131,0,0,2.9,0.4,0.4,0.443471157,2.85,2.7,2.5,2.7,3.5,1131,F9.
1132,0,0,3.2,0.4,0.6,0.58022984,3.15,3.7,2.6,2.7,3.6,1132,F9.
1133,0,0,2.9,0.6,0.3,0.294392029,2.9,3.2,2.7,2.6,3.1,1133,F9.
1134,0,0,4.8,0.5,0.9,0.826135582,4.675,5.7,4.5,3.7,4.8,1134,F9.
1135,0,0,5.2,0.8,1.1,1.203813385,5.175,6.1,3.9,4.4,6.3,1135,F9.
1136,0,0,6.3,0.6,2.4,2.54476587,5.775,6.8,5.3,8.5,2.5,1136,F9.
1137,0,0,6.9,0.7,4.7,3.938273734,7.15,5.7,9.1,11.4,2.4,1137,F9.
1138,0,0,7.3,1.2,13.4,3.3,5.15,4.4,10,2.8,3.4,1138,F9.
1139,0,0,9.7,3.2,6.1,9.5419687,9.625,0.1,14.1,20.8,3.5,1139,F9.
1140,0,0,14.1,3,5,4.473253849,16.75,16,13,23.2,14.8,1140,F9.
1141,0,0,2.6,0.6,0.2,0.21602469,2.6,2.6,2.3,2.7,2.8,1141,F9.
1142,0,0,34.9,0.5,2.6,15.11246726,11.1,6.2,2.4,2.2,33.6,1142,F9.
1143,0,0,3.2,0.8,0.7,0.627162924,3.2,4,3,2.5,3.3,1143,F9.
1144,0,0,2.9,0.9,0.4,0.288675135,2.85,3.1,2.6,2.6,3.1,1144,F9.
1145,0,0,2.5,0.9,0.1,0.05,2.525,2.5,2.5,2.5,2.6,1145,F9.
1146,0,0,2.9,1,0.1,0.125830574,2.975,3.1,3,2.8,3,1146,F9.
1147,0.1,0,5,2.1,0.7,0.793200269,4.875,5.1,5.9,4.2,4.3,1147,F9.
1148,0.1,0,5.8,2.5,1.2,1.071991915,5.825,7.4,5.4,5,5.5,1148,F9.
1149,0,0,4.1,0.9,0.4,0.355902608,4.1,3.9,3.8,4.1,4.6,1149,F9.
1150,0.1,0,4.3,1.8,0.2,0.125830574,4.275,4.3,4.1,4.3,4.4,1150,F9.
1151,0.1,0,4.7,2.1,0.2,0.1,4.75,4.7,4.7,4.7,4.9,1151,F9.
1152,0.1,0,4.6,0.9,0.4,0.244948974,4.7,4.9,4.4,4.9,4.6,1152,F9.
1153,0.1,0,5.6,1.4,0.9,0.759385717,5.35,6.1,4.6,4.8,5.9,1153,F9.
1154,0.1,0,4.8,1.1,0.3,0.238047614,4.75,4.7,4.6,5.1,4.6,1154,F9.
1155,0,0,3.5,0.8,1,0.994987437,3.45,3.8,4.7,2.7,2.6,1155,F9.
1156,0.1,0,4.8,1.2,1.2,1.063014581,4.85,4.3,3.7,5.3,6.1,1156,F9.
1157,0.1,0,5.1,2.3,0.2,0.141421356,5.1,5.2,4.9,5.1,5.2,1157,F9.
1158,0.1,0,6.2,0.9,1.7,1.655294536,6.3,6.1,6.7,8.2,4.2,1158,F9.
1159,0.1,0,7.8,0.9,12.9,2.315167381,7.9,5.9,9.7,10.1,5.9,1159,F9.
1160,0.2,0,32.3,16,11.7,8.734223873,31.8,37,32.7,38.3,19.2,1160,F9.
1161,0.1,0,2.5,0.7,0.2,0.221735578,2.525,2.8,2.3,2.4,2.6,1161,F9.
1162,0,0,2.3,0.5,0.5,0.424264069,2.3,2.4,2.7,1.7,2.4,1162,F9.
1163,0,0,1.9,0.4,0.3,0.236290781,1.925,2.1,1.9,1.6,2.1,1163,F9.
1164,0,0,3.2,1.5,0.1,0.173205081,3.25,3.2,3.1,3.2,3.5,1164,F9.
1165,0.1,0,3.1,1.3,0.1,0.115470054,3.1,3.2,3,3,3.2,1165,F9.
1166,0.1,0,3.3,1.4,0,0.05,3.275,3.3,3.2,3.3,3.3,1166,F9.
1167,0,0,2.8,1.1,0.1,0.057735027,2.85,2.9,2.8,2.8,2.9,1167,F9.
1168,0,0,2.7,1.1,0.1,0.05,2.675,2.7,2.6,2.7,2.7,1168,F9.
1169,0,0,2.6,1.2,0.4,0.457347424,2.475,2.2,2.7,2,3,1169,F9.
1170,0,0,3,0.7,0.2,0.298607881,2.925,3,2.6,2.8,3.3,1170,F9.
1171,0.1,0,3.8,0.7,0.3,0.238047614,3.75,3.7,3.6,4.1,3.6,1171,F9.
1172,0.1,0,14.4,3.5,0.9,0.890692614,14.3,13.5,14.8,13.6,15.3,1172,F9.
1173,0,0,2.6,0.6,0.5,17.28918255,11.175,2.9,1.9,2.8,37.1,1173,F9.
1174,0,0,12.3,0.9,1.2,16.20915379,20.55,11.9,14.1,11.4,44.8,1174,F9.
1175,0,0,3.3,0.7,0.1,0.125830574,3.325,3.5,3.2,3.3,3.3,1175,F9.
1176,0,0,8,2.4,13.4,18.75764289,17.175,45.3,8.5,7.2,7.7,1176,F9.
1177,0,0,2.9,0.9,0.8,0.665206735,2.925,2.7,2.7,2.4,3.9,1177,F9.
1178,0,0,4.3,0.8,4.7,4.556588636,3.625,1.4,0.2,2.6,10.3,1178,F9.
1179,0,0,13.7,1.9,5.3,4.761302343,14.75,8.8,13.3,19.7,17.2,1179,F9.
1180,0.2,0,3.5,0.8,0.6,0.573730483,3.375,3.9,2.7,3.1,3.8,1180,F9.
1181,0,0,15.9,1.1,7.2,11.2387351,14.275,21.1,8,26.1,1.9,1181,F9.
1182,0,0,3.9,0.7,1,3.228389691,5.175,9.8,2.3,4.1,4.5,1182,F9.
1183,0,0,4.6,0.9,13.5,24.00930375,16.4,52.1,6,7.4,0.1,1183,F9.
1184,0,0,9.3,1.7,0.5,0.68495742,9.425,8.9,9,10.4,9.4,1184,F9.
1185,0.1,0,4.3,2,0.1,0.057735027,4.35,4.4,4.3,4.4,4.3,1185,F9.
1186,0,0,1.9,0.3,0.2,0.189296945,1.875,1.9,2,1.6,2,1186,F9.
1187,0,0,10.5,1.9,2.2,2.332916629,10.975,12.1,8,13.4,10.4,1187,F9.
1188,0,0,3.8,0.9,1.4,1.147460965,3.75,3.6,2.2,4.8,4.4,1188,F9.
1189,0,0,3,1.3,0.4,0.341565026,3.15,3.2,2.8,3,3.6,1189,F9.
1190,0,0,3.3,1.3,0.1,0,3.3,3.3,3.3,3.3,3.3,1190,F9.
1191,0,0,2.5,0.6,0.3,0.320156212,2.575,2.7,2.1,2.7,2.8,1191,F9.
1192,0,0,4.9,0.8,3.5,2.559133968,4.875,8.7,3.4,3.5,3.9,1192,F9.
1193,0.1,0,4,3.2,0.5,0.365148372,4.2,4.6,3.8,4.4,4,1193,F9.
1194,0,0,6.8,0.7,1.6,1.543534904,6.525,7,6.4,8.2,4.5,1194,F9.
1195,0,0,12.8,0.9,0.4,4.553753031,10.55,10.7,6.2,8.5,16.8,1195,F9.
1196,0,0,13.6,1.7,5,2.816025568,12.65,11.6,9.4,13.6,16,1196,F9.
1197,0,0,19.3,3.4,4.6,6.884947349,19.925,14.9,13.5,23.4,27.9,1197,F9.
1198,0,0,1.7,0.7,0.4,8.023455199,5.875,17.9,1.4,2.1,2.1,1198,F9.
1199,0,0,17,5.1,10.2,15.81104572,25.575,21.4,48.9,17.6,14.4,1199,F9.
1200,0.1,0,17.5,4,2.7,2.418505048,18.375,20.3,17.1,20.5,15.6,1200,F9.
1201,0,0,19.6,2.4,9.9,14.39745348,20,38.6,7.8,9.5,24.1,1201,F9.
1202,0,0,5.1,2.5,1.5,1.528615932,5.35,5.2,3.7,7.4,5.1,1202,F9.
1203,0.1,0,4.1,1,1.3,0.988264472,3.95,5,4.5,2.8,3.5,1203,F9.
1204,0,0,3.5,0.9,0.2,0.182574186,3.5,3.6,3.3,3.4,3.7,1204,F9.
1205,0.1,0,3.9,1.4,0.2,0.125830574,3.925,4.1,3.8,3.9,3.9,1205,F9.
1206,0,0,2.9,0.7,0.4,0.336650165,2.9,2.5,2.8,3.3,3,1206,F9.
1207,0,0,3,0.7,0.5,0.556027577,2.975,3.5,2.4,2.6,3.4,1207,F9.
1208,0.1,0,3.4,0.7,0.1,0.15,3.425,3.5,3.3,3.3,3.6,1208,F9.
1209,0,0,3.5,0.7,0.3,0.275378527,3.525,3.8,3.2,3.4,3.7,1209,F9.
1210,0,0,25.6,0.4,3.6,10.47298111,9.05,5.1,3,24.7,3.4,1210,F9.
1211,0,0,3.3,1.2,0.2,0.221735578,3.275,3.4,3,3.2,3.5,1211,F9.
1212,0,0,3.1,1.1,0.1,0.081649658,3.1,3.1,3,3.1,3.2,1212,F9.
1213,0,0,3.9,0.9,0.8,0.787400787,4.1,5,4,3.1,4.3,1213,F9.
1214,0,0,4.3,0.9,2.6,2.499333244,3.7,4.7,4.6,5.5,0,1214,F9.
1215,0,0,4.7,0.6,1,1.05,4.575,5.8,4.9,3.3,4.3,1215,F9.
1216,0,0,6.2,1.7,2.1,1.9,6.65,9.4,5.2,5.6,6.4,1216,F9.
1217,0,0,7,0.9,2,1.552149048,7.725,8,6,7.2,9.7,1217,F9.
1218,0,0,2.4,0.8,0.1,0.05,2.325,2.3,2.3,2.3,2.4,1218,F9.
1219,0.1,0,5.4,2.5,1.6,1.519594244,5.825,7.7,5.6,4,6,1219,F9.
1220,0,0,10.9,0.8,10.8,3.203513696,8.075,5.4,6.3,8,12.6,1220,F9.
1221,0,0,8.2,1.8,1.4,1.262273082,8.6,7.5,8.8,10.3,7.8,1221,F9.
1222,0.1,0,6.5,2.5,13.7,21.71303372,16.925,49.3,9.3,3.6,5.5,1222,F9.
1223,0,0,25.7,1.1,10.4,6.149796745,19.2,23.8,10.2,20.5,22.3,1223,F9.
1224,0,0,14.5,2,6.2,4.975607166,13.75,11.4,16.6,8,19,1224,F9.
1225,0,0,3.4,1.1,0.8,5.924173641,6.275,3,2.7,4.3,15.1,1225,F9.
1226,0,0,24.1,6.3,9,12.62603131,30.75,30.4,27.6,47.7,17.3,1226,F9.
1227,0,0,9.1,3.5,5.6,4.723258056,8.025,1,9.5,10.8,10.8,1227,F9.
1228,0,0,3.4,1.4,0.4,1.625576821,2.475,0.1,3.3,2.8,3.7,1228,F9.
1229,0,0,2.3,0.5,0.5,0.605530071,2.3,2.7,1.6,2,2.9,1229,F9.
1230,0,0,2.6,0.9,0.3,0.294392029,2.6,2.6,2.2,2.7,2.9,1230,F9.
1231,0,0,2.7,0.7,0.1,0.125830574,2.725,2.6,2.7,2.7,2.9,1231,F9.
1232,0,0,3.4,0.8,0.6,0.639661369,3.525,4.2,3.8,2.7,3.4,1232,F9.
1233,0,0,3.5,0.7,0.5,0.485626743,3.525,4,3.8,2.9,3.4,1233,F9.
1234,0,0,3.2,1.1,0.1,0.05,3.225,3.2,3.2,3.2,3.3,1234,F9.
1235,0,0,2.8,0.6,0.6,0.544671155,2.65,3.3,2.8,2,2.5,1235,F9.
1236,0,0,2.6,1.2,0.1,0,2.6,2.6,2.6,2.6,2.6,1236,F9.
1237,0,0,9.1,2.7,10.9,14.53914257,10.8,4,3.6,3,32.6,1237,F9.
1238,0,0,2.3,0.9,0.1,0.1,2.35,2.3,2.3,2.3,2.5,1238,F9.
1239,0,0,15.4,2.8,0.6,0.191485422,15.25,15.4,15,15.2,15.4,1239,F9.
1240,0,0,2.9,2.2,0.8,0.567890835,3.025,2.4,2.7,3.4,3.6,1240,F9.
1241,0.1,0,17.1,3.9,11.3,6.664020308,20.275,29.2,16.2,21.4,14.3,1241,F9.
951,0,0,10,0.8,1.8,1.508586535,9.775,10.7,8.7,8.3,11.4,951,F9.
952,0.1,0,4.4,1.5,0.5,0.403112887,4.525,4.7,4.1,4.3,5,952,F9.
953,0.2,0,12.4,3.6,8.2,11.517342,11.375,14.1,5,26.3,0.1,953,F9.
954,0.2,0,0,0,0,0,0,0,0,0,0,954,F9.
955,0.1,0,7,2.4,0.2,19.78237852,24.075,41.8,40.6,6.6,7.3,955,F9.
956,0.1,0,5.4,1.8,0.1,0.170782513,5.425,5.4,5.5,5.2,5.6,956,F9.
957,0.1,0,7.3,1.6,0.6,0.591607978,7.45,7.9,7.5,6.6,7.8,957,F9.
958,0,0,3.2,0.7,0.5,0.49244289,3.225,3.2,3.3,2.6,3.8,958,F9.
959,0.2,0,6.1,1.7,1,1.119523708,6.1,4.5,6.5,6.3,7.1,959,F9.
960,0.1,0,5.5,1.4,1.2,1.087428159,5.625,7.2,4.9,4.9,5.5,960,F9.
961,0.2,0,3.3,0.6,0.1,0.125830574,3.275,3.3,3.3,3.1,3.4,961,F9.
962,0.1,0,3.6,1.9,0.2,0.2081666,3.55,3.3,3.5,3.8,3.6,962,F9.
963,0.3,0,25.2,20.9,9,7.897256908,31.5,35.6,33.3,37.2,19.9,963,F9.
964,0.1,0,4,1.5,1.3,1.309898215,4.075,3.3,3.2,3.8,6,964,F9.
965,0.1,0,18.3,2.6,8.3,8.899953183,17.975,5.3,24.7,18.3,23.6,965,F9.
966,0,0,3.5,1.1,1.6,1.223383287,3.55,2.2,2.9,4.9,4.2,966,F9.
967,0,0,9.1,0.8,4.1,4.858326186,8.95,13.4,4.5,12.9,5,967,F9.
968,0.1,0,2.9,0.6,0.7,0.732575366,2.85,3.2,2.7,1.9,3.6,968,F9.
969,0,0,11.9,0.8,4.7,3.305929017,12.025,9.1,9.3,15.5,14.2,969,F9.
970,0.1,0,3.9,0.8,0.1,0.1,3.85,4,3.8,3.8,3.8,970,F9.
971,0.1,0,3,1,0.1,0.05,3.025,3.1,3,3,3,971,F9.
972,0.2,0,6,1.6,0.4,0.309569594,5.925,5.9,5.5,6.2,6.1,972,F9.
973,0.2,0,3.7,1.5,0.5,0.442530602,3.675,3.2,3.4,4.1,4,973,F9.
974,0,0,3.2,0.5,0.4,0.519615242,2.95,3.1,3.1,2.2,3.4,974,F9.
975,0.1,0,4.3,0.6,0.8,0.713559154,4.325,5.3,3.6,4.3,4.1,975,F9.
976,0.1,0,3.1,0.6,0.6,0.522812905,3.2,3.7,2.8,2.7,3.6,976,F9.
977,0.1,0,3.5,0.8,0.2,0.170782513,3.475,3.7,3.3,3.5,3.4,977,F9.
978,0.1,0,3.8,0.8,0.5,0.434932945,3.725,4.1,3.4,4.1,3.3,978,F9.
979,0.1,0,5.5,1.3,0,0.05,5.475,5.5,5.5,5.4,5.5,979,F9.
980,0.1,0,4.6,1.9,0.1,0.081649658,4.6,4.7,4.6,4.6,4.5,980,F9.
981,0.1,0,9.7,1,13,5.469536848,8.125,3.2,11,14.4,3.9,981,F9.
982,0.2,0,12.5,2.4,3.8,7.929428311,9.375,15.2,5.5,0.1,16.7,982,F9.
983,0.1,0,2.8,0.8,0.3,0.320156212,2.825,3.1,2.5,2.6,3.1,983,F9.
984,0.1,0,3.7,0.7,0.9,0.970824392,3.875,2.7,4.2,3.6,5,984,F9.
985,0,0,3.7,0.8,1.2,1.152894907,3.375,2.8,2.9,2.7,5.1,985,F9.
986,0.1,0,5.4,1,2.8,3.450966048,4.225,2.8,0.1,6.2,7.8,986,F9.
987,0,0,3.1,0.5,0.4,0.36968455,3.25,3.3,3.2,2.8,3.7,987,F9.
988,0,0,9.1,0.7,6,6.860211367,9.725,3.2,11,18.8,5.9,988,F9.
989,0,0,18.6,0.4,11.7,21.1824613,21.35,42.8,3.2,36.3,3.1,989,F9.
990,0.1,0,5,0.8,0.1,0,5,5,5,5,5,990,F9.
991,0,0,2.9,0.5,0.9,0.680685929,3.05,4,2.4,2.8,3,991,F9.
992,0.2,0,5.2,0.9,0.1,0.095742711,5.225,5.3,5.2,5.3,5.1,992,F9.
993,0,0,4,0.3,0.2,0.206155281,4.025,3.8,3.9,4.2,4.2,993,F9.
994,0.1,0,4.8,1.3,0.5,0.62182527,4.8,5.5,4.1,4.5,5.1,994,F9.
995,0.1,0,4.1,0.9,1.5,1.797220076,3.85,2.4,2.4,4.5,6.1,995,F9.
996,0.1,0,3.2,1.1,0.2,0,3.2,3.2,3.2,3.2,3.2,996,F9.
997,0.1,0,3.2,0.9,0.5,0.40824829,3.2,3.3,2.6,3.4,3.5,997,F9.
998,0.2,0,5.6,2.2,0.2,0.320156212,5.675,5.8,5.2,5.9,5.8,998,F9.
999,0.1,0,2.9,0.6,0.2,0.141421356,2.9,2.8,2.8,2.9,3.1,999,F9.
2912,0.2,0,3.1,0.8,0.5,0.579511288,2.975,2.2,3,3.1,3.6,2912,M10
2913,0,0,3.4,1.1,1.1,0.994987437,3.45,2.3,3.6,3.2,4.7,2913,M10
2914,0,0,2.9,0.9,0.6,0.704154339,3.075,2.5,2.9,2.8,4.1,2914,M10
2915,0.1,0,3.5,1,0.5,0.516397779,3.5,2.9,4.1,3.3,3.7,2915,M10
2916,0.1,0,5.6,1.5,4.9,2.921757462,4.15,2.2,2.9,3,8.5,2916,M10
2917,0.2,0,3,1,0.4,0.374165739,3,2.5,3,3.1,3.4,2917,M10
2918,0.2,0,3.2,1.1,0.5,0.5,3.05,2.4,3,3.2,3.6,2918,M10
2919,0.1,0,2.5,1,0.1,0.05,2.475,2.4,2.5,2.5,2.5,2919,M10
2920,0.2,0,3.6,1.3,0.2,0.189296945,3.625,3.5,3.6,3.5,3.9,2920,M10
2921,0.1,0,4.5,1.2,3.5,4.887654516,4.675,2,2.5,2.2,12,2921,M10
2922,0.2,0,3,1.2,0.1,0.05,3.025,3,3,3.1,3,2922,M10
2923,0,0,4.8,1,1.1,1.021028893,4.525,3.8,5.5,5.3,3.5,2923,M10
2924,0,0,2.5,0.9,0.6,0.605530071,2.5,1.9,2.6,2.2,3.3,2924,M10
2925,0.1,0,3.1,1.3,0.3,0.238047614,3.05,2.8,2.9,3.3,3.2,2925,M10
2926,0.1,0,3,1.2,0.6,0.613052472,2.975,2.2,3,3,3.7,2926,M10
2927,0.1,0,2.8,0.9,0.3,1.357387196,2.025,2.5,2.8,2.8,0,2927,M10
2928,0,0,4.4,0.7,1.1,0.86986589,4.05,3.3,3.7,3.9,5.3,2928,M10
2929,0,0,3.9,1.4,0.8,0.86409876,3.9,3.1,3.9,3.5,5.1,2929,M10
2930,0.1,0,5.9,1.1,3.6,3.677861698,4.6,2.4,2.8,3.1,10.1,2930,M10
2931,0,0,6.1,1.6,12.4,3.05777697,5.35,2,5.3,4.7,9.4,2931,M10
2932,0.1,0,2,0.9,1.5,1.290994449,1.9,2.2,2.8,2.6,0,2932,M10
2933,0.1,0,4.9,0.8,5.3,4.419935897,4.375,2,2.4,2.1,11,2933,M10
2934,0,0,2.2,0.8,0.1,0,2.2,2.2,2.2,2.2,2.2,2934,M10
2935,0.1,0,1.9,0.5,0.5,0.506622805,1.75,1.4,1.6,1.5,2.5,2935,M10
2936,0.1,0,4.7,1.5,2.5,2.120338023,3.775,2,2.7,3.6,6.8,2936,M10
2937,0.1,0,2,0.6,0.4,0.434932945,2.075,1.7,2,1.9,2.7,2937,M10
2938,0.1,0,2.6,0.9,1.6,1.449137675,2.1,2.3,2.9,3.2,0,2938,M10
2939,0,0,2,0.6,0.4,0.331662479,2.05,1.7,2,2,2.5,2939,M10
2940,0.1,0,2.9,1.2,0.5,0.493288286,2.85,2.3,3.1,2.6,3.4,2940,M10
2941,0.1,0,2.9,1,1.1,0.809835374,2.975,1.9,3.6,2.8,3.6,2941,M10
2942,0.1,0,2.2,0.6,0.5,0.493288286,2.35,1.8,2.3,2.3,3,2942,M10
2943,0.1,0,2.4,0.7,0.4,0.411298756,2.325,1.8,2.4,2.3,2.8,2943,M10
2944,0.2,0,2.6,0.7,0.7,0.531507291,2.575,1.9,2.6,2.6,3.2,2944,M10
2945,0.1,0,2.5,0.7,0.6,0.573730483,2.525,2.2,2.6,2,3.3,2945,M10
2946,0.1,0,6.1,0.8,5.3,5.236092691,5.05,2.2,2.6,2.5,12.9,2946,M10
2947,0.2,0,2.8,1.1,0.3,0.244948974,2.8,2.6,2.9,2.6,3.1,2947,M10
2948,0,0,5,1.5,3,3.370830758,4.475,2.3,3.2,2.9,9.5,2948,M10
2949,0,0,3.8,1,1.8,1.873276986,3.375,1.6,3.2,2.7,6,2949,M10
2950,0.2,0,2.6,2.1,1.7,1.482115605,2.15,2.1,3.5,2.9,0.1,2950,M10
2951,0.1,0,4.7,0.9,5.2,4.294473192,4.475,1.9,2.6,2.5,10.9,2951,M10
2952,0.1,0,2.6,0.8,0.5,0.479583152,2.65,2.2,2.4,2.7,3.3,2952,M10
2953,0,0,2.5,1,0.4,0.377491722,2.425,1.9,2.5,2.5,2.8,2953,M10
2954,0,0,4.4,0.9,9.9,6.267375846,5.5,2.3,2.5,2.3,14.9,2954,M10
2955,0.1,0,2.5,0.7,0.4,0.36968455,2.45,2,2.4,2.5,2.9,2955,M10
2956,0,0,2.7,0.7,0.8,0.836660027,2.5,1.8,2.4,2.1,3.7,2956,M10
2957,0.1,0,4.7,1.1,1,2.077458383,2.975,3.1,4.5,4.3,0,2957,M10
2958,0,0,2.3,0.6,0.6,0.653197265,2.3,1.5,2.3,2.3,3.1,2958,M10
2959,0,0,2.7,0.8,1.2,1.170469991,2.65,1.3,2.9,2.3,4.1,2959,M10
2960,0.1,0,2.2,0.8,0.6,0.489897949,2.2,1.6,2.2,2.2,2.8,2960,M10
2961,0.1,0,3.2,0.9,0.5,0.496655481,3.2,2.8,3.2,2.9,3.9,2961,M10
2962,0.2,0,2.5,0.6,0.6,0.590903263,2.525,1.9,2.6,2.3,3.3,2962,M10
2963,0.1,0,2.7,0.9,0.4,0.40824829,2.6,2,2.8,2.7,2.9,2963,M10
2964,0.2,0,3.4,1,0.7,0.596517672,3.325,2.9,3.2,3,4.2,2964,M10
2965,0,0,6,0.8,2.2,1.915506895,5.025,3,5,4.5,7.6,2965,M10
2966,0,0,2.6,0.9,0.4,0.386221008,2.625,2.2,2.9,2.4,3,2966,M10
2967,0,0,3.2,1.2,0.7,0.7,3.15,2.4,3.4,2.8,4,2967,M10
2968,0.1,0,2.7,1.1,0.5,0.479583152,2.75,2.3,2.5,2.8,3.4,2968,M10
2969,0.2,0,3.1,1.2,0.5,0.496655481,3.1,2.5,3,3.2,3.7,2969,M10
2970,0.2,0,2.7,0.9,0.5,0.573730483,2.775,2.1,2.7,2.8,3.5,2970,M10
2971,0,0,3.2,0.9,0.7,0.56199051,3.225,3.7,2.9,2.6,3.7,2971,M10
2972,0,0,4.4,1.2,0.7,0.75,4.375,3.6,4.8,5.2,3.9,2972,M10
2973,0,0,2,0.5,0.7,0.577350269,2.1,1.4,2.2,2,2.8,2973,M10
2974,0.1,0,2.4,0.8,0.8,0.65,2.425,1.5,2.7,2.5,3,2974,M10
2975,0,0,6,1,1,0.892094913,6.175,5.1,5.9,6.5,7.2,2975,M10
2976,0,0,2,1.2,1.4,1.250333289,1.85,1.8,2.8,2.7,0.1,2976,M10
2977,0,0,3.8,1,0.1,0.05,3.825,3.8,3.8,3.8,3.9,2977,M10
2978,0.3,0,3,1,0.3,0.330403793,3.025,2.6,3,3.1,3.4,2978,M10
2979,0,0,4.7,1.1,0.2,0.095742711,4.725,4.6,4.8,4.8,4.7,2979,M10
2980,0.2,0,3.2,1.3,0.5,0.36855574,3.175,2.7,3.2,3.2,3.6,2980,M10
2981,0.3,0,3.3,1,0.3,0.326598632,3.3,2.9,3.3,3.3,3.7,2981,M10
2982,0.1,0,2.2,0.8,0.6,0.56199051,2.125,1.4,2.4,2,2.7,2982,M10
2983,0,0,1.8,0.6,0.4,0.411298756,1.875,1.4,1.8,1.9,2.4,2983,M10
2984,0,0,2.3,0.6,0.6,0.434932945,2.225,1.8,2,2.3,2.8,2984,M10
2985,0,0,2.4,0.8,0.3,0.336650165,2.4,2,2.3,2.5,2.8,2985,M10
2986,0.1,0,2.4,0.9,0.5,0.547722558,2.4,1.7,2.6,2.3,3,2986,M10
2987,0,0,2.5,1,0.8,1.23928743,1.825,2.1,2.6,2.6,0,2987,M10
2988,0,0,1.9,0.4,0.5,0.496655481,1.8,1.2,1.7,1.9,2.4,2988,M10
2989,0.1,0,2.1,0.6,0.5,0.5,2.25,1.6,2.2,2.4,2.8,2989,M10
2990,0.1,0,3.3,1.4,0.5,0.518812747,3.325,2.7,3.7,3.1,3.8,2990,M10
2991,0.1,0,3,0.8,0.3,0.330403793,3.075,2.7,3.1,3,3.5,2991,M10
2992,0.1,0,3.3,1,0.5,1.590335394,2.325,2.6,3.3,3.4,0,2992,M10
2993,0,0,2.5,0.6,0.5,0.454606057,2.4,1.9,2.4,2.3,3,2993,M10
2994,0,0,1.8,0.5,0.4,0.341565026,1.85,1.5,1.7,1.9,2.3,2994,M10
2995,0,0,2.4,0.6,0.4,0.505799697,2.375,1.8,2.2,2.5,3,2995,M10
2996,0.1,0,3.7,1.2,0.6,0.506622805,3.65,2.9,3.9,3.8,4,2996,M10
2997,0,0,1.8,0.4,0.9,0.556027577,1.825,1.3,1.8,1.6,2.6,2997,M10
2998,0,0,2.6,0.6,1,0.736545993,2.775,1.9,2.8,2.7,3.7,2998,M10
2999,0,0,2.6,0.9,0.1,0.081649658,2.5,2.5,2.5,2.4,2.6,2999,M10
3000,0.1,0,2.4,0.6,0.4,0.411298756,2.425,1.9,2.5,2.4,2.9,3000,M10
3001,0.1,0,3.1,1.2,0.6,0.465474668,3.05,2.6,3.4,2.7,3.5,3001,M10
3002,0,0,4.1,1.6,1.1,1.090871211,4.25,2.9,4,4.6,5.5,3002,M10
3003,0,0,2.1,0.5,0.7,0.550757055,2.15,1.6,1.8,2.4,2.8,3003,M10
3004,0,0,2.8,0.7,0.3,0.374165739,2.8,2.4,2.8,2.7,3.3,3004,M10
3005,0,0,2.6,0.9,0.6,0.645497224,2.75,3.4,2.3,2.1,3.2,3005,M10
3006,0,0,2.8,0.8,0.4,0.386221008,2.775,2.6,2.8,2.4,3.3,3006,M10
3007,0,0,3.5,0.8,1.6,1.388944443,3.325,1.8,2.6,4.9,4,3007,M10
3008,0,0,3.3,0.8,0.8,0.75055535,3.45,2.6,3.1,3.8,4.3,3008,M10
3009,0,0,2.3,0.4,0.3,0.298607881,2.225,1.9,2.1,2.3,2.6,3009,M10
3010,0,0,3.1,1.3,0,0,3.1,3.1,3.1,3.1,3.1,3010,M10
3011,0,0,2.3,0.7,0.5,0.450924975,2.35,1.8,2.4,2.3,2.9,3011,M10
3012,0,0,3.3,0.8,1.2,0.930949336,3.1,2.2,2.8,3,4.4,3012,M10
3013,0.2,0,4.1,1.2,0.4,0.411298756,4.025,3.5,4.3,3.9,4.4,3013,M10
3014,0,0,2.8,0.9,0.4,0.434932945,2.775,2.4,2.6,2.7,3.4,3014,M10
3015,0.1,0,3.5,1.1,0.3,0.331662479,3.55,3.2,3.5,3.5,4,3015,M10
3016,0,0,3.3,1.2,0.6,0.519615242,3.25,2.7,3.4,3,3.9,3016,M10
3017,0,0,2.2,0.7,0.6,0.58022984,2.45,2,2.3,2.2,3.3,3017,M10
3018,0,0,3.1,0.9,0.6,0.525198375,3.075,2.8,2.6,3.1,3.8,3018,M10
3019,0,0,3.1,1.1,0.6,0.741057803,3.075,2.3,2.7,3.3,4,3019,M10
3020,0,0,3.3,1,0.6,0.382970843,3.3,2.8,3.6,3.2,3.6,3020,M10
3021,0.1,0,4,0.9,0.8,0.6244998,4.05,3.2,4.2,4.1,4.7,3021,M10
3022,0,0,2.7,0.9,0.3,0.221735578,2.775,2.5,2.7,3,2.9,3022,M10
3023,0,0,3.7,0.6,1,0.866025404,3.95,3,3.9,3.8,5.1,3023,M10
3024,0,0,2.3,0.7,0.4,0.411298756,2.275,1.8,2.2,2.3,2.8,3024,M10
3025,0,0,5.4,1.1,4.2,3.483293461,4.4,2.2,3,2.8,9.6,3025,M10
3026,0,0,1.6,0.9,4.9,1.178982612,1.75,2.1,2.5,2.4,0,3026,M10
3027,0,0,3.6,0.8,2.3,1.815672511,3.85,4.3,6.2,2.1,2.8,3027,M10
3028,0.1,0,4.3,1.7,0.5,0.499165971,4.375,4.1,4,4.3,5.1,3028,M10
3029,0.1,0.1,4.2,0.5,0.4,0.403112887,4.075,3.6,3.9,4.3,4.5,3029,M10
3030,0,0,3.7,0.9,0.8,0.806225775,3.75,3.3,2.9,4.7,4.1,3030,M10
3031,0,0,2.6,0.9,0.6,0.518812747,2.675,2.9,2.2,2.3,3.3,3031,M10
3032,0,0,3.4,1.4,0.6,0.543905629,3.375,3.4,2.8,3.2,4.1,3032,M10
3033,0,0,3.3,0.9,0.1,0.057735027,3.25,3.3,3.2,3.2,3.3,3033,M10
3034,0,0,2.9,0.6,0.6,0.590903263,2.875,2.5,3.1,2.3,3.6,3034,M10
3035,0,0,4.3,0.7,0.7,2.072840241,3.05,3.5,4.4,4.3,0,3035,M10
3036,0,0,3.2,0.5,0.8,0.699404509,3.125,2.2,3.2,3.2,3.9,3036,M10
3037,0,0,2.6,0.7,0.3,0.298607881,2.575,2.2,2.5,2.7,2.9,3037,M10
3038,0,0,3.5,1.4,0.5,0.544671155,3.35,2.9,3,3.4,4.1,3038,M10
3039,0,0,4.2,1,0.9,0.793200269,4.225,3.3,4.4,4,5.2,3039,M10
3040,0,0,3,0.8,0.1,0.125830574,3.025,2.9,3,3.2,3,3040,M10
3041,0,0,5.3,0.8,1.6,2.373464416,3.4,3.6,4.7,5.3,0,3041,M10
3042,0,0,4.8,0.7,0.8,0.858292879,4.85,3.8,4.9,4.8,5.9,3042,M10
3043,0,0,3.2,0.6,0.4,0.43204938,3.1,2.7,2.9,3.1,3.7,3043,M10
3044,0.1,0,2.9,0.8,0.8,0.670198975,2.925,2.2,2.7,3,3.8,3044,M10
3045,0,0,2.5,0.6,0.3,0.309569594,2.525,2.1,2.5,2.7,2.8,3045,M10
3046,0,0,2.4,0.7,0.4,0.412310563,2.35,1.9,2.3,2.3,2.9,3046,M10
3047,0.1,0,4.4,1.1,1.4,1.545692941,4.425,3,3.8,4.3,6.6,3047,M10
3048,0,0,2.5,0.9,0.4,0.374165739,2.5,2.1,2.5,2.4,3,3048,M10
3049,0,0,5.4,0.8,2.6,2.502498751,5.775,3.5,4.7,5.6,9.3,3049,M10
3050,0,0,5.1,0.7,0.7,0.670198975,4.975,4.3,4.9,4.8,5.9,3050,M10
3051,0,0,7.9,1.4,11.7,14.52064622,11.125,3.4,4.2,32.9,4,3051,M10
3052,0,0,4.8,1.2,0.6,0.697614985,4.8,4.2,4.7,4.5,5.8,3052,M10
3053,0.1,0,2.8,0.7,0.4,0.454606057,2.8,2.3,2.8,2.7,3.4,3053,M10
3054,0,0,5.1,0.7,1.6,1.027537509,5.125,3.9,4.7,5.7,6.2,3054,M10
3055,0,0,3.6,1,0.4,0.442530602,3.575,3.1,3.9,3.3,4,3055,M10
3056,0,0,5.5,1.2,0.8,0.776745347,5.55,4.4,6.1,5.8,5.9,3056,M10
3057,0,0,3.8,0.8,0.7,0.780491298,3.825,2.9,3.7,3.9,4.8,3057,M10
3058,0,0,4,0.6,0.9,0.670198975,4.125,3.2,4.2,4.3,4.8,3058,M10
3059,0,0,3.2,1.3,0.1,0.15,3.175,3,3.3,3.1,3.3,3059,M10
3060,0,0,5.2,0.9,1.7,2.672545603,3.675,3.4,5.5,5.8,0,3060,M10
3061,0,0,3.3,1.1,0.7,0.91423921,3.175,2.9,2,3.9,3.9,3061,M10
3062,0.1,0,3.2,0.8,0.6,0.49244289,3.175,2.6,3.2,3.1,3.8,3062,M10
3063,0,0,1.3,0.7,1.2,1.099621147,1.625,1.9,2.3,2.3,0,3063,M10
3064,0.1,0,2.8,1.2,0.1,0.081649658,2.8,2.7,2.8,2.8,2.9,3064,M10
3065,0,0,4.4,1,2.8,2.332916629,5.525,6,7.1,6.9,2.1,3065,M10
3066,0.1,0,4.3,0.9,1.1,1.087428159,4.225,3.1,3.9,4.2,5.7,3066,M10
3067,0.1,0,4,1,0.2,0.15,4.025,3.9,3.9,4.1,4.2,3067,M10
3068,0,0,3.1,1.4,1,28.30318003,17.45,59.9,3,3,3.9,3068,M10
3069,0.1,0,2.7,1,0.3,0.238047614,2.65,2.3,2.7,2.8,2.8,3069,M10
3070,0,0,2,0.6,0.5,0.43204938,2.1,1.7,1.9,2.1,2.7,3070,M10
3071,0.1,0,3,0.8,0.2,0.095742711,2.925,2.8,2.9,3,3,3071,M10
3072,0,0,2.7,0.8,0.3,0.25,2.725,2.6,2.6,2.6,3.1,3072,M10
3073,0,0,3.1,0.4,0.7,0.694622199,2.925,2.1,2.9,2.9,3.8,3073,M10
3074,0.1,0,3.1,0.8,0.2,0.238047614,3.05,2.9,3,2.9,3.4,3074,M10
3075,0,0,2.6,1.1,0.5,0.55,2.675,1.9,2.8,2.8,3.2,3075,M10
3076,0.2,0,3.3,1,0.4,0.457347424,3.275,2.7,3.2,3.4,3.8,3076,M10
3077,0,0,4.8,0.9,0.6,0.670198975,4.925,4.2,5,4.7,5.8,3077,M10
3078,0,0,2.2,0.9,0.6,0.547722558,2.3,1.6,2.5,2.2,2.9,3078,M10
3079,0,0,2.3,0.8,0.3,0.336650165,2.3,2.1,2.2,2.1,2.8,3079,M10
3080,0,0,2,0.6,0.5,0.450924975,2.05,1.5,2.1,2,2.6,3080,M10
3081,0,0,2.2,0.8,0.2,0.129099445,2.15,2,2.2,2.1,2.3,3081,M10
3082,0,0,2.3,0.8,0.2,0.244948974,2.3,2,2.3,2.3,2.6,3082,M10
3083,0,0,3.1,0.9,0.5,0.537742193,3.025,2.4,2.9,3.1,3.7,3083,M10
3084,0,0,2.5,0.8,0.5,0.535412613,2.6,2,2.6,2.5,3.3,3084,M10
3085,0,0,2.8,0.9,0.5,0.478713554,2.825,2.4,2.8,2.6,3.5,3085,M10
3086,0,0,2.2,0.8,0.4,0.457347424,2.375,1.9,2.3,2.3,3,3086,M10
1400,0.1,0,6.3,0.8,2,1.870828693,6,5.6,4.4,8.7,5.3,1400,M3.
1401,0.1,0,3.1,0.8,2.5,2.142428529,3.15,3.9,4.8,0,3.9,1401,M3.
1402,0.1,0,3,0.9,2.3,2.26476636,3.275,5.2,3.8,0,4.1,1402,M3.
1403,0.3,0,3.9,1.3,0.6,0.519615242,3.85,3.4,3.4,4.3,4.3,1403,M3.
1404,0.2,0,5.2,1.2,1.5,2.720753572,4.075,6.1,4.6,0.1,5.5,1404,M3.
1405,0.1,0,3.2,1,2,2.110884491,3.125,3.7,4.5,0,4.3,1405,M3.
1406,0.1,0,5.6,1.7,3.6,3.785388575,5.575,8.8,6.9,0.1,6.5,1406,M3.
1407,0.1,0,4.4,0.6,2.9,2.42899156,3.6,4.7,4.4,0,5.3,1407,M3.
1408,0.1,0,4,0.6,1.6,2.28235989,3.275,5.3,4,0,3.8,1408,M3.
1409,0.3,0,5.5,1.5,3.5,3.110198279,4.4,5.4,7.3,0,4.9,1409,M3.
1410,0.1,0,4.4,0.6,5.4,3.8,5.1,5.6,9.2,0,5.6,1410,M3.
1411,0.1,0,6.5,1.1,1.5,1.594521872,6.225,4.5,8.2,5.5,6.7,1411,M3.
1412,0.2,0,3.8,1.7,2.7,2.477061431,3.725,5.7,4.6,0.1,4.5,1412,M3.
1413,0.1,0,5.1,1.1,4.2,4.617629262,5.175,3.3,10.8,0,6.6,1413,M3.
1414,0.1,0,11,1.3,1.6,5.24372641,7.85,9.2,0.1,11.3,10.8,1414,M3.
1415,0.2,0,8.5,1.2,3,2.301448819,3.55,4.7,4.6,0.1,4.8,1415,M3.
1416,0.1,0,17.5,4.9,2.2,0.941629793,17.7,18,17,18.9,16.9,1416,M3.
1417,0.1,0,5.1,0.8,1.6,1.560982597,4.75,4.4,4.2,7,3.4,1417,M3.
1418,0,0,4.9,0.8,0.6,2.556527593,3.875,5.7,4.6,0.1,5.1,1418,M3.
1419,0.1,0,3.3,0.5,1.9,1.65,3.625,2.2,3,6,3.3,1419,M3.
1420,0.1,0,3.2,0.7,0.4,0.35,3.275,3.1,2.9,3.4,3.7,1420,M3.
1421,0.1,0,31.9,12.3,11.5,13.37036524,41.5,30.9,32.2,59.8,43.1,1421,M3.
1422,0,0,3.4,0.5,1.6,2.036950335,3.025,3.7,4.4,0,4,1422,M3.
1423,0.1,0,3.5,0.8,2.1,2.037154879,3.05,3.9,4.1,0,4.2,1423,M3.
1424,0.3,0,4.1,1.2,0.6,0.503322296,3.9,3.2,4,4.4,4,1424,M3.
1425,0.1,0,3.8,0.6,1.3,1.268857754,3.65,2.4,3.2,5.4,3.6,1425,M3.
1426,0.1,0,2.5,0.7,0.3,0.351188458,2.45,2.1,2.2,2.8,2.7,1426,M3.
1427,0.1,0,4.7,0.8,2.7,2.438578821,3.6,5.4,4.6,0,4.4,1427,M3.
1428,0.1,0,5.1,0.8,1,0.795822426,5,3.9,5.1,5.2,5.8,1428,M3.
1429,0.2,0,3.5,1,0.7,0.665832812,3.65,3.3,3.1,4.6,3.6,1429,M3.
1430,0.2,0,4.2,1,1,0.939414711,4.475,3.9,3.6,5.7,4.7,1430,M3.
1431,0.1,0,4.4,1,2.8,2.291105992,3.275,5,3.4,0,4.7,1431,M3.
1432,0.1,0,3,0.8,0.4,0.42031734,3.05,2.5,3,3.5,3.2,1432,M3.
1433,0.1,0,2.7,0.6,0.9,0.830160627,2.475,1.9,1.8,3.6,2.6,1433,M3.
1434,0.1,0,3.5,0.8,1,1.621470526,2.425,3.2,3.1,0,3.4,1434,M3.
1435,0.1,0,2.7,0.6,1.5,1.452297031,2.175,2.8,2.9,0,3,1435,M3.
1436,0.1,0,3.6,1.7,1.4,1.905037182,2.875,3.7,3.3,0.1,4.4,1436,M3.
1437,0.2,0,3.5,2.2,3.2,2.603043091,3.875,5.5,4.2,0.1,5.7,1437,M3.
1438,0.1,0,2.9,0.9,2.3,2.32880513,3.35,4,4,0,5.4,1438,M3.
1439,0,0,3.2,0.6,0.8,0.634428877,3.125,2.9,2.4,3.9,3.3,1439,M3.
1440,0.1,0,2.9,0.9,0.6,0.579511288,3.125,3.1,2.5,3.9,3,1440,M3.
1441,0.2,0,4.1,1,1.1,28.15153933,17.775,3.6,3.4,60,4.1,1441,M3.
1442,0.1,0,4.2,1.2,1,0.86986589,4.45,3.7,3.7,5.3,5.1,1442,M3.
1443,0.1,0,3.6,0.8,1.9,2.075250989,3.1,4,4,0,4.4,1443,M3.
1444,0.1,0,2.7,1.1,2.7,2.289650628,3.375,4.2,5.1,0,4.2,1444,M3.
1445,0.1,0,4.3,0.8,0.5,0.535412613,4.2,4.1,3.6,4.9,4.2,1445,M3.
1446,0.1,0,3.8,1.5,0.1,0.189296945,3.825,3.8,3.7,4.1,3.7,1446,M3.
1447,0.1,0,5.1,0.6,3.5,2.037154879,3.05,4.1,3.9,0,4.2,1447,M3.
1448,0,0,4.1,0.6,1.4,0.988264472,4.05,4,4.5,2.7,5,1448,M3.
1449,0.1,0,3.7,0.7,2,2.152517905,3.2,4.3,3.9,0,4.6,1449,M3.
1450,0.3,0,8.2,3.7,1.3,1.31497782,7.675,9,8.2,5.9,7.6,1450,M3.
1451,0.3,0,8,3.8,0.8,0.434932945,7.825,8.2,8.2,7.5,7.4,1451,M3.
1452,0.2,0,6.5,3,4.3,3.512359131,5.35,7.2,6.7,0.1,7.4,1452,M3.
1453,0.1,0,6.6,2,0.1,0.05,6.525,6.5,6.5,6.5,6.6,1453,M3.
1454,0.1,0,5.8,1,1.6,1.493039406,5.625,4.7,4.6,7.8,5.4,1454,M3.
1455,0.1,0,4.7,2.1,1.1,0.761577311,4.9,5,4.1,5.9,4.6,1455,M3.
1456,0.1,0,7.1,1.4,4.1,4.652150041,7.525,5.3,5,14.5,5.3,1456,M3.
1457,0,0,4.2,0.7,0.1,0.095742711,4.125,4.1,4,4.2,4.2,1457,M3.
1458,0.1,0,4.3,0.8,0.8,0.805708798,4.125,4.2,4.9,3,4.4,1458,M3.
1459,0.1,0,4.6,1.7,0.8,0.921502396,4.625,6,4.1,4.1,4.3,1459,M3.
1460,0,0,6.5,0.9,0.5,3.126632907,4.675,5.9,6.3,0,6.5,1460,M3.
1461,0,0,6.2,1.8,4.2,3.940389152,5.9,6.8,8.1,8.6,0.1,1461,M3.
1462,0.1,0,3.8,3.2,3,2.985939272,2.975,5.4,5.7,0.1,0.7,1462,M3.
1463,0.1,0,5.5,1.4,1.4,1.294539815,5.725,7.5,4.4,5.6,5.4,1463,M3.
1464,0,0,7.7,0.8,2.7,2.808320969,7.5,8.4,10.7,4,6.9,1464,M3.
1465,0,0,4,0.9,0.7,0.605530071,3.8,4.1,3.7,3,4.4,1465,M3.
1466,0,0,3.5,0.6,2.7,2.74271763,3.925,5.1,6.3,0,4.3,1466,M3.
1467,0.1,0,3.3,0.9,0.2,0.125830574,3.275,3.4,3.1,3.3,3.3,1467,M3.
1468,0.1,0,4.9,0.9,2.1,2.270646017,4.775,3.6,3.1,8.1,4.3,1468,M3.
1469,0,0,4.2,0.7,9.4,0.998331942,4.05,3.8,3,5.4,4,1469,M3.
1470,0.1,0,3.1,0.8,0.5,0.454606057,3.1,3.2,2.5,3.6,3.1,1470,M3.
1471,0.1,0,3.4,2,2.7,2.469142901,3.75,5.1,4.4,0.1,5.4,1471,M3.
1472,0.5,0,23.9,17,11.3,11.57018438,32.075,38.9,28.8,43.3,17.3,1472,M3.
1473,0,0,2.8,1.6,0.6,22.80365468,14.5,3.1,48.7,3.6,2.6,1473,M3.
1474,0.3,0,7.1,3.3,9.2,10.8,5.5,0.1,0.1,21.7,0.1,1474,M3.
1475,0.2,0,21.3,4,12.2,23.04336492,24.25,9.9,0.1,49.1,37.9,1475,M3.
1476,0.2,0,3.2,1,0.7,0.639661369,3.275,3.2,2.8,4.2,2.9,1476,M3.
1477,0,0,5.4,0.7,1.5,1.359840677,5.475,7,5.1,3.8,6,1477,M3.
1478,0.1,0,7.5,1.1,0.8,0.981495458,7.65,7.6,7.6,8.9,6.5,1478,M3.
1479,0.1,0,5.6,1.9,1.2,20.97371371,15.45,5.4,4.2,5.3,46.9,1479,M3.
1480,0,0,4,1.8,0.2,0.095742711,4.075,4,4.1,4,4.2,1480,M3.
1481,0.1,0,21.4,1.4,14.6,18.96786757,14.5,6.4,3.6,42.9,5.1,1481,M3.
1482,0.1,0,5.7,2,3.8,2.836664708,4.3,5.8,5.1,0.1,6.2,1482,M3.
1483,0,0,3.7,0.7,0.6,0.884590301,3.675,3.4,2.8,4.9,3.6,1483,M3.
1484,0.1,0,22.8,6,13.1,16.88569414,27.7,18.7,20.4,53,18.7,1484,M3.
1485,0.5,0.1,32.1,7.3,13.8,18.48285241,33.825,48.4,18.1,51.2,17.6,1485,M3.
1486,0.4,0,24,9.3,13,17.33866104,29.525,22.1,23,55.3,17.7,1486,M3.
1487,0.1,0,2.5,0.7,0.4,0.359397644,2.525,2.2,2.3,3,2.6,1487,M3.
1488,0.1,0,2.9,0.9,0.7,0.754983444,2.85,2.8,1.8,3.4,3.4,1488,M3.
1489,0.1,0,4.3,1.6,0.7,0.697614985,4.3,4,3.5,5.1,4.6,1489,M3.
1490,0.1,0,5.4,2,1,0.883176087,5.5,5,4.7,6.7,5.6,1490,M3.
1491,0,0,2.7,1,12.4,17.35569071,11.1,37,3,0.1,4.3,1491,M3.
1492,0,0,5.4,0.8,4,3.365882747,4.825,7.8,6.5,0.1,4.9,1492,M3.
1493,0,0,5.1,1.1,2.5,2.123479848,4.975,6.1,3.4,7.4,3,1493,M3.
1494,0,0,9.1,1.9,3,5.597246347,7.375,5.9,11.2,0.1,12.3,1494,M3.
1495,0.2,0,3.9,1.2,0.2,0.262995564,3.825,4.2,3.8,3.6,3.7,1495,M3.
1496,0,0,3,1.1,2.1,1.946792233,2.75,2.5,4,0.1,4.4,1496,M3.
1497,0,0,2.8,0.9,0.8,0.763216876,2.975,2.3,2.5,4,3.1,1497,M3.
1498,0.1,0,3.3,1,0.7,0.469041576,3.3,2.9,2.9,3.8,3.6,1498,M3.
1499,0.1,0,3.8,1,0.7,0.632455532,3.8,3.2,3.4,4.6,4,1499,M3.
1500,0,0,3.6,0.8,0.3,17.05,11.925,37.5,3.4,3.4,3.4,1500,M3.
1501,0,0,3.9,1.4,0.9,1.105667219,3.975,4.3,3.1,5.4,3.1,1501,M3.
1502,0.1,0,4.8,1.5,0.1,0.057735027,4.85,4.8,4.8,4.9,4.9,1502,M3.
1503,0.1,0,39.4,3.3,11.6,4.785046151,41.75,35.9,42.1,41.4,47.6,1503,M3.
1504,0,0,2.7,0.7,0.5,0.571547607,2.7,3,2,3.3,2.5,1504,M3.
1505,0.2,0,17.5,1.7,12.5,19.40824567,16.4,1.7,11.3,44.9,7.7,1505,M3.
1506,0.1,0,4.2,1.7,2.5,2.26715681,4,2.1,2.4,7,4.5,1506,M3.
1507,0,0,4.1,0.5,1.4,1.415391583,3.95,2.7,3,5.8,4.3,1507,M3.
1508,0,0,2.8,0.8,1,0.967815409,2.85,1.8,2.5,4.1,3,1508,M3.
1509,0.1,0,3.7,1.2,0.8,0.708872344,3.775,4.4,2.9,4.3,3.5,1509,M3.
1510,0.4,0,24,14,11.5,17.40122122,30.225,30.2,16.7,54.8,19.2,1510,M3.
1511,0,0,9,0.7,4.9,2.448639078,7.625,5.7,8.1,10.9,5.8,1511,M3.
1512,0,0,2.8,0.6,0.8,0.776745347,2.75,2.4,1.9,3.7,3,1512,M3.
1513,0.2,0,5.2,2.3,5.1,4.148493703,5.15,4.3,10.1,0.1,6.1,1513,M3.
1514,0.1,0,2.9,1,0.6,0.550757055,3.15,2.8,2.6,3.8,3.4,1514,M3.
1515,0,0,5.6,0.7,3.2,3.47215111,6.175,11.3,4.8,5,3.6,1515,M3.
1516,0,0,10.7,0.6,5.1,4.821479718,8.2,11.7,4.1,13,4,1516,M3.
1517,0.1,0,20,2.4,12.2,19.16374615,17.425,8.9,0.1,16.3,44.4,1517,M3.
1518,0.1,0,26.6,2.4,15.3,26.49080029,38.675,59.9,0.1,44.5,50.2,1518,M3.
1519,0.1,0,3.1,1.2,1.6,1.489966443,3.2,2.1,2.6,5.4,2.7,1519,M3.
1520,0,0,4,1,1.3,0.997914492,3.875,4.6,2.7,3.4,4.8,1520,M3.
1521,0.1,0,17.9,1.5,14.4,21.87622378,15.225,5.6,0.1,7.5,47.7,1521,M3.
1522,0,0,3.7,1.3,0.2,0.095742711,3.625,3.7,3.6,3.7,3.5,1522,M3.
1523,0.1,0,4,1.6,0.5,0.509901951,3.9,3.9,3.2,4.1,4.4,1523,M3.
1524,0.1,0,20.6,3.1,12.9,19.67155307,25.85,40.4,8.6,45.2,9.2,1524,M3.
1525,0,0,5.8,1.4,2.4,2.146896986,5.775,3.9,4.7,8.8,5.7,1525,M3.
1526,0,0,3.2,1.5,2.5,2.149418526,3,5.1,2.8,0.1,4,1526,M3.
1527,0,0,3.4,0.9,1.1,1.250333289,3.55,2.6,2.7,5.3,3.6,1527,M3.
1528,0,0,3.9,1,2.3,1.761628035,2.45,2.8,2.8,0,4.2,1528,M3.
1529,0,0,2.8,0.4,1.7,1.573478101,2.275,2.6,2.9,0,3.6,1529,M3.
1530,0.1,0,3.5,1.7,0.2,0.1,3.55,3.7,3.5,3.5,3.5,1530,M3.
1531,0,0,3.4,0.9,0.6,0.632455532,3.4,3.6,2.8,4.2,3,1531,M3.
1532,0,0,5.8,1.1,2.1,1.806469854,6.25,4.7,7.5,4.7,8.1,1532,M3.
1533,0.1,0,6.3,1.9,2.8,3.550938843,5.525,7.2,7.3,0.2,7.4,1533,M3.
1534,0.1,0,3.2,1.1,0.4,0.330403793,3.225,3,2.9,3.6,3.4,1534,M3.
1535,0,0,7.6,0.8,5.2,5.273439738,6.025,3,3.1,13.9,4.1,1535,M3.
1536,0,0,5.2,0.7,1.2,0.962635272,4.8,5.1,5.1,3.4,5.6,1536,M3.
1537,0,0,4.6,1.4,1.6,20.44608765,13.675,44.1,6.3,0.1,4.2,1537,M3.
1538,0.1,0,6.3,1.7,13.7,20.52470057,16.65,2.8,46.4,14.2,3.2,1538,M3.
1539,0.1,0,4.1,1.5,1.7,1.322560648,4.275,3.3,3.3,6.1,4.4,1539,M3.
1540,0.1,0,3.5,1,0.7,0.708872344,3.425,2.9,2.8,4.3,3.7,1540,M3.
1541,0,0,2.7,1.2,0.4,0.35,2.775,2.6,2.4,3.2,2.9,1541,M3.
1542,0,0,3.3,0.6,1.7,1.723368794,3.55,2.5,2.5,6.1,3.1,1542,M3.
1543,0.1,0,15.9,5.7,12.8,25.15220335,19.2,0.1,54.8,2.9,19,1543,M3.
1544,0.1,0,2.4,0.8,0.5,0.58022984,2.55,2.4,2.1,3.4,2.3,1544,M3.
1545,0.1,0,29.6,3.3,12.8,15.46056812,34.575,41.6,42.3,43,11.4,1545,M3.
1546,0.1,0,3.5,1.1,0.7,0.759385717,3.65,3,3.2,4.7,3.7,1546,M3.
1547,0,0,2.7,0.9,0.6,0.525198375,2.775,2.5,2.3,3.5,2.8,1547,M3.
1548,0,0,2.4,0.5,0.6,0.559761854,2.4,2.2,1.7,2.8,2.9,1548,M3.
1549,0,0,3.6,0.7,1.4,1.381725974,3.275,2.2,2.7,5.3,2.9,1549,M3.
1550,0,0,3.1,1,0.4,0.341565026,3.05,2.6,3,3.4,3.2,1550,M3.
1551,0,0,3.1,0.5,2.1,1.95,2.625,3.4,2.5,0,4.6,1551,M3.
1552,0,0,5.5,1.1,2.6,2.316606714,5.4,7.2,7.6,3.3,3.5,1552,M3.
1553,0.1,0,6.2,2.4,1.7,1.902629759,6.3,7.6,8.1,4,5.5,1553,M3.
1554,0.1,0,7.1,1.7,2.9,1.687947472,7.475,8.8,5,8.1,8,1554,M3.
1555,0,0,7.2,1.1,6.7,7.327744082,9.025,10.5,3.2,18.8,3.6,1555,M3.
1556,0,0,10.7,1.4,5,5.322593353,4.55,10.7,0.1,7.3,0.1,1556,M3.
1557,0.1,0,3.7,2,0.6,0.702376917,3.8,3.3,3.1,4.3,4.5,1557,M3.
1558,0.1,0,2.1,1.1,2,1.633758448,2.375,2.6,3.4,0,3.5,1558,M3.
1559,0.1,0,18.8,8.3,5.6,3.256148031,20.275,22.4,22.3,15.5,20.9,1559,M3.
1560,0,0,4.9,0.8,2.8,2.396351393,3.325,3.6,4,0,5.7,1560,M3.
1561,0,0,5.4,0.6,2.5,1.98242276,4.95,3.5,3.5,7.7,5.1,1561,M3.
1562,0,0,2.9,1.1,2.2,1.781385229,2.6,3,3.4,0,4,1562,M3.
1563,0,0,2.7,0.6,1,0.974679434,2.75,2.4,1.8,4.1,2.7,1563,M3.
1564,0,0,3.8,0.9,0.4,0.412310563,3.65,3.7,4.1,3.1,3.7,1564,M3.
1565,0.7,0,5.1,2.5,1.7,1.331665624,5.4,4.7,5.3,4.3,7.3,1565,M4.
1566,0.7,0,7.4,3,2.1,2.02155056,6.8,5.3,7.4,5.1,9.4,1566,M4.
1567,0.4,0,4.2,1.1,1,0.718215381,4.225,4.1,4.5,3.3,5,1567,M4.
1568,0.5,0,3.6,1.3,0.3,0.386221008,3.625,3.4,3.5,3.4,4.2,1568,M4.
1569,0.3,0,6.9,2.3,2,1.629928424,6.95,5.9,6.8,5.8,9.3,1569,M4.
1570,0.3,0,7.9,2.9,3.4,2.767670501,7.4,4.9,9.1,5.2,10.4,1570,M4.
1571,0.2,0,5.3,0.8,1.2,0.903234927,5.175,4.6,5,4.6,6.5,1571,M4.
1572,0.3,0,4.2,2.2,2.1,1.54488403,4.3,3.2,5.2,2.8,6,1572,M4.
1573,0.3,0,5.1,1,2.7,2.126617032,4.875,3.3,5.1,3.3,7.8,1573,M4.
1574,0.2,0,4.9,2.7,2,1.867931119,5.475,4.4,6.1,3.6,7.8,1574,M4.
1575,0.3,0,4.3,1.8,1.6,1.329160136,4.2,3.1,5.3,3,5.4,1575,M4.
1576,0.3,0,5.7,2.4,2,1.927649692,5.275,5,5.4,3,7.7,1576,M4.
1577,0.1,0,5.4,1.1,1.8,1.746186321,4.975,3.5,4.3,4.6,7.5,1577,M4.
1578,0.2,0,7.7,1.8,2.2,1.840968948,7.575,7,7.2,5.9,10.2,1578,M4.
1579,0.5,0,5.4,2,1.8,1.499722196,5.525,4.7,5.6,4.2,7.6,1579,M4.
1580,0.2,0,5.1,1,3,2.327373341,3.15,3.3,5.6,3.7,0,1580,M4.
1581,0.1,0,5.2,2,4.4,4.267220016,3.775,6.9,0.1,8,0.1,1581,M4.
1582,0.4,0,3.9,1.2,0.8,0.639661369,3.775,3.1,3.9,3.5,4.6,1582,M4.
1583,0.1,0,22.5,3.4,18,29.94666092,26.975,53.2,52.6,0.1,2,1583,M4.
1584,0,0,4.2,1.1,1.6,1.438459824,4.025,4.8,5,1.9,4.4,1584,M4.
1585,0.1,0,2.2,0.5,0.3,0.25,2.225,1.9,2.3,2.2,2.5,1585,M4.
1586,0.1,0,9.3,2.4,1.9,1.915506895,8.725,9.1,9,6.1,10.7,1586,M4.
1587,0,0,3.6,0.8,0.9,0.7393691,3.5,3.8,3.8,2.4,4,1587,M4.
1588,0,0.1,3.7,0.8,2,2.307054399,3.825,7,2.5,1.8,4,1588,M4.
1589,0,0,3.7,0.4,1,1.086278049,3.7,3.4,4.4,2.3,4.7,1589,M4.
1590,0.1,0,6.2,1.7,2.8,2.118765364,6.275,7.2,7.4,7.4,3.1,1590,M4.
1591,0.1,0,4.4,1.5,1.1,0.953502316,4.325,4.8,4.1,3.1,5.3,1591,M4.
1592,0,0,23.4,0.6,12.3,22.61185161,29.125,34.7,57.3,20.6,3.9,1592,M4.
1593,0.1,0,5.1,1.7,4.4,3.79253653,3.95,1.3,7.5,0.1,6.9,1593,M4.
1594,0.2,0,6.4,2.9,3.5,3.50475867,5.15,1.5,8.1,2.8,8.2,1594,M4.
1595,0.1,0,3.2,1.2,1,0.9,3.35,3.3,3.3,2.3,4.5,1595,M4.
1596,0.1,0,28.3,4.4,14.2,21.41222392,35.45,35.5,53.8,47.1,5.4,1596,M4.
1597,0,0,3.8,0.6,0.5,0.465474668,3.85,3.7,3.4,3.8,4.5,1597,M4.
1598,0.5,0,26.5,21.1,11.9,16.18443182,30.425,34.2,42.6,38.2,6.7,1598,M4.
1599,0.2,0,32.3,15,5.1,17.77927164,26.575,37.6,36.1,32.5,0.1,1599,M4.
1600,0.1,0,3.8,1.1,0.5,0.434932945,3.725,4.1,3.1,3.8,3.9,1600,M4.
1601,0.1,0,4.1,1.1,1.6,1.356465997,4.3,5.7,3.7,2.7,5.1,1601,M4.
1602,0,0,2.7,0.5,1.2,1.219289411,2.5,1.9,2.5,1.4,4.2,1602,M4.
1603,0.1,0,3.4,0.7,0.7,0.673300329,3.2,3.4,4,3,2.4,1603,M4.
1604,0.1,0,23.9,0.7,14.2,27.60547953,19.625,59.2,1.3,17.9,0.1,1604,M4.
1605,0.1,0,5,1.9,1.3,1.472809107,4.975,5.5,4.7,3.1,6.6,1605,M4.
1606,0.1,0,2.8,0.8,0.5,0.464578662,2.775,2.8,2.6,2.3,3.4,1606,M4.
1607,0.4,0,4.2,1.8,0.5,0.443471157,4.15,4.4,4,3.6,4.6,1607,M4.
1608,0.2,0,2.9,1.1,0.5,0.476095229,3,2.7,2.9,2.7,3.7,1608,M4.
1609,0,0,2.6,0.5,0.8,0.754983444,2.35,2.9,1.7,1.7,3.1,1609,M4.
1610,0.1,0,3.9,1.5,1.3,1.023067284,4,4.3,3.4,3,5.3,1610,M4.
1611,0.1,0,2.9,0.5,0.8,0.602771377,2.85,2.8,2.6,2.3,3.7,1611,M4.
1612,0,0,2.5,0.5,0.4,0.613052472,2.625,2.2,2.2,2.6,3.5,1612,M4.
1613,0,0,10.6,2.8,5.6,5.070420758,10.925,13,14.9,3.5,12.3,1613,M4.
1614,0,0,4.4,0.6,1.1,2.426760529,3.525,3.6,4.8,0.1,5.6,1614,M4.
1615,0.4,0,29.6,22.1,10.3,19.13659235,28.025,33.3,43.9,34.7,0.2,1615,M4.
1616,0.4,0,22.1,20.7,13.4,16.82805198,25.05,27.7,35.9,36.1,0.5,1616,M4.
1617,0.1,0,6.2,1.8,2,1.388044188,5.9,7.4,5.7,4.1,6.4,1617,M4.
1618,0.4,0,19.1,22.5,12.5,16.97122565,24.175,36.1,36.1,24.4,0.1,1618,M4.
1619,0.7,0,1.8,0.6,12,1.783956277,1.575,0.1,2.4,0.1,3.7,1619,M4.
1620,0.2,0,2.6,0.7,0.8,0.732575366,2.55,2,2.5,2.1,3.6,1620,M4.
1621,0,0,2.3,1.1,4.8,1.654287359,2.05,0.1,2.8,1.4,3.9,1621,M4.
1622,0.1,0,3.1,0.8,1.1,1.034005158,2.775,1.8,3.4,2,3.9,1622,M4.
1623,0,0,3.4,0.5,1.2,0.97425185,3.575,4.1,4.6,3.2,2.4,1623,M4.
1624,0.1,0,6.7,1.4,2.7,3.173851498,4.6,5.1,7.1,6.2,0,1624,M4.
1625,0.1,0,4.8,1.1,2.8,2.848830169,4.925,2.8,6.1,2.4,8.4,1625,M4.
1626,0.3,0,3.2,1,0.7,0.663324958,3.3,2.8,3.4,2.8,4.2,1626,M4.
1627,0.1,0,4.8,1,1.1,1.167618659,4.75,6.3,3.9,3.8,5,1627,M4.
1628,0,0,6.3,0.7,2.9,1.99081223,6.25,6.2,8.1,7.2,3.5,1628,M4.
1629,0,0,3.7,0.6,1.4,1.443086969,3.475,2.1,3.7,2.7,5.4,1629,M4.
1630,0,0,5.4,1.1,3,2.556038602,5.9,7.3,7.5,2.1,6.7,1630,M4.
1631,0.1,0,8.1,2.8,0.4,4.107310556,6.25,8.3,8,0.1,8.6,1631,M4.
1632,0.4,0,4.4,1.1,2.2,1.493039406,3.925,3,3.7,2.9,6.1,1632,M4.
1633,0.2,0,4.1,1.8,1.6,1.37113092,4,2.9,4.1,3.1,5.9,1633,M4.
1634,0.2,0,4.3,1.6,0.8,0.68556546,4.55,4.1,4.6,4,5.5,1634,M4.
1635,0.1,0,5.5,1.5,1,1.132475165,4.975,4.5,4.8,4,6.6,1635,M4.
1636,0.2,0,4.6,0.9,1.1,0.95,4.425,5.5,3.9,3.4,4.9,1636,M4.
1637,0.2,0.1,4.3,1,1.1,1.047218538,3.95,4.8,3.2,2.9,4.9,1637,M4.
1638,0.1,0,3.6,0.6,0.9,0.757187779,3.6,3.1,3.5,3.1,4.7,1638,M4.
1639,0.1,0,6.2,1.7,1.3,1.307351011,6.175,6.6,5.8,4.6,7.7,1639,M4.
1640,0.1,0,4.1,0.9,1.4,1.488847429,3.55,2.5,3.4,2.6,5.7,1640,M4.
1641,0.3,0,25.3,21.1,11.4,15.17596784,23.55,33.3,31.6,28.3,1,1641,M4.
1642,0.2,0,5,2,1.5,1.611159003,5.025,3.7,5.5,3.8,7.1,1642,M4.
1643,0,0,1.8,0.6,0.3,0.236290781,1.775,1.6,1.6,1.8,2.1,1643,M4.
1644,0.1,0,28,11.1,2.8,2.911328448,31.175,30.3,34.6,32.1,27.7,1644,M4.
1645,0,0,1.5,0.7,1.4,1.395229969,1.2,2.2,2.6,0,0,1645,M4.
1646,0,0,2.6,0.7,1.2,1.738533865,2.275,2.2,2.7,0,4.2,1646,M4.
1647,0.1,0,4.4,1.3,2.6,2.011632836,4.1,2.9,3.9,2.6,7,1647,M4.
1648,0.1,0,2.5,0.6,0.5,0.489897949,2.5,2.1,2.7,2.1,3.1,1648,M4.
1649,0.1,0,3.1,0.9,1.1,0.939858145,3.15,2,4.1,2.8,3.7,1649,M4.
1650,0.1,0,3,1.2,0.7,0.783156008,3,2.8,3.8,2,3.4,1650,M4.
1651,0.2,0,4.9,1.9,1.9,1.822772613,5.025,4.4,4.4,3.6,7.7,1651,M4.
1652,0,0,3.3,0.6,5.2,3.505234181,3,1.8,2,8.1,0.1,1652,M4.
1653,0.1,0,3,1.2,0.8,0.830160627,2.875,2,2.8,2.7,4,1653,M4.
1654,0.1,0,7,2.7,2.1,1.994158135,6.65,4.2,7.4,6.1,8.9,1654,M4.
1655,0.2,0,2.6,0.6,1,0.858292879,2.75,2,2.9,2.2,3.9,1655,M4.
1656,0.2,0,1.5,0.5,0.1,0.095742711,1.475,1.4,1.4,1.6,1.5,1656,M4.
1657,0,0,4.3,0.9,2.2,2.224859546,4.05,1.9,5.2,2.5,6.6,1657,M4.
1658,0.3,0,6.1,4.1,2.4,26.71121799,20.025,6.1,59.9,3.9,10.2,1658,M4.
1659,0,0,2.6,0.6,0.8,0.7,2.55,2.2,2.2,2.2,3.6,1659,M4.
1660,0.1,0,3,0.8,0.8,0.757187779,3.1,2.6,3,2.6,4.2,1660,M4.
1661,0.1,0,2.7,0.6,0.4,0.411298756,2.825,2.3,3.1,2.7,3.2,1661,M4.
1662,0.1,0,2.4,0.7,0.4,0.391578004,2.4,2.2,2.5,2,2.9,1662,M4.
1663,0.1,0,2.4,0.5,0.9,0.660176744,2.325,2.2,2.3,1.6,3.2,1663,M4.
1664,0.3,0,5.7,3.5,0.8,1.01447852,5.425,5.6,5.7,4,6.4,1664,M4.
1665,0.1,0,3.5,1.3,0.1,0.081649658,3.5,3.6,3.4,3.5,3.5,1665,M4.
1666,0.1,0,3.5,1.2,0.4,0.457347424,3.325,2.8,3.6,3.1,3.8,1666,M4.
1667,0.1,0,27.4,0.5,0.8,10.909476,8.05,2.1,3.2,2.5,24.4,1667,M4.
1668,0.1,0,3.3,0.8,1,0.763216876,3.175,2.7,3.3,2.5,4.2,1668,M4.
1669,0,0,3.3,1.2,0.8,0.678232998,3.4,2.7,3,3.7,4.2,1669,M4.
1670,0.1,0,3.4,0.5,1.1,1.046820583,3.075,2.5,2.9,2.3,4.6,1670,M4.
1671,0,0,3.2,0.6,0.7,0.732575366,3.15,2.7,3.1,2.6,4.2,1671,M4.
1672,0.1,0,3.2,0.6,0.6,0.675771164,3.05,2.9,3.3,2.2,3.8,1672,M4.
1673,0.1,0,3.2,0.8,0.4,0.336650165,3.2,3.1,3.3,2.8,3.6,1673,M4.
1674,0.1,0,4.5,1.2,2.5,1.856520042,4.6,3.4,4.9,3,7.1,1674,M4.
1675,0.1,0,5.5,1.7,2.8,2.502498751,5.225,3.7,7.4,2.5,7.3,1675,M4.
1676,0,0,2,1.4,14.6,26.82020383,15.65,1.9,55.8,0.4,4.5,1676,M4.
1677,0,0,7.2,0.5,4.9,4.210601699,6.375,2.5,3,10.5,9.5,1677,M4.
1678,0.1,0,3.7,0.7,0.7,0.692820323,3.5,3.3,3.3,2.9,4.5,1678,M4.
1679,0,0,12.4,0.4,10.6,9.129256998,10.15,2.4,13.4,21.6,3.2,1679,M4.
1680,0.1,0,6.5,2.4,0.8,0.752772653,6.7,5.9,7,6.3,7.6,1680,M4.
1681,0.1,0,4,0.7,1.3,1.396125591,3.875,3.5,4.6,2.1,5.3,1681,M4.
1682,0.1,0,4.5,1.8,1.4,1.055146119,4.4,5.1,3.6,3.4,5.5,1682,M4.
1683,0.2,0,6.3,2.8,1.4,1.108677891,6.075,6.8,6.1,4.5,6.9,1683,M4.
1684,0,0,2.3,0.5,1.7,1.92418814,2.725,3.4,0,3,4.5,1684,M4.
1685,0.1,0,5,1.4,2.2,1.713670525,5.45,4.3,4.8,4.7,8,1685,M4.
1686,0.1,0,4.3,1.8,0.1,0.607590871,4.175,3.3,4.7,4.3,4.4,1686,M4.
1687,0,0,4.2,0.8,0.9,0.818026079,4.175,3.4,4.2,3.8,5.3,1687,M4.
1688,0.1,0,4,0.5,0.9,0.722841615,4.075,3.5,4.3,3.5,5,1688,M4.
1689,0.1,0,3.5,0.6,0.8,0.694622199,3.375,3,3.2,2.9,4.4,1689,M4.
1690,0.2,0,4.3,1.1,1.5,1.734694978,4.375,3.4,4.1,3.1,6.9,1690,M4.
1691,0,0,4.4,0.5,1.3,1.224744871,4.2,3,4.1,3.8,5.9,1691,M4.
1692,0.1,0,3.3,0.7,1.2,1.400892573,3.775,3.2,4,2.3,5.6,1692,M4.
1693,0,0,4.2,0.6,0.5,0.55,4.175,3.8,3.7,4.3,4.9,1693,M4.
1694,0,0,4.4,0.8,1.1,1.239623599,4.25,3.5,3.6,3.8,6.1,1694,M4.
1695,0.1,0,6.6,1.8,1.9,1.592430009,6.625,6,5.6,5.9,9,1695,M4.
1696,0,0,4.8,0.7,0.8,0.665206735,4.875,4.2,5.1,4.5,5.7,1696,M4.
1697,0,0,5.3,1,2.3,2.088859338,2.95,4.1,4.7,3,0,1697,M4.
1698,0,0,4.5,0.7,1.5,1.233896268,4.475,3.9,4.1,3.6,6.3,1698,M4.
1699,0.1,0,4.9,1.4,1,0.914694849,4.85,4.4,4.6,4.2,6.2,1699,M4.
1700,0.1,0,5.8,1.9,1,0.956991815,5.875,6,5.6,4.8,7.1,1700,M4.
1701,0,0,4.7,0.6,1,0.87321246,4.575,4.4,4.8,3.5,5.6,1701,M4.
1702,0.1,0,4.4,0.5,0.4,0.457347424,4.525,3.9,4.6,4.6,5,1702,M4.
1703,0.1,0,4.4,0.8,0.7,2.327194305,3.425,4,4.6,0,5.1,1703,M4.
1704,0.2,0,7.8,3.8,2.4,1.989974874,8.3,7,10,6.2,10,1704,M4.
1705,0.1,0,6.8,1.2,2.5,2.428133714,7.225,5.7,7.8,5,10.4,1705,M4.
1706,0.1,0,8.9,2.4,1.8,1.679285562,8.5,7.7,7.9,7.4,11,1706,M4.
1707,0.1,0,9,1.4,3.4,3.761537806,8.175,5.4,7.8,5.9,13.6,1707,M4.
1708,0,0,7.7,0.6,5.4,3.827531842,7.55,4.5,7.7,5.1,12.9,1708,M4.
1709,0.3,0,3.5,1.5,0.6,0.574456265,3.35,2.7,3.3,3.3,4.1,1709,M4.
1710,0.1,0,6.6,0.8,2.8,2.628529373,3.825,4.2,5.6,5.5,0,1710,M4.
1711,0.2,0,7,2.8,0.1,0.37859389,6.85,6.9,7.1,6.3,7.1,1711,M4.
1712,0.1,0,4.9,1.4,2.5,2.503331114,5.7,4.1,5.5,3.9,9.3,1712,M4.
1713,0.1,0,5.6,1.9,2.7,3.309959718,5.025,6.1,6.8,7.1,0.1,1713,M4.
1714,0.1,0,6.3,1.3,0.4,0.529150262,6.3,5.6,6.8,6.6,6.2,1714,M4.
1715,0,0,6.4,1,1.1,1.143095213,6.4,4.8,7.4,6.4,7,1715,M4.
1716,0.3,0,5,1.2,0.2,2.455436146,3.675,5.1,4.9,4.7,0,1716,M4.
1717,0.2,0,4,0.7,0.8,0.780491298,4.275,4.1,4,3.6,5.4,1717,M4.
1718,0.1,0,4.8,0.8,1.2,0.801560977,4.725,5.5,4.5,3.7,5.2,1718,M4.
1719,0.1,0,7.8,2.9,2.2,1.852025918,7.65,7.3,7.8,5.5,10,1719,M4.
1720,0.2,0,6.6,1.8,3,2.655026679,7.175,5.9,7.1,4.8,10.9,1720,M4.
1721,0.1,0,6.8,1.6,1.1,1.231191834,6.925,6,6.8,6.2,8.7,1721,M4.
1722,0.1,0,7.5,2.1,1.9,3.284686692,4.675,7.3,6.8,4.5,0.1,1722,M4.
1723,0.1,0,5.8,1.4,0.7,0.6244998,5.65,5.9,5.3,5,6.4,1723,M4.
1724,0.1,0,6,4.5,2.5,1.398511113,5.975,6.4,6.9,3.9,6.7,1724,M4.
1725,0.1,0,6.7,1.9,1.6,1.27377392,6.625,6.1,6.8,5.3,8.3,1725,M4.
1726,0,0,5.8,1.3,1.2,0.838152731,5.825,5.1,6.6,5.1,6.5,1726,M4.
1727,0.4,0,11.3,4.3,2.1,1.556438242,11.425,12,12.3,9.1,12.3,1727,M4.
1728,0.1,0,7.1,1.6,2.8,2.456962895,7.45,6.2,9.6,4.6,9.4,1728,M4.
1729,0.1,0,6.4,1.5,2.1,2.041853733,6.175,6.7,5.7,3.7,8.6,1729,M4.
1730,0.1,0,6.6,1.2,1.7,3.591656999,4.8,5.9,0,4.7,8.6,1730,M4.
1731,0.3,0,9.2,3.5,1.2,1.161895004,9.25,9.8,9.1,7.7,10.4,1731,M4.
1732,0,0,5.7,0.5,3.2,3.484250278,5,6,8.1,5.9,0,1732,M4.
1733,0.1,0,9.9,1.4,1.9,5.200881336,7.625,8.3,0.1,10.5,11.6,1733,M4.
1734,0.2,0,9.3,3.6,0.5,0.605530071,9.5,10.3,9.6,8.9,9.2,1734,M4.
1735,0.3,0,7,3.1,2.5,26.74077723,20.025,8,60,3.6,8.5,1735,M4.
1736,0.5,0,6.8,2,1.7,3.336040567,4.725,5.2,7.8,5.9,0,1736,M4.
1737,0.1,0,4,2,5.5,4.431986011,3.925,7.3,0.1,8.2,0.1,1737,M4.
1738,0.2,0,10.2,3.3,1.9,1.878829423,10.15,9,10.6,8.4,12.6,1738,M4.
1739,0.1,0,3,0.8,0.5,0.469041576,2.8,2.4,2.4,3.1,3.3,1739,M4.
1740,0,0,4.6,1.5,0.9,0.801560977,4.625,4.3,4,4.4,5.8,1740,M4.
1741,0.1,0,2.4,0.7,0.5,0.382970843,2.4,2.1,2.5,2.1,2.9,1741,M4.
1742,0.1,0,4.9,0.9,1.2,1.108677891,4.825,4,4.1,4.8,6.4,1742,M4.
1743,0.1,0,4.6,1.8,0.1,0.206155281,4.725,4.9,4.6,4.5,4.9,1743,M4.
1744,0.1,0,3.9,0.6,0.3,0.275378527,3.825,3.7,4,3.5,4.1,1744,M4.
1745,0.1,0,4.7,0.9,1.2,1.116542282,5.1,4.9,5,3.9,6.6,1745,M4.
1746,0.1,0,3.6,0.6,1.4,1.663329993,2.4,3.1,3.8,2.7,0,1746,M4.
1747,0.2,0,4.2,1.4,0.6,0.58022984,4.15,3.6,4.3,3.8,4.9,1747,M4.
1748,0.1,0,4.5,1,0.5,2.401908963,3.525,5,5.1,4,0,1748,M4.
1749,0.1,0,3.3,0.7,2.6,2.522564832,3.25,2.6,5.7,4.7,0,1749,M4.
1750,0.1,0,3.4,0.7,1,1.034408043,3.65,3.6,4.8,2.3,3.9,1750,M4.
1751,0.2,0,4,1.5,0.9,0.883176087,4.1,3.6,3.9,3.5,5.4,1751,M4.
1752,0.1,0,5.1,0.7,2,1.862569909,5.175,4.2,4.8,3.8,7.9,1752,M4.
1753,0,0,5,1.3,1.2,1.312757911,4.95,5.6,5,3.1,6.1,1753,M4.
1754,0.1,0,7.3,1.7,1.3,1.381725974,7.025,6.5,6.8,5.8,9,1754,M4.
1755,0,0,7.9,2.2,3,3.656387106,6.675,1.9,6.8,7.2,10.8,1755,M4.
1756,0.1,0,6.8,2.3,0.6,0.727438428,7.075,6.6,7.3,6.4,8,1756,M4.
1757,0.1,0,6.1,1.3,1.1,1.230176139,6.4,5.4,6.5,5.6,8.1,1757,M4.
1758,0.2,0,6.2,1.8,2,1.977161265,6.475,4.3,8.1,5.3,8.2,1758,M4.
1759,0.2,0,6.3,2.2,2.6,27.06995567,19.425,5.1,59.9,3.8,8.9,1759,M4.
1760,0.2,0,4.7,1.4,2.6,2.895974217,4.2,4.7,6.9,5.1,0.1,1760,M4.
1761,0,0,28.4,1.3,15.6,23.31708958,36.8,49.2,56.3,38,3.7,1761,M4.
1762,0.1,0,19.5,2.1,15.8,26.59736829,15.5,2,55.3,0.1,4.6,1762,M4.
1763,0.1,0,8.9,2,4.5,5.497272051,4.9,0.2,10.1,0.1,9.2,1763,M4.
1764,0,0,2.6,0.6,2.9,1.871496727,2.025,0,2.1,1.5,4.5,1764,M4.
1765,0.5,0,3.7,1.8,0.7,0.727438428,3.625,3.1,3.4,3.3,4.7,1765,M4.
1766,0.1,0,2.2,0.6,0.5,0.465474668,2.25,2.1,2.2,1.8,2.9,1766,M4.
1767,0.2,0,3.6,1.8,0.9,1.144552314,3.95,4.4,3.9,2.4,5.1,1767,M4.
1768,0.2,0,4.4,1.1,2.2,2.070426687,3.9,6.8,2.8,2.1,3.9,1768,M4.
1769,0,0,8.3,1.7,4.2,3.479822792,7.325,9.5,9.5,2.2,8.1,1769,M4.
1770,0,0,2.7,0.9,1.3,1.195477589,2.675,2.1,2.5,1.7,4.4,1770,M4.
1771,0.1,0,4.9,0.6,3,2.351418012,3.975,2.9,2.8,2.7,7.5,1771,M4.
1772,0.1,0,2.5,0.7,0.7,0.734846923,2.5,2.2,2.1,2.1,3.6,1772,M4.
1773,0,0,4.5,0.7,1.7,1.438749457,4.05,3.5,4.1,2.6,6,1773,M4.
1774,0.1,0,2.9,0.7,0.5,0.472581563,2.85,2.5,2.9,2.5,3.5,1774,M4.
1775,0.1,0,3.2,1,1.8,1.454590435,3.225,2.5,3.1,2,5.3,1775,M4.
1776,0.1,0,3.1,0.9,0.8,0.830160627,3.275,2.7,3.4,2.6,4.4,1776,M4.
1777,0.1,0,2.8,0.9,0.9,0.761577311,2.9,2.6,3,2.1,3.9,1777,M4.
1778,0.1,0,3.3,0.7,0.3,0.244948974,3.3,3,3.5,3.2,3.5,1778,M4.
1779,0,0,7.5,1.1,4.4,3.437537879,4.85,3.8,2.2,3.5,9.9,1779,M4.
1780,0.1,0,3.2,0.8,0.4,1.584297952,2.35,2.8,3.3,3.3,0,1780,M4.
1781,0.2,0,9.3,4,2,1.388944443,9.225,9.2,9.3,7.5,10.9,1781,M4.
1782,0.3,0,30.1,18.1,6.8,5.779850056,33.1,36.2,33.1,38.1,25,1782,M4.
1783,0.4,0,28.2,19.7,11.1,17.03809457,27.35,36.1,36.2,35.3,1.8,1783,M4.
1784,0.3,0,22.7,15.6,15.4,21.92874825,28.85,31,53.5,30.8,0.1,1784,M4.
1785,0.1,0,3,0.8,0.1,0.057735027,3.05,3.1,3.1,3,3,1785,M4.
1786,0.3,0,25.8,18,11.2,17.05725652,26.15,35.7,33.5,34.8,0.6,1786,M4.
1787,0.4,0,25.8,20.4,12.5,19.4828771,29.375,40.2,40.7,36.3,0.3,1787,M4.
1788,0.1,0,3.3,0.6,0.8,0.68495742,3.325,3.1,3.2,2.7,4.3,1788,M4.
1789,0.2,0,24.7,12.7,11.8,16.1693125,32.2,20.9,51.9,38.8,17.2,1789,M4.
1790,0.4,0,3.2,0.8,0.4,0.419324854,3.275,3.1,3.1,3,3.9,1790,M4.
1791,0.3,0,30.3,17.4,0.4,5.325645501,30.925,30.7,35.9,33.5,23.6,1791,M4.
1792,0.1,0,4.4,0.5,1.3,1.293573861,4.3,3.9,3.8,3.3,6.2,1792,M4.
1793,0,0,4.9,0.5,3.1,1.515200757,4.675,4.5,5.9,2.6,5.7,1793,M4.
1794,0.1,0,27.2,15.2,7.6,6.12936919,28.825,36.1,25.7,31.3,22.2,1794,M4.
1795,0.2,0,6,2.6,1.9,1.564981363,5.725,7.1,4.8,4,7,1795,M4.
1796,0.2,0,4.2,1.4,0.9,0.761577311,4.4,3.8,4.3,4,5.5,1796,M4.
1797,0.2,0,4.7,1.4,1.3,1.190238071,4.55,3.8,4.3,3.8,6.3,1797,M4.
1798,0.2,0,5.2,1.4,6.9,2.881405907,4.125,5.4,6.6,4.5,0,1798,M4.
1799,0.1,0,8.9,3.4,2,1.775762747,8.9,10.3,9.6,6.3,9.4,1799,M4.
1800,0.2,0,36.7,15.2,0.4,2.340939982,37.7,41.2,36.4,36.8,36.4,1800,M4.
1801,0,0,2.8,0.5,0.9,0.925112606,2.575,2.9,2.4,1.4,3.6,1801,M4.
1802,0.1,0,10.1,5,4,3.1144823,10.1,7.9,13.3,7,12.2,1802,M4.
1803,0.2,0,3.5,2,1.1,1.160459679,3.6,2.5,4.5,2.7,4.7,1803,M4.
1804,0,0,7.3,1.2,1.8,1.061445555,7.5,7.2,7.9,6.2,8.7,1804,M4.
1805,0.4,0,20.4,17.8,12,19.68559118,25.625,36,45.3,21,0.2,1805,M4.
1806,0,0,3,0.7,1.5,1.232882801,2.9,2.7,2.1,2.1,4.7,1806,M4.
1807,0.1,0,2.3,0.7,0.6,0.478713554,2.225,2,2.2,1.8,2.9,1807,M4.
1808,0.5,0,19.5,19.2,13.6,17.48530335,23.425,35.4,38.3,19.8,0.2,1808,M4.
1809,0.1,0,10.4,2.3,1.1,1.11168041,10.675,12.2,10.8,9.9,9.8,1809,M4.
1810,0,0,4.5,1.9,2.4,2.036950335,4.525,2.5,5.5,3.2,6.9,1810,M4.
1811,0,0,2.3,0.8,0.7,0.547722558,2.4,2.2,2.5,1.8,3.1,1811,M4.
1812,0,0,4.5,1.1,1.2,1.042433051,4.5,3.4,4.5,4.2,5.9,1812,M4.
1813,0.1,0,5.4,2.7,3.6,3.410156399,6.325,4.4,9.1,2.5,9.3,1813,M4.
1814,0,0,4.9,2.3,1.5,1.228481447,5.225,4,6.6,4.4,5.9,1814,M4.
1815,0,0,6.3,0.6,2.3,2.873441607,3.85,3.4,5.5,6.5,0,1815,M4.
1816,0.3,0,5.4,2.4,2.8,2.091849262,5.925,4.7,6.1,4.1,8.8,1816,M4.
1817,0.1,0,2.9,0.5,0.9,0.95,2.925,2.4,2.8,2.2,4.3,1817,M4.
1818,0.1,0,3.3,0.9,0.8,0.772442015,3.25,2.5,3.3,2.9,4.3,1818,M4.
1819,0.1,0,2.9,0.7,0.6,0.602771377,3.05,2.5,3,2.8,3.9,1819,M4.
1820,0.2,0,5.1,2,1.7,1.46173413,4.75,4.5,5.6,2.8,6.1,1820,M4.
1821,0.1,0,2.7,0.9,0.4,0.36968455,2.85,2.7,2.7,2.6,3.4,1821,M4.
1822,0.2,0,4.2,1,1.1,0.993310962,4,3.8,4.2,2.8,5.2,1822,M4.
1823,0.2,0,7.3,2,2.4,2.015564437,6.875,5.3,7.2,5.4,9.6,1823,M4.
1824,0,0,5.1,0.5,0.1,0.15,5.025,4.9,5.1,4.9,5.2,1824,M4.
1825,0.1,0,3.1,0.8,0.7,0.716472842,3,2.3,2.9,2.8,4,1825,M4.
1826,0.1,0,3,0.9,0.4,0.411298756,3.075,2.7,2.8,3.2,3.6,1826,M4.
1827,0.2,0,3.7,0.7,0.5,0.5,3.65,3.1,3.7,3.5,4.3,1827,M4.
1828,0.1,0,2.9,0.8,1.4,1.188836967,2.7,1.9,2.9,1.7,4.3,1828,M4.
1829,0.1,0,3.9,1,1.3,1.705627939,2.475,2.7,3.5,3.7,0,1829,M4.
1830,0.5,0,12.6,4.7,2,1.388044188,12.1,13.3,12.4,10.1,12.6,1830,M4.
1831,0,0,3.6,0.6,1.6,1.224744871,3.7,4.8,2.1,4.5,3.4,1831,M4.
1832,0.2,0,19.5,14.1,13.1,16.66153254,24.7,39.1,30.8,28.2,0.7,1832,M4.
1833,0,0,3,0.4,0.6,0.535412613,2.9,2.6,2.7,2.6,3.7,1833,M4.
1834,0.2,0,3.5,0.9,0.7,0.668331255,3.4,2.9,3.7,2.8,4.2,1834,M4.
1835,0.1,0,3.4,0.5,1.6,1.998958062,2.725,3.2,4.8,2.9,0,1835,M4.
1836,0.2,0,5.7,1.3,1.6,1.621727474,5.65,5,5.6,4.1,7.9,1836,M4.
1837,0.1,0,4.5,1.9,1.7,1.622754859,4.8,4.9,5.6,2.5,6.2,1837,M4.
1838,0.1,0,4.4,2,1.7,1.409491634,4.5,4.6,6,2.6,4.8,1838,M4.
1839,0.1,0,4.4,1.8,1,0.993310962,4.3,3.7,4.3,3.5,5.7,1839,M4.
1840,0.2,0,4,0.8,0.8,0.788986692,3.825,3.1,3.4,3.9,4.9,1840,M5.
1841,0.2,0,3.5,1,3.7,2.738004139,3.25,2.3,4.3,0,6.4,1841,M5.
1842,0.3,0,4.2,0.7,0.9,1.05,3.825,2.9,3.3,3.8,5.3,1842,M5.
1843,0.2,0,3.5,0.8,0.6,0.45,3.575,3,3.6,3.6,4.1,1843,M5.
1844,0.3,0,3.7,0.9,0.2,0.141421356,3.6,3.4,3.6,3.7,3.7,1844,M5.
1845,0.2,0,5.2,1.2,1.4,1.217579566,5.175,3.4,6.1,5.8,5.4,1845,M5.
1846,0.1,0,3.5,0.8,3,2.315887159,3.25,3.3,5.3,4.4,0,1846,M5.
1847,0.2,0,3.4,0.8,2.5,2.546075411,3.625,3.7,5.4,5.4,0,1847,M5.
1848,0.3,0,5,0.8,1.1,1.01324561,5,4.1,4.3,5.3,6.3,1848,M5.
1849,0.1,0,8.7,0.8,3,2.777738889,8.125,4.8,8.1,8,11.6,1849,M5.
1850,0.2,0,8,1.4,1.5,4.103961501,5.825,6,0,8.1,9.2,1850,M5.
1851,0.4,0,9.2,3.4,1.2,1.247664485,8.95,8.1,9.7,7.7,10.3,1851,M5.
1852,0.1,0,5.6,1.1,3.3,3.527392805,3.075,5.5,0.1,6.7,0,1852,M5.
1853,0.1,0,8.8,1.2,2.9,2.295466547,8.675,5.7,8.9,8.8,11.3,1853,M5.
1854,0.3,0,6.3,3.9,4.8,6.75,3.475,13.6,0.1,0.1,0.1,1854,M5.
1855,0.1,0,36.5,0.6,4.9,3.870400496,39.5,37.4,37.8,37.5,45.3,1855,M5.
1856,0.2,0,3.4,1.2,0.2,0.15,3.375,3.5,3.2,3.3,3.5,1856,M5.
1857,0.1,0,4,0.8,1.6,1.602081979,3.9,2.5,3.3,3.6,6.2,1857,M5.
1858,0.2,0,4.3,1.2,1.4,0.912870929,4.3,3.5,3.9,4.2,5.6,1858,M5.
1859,0.2,0,4.8,1.2,1.1,0.771902412,4.625,3.9,4.3,4.6,5.7,1859,M5.
1860,0,0,16.3,0.8,13.6,21.06472169,13.125,1.9,2.2,44.7,3.7,1860,M5.
1861,0.1,0,3.6,0.9,0.6,0.594418483,3.6,3.4,2.9,3.8,4.3,1861,M5.
1862,0.1,0,3.6,0.9,0.4,0.355902608,3.6,3.3,3.8,3.3,4,1862,M5.
1863,0.1,0,5.3,0.6,1.7,2.923895803,3.825,3.3,5.2,0,6.8,1863,M5.
1864,0,0,13.4,0.6,10,3.057640703,6.075,3.8,4.3,5.7,10.5,1864,M5.
1865,0.1,0,4.4,0.7,1,0.993310962,4.3,3.5,3.7,4.3,5.7,1865,M5.
1866,0.1,0,2.8,1.2,0.3,0.262995564,2.825,2.6,2.6,3.1,3,1866,M5.
1867,0.2,0,6.7,1.3,2.5,2.232151429,6.225,4.5,5.6,5.3,9.5,1867,M5.
1868,0.1,0,5.6,1.2,1.3,1.235583533,5.6,4.1,5.4,5.8,7.1,1868,M5.
1869,0.1,0,6.5,2,4.2,3.873306081,5.475,7.2,5.5,0.1,9.1,1869,M5.
1870,0,0,5.3,0.8,2.4,2.221861082,5.25,2.2,5.9,5.4,7.5,1870,M5.
1871,0,0,5.8,1.6,0.8,0.899536918,5.725,5.2,4.8,6.1,6.8,1871,M5.
1872,0.3,0,8.6,3.3,1.5,1.161536339,8.575,7.1,9.6,8.2,9.4,1872,M5.
1873,0,0,6,0.9,1.8,1.706848949,6,4.1,5.2,6.7,8,1873,M5.
1874,0.1,0,3.4,1.3,2.4,2.559133968,3.825,5.4,4.2,5.6,0.1,1874,M5.
1875,0.1,0,8.8,1.1,3.2,2.441993721,8.85,5.5,10.9,8.6,10.4,1875,M5.
1876,0.1,0,7.2,1.3,1.1,3.62996786,5.25,5.7,7.3,0,8,1876,M5.
1877,0.1,0,8,2.4,2.3,2.232151429,8.925,7,7.6,9.1,12,1877,M5.
1878,0.1,0,5.4,1.1,2.6,2.731300057,3.8,4.5,4.2,6.5,0,1878,M5.
1879,0.1,0,6.5,1.4,1.5,2.885596414,4.4,5.4,5.9,6.2,0.1,1879,M5.
1880,0,0,9,0.7,5.1,4.17961322,9.775,4.9,14,7.8,12.4,1880,M5.
1881,0,0,7.8,0.7,3.9,4.268098718,6.25,2.8,3.1,11.9,7.2,1881,M5.
1882,0.1,0,3.2,1.1,0.4,0.387298335,3.25,2.7,3.3,3.6,3.4,1882,M5.
1883,0,0,3.7,0.7,1.9,1.317826493,3.25,3.4,1.9,5,2.7,1883,M5.
1884,0.1,0,3.8,0.5,0.8,0.714142843,3.55,3,3.3,3.3,4.6,1884,M5.
1885,0.1,0,9.5,2.8,3.8,2.737851956,9.275,7.6,8.7,7.5,13.3,1885,M5.
1886,0,0,2.3,0.8,0.9,3.25,3.625,1.2,2.1,2.8,8.4,1886,M5.
1887,0.1,0,5.5,0.8,3.9,3.672419729,4.1,2,6.3,0.1,8,1887,M5.
1888,0,0,2.9,0.8,0.4,0.36968455,2.85,2.4,2.7,3.1,3.2,1888,M5.
1889,0.1,0,39.5,1.5,5.7,4.053290844,41.325,42.1,36.9,39.8,46.5,1889,M5.
1890,0.1,0,30.3,12.5,6.4,0.711805217,30.3,30.7,29.7,31.1,29.7,1890,M5.
1891,0.1,0,4.3,1.8,0.3,0.141421356,4.4,4.4,4.5,4.2,4.5,1891,M5.
1892,0,0,4.2,0.4,1.1,0.932291085,4.075,3.3,3.4,4.3,5.3,1892,M5.
1893,0,0,7.2,0.8,4,3.722902094,5.3,6.5,6,0,8.7,1893,M5.
1894,0.1,0,8.5,3.1,5.7,4.925444142,9.6,15.1,6.4,12.3,4.6,1894,M5.
1895,0.1,0,4.9,0.7,1.1,0.909212113,5.1,3.9,5.7,4.9,5.9,1895,M5.
1896,0,0,7.7,0.6,2.8,2.615817272,7.875,5.3,6.5,8.4,11.3,1896,M5.
1897,0.1,0,6.5,0.9,1,0.853912564,6.475,6.9,5.2,7,6.8,1897,M5.
1898,0,0,4.7,0.6,0.6,0.58022984,4.55,5.1,3.8,4.9,4.4,1898,M5.
1899,0,0,12.7,5.3,2.2,1.695090951,12.4,13.4,13.5,9.9,12.8,1899,M5.
1900,0.1,0,5.5,2.3,13.6,1.334166406,5.1,3.6,6.5,4.4,5.9,1900,M5.
1901,0.1,0,2.6,0.8,0.6,0.596517672,2.675,1.8,2.8,3,3.1,1901,M5.
1902,0,0,2.7,0.6,0.4,0.471699057,2.675,2,2.8,2.8,3.1,1902,M5.
1903,0.1,0,3.1,0.6,0.7,0.594418483,2.9,2.2,2.7,3.1,3.6,1903,M5.
1904,0,0,3.9,0.8,2.3,2.253145949,4.15,2.2,3.4,3.6,7.4,1904,M5.
1905,0,0,3.2,0.6,1.5,1.110555417,3.3,2,3.7,2.9,4.6,1905,M5.
1906,0,0,1.6,0.7,0.9,0.809835374,1.275,1.9,1.4,1.7,0.1,1906,M5.
1907,0.2,0,3.9,1.1,0.5,0.42031734,4.05,3.6,4.3,3.8,4.5,1907,M5.
1908,0,0,2.9,0.6,0.3,0.25819889,2.9,2.6,2.8,3,3.2,1908,M5.
1909,0.1,0,3.8,0.7,1,0.838152731,3.925,3.2,4.7,4.6,3.2,1909,M5.
1910,0.1,0,3.7,0.6,1,0.946484724,3.825,2.8,3.4,4.1,5,1910,M5.
1911,0.1,0,6.7,1.6,3.1,2.850146195,6.55,3.3,6.8,5.9,10.2,1911,M5.
1912,0,0,3.9,0.8,0.8,1.875055555,2.725,3,4.1,3.8,0,1912,M5.
1913,0.1,0,7.5,2.1,3.5,3.058730674,8.025,4.7,7.9,7.4,12.1,1913,M5.
1914,0.1,0,8.7,1.1,6.2,5.041494487,5.05,3.2,4.9,0.1,12,1914,M5.
1915,0.1,0,3.9,1.2,0.8,0.645497224,4.15,3.4,4.4,3.9,4.9,1915,M5.
1916,0.1,0,7.5,1.8,3.2,2.843120352,8.15,4.3,8.2,11.1,9,1916,M5.
1917,0.2,0,5.3,1.4,1.3,1.086278049,5.3,3.9,6,6.3,5,1917,M5.
1918,0.1,0,6.6,1.1,1.9,3.187867626,3.975,3.9,0,4.2,7.8,1918,M5.
1919,0.2,0,5.3,1.6,1.4,1.372042273,5.225,4.2,5.1,4.4,7.2,1919,M5.
1920,0.1,0,4,0.8,1,0.942956344,3.875,3,3.5,3.8,5.2,1920,M5.
1921,0.1,0,3.6,1.2,0.1,0.081649658,3.6,3.5,3.6,3.7,3.6,1921,M5.
1922,0.1,0,6.3,0.9,2.3,2.342363479,6,3.8,5.7,5.2,9.3,1922,M5.
1923,0.1,0,5.8,1.1,2.3,2.535580144,3.675,4.1,4.9,5.7,0,1923,M5.
1924,0.1,0,4.7,0.8,2,1.785823806,4.525,3.2,3.1,4.9,6.9,1924,M5.
1925,0,0,4.7,0.4,2.1,1.635797461,4.225,2.9,6.6,3.5,3.9,1925,M5.
1926,0.2,0,5.9,1.8,1,1.116542282,6.3,5.4,6.5,7.8,5.5,1926,M5.
1927,0,0,3.7,0.6,1,0.946924847,3.95,3,4.1,3.5,5.2,1927,M5.
1928,0.1,0,3.3,0.7,0.5,0.506622805,3.35,2.9,3,3.5,4,1928,M5.
1929,0,0,2.7,0.7,0.1,0.173205081,2.75,2.6,3,2.7,2.7,1929,M5.
1930,0,0,3.1,0.7,0.3,0.25819889,3.1,2.8,3.4,3,3.2,1930,M5.
1931,0,0,3.3,0.8,0.4,1.785823806,2.625,3,3.8,3.7,0,1931,M5.
1932,0.1,0,5.7,3.2,6.1,4.657252409,3.85,5.5,9.7,0.1,0.1,1932,M5.
1933,0.1,0,4,0.7,0.4,0.443471157,4.05,3.8,3.6,4.2,4.6,1933,M5.
1934,0,0,4.4,0.7,0.6,0.675771164,4.35,3.6,4.7,4,5.1,1934,M5.
1935,0.1,0,7.8,1.7,2.2,2.008316044,7.6,4.7,9,7.8,8.9,1935,M5.
1936,0.2,0,7.4,2,2.7,2.830047114,7.975,5.7,7.3,6.8,12.1,1936,M5.
1937,0.1,0,5.5,1.1,1,1.055146119,5.5,4.4,5.1,5.6,6.9,1937,M5.
1938,0.1,0,7.3,1.2,1.6,1.7480942,7.325,4.9,7.2,8.7,8.5,1938,M5.
1939,0.1,0,5.4,0.9,1.4,1.225765067,5.625,4.1,5.6,5.7,7.1,1939,M5.
1940,0.1,0,4.9,1.6,1.3,1.271154331,4.975,4.4,3.9,4.8,6.8,1940,M5.
1941,0.1,0,6.4,1.1,0.6,3.16964772,4.7,5.6,6.5,0,6.7,1941,M5.
1942,0.1,0,5.7,1.5,1.9,2.301448819,3.55,4.7,4.8,4.6,0.1,1942,M5.
1943,0.1,0,9.1,2.6,6.4,4.306100324,6.425,7.3,9.1,9.2,0.1,1943,M5.
1944,0.1,0,4.9,1.6,1.1,1.209338662,5.125,4.4,5.2,4.1,6.8,1944,M5.
1945,0,0,7.8,0.9,3.7,3.79769667,8.075,5,6,7.8,13.5,1945,M5.
1946,0,0,7.6,0.8,1.8,1.466003638,7.625,5.6,7.5,8.6,8.8,1946,M5.
1947,0.1,0,6.7,1.1,1.4,3.270448491,4.825,5.6,6.9,6.8,0,1947,M5.
1948,0.2,0,6.4,3.2,0.3,3.327035718,5.075,6.5,7.1,6.6,0.1,1948,M5.
1949,0.1,0,5.9,1.4,0.1,0.141421356,5.9,5.8,5.9,5.8,6.1,1949,M5.
1950,0.2,0,12.5,4.5,1.9,2.105548226,13.6,11.9,13.8,12.2,16.5,1950,M5.
1951,0.1,0,4,0.6,1.2,0.998331942,4.05,4.2,3.2,3.4,5.4,1951,M5.
1952,0.1,0,4,0.6,0.6,0.607590871,4.225,4,3.7,4.1,5.1,1952,M5.
1953,0,0,5.1,0.7,1.5,2.295466547,3.375,4,4.4,5.1,0,1953,M5.
1954,0,0,5.4,0.5,0.9,0.912870929,5.4,4.6,5,5.3,6.7,1954,M5.
1955,0.1,0,6.7,1,2.6,3.366996683,4.65,4.5,6.4,7.7,0,1955,M5.
1956,0.2,0,8.8,4.2,0.1,0.05,8.825,8.9,8.8,8.8,8.8,1956,M5.
1957,0,0,6.2,0.7,2.2,1.493039406,5.975,6.6,7.6,4.1,5.6,1957,M5.
1958,0.2,0,4.5,2.5,1.3,1.36961065,4.275,4.6,2.6,4,5.9,1958,M5.
1959,0,0,3.1,0.5,0.8,0.694622199,3.025,2.4,3,2.7,4,1959,M5.
1960,0.1,0,2.6,0.7,0.7,0.457347424,2.725,2.4,2.5,2.6,3.4,1960,M5.
1961,0.1,0,3.4,0.5,0.7,0.830160627,3.325,2.4,3.1,3.4,4.4,1961,M5.
1962,0.2,0,33.4,16.7,6.2,4.313061558,32.625,38.5,33,30.4,28.6,1962,M5.
1963,0,0,4.8,0.8,1.2,1.393735986,4.625,4.1,3.7,4,6.7,1963,M5.
1964,0.1,0,6,0.4,2.2,2.542144764,5.375,3.7,4.9,3.8,9.1,1964,M5.
1965,0,0,6,0.9,1.9,1.525341492,6.1,8.1,6.1,4.4,5.8,1965,M5.
1966,0,0,5.6,1,2.5,2.002290355,5.625,3.9,6,4.3,8.3,1966,M5.
1967,0.1,0,6.8,1.7,3.2,19.65644508,16.125,4.1,6.7,45.5,8.2,1967,M5.
1968,0.2,0,32.3,18.4,0.6,0.632455532,32.8,33,32.4,32.2,33.6,1968,M5.
1969,0.1,0,31.7,0.9,0.6,15.01687939,9.5,1,2.6,2.4,32,1969,M5.
1970,0,0,14.1,1.6,12,16.98555759,32.825,42.4,39.8,41.7,7.4,1970,M5.
1971,0,0,5.2,0.6,3.2,1.912023361,2.825,4.2,3.4,3.7,0,1971,M5.
1972,0,0,5.1,0.6,1,1.04363148,5.225,3.9,5.9,4.9,6.2,1972,M5.
1973,0,0,3.2,0.7,3.8,2.903302717,3.675,1.9,2.1,2.7,8,1973,M5.
1974,0.1,0,2.9,0.6,0.6,0.732575366,2.95,2,2.8,3.3,3.7,1974,M5.
1975,0.1,0,4.1,0.9,0.7,0.567890835,4.025,3.2,4.1,4.4,4.4,1975,M5.
1976,0.1,0,21.7,0.5,4.2,6.282780701,8.8,3.2,17.6,5.7,8.7,1976,M5.
1977,0.1,0,4.7,1.2,1.3,1.201388086,4.95,3.7,5.2,4.4,6.5,1977,M5.
1978,0.1,0,4.3,1.3,0.5,2.140093456,3.2,4.1,4.2,4.5,0,1978,M5.
1979,0,0,5,0.8,1.9,1.723127002,5.475,3.5,4.6,6.6,7.2,1979,M5.
1980,0,0,2.4,0.8,4.9,3.067028964,2.5,3.5,6.4,0,0.1,1980,M5.
1981,0,0.1,5.1,0.5,3,2.151549829,5.375,4.4,4.3,4.2,8.6,1981,M5.
1982,0.1,0,9.1,3.8,2,1.800694311,8.975,9.1,6.4,10,10.4,1982,M5.
1983,0.1,0,2.7,0.7,0.2,0.141421356,2.7,2.6,2.6,2.7,2.9,1983,M5.
1984,0.1,0,3.8,0.8,1.1,1.780215343,2.625,3.1,3.5,3.9,0,1984,M5.
1985,0.1,0,2.6,0.8,0.3,0.411298756,2.725,2.2,3,2.6,3.1,1985,M5.
1986,0.1,0,5.4,1.1,2.7,2.588918693,4.925,3.4,3.7,3.8,8.8,1986,M5.
1987,0.1,0,6,1.4,2,1.813835715,5.35,5,4.4,4,8,1987,M5.
1988,0.1,0,7.5,2.4,3.4,2.981051269,7.1,6.3,5.6,5,11.5,1988,M5.
1989,0,0,2.8,0.7,0.6,0.590903263,2.875,2.1,3.1,3.5,2.8,1989,M5.
1990,0,0,7.1,1.4,1.1,0.801560977,6.975,8,6.2,6.5,7.2,1990,M5.
1991,0.3,0,27.7,21.1,8.5,16.37925517,26,32.7,35.7,34.1,1.5,1991,M5.
1992,0,0,47,1.9,4.7,3.830034813,48.875,45.2,47.1,54.1,49.1,1992,M5.
1993,0,0,13,0.9,13.5,24.35164266,23.575,15.2,15.8,59.2,4.1,1993,M5.
1994,0.1,0,3.3,0.6,1.1,0.840634681,3.2,2.3,3.3,2.9,4.3,1994,M5.
1995,0,0,9.6,0.8,11.3,10.6179094,10.5,26.4,5.1,6,4.5,1995,M5.
1996,0.2,0,4.8,1.5,0.7,0.668331255,4.6,3.9,4.4,4.6,5.5,1996,M5.
1997,0.2,0,4,1.5,0.1,0.081649658,4,3.9,4,4,4.1,1997,M5.
1998,0.1,0,4.7,0.8,0.6,0.623832242,4.675,4,5.1,4.3,5.3,1998,M5.
1999,0.1,0,7.7,1.9,1.2,1.18708326,7.425,5.9,7.9,7.2,8.7,1999,M5.
2000,0.1,0,3.5,0.8,0.7,0.774596669,3.3,2.6,3,3.2,4.4,2000,M5.
2001,0,0,2.2,0.3,0.2,0.21602469,2.2,2.1,2,2.2,2.5,2001,M5.
2002,0,0,2.7,0.8,0.5,0.525198375,2.725,2,2.7,3,3.2,2002,M5.
2003,0.1,0,7.8,2.7,2,1.71537168,7.675,6.2,7.6,6.8,10.1,2003,M5.
2004,0.1,0,7.2,2.8,11.7,17.34039119,15.825,5.9,6,41.7,9.7,2004,M5.
2005,0.1,0,2.4,1.1,1,0.75055535,2.35,1.5,2.7,2,3.2,2005,M5.
2006,0,0,9.1,1.6,11.6,3.367862824,8.675,9.1,12.8,4.6,8.2,2006,M5.
2007,0.1,0,30.2,14,1.4,1.543534904,32.325,30.4,34,31.9,33,2007,M5.
2008,0.1,0,5.3,1.5,0.8,0.689806736,5.325,4.4,5.8,5.9,5.2,2008,M5.
2009,0,0,5.7,0.7,0.4,0.359397644,5.625,5.3,5.4,6.1,5.7,2009,M5.
2010,0,0,8.7,0.6,4,4.877413932,6.175,0,5.6,7.3,11.8,2010,M5.
2011,0,0,3.9,0.7,2,2.373464416,4.3,1.7,3,5.6,6.9,2011,M5.
2012,0,0,19.8,2,11.7,19.74392312,25.625,44.8,6.1,40.3,11.3,2012,M5.
2013,0,0,3.9,0.7,0.6,0.668331255,3.9,3.3,3.4,4.2,4.7,2013,M5.
2014,0,0,6.3,0.8,3.3,2.499333244,2.2,4,0.1,4.7,0,2014,M5.
2015,0.1,0,11.6,2.7,3.1,2.684523546,11.3,14.8,9.8,8.7,11.9,2015,M5.
2016,0,0,14.1,2.1,6.8,8.02994396,14.7,9.7,6.1,22.5,20.5,2016,M5.
2017,0,0,40.6,1.6,3.7,3.129430193,40.9,39.6,41.9,37.4,44.7,2017,M5.
2018,0,0,12.1,1.9,2.8,2.328089345,10.5,9.8,7.7,11.3,13.2,2018,M5.
2019,0,0,38.1,3.7,1.6,2.076856599,38.7,41.6,37.3,38.8,37.1,2019,M5.
2020,0.1,0,9.1,3.3,3.7,2.266237705,8.925,8.9,11.9,8.5,6.4,2020,M5.
2021,0.1,0,8.4,3.6,5.1,6.658578427,11.75,5,9.9,11.2,20.9,2021,M5.
2022,0,0,4.9,5,5.2,3.922584182,3.2,0.2,3.6,0.4,8.6,2022,M5.
2023,0.1,0,4.4,0.8,0.7,0.758836829,4.225,3.6,4.2,3.8,5.3,2023,M5.
2024,0,0,2.6,0.6,0.5,0.471699057,2.575,1.9,2.7,2.7,3,2024,M5.
2025,0,0,3.1,0.4,0.7,0.605530071,3.1,2.2,3.5,3.3,3.4,2025,M5.
2026,0,0,16.2,2.2,12.3,16.62254994,11.975,1.8,5.6,36.8,3.7,2026,M5.
2027,0,0,4.6,0.6,0.7,0.573730483,4.625,3.9,5.3,4.7,4.6,2027,M5.
2028,0,0,3.7,1.6,0.4,0.287228132,3.575,3.5,4,3.4,3.4,2028,M5.
2029,0,0,6.2,0.4,5.7,4.685438436,5.8,12.8,2.9,3.6,3.9,2029,M5.
2030,0,0,2.9,0.6,0.5,0.457347424,2.925,2.7,3.4,2.4,3.2,2030,M5.
2031,0,0,4.1,0.9,0.8,0.727438428,3.925,4,2.9,4.2,4.6,2031,M5.
2032,0,0,3,0.5,1.1,0.865544145,2.875,1.9,2.5,3.2,3.9,2032,M5.
2033,0.1,0,4.6,0.9,0.5,0.454606057,4.6,4.5,4,4.9,5,2033,M5.
2034,0,0,7.4,1.7,0.8,0.262995564,7.275,6.9,7.4,7.5,7.3,2034,M5.
2035,0,0,20.7,9.9,0.9,0.465474668,20.15,20.3,20.6,19.5,20.2,2035,M5.
2036,0.1,0,3.6,0.9,1.1,0.901849951,4,3.3,3.5,3.9,5.3,2036,M5.
2037,0,0,17.5,6.1,2,1.968713624,18.575,18.7,16.9,17.4,21.3,2037,M5.
2038,0.1,0,25.9,6.8,3.2,1.852025918,27.15,29.2,25.3,25.9,28.2,2038,M5.
2039,0.1,0,5.9,1.4,2,2.480591327,3.8,4.9,4.8,5.4,0.1,2039,M5.
2040,0,0,5.1,0.8,3.2,3.495115639,6.125,3.1,11.1,5.8,4.5,2040,M5.
2041,0,0,3.6,1,0.6,0.602079729,3.475,2.7,3.3,4,3.9,2041,M5.
2042,0,0,6.6,0.5,0.3,0.330403793,6.675,6.7,6.3,7.1,6.6,2042,M5.
2043,0,0,9.9,0.6,5,4.606517123,7.8,14.4,3.8,7.1,5.9,2043,M5.
2044,0,0,9.9,3.1,3.6,3.671965868,10.15,4.8,11.7,11,13.1,2044,M5.
2045,0,0,2.9,0.7,0.7,0.785281266,3.05,2.2,2.9,3,4.1,2045,M5.
2046,0.1,0,7.4,2,3.6,17.5575957,15.325,3.1,41.3,6.7,10.2,2046,M5.
2047,0,0,6.7,0.7,3.1,4.213074887,4.95,3.1,0,7.3,9.4,2047,M5.
2048,0,0,4.3,1.3,0.6,0.806225775,4.25,3.6,5.4,4.2,3.8,2048,M5.
2049,0,0,4.1,0.5,0.7,0.574456265,4.05,3.6,3.6,4.8,4.2,2049,M5.
2050,0,0,5.3,0.9,1,2.935415927,4.05,3.9,5.6,6.7,0,2050,M5.
2051,0.1,0,4.3,1.6,0.1,0.848528137,4.5,3.7,4.3,4.3,5.7,2051,M5.
2052,0,0,3,1.3,2.2,1.763282923,2.725,3.3,3.7,3.8,0.1,2052,M5.
2053,0,0,3.5,1.1,0.1,1.671326818,2.5,3.2,3.5,3.3,0,2053,M5.
2054,0,0,4.1,2.5,3.2,1.534872416,4.475,4.6,2.4,4.8,6.1,2054,M5.
2055,0.1,0,7.7,3.4,0.4,0.238047614,7.45,7.8,7.4,7.3,7.3,2055,M5.
2056,0.1,0,9.5,2.9,3.9,4.200793576,9.1,6,8.9,6.4,15.1,2056,M5.
2057,0,0,6.1,0.6,3.2,3.189958202,6.975,3.5,11.2,7,6.2,2057,M5.
2058,0,0,4.4,1.5,0.2,0.435889894,4.15,4,3.9,4.8,3.9,2058,M5.
2059,0,0,4.2,0.9,2.8,2.804014979,3.825,5.5,3.3,6.4,0.1,2059,M5.
2060,0.1,0,3.1,3.7,4,4.216930163,2.275,8.6,0.1,0.2,0.2,2060,M5.
2061,0.1,0,5,1.8,0.4,0.483045892,5,4.6,4.9,4.8,5.7,2061,M5.
2062,0,0,3.8,1.2,0.2,0.287228132,3.875,3.7,3.7,3.8,4.3,2062,M5.
2063,0,0,5.8,0.8,1.3,1.223383287,5.45,4.3,4.8,5.6,7.1,2063,M5.
2064,0,0,6.8,2.2,1.3,1.147460965,6.75,5.2,7.8,6.6,7.4,2064,M5.
2065,0.1,0,7.1,4.6,0.4,0.793725393,7.25,7.3,7,6.4,8.3,2065,M5.
2066,0.1,0,5.7,2.2,2.9,2.596150997,3.7,4.7,3.8,6.2,0.1,2066,M5.
2067,0,0,2.9,2.9,2.9,3.550938843,1.975,7.3,0.1,0.2,0.3,2067,M5.
2068,0.1,0,6.9,4,5.7,5.917981075,5.275,10.4,10.4,0.1,0.2,2068,M5.
2069,0,0,7.7,1.1,3.6,3.700900791,7.65,11.7,3.9,5.2,9.8,2069,M5.
2070,0,0,25.6,1.5,10.6,17.31983449,31.65,39.4,40.1,41.4,5.7,2070,M5.
2071,0,0,3.5,0.6,1.5,1.654035469,3.525,3.7,1.3,3.8,5.3,2071,M5.
2072,0,0,34.4,2,7.1,7.182559896,37.675,33.1,33.5,35.8,48.3,2072,M5.
2073,0,0,18.8,1,10.7,15.55364373,21.975,34.1,36.7,9.4,7.7,2073,M5.
2074,0,0,3.8,0.7,0.9,0.834665602,3.65,2.5,3.6,4.1,4.4,2074,M5.
2075,0.2,0,21.2,15.2,11.8,16.16444143,23.325,36.9,31.2,25,0.2,2075,M5.
2076,0,0,2.8,0.8,0.4,0.434932945,2.925,2.5,3,2.7,3.5,2076,M5.
2077,0.1,0,4.4,1.1,1.5,1.654287359,4.45,3.4,3.5,4,6.9,2077,M5.
2078,0,0,5,1.8,1.9,1.862793601,4.55,6.8,2.5,5.2,3.7,2078,M5.
2079,0,0,3.7,1.6,0.8,0.946484724,3.875,3.9,2.8,5.1,3.7,2079,M5.
2080,0,0,3.8,0.6,2.3,1.93993127,2.85,4,2.9,4.4,0.1,2080,M5.
2081,0,0,7.4,0.6,2.9,2.512634739,6.8,4.9,5.8,6,10.5,2081,M5.
2082,0,0,8.9,0.6,3,3.722454387,7.15,3.8,5.5,6.9,12.4,2082,M5.
2083,0,0,4.2,0.6,1.5,1.660321254,4.65,4.5,5.1,6.5,2.5,2083,M5.
2084,0.1,0,6.6,2.2,1.5,1.267543556,6.5,5.4,5.9,6.4,8.3,2084,M5.
2085,0,0,8.4,1,2,1.372042273,8.475,9.1,6.7,8.2,9.9,2085,M5.
2086,0,0,11.3,1.2,6.8,8.611813591,5.55,3.8,18.2,0.1,0.1,2086,M5.
2087,0,0,18.7,5.7,2.9,1.944865034,20.175,18.3,19.6,19.9,22.9,2087,M5.
2088,0.1,0,3.1,0.7,0.4,0.49244289,3.075,2.5,3.1,3,3.7,2088,M5.
2089,0.1,0,5.2,2.7,0.1,0.095742711,5.175,5.2,5.1,5.1,5.3,2089,M5.
2090,0.1,0,20.3,6.3,1.7,1.364734406,22.425,22.9,20.5,23.7,22.6,2090,M5.
2091,0,0,14.4,3,5.4,18.5956088,19.95,45,14,0.6,20.2,2091,M5.
2092,0,0,2.9,0.6,0.2,0.899536918,3.275,2.6,2.9,3,4.6,2092,M5.
2093,0,0,3.6,1.4,0.2,0,3.6,3.6,3.6,3.6,3.6,2093,M5.
2094,0,0,2.9,0.9,0.5,0.512347538,2.925,2.2,3.1,3,3.4,2094,M5.
2095,0,0,34,2.2,5.5,5.725600405,37.625,31.3,36.7,37.3,45.2,2095,M5.
2096,0,0,5.3,0.7,3.2,3.1144823,5.9,2.7,8.1,3.8,9,2096,M5.
2097,0.1,0,8.2,2.9,1.8,1.615291511,8.225,8.4,9.1,5.9,9.5,2097,M5.
2098,0,0,7.6,1.3,2.1,1.980530232,7.425,7,7,5.5,10.2,2098,M5.
2099,0,0,10.6,0.9,14.9,18.51368863,19.15,27.4,3.8,41.4,4,2099,M5.
2100,0.1,0,21.8,1,15.5,23.14036877,23.05,57.1,17.3,6.3,11.5,2100,M5.
2101,0.1,0,33.8,6.6,11.8,21.94027879,30.375,31,52.1,38.2,0.2,2101,M5.
2102,0,0,5.3,0.5,2.7,2.978114616,4.675,3.9,4.3,1.7,8.8,2102,M5.
2103,0,0,2.8,0.8,0.1,0,2.8,2.8,2.8,2.8,2.8,2103,M5.
2104,0,0,3.4,0.8,0.7,0.865544145,3.425,3,2.8,3.2,4.7,2104,M5.
2105,0,0,5.8,0.9,0.9,0.917877988,5.725,4.5,5.7,6.7,6,2105,M5.
2106,0,0,6.1,0.6,0.8,0.977667292,6.225,7.3,5.3,6.8,5.5,2106,M5.
2107,0.1,0,2.4,0.6,1.5,1.530522787,2.125,2.2,2.7,3.6,0,2107,M5.
2108,0,0,9,1.1,3.8,3.315116891,7.95,6.9,5.3,6.8,12.8,2108,M5.
2109,0,0,4.2,1.6,1.4,1.484362939,4.25,2.8,3.7,4.2,6.3,2109,M5.
2110,0,0,4.2,1,4.9,1.449137675,1.3,2.4,2.7,0.1,0,2110,M5.
2111,0.1,0,9.2,2.8,2.4,2.012254126,8.925,6.6,9.4,8.3,11.4,2111,M5.
2112,0.1,0,8.1,3.9,1.4,1.084742673,8.45,7.9,7.4,8.6,9.9,2112,M5.
2113,0,0,7,0.9,1.1,0.929157324,6.85,5.9,8.1,6.5,6.9,2113,M5.
2114,0.1,0,22.5,5.4,12.4,18.01228747,23.025,10.9,13,49.6,18.6,2114,M5.
2115,0.1,0,3.6,1.4,12.4,20.90494359,13.95,2.9,3.6,45.3,4,2115,M5.
2116,0,0,3.1,0.6,0.8,0.556776436,3.15,2.9,3.2,2.6,3.9,2116,M5.
2117,0.1,0,3.5,0.9,1,1.11467484,3.275,4.9,2.5,2.6,3.1,2117,M5.
2118,0,0,3.1,0.6,0.9,0.752772653,3.2,2.5,2.6,3.8,3.9,2118,M5.
2119,0,0,2.5,0.8,0.2,0.238047614,2.55,2.7,2.4,2.3,2.8,2119,M5.
2120,0,0,3.8,0.9,0.8,0.704745817,3.75,3.2,3.1,4.2,4.5,2120,M5.
2121,0.1,0,4,0.7,1.5,2.020725942,1.75,3.5,3.5,0,0,2121,M5.
2122,0,0,3.7,0.6,1.4,1.816590212,2.6,2.7,3.8,3.9,0,2122,M5.
2123,0,0,3.8,1,0.7,0.675771164,3.85,3.6,3.1,4,4.7,2123,M5.
2124,0,0,3.3,0.9,0.9,0.776745347,3.55,2.6,3.3,3.9,4.4,2124,M5.
2125,0.1,0,23.1,4.7,13.8,19.17098502,29.2,12,47.5,44,13.3,2125,M5.
2126,0,0,3.3,0.5,0.4,0.294392029,3.2,3,3.5,2.9,3.4,2126,M5.
2127,0.1,0,6,0.9,2.5,2.102379604,5.9,3.6,5.6,5.7,8.7,2127,M5.
2128,0,0,2.3,0.8,2.6,3.215587038,3,2.2,7.6,0.1,2.1,2128,M6.
2129,0,0,7.5,1.1,3.3,2.608320021,8.15,8.5,11.7,6,6.4,2129,M6.
2130,0.2,0,5.2,1.7,0.5,0.4163332,5.1,4.6,5.6,5.2,5,2130,M6.
2131,0.1,0,9.4,2.9,3.8,4.5563143,9.3,16,6,8.2,7,2131,M6.
2132,0.1,0,4.9,1.4,0.6,0.525991128,4.85,5.3,4.3,4.5,5.3,2132,M6.
2133,0,0,13,5.3,7,5.731419254,15.175,7.9,19.4,20.1,13.3,2133,M6.
2134,0.1,0,4.1,2.2,2.8,2.334345019,3.425,5,5.1,3.5,0.1,2134,M6.
2135,0,0,3.9,0.9,10.7,2.313006701,2.05,3.9,0.1,0,4.2,2135,M6.
2136,0,0,21,6.7,0.9,1.161536339,21.575,22.6,20.1,22.4,21.2,2136,M6.
2137,0,0,2.3,1,1.1,1.169045194,1.7,1.9,2.3,2.6,0,2137,M6.
2138,0.1,0,4.1,1.4,0.2,0.095742711,4.125,4,4.1,4.2,4.2,2138,M6.
2139,0,0,4,1.3,0.2,0.3,4.05,3.7,4.3,4.3,3.9,2139,M6.
2140,0,0,4.8,0.9,0.1,0,4.8,4.8,4.8,4.8,4.8,2140,M6.
2141,0.1,0,6.3,1.4,0.1,0.129099445,6.25,6.1,6.4,6.2,6.3,2141,M6.
2142,0,0,6.2,1,1.1,1.066145706,5.95,5.3,5.8,7.5,5.2,2142,M6.
2143,0,0,14,3,0.2,0.2,14.5,14.4,14.4,14.8,14.4,2143,M6.
2144,0.4,0,34.8,21.4,5.5,4.276583527,33.325,32.4,38.2,34.7,28,2144,M6.
2145,0,0,8.1,1,1.7,1.521786231,8.375,6.3,8.2,9.3,9.7,2145,M6.
2146,0.1,0,8.9,3.6,0.3,0.316227766,9.1,9.5,8.9,8.8,9.2,2146,M6.
2147,0.1,0,6,1.2,2.7,2.605602937,5.525,9.4,4.1,3.9,4.7,2147,M6.
2148,0.1,0,4.5,1.1,0.2,0.206155281,4.575,4.4,4.4,4.7,4.8,2148,M6.
2149,0,0,2.8,1.5,2.3,2.120534524,3.15,3.6,3.9,0.1,5,2149,M6.
2150,0.1,0,4.5,1.1,0.1,0,4.5,4.5,4.5,4.5,4.5,2150,M6.
2151,0.1,0,4.8,1.1,0.6,0.776745347,4.95,4,5.8,5.3,4.7,2151,M6.
2152,0.1,0,4.9,1,2,0.571547607,4.7,3.9,4.7,5,5.2,2152,M6.
2153,0.1,0,9.7,2.3,8.7,10.48248539,9.175,3.4,0.1,23.8,9.4,2153,M6.
2154,0,0,7.1,0.8,3.2,3.049043566,4.45,5.5,7.2,0.1,5,2154,M6.
2155,0.1,0,4.9,1.3,0.3,0.35,4.925,4.8,5.3,5.1,4.5,2155,M6.
2156,0.1,0,3.9,1.3,0.1,0.05,3.975,4,4,3.9,4,2156,M6.
2157,0.1,0,6.5,1.1,1,2.885596414,4.3,5.3,0,6.1,5.8,2157,M6.
2158,0.2,0,4,1.2,0.3,0.359397644,4.075,3.8,4.6,4,3.9,2158,M6.
2159,0.1,0,3.8,1.3,0.1,0.057735027,3.75,3.7,3.8,3.7,3.8,2159,M6.
2160,0.1,0,4.2,1,0.5,0.472581563,4.15,3.5,4.1,4.5,4.5,2160,M6.
2161,0.1,0,4.9,2.5,3,3.753553872,5.425,7.8,0.1,5.5,8.3,2161,M6.
2162,0.1,0,3.7,1.7,3.3,2.904594062,4.15,0.1,6.9,4.3,5.3,2162,M6.
2163,0,0,13,1.5,6.7,10.57303961,7.575,1.5,5.8,23,0,2163,M6.
2164,0,0,6.5,1.1,1.3,0.898146239,6.5,5.5,7.1,7.4,6,2164,M6.
2165,0,0,3.1,0.9,0.5,0.567890835,3.225,2.4,3.6,3.3,3.6,2165,M6.
2166,0,0,19.7,0.6,4.5,3.129829601,19.675,17.6,22.2,22.5,16.4,2166,M6.
2167,0.1,0,3.7,1.1,0.8,0.714142843,3.85,3.1,4.6,4.3,3.4,2167,M6.
2168,0.1,0,4.9,2,1.4,1.132475165,4.875,3.7,5.2,4.3,6.3,2168,M6.
2169,0.1,0,4.2,0.9,0.4,2.120534524,3.15,3.8,4.3,0,4.5,2169,M6.
2170,0,0,4.4,1.1,0.1,4.067759416,6.2,12.3,4.3,4.1,4.1,2170,M6.
2171,0.1,0,4.6,1.3,0.1,0.129099445,4.65,4.6,4.7,4.5,4.8,2171,M6.
2172,0,0,3.1,0.6,0.2,0.238047614,3.05,2.8,3.2,3.3,2.9,2172,M6.
2173,0.1,0,3.1,0.8,0.2,0.244948974,3,2.7,3.2,3.2,2.9,2173,M6.
2174,0.1,0,6.1,1.7,0.9,3.242427074,4.7,4.8,6.6,7.3,0.1,2174,M6.
2175,0,0,3.3,0.9,0.4,0.330403793,3.275,3.2,3.7,3.3,2.9,2175,M6.
2176,0,0,3.9,0.8,0.9,0.770281334,3.9,3.4,4.9,4.1,3.2,2176,M6.
2177,0,0,3,0.6,0.4,0.330403793,2.975,2.6,3.2,3.3,2.8,2177,M6.
2178,0,0,8.4,0.7,3.4,2.42899156,8,6.6,9.9,10.2,5.3,2178,M6.
2179,0,0,6.6,1.4,1.1,1.126572974,6.875,5.5,7.4,8.1,6.5,2179,M6.
2180,0.1,0,33.6,1.5,8.7,8.965628812,32.225,19.8,40.5,32.1,36.5,2180,M6.
2181,0,0,22.6,0.8,7.9,5.363145843,21.35,26.1,25,19.9,14.4,2181,M6.
2182,0.1,0,5.6,1.3,2.1,2.27815715,5.25,3.6,8.6,4.7,4.1,2182,M6.
2183,0.1,0,5,3.7,2.1,2.626785107,3.8,6.2,4,0.1,4.9,2183,M6.
2184,0,0,7.3,1,2.8,3.476947895,6.125,4.2,11.3,4,5,2184,M6.
2185,0,0,4.1,1.1,0.3,0.287228132,4.175,4,4,4.1,4.6,2185,M6.
2186,0,0,22.4,3.7,11.8,18.22624024,28.675,45.9,42.2,18,8.6,2186,M6.
2187,0,0,3,0.7,0.1,0.095742711,2.975,2.9,2.9,3.1,3,2187,M6.
2188,0,0,4.6,1.3,2.2,1.948503699,4.85,3.7,7.7,4.5,3.5,2188,M6.
2189,0,0,4.5,0.8,0.9,2.260346581,3.375,4.4,0,4.8,4.3,2189,M6.
2190,0,0,4.8,1.4,0.8,0.635085296,4.45,5.4,4.2,4.1,4.1,2190,M6.
2191,0,0,3.9,1.3,1,1.120639698,3.675,5.3,3.1,3.5,2.8,2191,M6.
2192,0,0,5.4,1.5,0.1,0.095742711,5.425,5.4,5.5,5.3,5.5,2192,M6.
2193,0,0,6,0.8,0.3,0.310912635,5.95,5.9,6.4,5.8,5.7,2193,M6.
2194,0,0,9.3,0.9,1.3,4.752893855,7.05,10.4,8.9,0,8.9,2194,M6.
2195,0,0,3.5,1.2,0.1,0.095742711,3.575,3.5,3.5,3.7,3.6,2195,M6.
2196,0.2,0,17.3,6.2,1.4,0.607590871,17.625,17.1,17.4,18.5,17.5,2196,M6.
2197,0,0,5.8,1.1,1.6,1.18708326,5.625,5.4,4.5,7.3,5.3,2197,M6.
2198,0,0,17.8,0.7,3.6,13.68731164,17.275,17.4,0.1,33.6,18,2198,M6.
2199,0,0,18.9,4.2,0.8,0.607590871,19.475,19,20,18.9,20,2199,M6.
2200,0,0,2.5,0.9,0.6,0.496655481,2.6,2.2,2.3,2.6,3.3,2200,M6.
2201,0,0,3.2,0.8,0.7,0.602079729,3.125,2.7,3.3,3.9,2.6,2201,M6.
2202,0,0,4.5,1.4,0.2,0.331662479,4.35,4.4,4.7,4.4,3.9,2202,M6.
2203,0,0,7.7,1.8,2.9,8.969717573,12.675,8.6,10.1,25.9,6.1,2203,M6.
2204,0,0,3.8,0.8,0.5,0.590903263,3.775,3,4,4.4,3.7,2204,M6.
2205,0.1,0,29.3,15.7,7.4,5.956159277,28.775,32.5,26.8,34.5,21.3,2205,M6.
2206,0,0,4.5,0.8,0.3,0.287228132,4.575,4.5,4.8,4.8,4.2,2206,M6.
2207,0.1,0,4.6,1.1,0.6,0.618465844,4.675,5.4,4.8,4.6,3.9,2207,M6.
2208,0,0,3.7,1,1.1,0.83416625,3.575,3,4.8,3.1,3.4,2208,M6.
2209,0,0,3.3,0.8,0.6,5.020624131,6,13.5,2.9,4,3.6,2209,M6.
2210,0,0,14.4,1.9,0.4,18.57211171,22.95,14.3,13.3,13.4,50.8,2210,M6.
2211,0.7,0,23.3,23.1,9.9,9.834971615,29.9,33.7,35.7,35,15.2,2211,M6.
2212,0.7,0,32.8,22.1,0.6,0.895823643,32.275,31.9,32.3,33.5,31.4,2212,M6.
2213,0,0,20.7,1.2,5.1,4.373404471,20.3,20.1,25.6,20.6,14.9,2213,M6.
2214,0,0,14.5,1.2,11.6,16.76253262,16.625,9.6,41.1,12.5,3.3,2214,M6.
2215,0,0,8.1,0.7,12.4,17.97727732,20.625,4.5,41.1,6.6,30.3,2215,M6.
2216,0.1,0,4.8,1.8,0.4,0.465474668,4.95,4.5,5.4,5.3,4.6,2216,M6.
2217,0,0,4.6,0.7,0.8,0.618465844,4.625,3.9,4.7,5.4,4.5,2217,M6.
2218,0.1,0,5.3,1.3,2.6,2.524546164,4.8,2.6,8.2,5.2,3.2,2218,M6.
2219,0,0,14.7,0.6,10.8,14.79797283,15.3,16.6,5.8,35.7,3.1,2219,M6.
2220,0,0,7.3,0.7,3.6,3.499523777,6.6,4.2,5.3,11.8,5.1,2220,M6.
2221,0,0,27.8,9.1,11,14.89216796,34.25,35.2,29.7,53.9,18.2,2221,M6.
2222,0.1,0,29.4,1.2,7.2,13.34050849,29.225,41.3,31.7,33.7,10.2,2222,M6.
2223,0,0,34.4,1.4,16,24.53139145,44.775,8.2,59.9,53.4,57.6,2223,M6.
2224,0,0,5.7,1.4,0.7,0.618465844,5.825,5.9,5,6.5,5.9,2224,M6.
2225,0,0,3.5,0.8,0.9,0.732006375,3.725,2.7,4.3,4.2,3.7,2225,M6.
2226,0.1,0,3.8,1.4,0.4,0.36968455,3.85,3.4,4.1,3.7,4.2,2226,M6.
2227,0,0,5.3,0.8,1.2,1.056330125,5.225,4.9,6.3,5.8,3.9,2227,M6.
2228,0,0,7.3,1.3,0.5,0.994568583,7.475,7.4,8.9,6.7,6.9,2228,M6.
2229,0,0,6.6,0.8,3.4,3.182635176,4.575,6.8,6.9,4.5,0.1,2229,M6.
2230,0,0,15,1.1,13.3,19.53876489,17.05,2.3,5,45,15.9,2230,M6.
2231,0,0,3.3,0.7,1.7,1.445394986,2.975,1.9,2.6,5.1,2.3,2231,M6.
2232,0,0,3.4,1.8,0.1,0.129099445,3.45,3.3,3.6,3.4,3.5,2232,M6.
2233,0,0,4,1.2,3.6,3.136213216,3.825,3.2,4.3,7.7,0.1,2233,M6.
2234,0,0,5,1.1,1.4,2.305066883,3.2,3.6,0,3.7,5.5,2234,M6.
2235,0,0,3.6,0.9,0.6,0.464578662,3.725,3.3,3.4,3.9,4.3,2235,M6.
2236,0,0,4.3,1,1.5,2.594063736,3.775,5.7,5.5,3.8,0.1,2236,M6.
2237,0,0,7.8,1.6,13.2,21.53003716,19.975,51.9,7.5,6.6,13.9,2237,M6.
2238,0,0,3.4,1.1,0.7,0.776745347,3.45,2.5,3.8,3.2,4.3,2238,M6.
2239,0,0,15,5.1,5.7,5.572177911,15.425,18.2,8.5,21.3,13.7,2239,M6.
2240,0,0,6.9,1.7,2.6,2.452889453,6.05,4.4,6.1,9.5,4.2,2240,M6.
2241,0,0,2.8,0.8,0.4,0.403112887,2.675,2.1,2.7,2.9,3,2241,M6.
2242,0,0,16.5,1.6,13.3,20.2219971,20.275,7.8,11.2,50.5,11.6,2242,M6.
2243,0,0,4.6,0.6,1.3,1.204159458,4.35,4.3,2.7,5.5,4.9,2243,M6.
2244,0,0,22.9,8.4,0.8,1.961929323,20.525,22.4,22,18.5,19.2,2244,M6.
2245,0.1,0,30.3,13.7,9.5,7.44848978,30.9,25.2,36.4,38.2,23.8,2245,M6.
2246,0,0,6.2,0.8,4.1,3.122365556,6.075,10.7,5.1,3.9,4.6,2246,M6.
2247,0.1,0,21.5,7.6,10.3,15.7241587,28.175,23.6,18.1,51.5,19.5,2247,M6.
2248,0,0,2.8,0.6,0.3,0.262995564,2.925,2.7,2.9,3.3,2.8,2248,M6.
2249,0,0,3.4,1.1,2.3,3.83057872,4.2,4.7,0.1,9.2,2.8,2249,M6.
2250,0,0,29.2,14.5,6.7,5.86600375,32.65,30.2,26.6,40.4,33.4,2250,M6.
2251,0,0,2.4,0.6,0.3,0.15,2.425,2.3,2.6,2.5,2.3,2251,M6.
2252,0.1,0,4.1,0.9,0.1,0.1,4.15,4.1,4.3,4.1,4.1,2252,M6.
2253,0,0,3.3,1.2,0.1,0.27080128,3.5,3.4,3.3,3.9,3.4,2253,M6.
2254,0.1,0,4.4,1.8,0.6,0.434932945,4.375,3.8,4.8,4.6,4.3,2254,M6.
2255,0,0,3.8,1.1,0.3,0.221735578,3.875,3.8,4.1,4,3.6,2255,M6.
2256,0,0,5.9,0.6,4.7,3.844801685,6.725,4.3,5.8,12.4,4.4,2256,M6.
2257,0.1,0,18.5,6.7,0.7,2.672545603,19.675,23.6,17.8,19.1,18.2,2257,M6.
2258,0.1,0,25.3,20.3,5.4,5.25507691,29.425,32.9,31.8,31.4,21.6,2258,M6.
2259,0,0,4.9,0.9,3.7,3.925451142,5.025,4.5,9.6,0.1,5.9,2259,M6.
2260,0.1,0,31.4,18.9,0.7,1.523154621,32.4,33,34,32.2,30.4,2260,M6.
2261,0,0,25.1,0.5,13.9,22.96765842,28.8,58.1,2.6,31.3,23.2,2261,M6.
2262,0,0,3.6,1,1,0.873689495,3.35,3.3,2.2,4.3,3.6,2262,M6.
2263,0,0,3.8,1.1,0.1,0.15,3.725,3.8,3.8,3.8,3.5,2263,M6.
2264,0,0,3.8,1.1,0.4,0.331662479,3.95,3.9,3.5,4.2,4.2,2264,M6.
2265,0,0,6.8,1.4,2.4,1.916594202,6.9,4.4,6.5,8.8,7.9,2265,M6.
2266,0,0,3.7,1.7,0.1,0.05,3.775,3.8,3.8,3.7,3.8,2266,M6.
2267,0,0,4,0.9,0.4,0.35,3.975,3.8,4.1,4.4,3.6,2267,M6.
2268,0,0,3.9,1.4,0.4,0.391578004,3.9,3.5,3.7,4,4.4,2268,M6.
2269,0.1,0,4.5,1.8,0.6,0.663324958,4.6,3.9,4.5,5.5,4.5,2269,M6.
2270,0.1,0,3.3,1.2,0.3,0.141421356,3.3,3.1,3.3,3.4,3.4,2270,M6.
2271,0,0,4.4,1.3,0.5,0.571547607,4.4,4.1,4.4,5.2,3.9,2271,M6.
2272,0,0,5.4,1.5,1,0.780491298,5.525,4.4,5.7,6.2,5.8,2272,M6.
2273,0,0,6.2,2.3,0.1,0.05,6.175,6.2,6.2,6.2,6.1,2273,M6.
2274,0,0,4.3,1.2,0.5,0.531507291,4.375,3.7,4.8,4.8,4.2,2274,M6.
2275,0,0,4,1.2,0.2,0.182574186,3.9,4.1,3.8,4,3.7,2275,M6.
2276,0,0,4.8,0.7,0.4,2.320021552,3.475,4.6,4.5,0,4.8,2276,M6.
2277,0,0,5,0.9,0.7,0.788986692,4.975,4.3,5.8,5.5,4.3,2277,M6.
2278,0,0,5,1,0.4,4.327720724,7.325,5,5.6,13.8,4.9,2278,M6.
2279,0,0,6.2,1.2,1.4,1.192686044,5.775,4.2,7.1,5.9,5.9,2279,M6.
2280,0,0,2.5,0.7,0.2,0.170782513,2.575,2.4,2.8,2.6,2.5,2280,M6.
2281,0,0,4,1.2,0.7,0.607590871,3.975,3.3,4.2,4.7,3.7,2281,M6.
2282,0.1,0,21.6,4.5,4.5,2.646381177,20.55,20.8,19.4,24.1,17.9,2282,M6.
2283,0,0,10.3,0.8,5.9,6.138064299,5.575,2.9,1.4,3.3,14.7,2283,M6.
2284,0,0,8.1,0.8,5.4,4.614018494,6.225,5.1,4.6,12.9,2.3,2284,M6.
2285,0.1,0,5.8,3.1,0.2,0.141421356,5.8,5.7,5.8,6,5.7,2285,M6.
2286,0.1,0,6.8,2,1.8,1.357387196,7.125,8.3,8,5.3,6.9,2286,M6.
2287,0,0,2.4,0.5,0.7,0.668331255,3,2.3,2.8,3.9,3,2287,M6.
2288,0,0,4.2,0.6,1.7,1.396125591,4.325,5.3,4.5,2.3,5.2,2288,M6.
2289,0.1,0,3.5,1.1,0.1,1.617353806,2.625,3.4,0.2,3.5,3.4,2289,M6.
2290,0.1,0,30.8,16.5,8.2,5.734689762,33.8,40.6,35.4,32.3,26.9,2290,M6.
2291,0,0,3.5,1,0.4,0.419324854,3.525,2.9,3.7,3.7,3.8,2291,M6.
2292,0,0,2.9,0.9,0.1,0.057735027,2.95,2.9,3,3,2.9,2292,M6.
2293,0.1,0,3.7,0.9,0.4,0.287228132,3.675,3.3,3.9,3.9,3.6,2293,M6.
2294,0.1,0,2.9,0.7,0.3,0.206155281,2.875,2.6,2.9,3.1,2.9,2294,M6.
2295,0.1,0,3.2,0.8,0.3,0.275378527,3.125,2.8,3.3,3.4,3,2295,M6.
2296,0.1,0,3.5,0.9,0.2,0.141421356,3.5,3.4,3.5,3.4,3.7,2296,M6.
2297,0,0,5.2,1.2,0.2,0.057735027,5.15,5.2,5.2,5.1,5.1,2297,M6.
2298,0,0,13.9,1.2,10.1,12.02840388,22.275,36.7,20.1,24.7,7.6,2298,M6.
2299,0,0,2.8,0.7,0,0,2.8,2.8,2.8,2.8,2.8,2299,M6.
2300,0,0,2.7,0.7,0.2,0.189296945,2.675,2.4,2.8,2.8,2.7,2300,M6.
2301,0,0,23.2,10.4,0.4,0.355902608,23.3,23,23.3,23.8,23.1,2301,M6.
2302,0,0,4.2,1.4,0.6,0.668331255,4.1,4.8,4.1,4.3,3.2,2302,M6.
2303,0,0,5,0.8,0.4,0.442530602,4.975,4.7,5.3,5.4,4.5,2303,M6.
2304,0,0,5.5,1.4,0.6,0.478713554,5.425,6,5.2,4.9,5.6,2304,M6.
2305,0.1,0,3.5,1.9,2.2,2.548855953,3.25,2.7,4,6.2,0.1,2305,M7.
2306,0.2,0,5,1.3,2.3,2.417988144,5,7.9,2.1,4.4,5.6,2306,M7.
2307,0.2,0,7.4,2.3,2.2,1.64721988,7.3,5.4,6.5,9,8.3,2307,M7.
2308,0.2,0,6.9,2.4,5.3,4.482094005,6.475,7.4,7.8,10.6,0.1,2308,M7.
2309,0.2,0,4.8,1,1.7,1.390443574,5,6.3,3.1,4.9,5.7,2309,M7.
2310,0.1,0,19.5,15.9,12.5,22.28631867,19.4,38.9,38.5,0.1,0.1,2310,M7.
2311,0.2,0,10.3,3.4,1.7,1.575859554,10.65,9.1,9.5,11.8,12.2,2311,M7.
2312,0.2,0,8.9,3.4,1.4,1.064581295,8.7,9.4,7.6,9.8,8,2312,M7.
2313,0.5,0,6.4,1.2,3.7,4.055449009,5.8,7.3,6.5,9.4,0,2313,M7.
2314,0.3,0,9.5,3.2,4.7,4.92882677,6.9,7.7,7.9,11.9,0.1,2314,M7.
2315,0.1,0,11.7,1,4.8,7.30861364,8.875,8.9,8.7,17.9,0,2315,M7.
2316,0.2,0,5.4,1.1,1.7,3.205594069,4.375,5.1,4.7,7.7,0,2316,M7.
2317,0.2,0,5.9,1.4,3.5,4.044337605,5.75,7.5,5.9,9.5,0.1,2317,M7.
2318,0.4,0,7.5,2.5,5.5,5.077072647,7.55,8.6,10.4,11.1,0.1,2318,M7.
2319,0.3,0,7.4,2.6,1.3,1.340087062,7.225,8,5.9,8.7,6.3,2319,M7.
2320,0.1,0,3.5,1.3,0.1,0.057735027,3.45,3.4,3.5,3.4,3.5,2320,M7.
2321,0.1,0,6.3,1.9,3.2,2.587791851,5.75,9.4,3.3,5.3,5,2321,M7.
2322,0.2,0,8.2,2.1,1.4,1.352466882,8.225,7.4,6.8,9.7,9,2322,M7.
2323,0.6,0,5.8,3,3.3,3.863827981,5.775,7.5,6.8,8.7,0.1,2323,M7.
2324,0.4,0,8,4.4,1.1,0.457347424,8.225,7.9,8.1,8.9,8,2324,M7.
2325,0.1,0,10.4,1.3,3.4,4.999666656,7.25,10.7,7.5,10.7,0.1,2325,M7.
2326,0.3,0,6.8,2,4.4,5.149433626,6.85,12.4,6.8,8.2,0,2326,M7.
2327,0.5,0,5.7,2.2,1.6,1.470827432,5.45,6.7,3.4,5.4,6.3,2327,M7.
2328,0.2,0,7.1,2,2,2.059935274,6.95,5.1,5.4,7.9,9.4,2328,M7.
2329,0.2,0,7.9,2.8,1.9,1.217921727,7.85,6.7,7,9.3,8.4,2329,M7.
2330,0.2,0,7.5,2.6,1,0.890692614,7.4,6.1,8.1,7.8,7.6,2330,M7.
2331,0,0,10.1,3.7,2.4,2.132877555,10.575,9.9,8.6,13.6,10.2,2331,M7.
2332,0.4,0,32.8,18.2,5,4.605341102,33.375,35.4,35.3,36.3,26.5,2332,M7.
2333,0.2,0,4.2,2,2,1.927649692,4.625,3.4,2.7,5.5,6.9,2333,M7.
2334,0,0,6,0.9,3.9,2.949011134,5.45,9.6,3.2,3.5,5.5,2334,M7.
2335,0.8,0,7.1,1.7,3.3,2.451360167,6.975,10.5,4.9,5.9,6.6,2335,M7.
2336,0.1,0,3.8,0.9,0.8,0.810349719,3.75,4,2.6,3.9,4.5,2336,M7.
2337,0.3,0,4.2,1.1,0.7,0.58022984,4.15,3.8,3.6,4.9,4.3,2337,M7.
2338,0.2,0,5.9,1,3.3,2.848830169,4.025,4.5,4.9,6.7,0,2338,M7.
2339,0.3,0,4.4,1,0.9,2.255918143,3.325,4,4.3,5,0,2339,M7.
2340,0.1,0,4.4,1.4,0.6,0.457347424,4.375,3.9,4.6,4.9,4.1,2340,M7.
2341,0.1,0,3.3,1.3,0.4,0.262995564,3.125,3.5,3.1,2.9,3,2341,M7.
2342,0.2,0,5.8,1.1,1,2.601762223,3.875,4.9,5,5.6,0,2342,M7.
2343,0.3,0,6.9,1,1.4,1.575595126,6.375,5.9,4.4,7.2,8,2343,M7.
2344,0.3,0,5.1,1.3,1.2,0.946484724,5.125,5.7,3.8,5.1,5.9,2344,M7.
2345,0.1,0,3,0.9,1,0.953502316,2.925,2.5,1.8,3.5,3.9,2345,M7.
2346,0.2,0,4.2,0.8,0.4,2.053249457,3.025,4.2,3.5,4.4,0,2346,M7.
2347,0.1,0,5.1,0.9,0.9,2.383974273,3.55,4.4,4.7,5.1,0,2347,M7.
2348,0.1,0,3.1,1,2.4,2.057506582,2.9,4.8,3.1,3.7,0,2348,M7.
2349,0.1,0,4.1,1.2,0.6,0.386221008,4.125,4.4,3.9,4.5,3.7,2349,M7.
2350,0.2,0,5.7,2,1.7,1.517399091,5.875,4.6,5.9,8,5,2350,M7.
2351,0.1,0,4.9,1,2,1.602081979,5.4,4.6,3.8,5.7,7.5,2351,M7.
2352,0.2,0,2.5,2.1,3.9,2.839600911,2.55,4.7,5.3,0.1,0.1,2352,M7.
2353,0.1,0,5.4,1.4,0.7,0.512347538,5.375,4.7,5.9,5.3,5.6,2353,M7.
2354,0.2,0,6,1.6,1.8,1.400892573,6.225,6.5,4.2,6.8,7.4,2354,M7.
2355,0.3,0,5,1.5,1.6,1.08012345,4.7,5.9,3.3,5,4.6,2355,M7.
2356,0.1,0,10.6,1.4,4.5,5.471364851,7.475,7.5,9.1,13.2,0.1,2356,M7.
2357,0.3,0,8.9,2.5,2.1,2.051625372,8.625,8.4,6.1,11.1,8.9,2357,M7.
2358,0.1,0,8.6,1.2,3.4,3.85313725,3.3,5.9,0,7.3,0,2358,M7.
2359,0.1,0,5.4,1,3.5,3.154890384,4.7,5.8,6.7,6.3,0,2359,M7.
2360,0.1,0,6.3,3.1,0.6,0.05,6.275,6.3,6.3,6.2,6.3,2360,M7.
2361,0.1,0,10.6,1.4,4.4,5.637597006,8.175,8.5,12.1,12,0.1,2361,M7.
2362,0.4,0,6.4,4.6,5.7,6.401757571,5.625,10.5,0.1,11.8,0.1,2362,M7.
2363,0.1,0,5.5,1.9,4.4,3.781093316,5.05,4.8,6.1,9.2,0.1,2363,M7.
2364,0.1,0,8.7,1.4,2,1.897366596,8.3,7.7,5.9,9.5,10.1,2364,M7.
2365,0.2,0,7.3,1.7,5.4,5.12445119,7.4,8.6,8.8,12.1,0.1,2365,M7.
2366,0.6,0,11.9,4,1.1,1.178629147,12.225,12.6,10.6,13.4,12.3,2366,M7.
2367,0.2,0,11.3,3.8,0.9,0.532290647,11.35,10.7,11.3,12,11.4,2367,M7.
2368,0.1,0,10.5,1.8,1.6,1.388944443,10.525,8.8,10,11.6,11.7,2368,M7.
2369,0.6,0,9.4,4,1.1,0.921502396,9.375,9.9,8,9.9,9.7,2369,M7.
2370,0.1,0,11.8,2.3,4.4,1.851125784,10.9,9.2,12.6,9.4,12.4,2370,M7.
2371,0.1,0,16.2,3.7,0.2,0.095742711,16.375,16.3,16.3,16.5,16.4,2371,M7.
2372,0.2,0,3.7,2.1,6.4,3.011505714,4.075,0.1,3.6,5.5,7.1,2372,M7.
2373,0.2,0,5.6,2.5,1.7,1.547847968,5.575,7.1,3.5,5.4,6.3,2373,M7.
2374,0.2,0,3.5,1,1.1,1.084742673,3.35,3.8,1.8,3.5,4.3,2374,M7.
2375,0.4,0,6.4,4.1,1.3,1.096965511,6.65,6.7,5.1,7.6,7.2,2375,M7.
2376,0.1,0,6.2,2.1,1.1,1.169045194,6.6,6.4,5.7,8.3,6,2376,M7.
2377,0.2,0,4,1.1,0.8,0.826639785,4.25,5.2,3.3,4.6,3.9,2377,M7.
2378,0.1,0,2.9,3.3,3.5,3.65,1.925,0.1,7.4,0.1,0.1,2378,M7.
2379,0,0,11.2,1.6,6.4,8.876560896,10.8,0.1,10,11.3,21.8,2379,M7.
2380,0.3,0,5.1,1.7,5.8,4.852748362,6.925,7,9.5,11.1,0.1,2380,M7.
2381,0.3,0,30.5,17.2,0.1,0.129099445,30.55,30.4,30.7,30.5,30.6,2381,M7.
2382,0,0,13.3,0.9,4.1,5.551576353,6.3,3.5,3,14.6,4.1,2382,M7.
2383,0.1,0,10.8,2.2,8.5,9.540265545,10.55,6.5,13.2,0.1,22.4,2383,M7.
2384,0,0,2.2,4,1.5,1.906130461,2.9,3.3,4.2,4,0.1,2384,M7.
2385,0,0,5.7,3,2.7,2.043485584,6.075,9.1,4.6,5.3,5.3,2385,M7.
2386,0.1,0,4.1,2.1,0.1,0.809835374,4.125,3.5,5.2,3.5,4.3,2386,M7.
2387,0.1,0,5.3,3,3.1,26.92908898,19.525,5.1,59.9,7.1,6,2387,M7.
2388,0.1,0,4.9,1.2,1.3,2.245736702,3.25,3.5,4.8,4.7,0,2388,M7.
2389,0.1,0,3.9,0.9,0.4,0.403112887,3.925,3.7,3.6,3.9,4.5,2389,M7.
2390,0.1,0,4.6,1.8,0.3,0.170782513,4.625,4.8,4.6,4.7,4.4,2390,M7.
2391,0,0,3.5,1.9,1.5,1.723368794,2.65,0.1,3.3,3.3,3.9,2391,M7.
2392,0.1,0,5.8,2.3,3.4,3.260240277,5.675,6.5,9.9,2.6,3.7,2392,M7.
2393,0.1,0,9.5,2.2,6.2,6.577930272,7.975,7.6,8,16.2,0.1,2393,M7.
2394,0.2,0,6,0.9,1.7,1.705627939,5.675,7.7,3.9,4.7,6.4,2394,M7.
2395,0.1,0,4.4,0.8,3.5,2.926886856,4.2,4.9,5.1,6.8,0,2395,M7.
2396,0,0,11,1.3,8.2,3.37280793,5.325,4.1,2.8,4.1,10.3,2396,M7.
2397,0.2,0,5.7,2.2,2.5,2.48394847,5.55,4.2,2.8,8.2,7,2397,M7.
2398,0.1,0,5.3,2.8,0.2,0.141421356,5.1,5.1,5,5,5.3,2398,M7.
2399,0.1,0,5.5,1.5,4.2,3.243454948,6,4.7,5.3,10.7,3.3,2399,M7.
2400,0.1,0,28.7,11.5,5.7,4.391279237,31.55,34.2,33.1,33.9,25,2400,M7.
2401,0,0,29.8,7.2,10.6,21.15427459,24.85,0.3,51.5,27.5,20.1,2401,M7.
2402,0,0,8.2,1.2,2.8,2.721978447,7.825,6.7,4.9,8.4,11.3,2402,M7.
2403,0,0,10,1.7,5.2,4.8856934,6.05,0.1,4,10,10.1,2403,M7.
2404,0.1,0,7.1,2,3.2,3.682729966,5.225,8.3,5.4,7.2,0,2404,M7.
2405,0,0,13.3,2.2,2.3,6.127193485,9.125,12.4,10.6,13.4,0.1,2405,M7.
2406,0.2,0,10.8,4.3,0.6,0.556027577,11.075,10.8,10.7,11.9,10.9,2406,M7.
2407,0.2,0,6.1,2.8,2.6,2.290560339,6.3,6.2,3.1,7.8,8.1,2407,M7.
2408,0.2,0,9.4,3.7,6,6.687488318,9.075,16.5,9,10.5,0.3,2408,M7.
2409,0.7,0,24.6,19.3,13.2,17.91731007,27.45,36,35.7,37.5,0.6,2409,M7.
2410,0,0,3.9,1,1.6,1.337597348,3.625,3.3,2.8,5.6,2.8,2410,M7.
2411,0,0,10.4,1,4.3,5.992425775,12.775,20.6,12.1,6,12.4,2411,M7.
2412,0.6,0,21.1,18.2,12.6,19.50205117,29.35,38.7,39.3,39.3,0.1,2412,M7.
2413,0,0,18.1,2.8,12.3,20.48389611,19.85,5.1,6.5,49.2,18.6,2413,M7.
2414,0.1,0,9.2,2.3,8.7,8.783080325,7.025,9.5,18.4,0.1,0.1,2414,M7.
2415,0,0,10.5,1.9,7,10.38813426,10,24.9,0.8,6.5,7.8,2415,M7.
2416,0.1,0,7.8,3.6,1.3,1.034005158,7.275,8.3,7.9,6,6.9,2416,M7.
2417,0,0,2.3,1.1,2,2.004993766,2.8,4,4.6,2.5,0.1,2417,M7.
2418,0,0,12.1,2.2,4.4,3.422839951,12.825,10.3,17.3,10,13.7,2418,M7.
2419,0.2,0,24.8,18.2,10.3,17.88656386,25.825,29.9,41.5,31.8,0.1,2419,M7.
2420,0,0,5.2,1,0.7,0.639661369,5.175,5.1,4.8,4.7,6.1,2420,M7.
2421,0.1,0,11.3,2.6,4.6,3.700788204,11.475,10.3,10.9,16.7,8,2421,M7.
2422,0,0,4.1,1.5,0.7,0.6164414,4.2,3.3,4.7,4.4,4.4,2422,M7.
2423,0.1,0,6.6,2,2.9,3.083693673,4.525,0.1,4.9,7.1,6,2423,M7.
2424,0.1,0,8.9,2.4,2.1,2.143983831,9.35,11.3,6.3,9.7,10.1,2424,M7.
2425,0,0,14.4,1.7,4.6,6.571846519,9.175,10.8,15.8,10,0.1,2425,M7.
2426,0,0,7.3,4.7,9.4,13.33366666,6.9,26.9,0.1,0.3,0.3,2426,M7.
2427,0.1,0,5.2,3.3,1.6,1.654287359,5.45,4.4,3.7,7.1,6.6,2427,M7.
2428,0.1,0,4,1.3,1.3,2.525866188,3.4,3.6,3.9,6.1,0,2428,M7.
2429,0.1,0,4.5,1.5,2.3,2.517935662,3.5,3.9,4.1,6,0,2429,M7.
2430,0,0,2.5,1.1,2.6,2.341473895,2.075,3.4,4.7,0.1,0.1,2430,M7.
2431,0,0,2.7,0.6,0.7,0.605530071,2.7,2.6,1.9,3,3.3,2431,M7.
2432,0.1,0,3.2,0.8,0.7,0.618465844,3.325,3.2,2.6,3.4,4.1,2432,M7.
2433,0,0,4.7,1.7,0.9,0.826135582,4.725,4.6,3.7,4.9,5.7,2433,M7.
2434,0.1,0,5.2,1.7,1.8,1.486326568,5.675,4.2,4.6,6.8,7.1,2434,M7.
2435,0.1,0,6.3,2.6,1.3,0.99121138,6.025,5.5,4.9,6.7,7,2435,M7.
2436,0.1,0,6.2,3.3,0.4,0.359397644,6.025,5.5,6.1,6.3,6.2,2436,M7.
2437,0,0,4,1.3,3.5,3.033562262,4.325,5.2,7.3,0.1,4.7,2437,M7.
2438,0.2,0,6.5,3.9,1.7,1.099621147,6.525,7.6,5,6.9,6.6,2438,M7.
2439,0.1,0,6.4,1.5,3.7,2.269177531,6.075,7.5,3.5,4.9,8.4,2439,M7.
2440,0,0,6.9,1.5,3,2.837105332,5.975,7.1,2.3,5.5,9,2440,M7.
2441,0.2,0,8.7,2.9,3,3.222835191,8.4,7.3,5.3,8.1,12.9,2441,M7.
2442,0,0,9.1,1.2,5.5,5.526526938,7.775,7.4,11.5,12.1,0.1,2442,M7.
2443,0,0,12,2.4,3.4,3.050682984,11.6,8.6,9.6,13,15.2,2443,M7.
2444,0.1,0,10.1,1.6,2.3,1.936276495,9.825,8.2,9.6,8.9,12.6,2444,M7.
2445,0,0,3.1,1,8.2,4.2,2.2,8.5,0.1,0.1,0.1,2445,M7.
2446,0,0,19.2,2.2,6.9,7.505275922,19.725,9.2,21.3,27,21.4,2446,M7.
2447,0,0,6.2,0.9,6.4,2.9,5.75,10,3.8,4,5.2,2447,M7.
2448,0.1,0,7.7,1.3,3.9,3.428313482,5.1,7.9,6.2,6.2,0.1,2448,M7.
2449,0.2,0,10.3,2.3,2.8,2.035313244,10.475,9,8.6,11.4,12.9,2449,M7.
2450,0.2,0,8.3,4.5,5.8,26.77698016,20.5,12,10,59.9,0.1,2450,M7.
2451,0.1,0,8.8,2.1,3.1,2.564501251,8.55,12.3,7,8.1,6.8,2451,M7.
2452,0.1,0,8.2,3.3,8.5,9.494559846,8.2,14.3,0.1,18.3,0.1,2452,M7.
2453,0.2,0,9.9,2.9,3.5,6.019066927,8.075,10.5,7.4,14.3,0.1,2453,M7.
2454,0.1,0,10.2,4.7,1.2,1.184271928,11.025,10.4,10.4,12.8,10.5,2454,M7.
2455,0.1,0,10.9,2.3,2.3,5.378584076,7.825,12.5,8.8,9.9,0.1,2455,M7.
2456,0,0,27.7,0.9,14.1,21.24419529,20.475,13.4,18.2,50.2,0.1,2456,M7.
2457,0,0,21.7,2.2,7.6,7.272035478,20.775,16,25.9,28,13.2,2457,M7.
2458,0.1,0,9.8,2.8,8.2,8.36759623,7.45,18.4,9.5,0.1,1.8,2458,M7.
2459,0,0,25.3,2.3,11.1,24.23515009,17.575,51.6,18.3,0.1,0.3,2459,M7.
2460,0,0,3.5,1.2,0.3,1.749285568,2.7,3.4,3.4,3.9,0.1,2460,M7.
2461,0.1,0,3.3,1,1.3,1.236594787,3.075,2.4,1.8,3.5,4.6,2461,M7.
2462,0,0,4,1,1,2.478406746,5.175,8.7,2.9,4.4,4.7,2462,M7.
2463,0,0,10.5,0.9,9,10.18638798,10.375,25.4,2.8,6.2,7.1,2463,M7.
2464,0.1,0,4.8,1.2,0.9,0.82209083,4.775,4.8,3.7,4.9,5.7,2464,M7.
2465,0.1,0,5.1,1.4,0.8,0.754983444,5.15,4.6,4.6,5.2,6.2,2465,M7.
2466,0.2,0,8.5,3.6,1.5,0.788986692,8.275,8.8,7.1,8.6,8.6,2466,M7.
2467,0,0,9.5,1,5.7,5.151941382,4.425,10.3,7.2,0.1,0.1,2467,M7.
2468,0.1,0,11,2.4,2.2,1.960442127,11.55,13.6,8.9,11.6,12.1,2468,M7.
2469,0.2,0,9.6,3.5,1.3,1.096965511,9.65,9.4,8.2,10.5,10.5,2469,M7.
2470,0.2,0,9.5,2.8,1.9,5.052639574,7.375,10.7,7.8,10.9,0.1,2470,M7.
2471,0.1,0,7.2,2.4,4.7,5.186119294,7.275,8.2,8.3,12.5,0.1,2471,M7.
2472,0,0,8,1,5.7,4.007077073,8.55,8.8,12.9,9.3,3.2,2472,M7.
2473,0,0,25.8,1.5,13.2,15.96023705,23.175,6.3,37.3,12.8,36.3,2473,M7.
2474,0,0,3.5,1.2,0.1,0.081649658,3.6,3.7,3.6,3.6,3.5,2474,M7.
2475,0.1,0,26.7,7.7,12.9,15.89150717,30.1,32.3,14.2,51.2,22.7,2475,M7.
2476,0.1,0,4.5,1.6,1.4,1.260952021,4.45,6.2,3.2,4.3,4.1,2476,M7.
2477,0.2,0,22.3,16,11.4,17.45728119,25.75,34.5,38.5,29.9,0.1,2477,M7.
2478,0.1,0,6.6,3,2.3,1.31497782,6.575,6.5,8.3,5.1,6.4,2478,M7.
2479,0.1,0,6.9,1.4,1.7,1.728920665,7.125,7.5,5.2,6.5,9.3,2479,M7.
2480,0.1,0,6.9,2,1.3,1.141271221,7.075,6.2,8.6,7.3,6.2,2480,M7.
2481,0.2,0,5.5,2.7,4.1,4.813436056,6.575,8.1,6.5,11.6,0.1,2481,M7.
2482,0,0,15.7,2,6,5.691733772,15.725,20.2,21,11.8,9.9,2482,M7.
2483,0,0,17.2,2.4,15.5,26.03502449,20.975,53.9,0.1,29.8,0.1,2483,M7.
2484,0.1,0,17.4,2.9,14.9,23.20019756,24.625,52.6,12.3,33.5,0.1,2484,M7.
2485,0,0,27,2.5,15.1,25.44253329,32.925,49.6,25.9,56.1,0.1,2485,M7.
2486,0.1,0,4.5,1.2,2.2,2.340939982,4.7,8.2,3.4,3.8,3.4,2486,M7.
2487,0.1,0,14.6,5.1,15.4,26.01260912,20.925,53.9,29.6,0.1,0.1,2487,M7.
2488,0.1,0,9,8.5,11.6,14.73386123,7.6,29.7,0.4,0.1,0.2,2488,M7.
2489,0.1,0,17.4,12.4,13,25.40490438,20.975,52.7,30.3,0.8,0.1,2489,M7.
2490,0.5,0,18.1,20.8,13.1,17.56746519,26.425,35.3,37.2,33,0.2,2490,M7.
2491,0,0,8.5,2.9,0.8,24.71037232,44.875,59.9,59.9,8.3,51.4,2491,M7.
2492,0,0,23.6,6.6,9.6,9.876023154,28.775,41.8,24,30.4,18.9,2492,M7.
2493,0,0,11.1,2.1,2.4,2.163908501,11.425,9.8,10.4,10.9,14.6,2493,M7.
2494,0,0,5,0.9,1.4,1.219289411,5.1,4.9,3.9,4.8,6.8,2494,M7.
2495,0.4,0,3.6,1.7,2.9,3.057231863,4.6,5.3,6.3,6.7,0.1,2495,M7.
2496,0.1,0,11.3,3.3,5.6,4.907816894,9.9,5.4,7.5,10,16.7,2496,M7.
2497,0.5,0,10.2,5,2,1.099621147,10.425,10.1,9.1,11.7,10.8,2497,M7.
2498,0,0,28.2,8.3,3.4,13.93520721,20.95,27.7,26.8,29.2,0.1,2498,M7.
2499,0.1,0,6.5,1.4,0.7,3.392516274,5.125,7.4,6.9,6.1,0.1,2499,M7.
2500,0,0,4.3,1.5,0.7,0.506622805,4.35,4.6,3.6,4.5,4.7,2500,M7.
2501,0.3,0,35.9,17.6,3.7,4.076252364,35.325,38.3,36.7,37,29.3,2501,M7.
2502,0,0,22.3,1,13.3,21.07516311,33.125,9.3,48.9,52.7,21.6,2502,M7.
2503,0.3,0,23.5,18.5,12.2,19.49331082,29.175,39.8,40.8,36,0.1,2503,M7.
2504,0.2,0,35.8,16,4.3,5.002665956,34.8,37.5,38.5,35.7,27.5,2504,M7.
2505,0,0,3.9,2.1,0.6,0.588784058,4,4,3.2,4.6,4.2,2505,M7.
2506,0.1,0,5.5,4.2,1.9,2.751211854,4.325,0.2,5.6,5.8,5.7,2506,M7.
2507,0.3,0,20.6,20.9,13.7,22.32089828,19.725,41.8,36.1,0.6,0.4,2507,M7.
2508,0.1,0,8.1,2.8,2.1,2.223173408,7.625,10.5,5.1,7.2,7.7,2508,M7.
2509,0,0,12,1.5,5.6,5.682135749,11.6,19.9,9.2,7.1,10.2,2509,M7.
2510,0,0,13.4,0.8,6.1,6.042350536,14.85,8.9,10.4,20.4,19.7,2510,M7.
2511,0,0,4.7,1.2,3.8,4.74341649,5.6,11.6,6.1,0.1,4.6,2511,M7.
2512,0,0,3.5,1,0.9,0.988264472,3.45,3,2.5,3.5,4.8,2512,M7.
2513,0,0,8.4,1.1,6.1,6.144035048,6.225,12,1.8,11,0.1,2513,M7.
2514,0.1,0,35.6,16.8,6.5,3.70978436,34.375,39.1,35.2,32.8,30.4,2514,M7.
2515,0,0,1.5,1.2,0.9,0.911043358,1.25,2.2,1,1.7,0.1,2515,M7.
2516,0.1,0,4.3,2,0.6,0.665206735,4.275,3.9,3.6,4.5,5.1,2516,M7.
2517,0.1,0,3.9,1.2,0.1,0.125830574,3.875,3.7,3.9,4,3.9,2517,M7.
2518,0,0,3.2,0.8,0.2,0.264575131,3.25,3.3,3.1,3.6,3,2518,M7.
2519,0,0,3.1,0.9,0.6,0.591607978,3.35,2.8,2.9,3.7,4,2519,M7.
2520,0,0,3.8,0.9,0.5,0.537742193,3.825,3.5,3.3,4,4.5,2520,M7.
2521,0,0,6.8,1.1,4,2.653770902,3.825,4.2,6,5.1,0,2521,M7.
2522,0,0,3.9,1.5,0.1,0.057735027,3.85,3.8,3.8,3.9,3.9,2522,M7.
2523,0,0,4.8,1.3,1.1,2.3797759,3.35,5.4,3.4,4.6,0,2523,M7.
2524,0.1,0,4,1.3,0.8,1.078192933,3.925,5.1,2.5,3.9,4.2,2524,M7.
2525,0,0,5.3,1.9,0.2,0.310912635,5.25,5.3,4.8,5.4,5.5,2525,M7.
2526,0,0,4.6,1,1.3,1.437590577,4.4,5.7,2.5,4.1,5.3,2526,M7.
2527,0,0,0,1.3,5.8,2.913188402,4,4.8,4,7.1,0.1,2527,M7.
2528,0.1,0,5.9,1.5,1.4,1.493039406,5.975,7,4.2,5.3,7.4,2528,M7.
2529,0,0,3.4,2.7,3.2,2.993882652,2.55,6.2,3.8,0.1,0.1,2529,M7.
2530,0.1,0,8.5,3.2,0.4,0.191485422,8.55,8.4,8.8,8.6,8.4,2530,M7.
2531,0,0,8.2,1.3,6,6.65601232,8.575,8.2,16.3,9.7,0.1,2531,M7.
2532,0,0,14.9,1.8,10.9,12.39230272,14.025,8.5,7.5,7.5,32.6,2532,M7.
2533,0.2,0,7,2.9,0.9,0.743863787,7,6.3,8,7.1,6.6,2533,M7.
2534,0.1,0,9.7,2.4,1.5,1.558578412,10.025,10.1,8,10.2,11.8,2534,M7.
2535,0.1,0,10.7,2.6,3.2,2.468974146,11.025,11,7.6,12.2,13.3,2535,M7.
2536,0.1,0,15.2,4.4,0.1,0,15.3,15.3,15.3,15.3,15.3,2536,M7.
2537,0.2,0,7,3.7,6.2,5.19510988,7.775,11.6,9.6,9.8,0.1,2537,M7.
2538,0.1,0,9.8,6.7,5.6,7.447314952,6.875,14.6,0.8,11.9,0.2,2538,M7.
2539,0,0,3.8,1.6,0.8,0.65,4.025,4.1,3.1,4.6,4.3,2539,M7.
2540,0.1,0,5.1,3,2.1,1.539209754,5.225,7,4.5,5.9,3.5,2540,M7.
2541,0.1,0,34.4,14.3,1.3,2.118175315,33.8,36,32.3,35.2,31.7,2541,M7.
2542,0.1,0,9.8,2,1.7,1.815443013,10.025,9,8.2,12.3,10.6,2542,M7.
2543,0,0,3.6,0.9,3.5,4.080339038,5.475,8,9.1,4.8,0,2543,M7.
2544,0,0,3.8,1.2,5.2,4.377975179,4.8,10.5,3.2,5.4,0.1,2544,M7.
2545,0.1,0,11.3,2,2.4,2.624245923,11.3,9.2,9.7,11.3,15,2545,M7.
2546,0.1,0,5,3.9,2.2,1.342882472,5.25,4.6,7.1,4,5.3,2546,M7.
2547,0,0,18.8,1.9,11.2,10.99939392,16.3,22.3,23.9,0.1,18.9,2547,M7.
2548,0.1,0,10.2,6.6,3.6,2.63375524,10.25,13.8,8.3,8.2,10.7,2548,M7.
2549,0.2,0,38.7,15.8,4.4,3.949683532,39.7,37.1,37.3,45.5,38.9,2549,M7.
2550,0.7,0,22.8,19.6,12.2,18.81867424,28.225,39.7,35.8,37.3,0.1,2550,M7.
2551,0.4,0,33.6,20.8,1.7,11.75709006,42.275,36.4,35.9,36.9,59.9,2551,M7.
2552,0,0,31.3,6.3,9.9,12.09986226,36.3,54,26.9,30.9,33.4,2552,M7.
2553,0.1,0,10.5,1.4,2.5,4.92138192,4.3,9,8.1,0.1,0,2553,M7.
2554,0,0,4.7,0.8,5.7,2.90674503,6.375,2.9,7.5,5.4,9.7,2554,M7.
2555,0,0,10.7,1.1,7.5,5.975784467,6.15,14.4,5.2,4.9,0.1,2555,M7.
2556,0,0,10.3,2.4,6,7.429894571,7.55,3,10.6,16.5,0.1,2556,M7.
2557,0.1,0,14.5,3.4,1.9,8.244341494,12.225,14,17.7,17.1,0.1,2557,M7.
2558,0.5,0,4.3,1,0.5,0.512347538,4.375,3.7,4.9,4.3,4.6,2558,M8.
2559,0.2,0,6.5,1,1.1,1.081280106,6.325,5.3,5.8,6.4,7.8,2559,M8.
2560,0.4,0,4.8,1,0.8,0.723417814,4.75,4.1,4.2,5.1,5.6,2560,M8.
2561,0.2,0,3.6,1.2,0.2,0.129099445,3.65,3.7,3.5,3.6,3.8,2561,M8.
2562,0.4,0,3.9,0.8,0.3,0.330403793,3.875,3.8,3.5,3.9,4.3,2562,M8.
2563,0.3,0,3.2,0.7,0.3,0.264575131,3.25,3.4,2.9,3.2,3.5,2563,M8.
2564,0.1,0,7.1,0.5,1.1,1.132475165,7.225,7,5.8,8.5,7.6,2564,M8.
2565,0.2,0,5.8,0.9,0.6,0.427200187,5.875,5.4,5.7,6,6.4,2565,M8.
2566,0.3,0,6.5,1,0.9,0.635085296,6.55,5.9,6.3,6.6,7.4,2566,M8.
2567,0.1,0,3.5,0.5,0.9,1.694107435,2.45,2.7,0,3.3,3.8,2567,M8.
2568,0.3,0,3.6,0.8,0.2,0.238047614,3.65,3.6,3.5,4,3.5,2568,M8.
2569,0.3,0,3.7,0.7,0.2,0.129099445,3.65,3.7,3.5,3.6,3.8,2569,M8.
2570,0,0,3.6,0.6,0.2,0.191485422,3.65,3.6,3.4,3.8,3.8,2570,M8.
2571,0.2,0,3.2,0.8,0.4,0.287228132,3.275,3.1,3.1,3.2,3.7,2571,M8.
2572,0.2,0,3,0.6,0.3,0.27080128,3,2.6,3.1,3.1,3.2,2572,M8.
2573,0.1,0.1,6.5,1.2,0.5,0.479583152,6.55,6.1,6.8,6.2,7.1,2573,M8.
2574,0.2,0,3.9,0.9,0.7,0.722841615,3.975,3.3,3.8,3.8,5,2574,M8.
2575,0.1,0,3.7,0.9,0.4,0.341565026,3.75,3.4,3.6,3.8,4.2,2575,M8.
2576,0.1,0,5.1,0.6,0.9,0.82209083,4.825,4.7,4.5,4.1,6,2576,M8.
2577,0.1,0,6.2,1.1,0.8,0.708872344,6.175,5.3,6.7,5.9,6.8,2577,M8.
2578,0.1,0,5.2,0.9,0.5,0.512347538,5.275,5.8,4.6,5.5,5.2,2578,M8.
2579,0,0,5.7,0.6,2.8,2.99833287,3.65,5.9,6.3,0,2.4,2579,M8.
2580,0.3,0,4.6,0.8,0.4,2.223173408,3.325,4.2,4.6,4.5,0,2580,M8.
2581,0.2,0,3.3,0.7,0.2,0.141421356,3.3,3.3,3.2,3.2,3.5,2581,M8.
2582,0.3,0,4.9,0.8,1.1,1.068877916,4.825,3.8,4.1,6.1,5.3,2582,M8.
2583,0.4,0,4.4,0.8,0.5,0.518812747,4.275,3.8,3.9,4.5,4.9,2583,M8.
2584,0.3,0,3.7,0.8,0.4,0.309569594,3.675,3.5,3.4,3.7,4.1,2584,M8.
2585,0.3,0,4.3,1,0.7,0.579511288,4.425,3.8,4.3,4.4,5.2,2585,M8.
2586,0.5,0.1,6.8,1.3,2.3,2.171596955,6.475,4.4,5.1,7.2,9.2,2586,M8.
2587,0.2,0,3.7,0.8,0.1,0.057735027,3.75,3.7,3.8,3.7,3.8,2587,M8.
2588,0.2,0,4.7,0.7,1.5,2.081665999,3.1,3.8,4.2,4.4,0,2588,M8.
2589,0.2,0,3.7,0.8,0.7,0.443471157,3.65,3.5,3.1,3.9,4.1,2589,M8.
2590,0.2,0,4.2,0.7,0.3,0.341565026,4.15,3.7,4.3,4.1,4.5,2590,M8.
2591,0.3,0,3.2,0.6,0.3,0.244948974,3.2,3.2,2.9,3.2,3.5,2591,M8.
2592,0.1,0,4.2,0.9,3.4,3.194787421,4.8,1.8,2.8,5.7,8.9,2592,M8.
2593,0.5,0,5.2,0.8,0.2,0.244948974,5.2,5.1,5.4,4.9,5.4,2593,M8.
2594,0.5,0,4.5,1.1,0.6,0.5,4.65,4.6,4,4.8,5.2,2594,M8.
2595,0.1,0,7.4,1.1,1.2,1.126572974,7.525,6.5,7.5,7,9.1,2595,M8.
2596,0.2,0,2.7,1.5,2.5,2.660826939,2.4,4.5,0.1,4.9,0.1,2596,M8.
2597,0.2,0,4.1,0.7,0.4,2.045116134,3.025,3.9,3.7,0,4.5,2597,M8.
2598,0.2,0,4.5,0.8,0.3,2.266421555,3.35,4.1,0,4.3,5,2598,M8.
2599,0.1,0,5.4,1,0.8,0.9,5.35,6.4,5.8,4.6,4.6,2599,M8.
2600,0.2,0,4.7,1,0.1,0.115470054,4.7,4.6,4.6,4.8,4.8,2600,M8.
2601,0.1,0,6.4,1,1.5,3.400980251,4.8,4.9,7.7,6.6,0,2601,M8.
2602,0.2,0,4.4,0.8,0.3,0.394757309,4.425,4.3,4.3,4.1,5,2602,M8.
2603,0.2,0,5.6,0.9,0.5,0.465474668,5.55,5.2,5.1,5.9,6,2603,M8.
2604,0.1,0,5.2,1.5,0.3,0.095742711,5.125,5.2,5.2,5.1,5,2604,M8.
2605,0.1,0,4.5,0.6,2,2.564338771,3.775,4.4,0,5.6,5.1,2605,M8.
2606,0.1,0,4.5,0.8,0.1,0.095742711,4.525,4.6,4.4,4.5,4.6,2606,M8.
2607,0.2,0,3.9,0.9,0.3,0.191485422,3.85,3.8,3.6,4,4,2607,M8.
2608,0.4,0,7,1.1,0.4,0.331662479,7.05,6.8,6.8,7.5,7.1,2608,M8.
2609,0.3,0,8.7,1.4,0.8,0.434932945,8.425,8.8,8.6,7.8,8.5,2609,M8.
2610,0.1,0,5.4,1.6,0.9,0.988264472,5.35,4.3,4.9,5.6,6.6,2610,M8.
2611,0.2,0,5.4,1.1,0.8,0.623832242,5.325,4.5,5.2,5.9,5.7,2611,M8.
2612,0.1,0,4.9,1,0.8,2.48378072,3.525,4.4,3.9,5.8,0,2612,M8.
2613,0.2,0,2.7,0.5,0.2,0.189296945,2.675,2.7,2.4,2.8,2.8,2613,M8.
2614,0.1,0,3.6,0.6,0.7,0.68495742,3.625,3,3.4,3.5,4.6,2614,M8.
2615,0.3,0,4.4,0.8,0.7,0.707106781,4.4,3.6,4.5,4.2,5.3,2615,M8.
2616,0.2,0,2.6,0.7,0.2,0.238047614,2.65,2.5,2.5,2.6,3,2616,M8.
2617,0.2,0,2.9,0.8,0.3,0.294392029,2.8,2.4,2.8,3.1,2.9,2617,M8.
2618,0.2,0,2.6,0.7,0.3,0.365148372,2.7,2.3,2.5,2.9,3.1,2618,M8.
2619,0.3,0,2.9,0.7,0.2,0.141421356,2.9,2.9,2.7,3,3,2619,M8.
2620,0.1,0,4.1,0.7,0.5,0.464578662,4.075,3.6,3.9,4.1,4.7,2620,M8.
2621,0.1,0,3.6,0.6,0.1,0.129099445,3.55,3.6,3.7,3.5,3.4,2621,M8.
2622,0.1,0,3.8,0.6,0.4,0.435889894,3.75,3.5,3.6,3.5,4.4,2622,M8.
2623,0.1,0,6.2,0.8,2.8,2.745299012,5.85,6.2,2.1,6.4,8.7,2623,M8.
2624,0.2,0,5.4,1.3,0.7,0.708872344,5.525,4.5,5.6,6,6,2624,M8.
2625,0,0,12.5,0.5,9.3,11.83254692,10.575,3.9,28.3,4.7,5.4,2625,M8.
2626,0.2,0,4.3,0.8,0.4,0.387298335,4.35,3.8,4.4,4.5,4.7,2626,M8.
2627,0.1,0,3.6,0.6,2.2,2.26421436,3.2,3.2,0,4.7,4.9,2627,M8.
2628,0.2,0,4.8,1.1,2,1.58113883,4.3,2.7,3.6,4.5,6.4,2628,M8.
2629,0.1,0,4.7,0.7,0.6,0.588784058,4.6,4.2,4,5.2,5,2629,M8.
2630,0.1,0,3.3,0.6,0.4,0.336650165,3.4,3,3.3,3.5,3.8,2630,M8.
2631,0.1,0,3.4,0.5,0.5,0.45,3.425,3.2,3.2,3.2,4.1,2631,M8.
2632,0.1,0,5.2,1,0.5,0.424264069,5.2,5.4,4.9,4.8,5.7,2632,M8.
2633,0.2,0.1,4.7,0.9,0.2,0.206155281,4.725,4.5,5,4.7,4.7,2633,M8.
2634,0.1,0,8.7,3.2,0.2,0.483045892,8.7,9.1,8.9,8,8.8,2634,M8.
2635,0.3,0,9,2.3,1.1,4.3,6.45,9.1,7.5,9.1,0.1,2635,M8.
2636,0.1,0,5,0.8,0.5,2.537058664,3.75,4.4,5.2,0,5.4,2636,M8.
2637,0.1,0,6.5,1,0.8,2.977135088,4.55,5.7,6.3,6.1,0.1,2637,M8.
2638,0.1,0,4.5,0.7,0.6,0.602079729,4.525,3.7,4.8,5.1,4.5,2638,M8.
2639,0.1,0,7.5,1.1,4.6,4.308421985,3.775,7.2,7.8,0.1,0,2639,M8.
2640,0.1,0,3.2,0.9,0.3,3.733630941,5.2,10.8,3.3,3.3,3.4,2640,M8.
2641,0.2,0,7.1,1.8,0.2,0.206155281,7.025,7.3,6.8,7,7,2641,M8.
2642,0.1,0,6.3,0.8,6.8,1.940790217,3.8,6.7,2.6,2.9,3,2642,M8.
2643,0.1,0,6.9,1.1,0.2,3.869108424,3.35,6.6,6.8,0,0,2643,M8.
2644,0.1,0,5.1,0.9,1.1,2.831960452,3.9,3.7,0,5.5,6.4,2644,M8.
2645,0,0,3.3,0.5,0.2,4.25235229,6.925,10.3,3.1,10.9,3.4,2645,M8.
2646,0.2,0,4.1,0.9,0.1,0.05,4.125,4.1,4.1,4.1,4.2,2646,M8.
2647,0.1,0,6.6,0.8,2.3,2.49849955,6.225,2.8,6.6,8.8,6.7,2647,M8.
2648,0.1,0,3.9,0.7,1.5,1.402378931,4.4,6.5,3.6,3.7,3.8,2648,M8.
2649,0.1,0,4.4,0.6,0.1,0.057735027,4.35,4.4,4.3,4.3,4.4,2649,M8.
2650,0.2,0,3.3,0.9,0.3,0.287228132,3.325,3.1,3.1,3.4,3.7,2650,M8.
2651,0.1,0,3.2,0.8,0.3,0.238047614,3.25,3.1,3,3.4,3.5,2651,M8.
2652,0.1,0,3.1,0.6,0.2,0.170782513,3.025,2.8,3,3.2,3.1,2652,M8.
2653,0.1,0,5.2,1.4,1,0.970824392,5.575,6,5.1,4.5,6.7,2653,M8.
2654,0.1,0,3.7,1.1,1,0.925112606,3.625,5,3,3.2,3.3,2654,M8.
2655,0.1,0,4.6,0.9,2.1,1.920720351,4.575,3.9,3.9,3.1,7.4,2655,M8.
2657,0.1,0,2.9,0.6,0.1,0,2.9,2.9,2.9,2.9,2.9,2657,M8.
2658,0.1,0,4.1,0.6,0.3,0.316227766,4.1,4.2,3.8,3.9,4.5,2658,M8.
2659,0.1,0,5.2,1,2.9,2.46221445,3.675,4.6,5.2,4.9,0,2659,M8.
2660,0.6,0,30.7,20,8.5,6.94616201,32.875,35.2,39,34.4,22.9,2660,M8.
2661,0,0,5.9,1.3,3.6,4.237137398,6.7,9.3,3,3.2,11.3,2661,M8.
2662,0.1,0,0,4.2,0,0,0,0,0,0,0,2662,M8.
2663,0.1,0,34.2,17.4,7.4,8.426545358,37.3,41.7,24.7,42.2,40.6,2663,M8.
2664,0.1,0,3.6,0.7,2,1.965324401,3.375,2.7,2.1,2.4,6.3,2664,M8.
2665,0.1,0,21.9,7.6,4.3,6.333706129,25.725,33.2,21.7,28.6,19.4,2665,M8.
2666,0,0,18.4,1.1,3.2,4.821479718,10.9,8.8,11.5,6,17.3,2666,M8.
2667,0,0,3.5,0.5,0.4,0.411298756,3.575,3.2,3.3,4.1,3.7,2667,M8.
2668,0.4,0,5.1,2,0.9,0.9,5.15,4.7,4.1,5.9,5.9,2668,M8.
2669,0.1,0.1,6.5,1.2,0.4,0.244948974,6.7,6.5,6.5,6.8,7,2669,M8.
2670,0.2,0,23.8,12.4,16,26.39752198,32.325,46.5,22.8,59.9,0.1,2670,M8.
2671,0.1,0,6.6,1.6,0.1,0.221735578,6.525,6.6,6.2,6.6,6.7,2671,M8.
2672,0.3,0,25.4,18.3,12.8,18.95424315,26.95,38.6,42,27,0.2,2672,M8.
2673,0.1,0,3.7,0.6,1.7,1.408012784,3.425,5.5,3.1,2.5,2.6,2673,M8.
2674,0.1,0,19.5,16.2,8.6,15.26070662,23.275,30.2,31.6,30.9,0.4,2674,M8.
2675,0,0,6.1,0.8,0.9,0.877021474,6.225,6.7,5.3,5.7,7.2,2675,M8.
2676,0.1,0,10.2,2,1.7,2.266421555,9.45,10,6.3,9.8,11.7,2676,M8.
2677,0.1,0,3.8,0.6,0,0.115470054,3.7,3.6,3.6,3.8,3.8,2677,M8.
2678,0.1,0,22.7,7.8,0.7,8.043423815,25.05,23.6,36.3,23.1,17.2,2678,M8.
2679,0,0,8.5,1.3,0.7,0.673300329,8.3,7.3,8.5,8.7,8.7,2679,M8.
2680,0.1,0,7.3,1.3,0.8,0.660807587,7.25,8,6.4,7.4,7.2,2680,M8.
2681,0.1,0,20.1,17.9,11.5,15.04689891,21.525,26.7,35.4,23.8,0.2,2681,M8.
2682,0,0,11.4,0.7,13.9,21.73528238,16.075,48.3,10,3,3,2682,M8.
2683,0,0,3.9,0.4,1.1,0.594418483,3.9,3.1,3.8,4.3,4.4,2683,M8.
2684,0.1,0,3.1,0.8,0.4,0.412310563,3.05,2.6,3.4,2.8,3.4,2684,M8.
2685,0.1,0,2.4,0.5,0.3,0.25819889,2.4,2.3,2.1,2.5,2.7,2685,M8.
2686,0,0,7.1,0.6,7,0.095742711,2.075,2,2,2.1,2.2,2686,M8.
2687,0,0,2.4,0.6,0.3,0.287228132,2.375,2.2,2.2,2.3,2.8,2687,M8.
2688,0.1,0,4.7,0.7,2.4,1.849324201,3.6,5.2,1.9,5.2,2.1,2688,M8.
2689,0.1,0,23,20.8,0.9,15.27568875,23.1,30,31,31.2,0.2,2689,M8.
2690,0.1,0,4.6,0.6,0.5,0.443471157,4.55,4.3,4.1,4.7,5.1,2690,M8.
2691,0.1,0,4.3,1,0.6,0.518812747,4.275,3.9,3.9,4.3,5,2691,M8.
2692,0,0,5.1,1.5,1.2,1.191637529,5.2,4.7,4,6.8,5.3,2692,M8.
2693,0.1,0,5.4,0.7,0.8,0.899536918,5.325,4.8,4.6,5.3,6.6,2693,M8.
2694,0.1,0,4.6,1.7,0.2,0.182574186,4.6,4.8,4.4,4.7,4.5,2694,M8.
2695,0.1,0,4.6,1.1,0.2,2.273030283,3.4,4.7,4.3,4.6,0,2695,M8.
2696,0.2,0.1,5.2,1,0.3,2.608958924,3.9,4.9,5.3,5.4,0,2696,M8.
2697,0,0,9.6,0.9,7.9,4.182005101,5.575,4.9,9.9,7.4,0.1,2697,M8.
2698,0,0,7.4,0.8,1.6,1.486326568,6.975,5.2,7.5,6.5,8.7,2698,M8.
2699,0,0,7.2,0.8,2.8,2.55,6.825,5.5,5.1,6.1,10.6,2699,M8.
2700,0,0,4.8,0.7,0.6,0.55,4.875,5.4,4.1,5,5,2700,M8.
2701,0.1,0,6.8,1.1,0.8,3.447221103,5.05,5.7,7.4,7.1,0,2701,M8.
2702,0.1,0,5.5,0.8,0.4,0.412310563,5.55,5.3,5.1,5.9,5.9,2702,M8.
2703,0,0,5.7,0.9,0.4,2.773084925,4.25,5.5,5.9,5.5,0.1,2703,M8.
2704,0.1,0,5.9,2,0.3,0.262995564,5.925,5.7,5.7,6.1,6.2,2704,M8.
2705,0,0,3.5,0.5,1.3,1.552149048,3.625,5.9,2.5,2.8,3.3,2705,M8.
2706,0.1,0,8.2,1.5,1.2,3.984553509,5.95,6.9,8.9,7.9,0.1,2706,M8.
2707,0.1,0,6.4,1.7,0.9,0.801560977,6.325,7.5,6.1,5.7,6,2707,M8.
2708,0.1,0,5.9,1.1,0.7,0.788986692,6.025,5.7,5.5,5.7,7.2,2708,M8.
2709,0,0,2.6,0.7,0.1,2.037154879,3.65,6.7,2.6,2.5,2.8,2709,M8.
2710,0.2,0,4.7,0.7,1,0.801560977,4.675,4.1,4.1,4.7,5.8,2710,M8.
2711,0,0,9.8,1,6.6,7.008268926,5.825,8.7,14.4,0.1,0.1,2711,M8.
2712,0,0,8.5,1.1,0.4,4.091454509,6.2,8.8,7.7,8.2,0.1,2712,M8.
2713,0.1,0,6.9,2.3,0.6,0.623832242,6.875,7.8,6.7,6.5,6.5,2713,M8.
2714,0,0,8.4,1.7,0.4,4.073491541,6.2,8.4,7.9,0.1,8.4,2714,M8.
2715,0.1,0,10.6,2.5,0.2,0.3,10.65,10.8,10.2,10.8,10.8,2715,M8.
2716,0.1,0,3.8,0.7,0.1,0.141421356,3.8,3.6,3.8,3.9,3.9,2716,M8.
2717,0.1,0.1,5.3,0.7,0.4,16.82109291,14.075,39.3,5.5,5.3,6.2,2717,M8.
2718,0,0,2.7,0.5,0.2,0.21602469,2.7,2.9,2.4,2.8,2.7,2718,M8.
2719,0,0,3.3,0.7,0.3,0.262995564,3.325,3.1,3.1,3.5,3.6,2719,M8.
2720,0.1,0,3.4,1,0.2,0.191485422,3.35,3.6,3.2,3.4,3.2,2720,M8.
2721,0.1,0,3.6,0.8,0.3,0.262995564,3.625,3.4,3.6,3.5,4,2721,M8.
2722,0,0,1.2,0.6,4.6,0.310912635,3.65,3.5,3.4,3.6,4.1,2722,M8.
2723,0.1,0,4.3,0.7,0.4,0.359397644,4.225,3.9,4,4.3,4.7,2723,M8.
2724,0.1,0,3.8,1.1,0.1,0.057735027,3.75,3.8,3.7,3.7,3.8,2724,M8.
2725,0.1,0,4.2,0.8,0.5,0.386221008,4.325,4.7,3.9,4.6,4.1,2725,M8.
2726,0.1,0,5.6,0.8,0.6,0.697614985,5.6,4.6,5.7,5.9,6.2,2726,M8.
2727,0,0,6.2,1.2,0.2,0.095742711,6.175,6.2,6.3,6.1,6.1,2727,M8.
2728,0.1,0,7.7,1.6,1,1.071991915,7.825,6.6,7.6,7.9,9.2,2728,M8.
2729,0,0,10.3,1.1,1.2,1.4103782,8.625,7,9.3,8,10.2,2729,M8.
2730,0,0,3.6,0.6,0.1,0.05,3.525,3.5,3.6,3.5,3.5,2730,M8.
2731,0,0,3.1,0.4,0.6,0.56199051,3.075,2.8,3.8,2.5,3.2,2731,M8.
2732,0,0,3.1,0.5,0.4,0.547722558,3.2,2.6,3,3.3,3.9,2732,M8.
2733,0.1,0,3.1,0.6,0.3,1.592691642,2.35,2.8,0,3.1,3.5,2733,M8.
2734,0,0,5.2,0.6,1.2,1.220314167,4.825,4.9,4.2,3.7,6.5,2734,M8.
2735,0.1,0,4.7,1.1,0.1,2.285278976,3.425,0,4.7,4.5,4.5,2735,M8.
2736,0.1,0,3.8,0.6,0.2,0.191485422,3.85,3.7,3.7,3.9,4.1,2736,M8.
2737,0.1,0,4.1,1.1,1,0.909212113,4.2,4.4,3,5.2,4.2,2737,M8.
2738,0,0,5.2,0.6,0.3,0.264575131,5.25,4.9,5.5,5.2,5.4,2738,M8.
2739,0,0,5.6,0.9,2.3,2.878657094,4.2,4.7,5.8,6.3,0,2739,M8.
2740,0.6,0,18,19.1,11.9,19.17098502,27.5,44.8,34.5,30.5,0.2,2740,M8.
2741,0,0,4.9,0.5,2,1.833712082,4.875,2.8,6.1,6.7,3.9,2741,M8.
2742,0.1,0,3.5,0.8,0.4,0.450924975,3.45,3.4,2.9,3.5,4,2742,M8.
2743,0.1,0,4,0.9,0.4,0.331662479,3.95,4.2,3.5,3.9,4.2,2743,M8.
2744,0.1,0,22.3,14.7,11.8,16.87611725,25.65,31.7,36.4,34,0.5,2744,M8.
2745,0,0,4,0.8,0.3,0.275378527,3.925,4.2,4.1,3.8,3.6,2745,M8.
2746,0,0,3.7,0.8,2.1,1.686218649,2.45,0,3.4,2.7,3.7,2746,M8.
2747,0,0,3,0.7,0.3,0.264575131,3.05,3.2,2.7,3,3.3,2747,M8.
2748,0.1,0,3.4,0.9,0.3,0.238047614,3.35,3,3.5,3.4,3.5,2748,M8.
2749,0,0,3.2,0.7,0.5,0.294392029,3.1,3.1,2.7,3.2,3.4,2749,M8.
2750,0.1,0,3.4,0.8,0.2,0.163299316,3.4,3.2,3.4,3.6,3.4,2750,M8.
2751,0,0,4.9,0.4,2.3,1.941434178,4.325,2.6,3.6,7.1,4,2751,M8.
2752,0,0,3.8,0.4,0.2,0.191485422,3.75,3.6,3.8,3.6,4,2752,M8.
2753,0.1,0,3.2,0.6,0.5,0.465474668,3.25,2.8,2.9,3.6,3.7,2753,M8.
2754,0.1,0,4.2,0.8,0.3,0.288675135,4.15,4.1,3.8,4.2,4.5,2754,M8.
2755,0,0,9.9,1.2,2.8,2.725802634,9.35,10.9,7.1,7,12.4,2755,M8.
2756,0.1,0,25.2,7.5,1.1,1.167261753,26.025,27.2,25.8,24.5,26.6,2756,M8.
2757,0.1,0,28.8,15.1,9.2,8.773064839,33.9,27.5,41.8,41.1,25.2,2757,M8.
2758,0.1,0,6.6,2.6,0.2,0.163299316,6.5,6.7,6.5,6.5,6.3,2758,M8.
2759,0.1,0,4.2,1,2.3,1.627626083,4.325,2.6,3.4,5.1,6.2,2759,M8.
2760,0.1,0,3.5,0.7,0.5,0.485626743,3.425,2.7,3.6,3.7,3.7,2760,M8.
2761,0.1,0,2.9,0.8,0.4,0.320156212,2.875,3.1,2.4,3,3,2761,M8.
2762,0,0,2.9,0.5,0.9,0.921502396,3.025,2.5,2.5,4.4,2.7,2762,M8.
2763,0.1,0,3.1,0.5,0.4,1.445394986,2.125,0,2.5,2.8,3.2,2763,M8.
2764,0.2,0,3.3,0.7,0.4,0.336650165,3.3,3.7,2.9,3.2,3.4,2764,M8.
2765,0,0,5.9,0.7,2.9,2.2,4.2,6.1,2.5,6.1,2.1,2765,M8.
2766,0.1,0,7.2,1.1,0.8,0.784750491,7.425,6.7,8,6.8,8.2,2766,M8.
2767,0,0,7.7,0.5,0.5,3.034248946,3.6,2.2,1.5,8.1,2.6,2767,M8.
2768,0.1,0,5.7,1.4,1.2,0.99121138,5.375,4.4,4.7,5.9,6.5,2768,M8.
2769,0.2,0,21.8,17.8,11.4,21.44782429,35.275,27.3,59.8,44,10,2769,M8.
2770,0,0,6.6,0.7,7.1,6.134805077,6.875,16,3.6,4.9,3,2770,M8.
2771,0,0,3.1,0.6,0.6,1.480990659,2.2,2.9,2.7,3.2,0,2771,M8.
2772,0,0,5.1,1.1,0.2,0.129099445,5.05,4.9,5,5.1,5.2,2772,M8.
2773,0,0,5.9,1,3.3,3.923009049,3.25,4.6,0.1,8.2,0.1,2773,M8.
2774,0.3,0,26.6,20.8,10.2,17.11685329,26.2,30.8,34.2,38.8,1,2774,M8.
2775,0,0,5.6,1,0.5,0.567890835,5.475,6.3,5.3,5.3,5,2775,M8.
2776,0.1,0,11.1,3.8,1.9,1.55,11.025,13,10.3,9.4,11.4,2776,M8.
2777,0,0,14.2,2.6,4.6,6.212084996,5.45,10,11.6,0.1,0.1,2777,M8.
2778,0,0,8.8,2.3,1,0.668331255,9,8.8,8.3,9.9,9,2778,M8.
2779,0,0,3.3,0.6,0.1,0.05,3.325,3.3,3.3,3.4,3.3,2779,M8.
2780,0.2,0,3.7,0.9,0.4,0.310912635,3.65,3.3,3.5,3.8,4,2780,M8.
2781,0.1,0,6.4,0.8,1.6,1.376892637,6.575,5.2,8.2,5.7,7.2,2781,M8.
2782,0.1,0,3.4,0.7,0.2,0.221735578,3.375,3.3,3.2,3.3,3.7,2782,M8.
2783,0.1,0,3.8,0.7,0.5,0.525991128,3.65,3.2,3.4,3.6,4.4,2783,M8.
2784,0,0,4.4,0.7,0.5,0.478713554,4.325,3.7,4.2,4.7,4.7,2784,M8.
2785,0.1,0,4,1.5,0.1,0.1,3.95,3.8,4,4,4,2785,M8.
2786,0.2,0,23.9,17.1,11.9,17.97579391,24.875,38.9,19.8,39.2,1.6,2786,M8.
2787,0,0,10.6,0.7,3.1,3.444802849,11.4,13.6,7.8,15,9.2,2787,M8.
2788,0.2,0,7.4,1.9,2.3,1.833712082,7.775,6,6.8,8.1,10.2,2788,M8.
2789,0.1,0,3.7,0.9,0.1,0.05,3.725,3.7,3.7,3.8,3.7,2789,M8.
2790,0.1,0,4.3,1.1,0.9,0.842614977,4.35,3.1,4.6,4.9,4.8,2790,M8.
2791,0,0,5.6,0.7,0.7,0.618465844,5.675,5,5.6,5.6,6.5,2791,M8.
2792,0,0,5.2,1,3.8,2.969287232,4.45,5.8,5.9,6.1,0,2792,M8.
2793,0,0,6.1,0.9,0.5,0.522812905,6.2,5.8,6.9,6.3,5.8,2793,M8.
2794,0,0,8.4,1.3,1.4,4.407947368,6.35,7.9,7,10.4,0.1,2794,M8.
2795,0,0,3.2,0.7,0.5,0.496655481,3.2,3,2.6,3.5,3.7,2795,M8.
2796,0.3,0,5.1,1.9,0.1,0.21602469,4.9,4.7,4.9,5.2,4.8,2796,M8.
2797,0.1,0,2.8,0.5,0.5,0.493288286,2.85,2.3,2.8,2.8,3.5,2797,M9.
2798,0.1,0,2.9,0.8,2,2.331487365,2.975,2.5,3.9,5.5,0,2798,M9.
2799,0.2,0,3.3,1.2,0.3,0.391578004,3.4,3,3.2,3.5,3.9,2799,M9.
2800,0.1,0,2.3,0.6,0.2,0.125830574,2.275,2.1,2.3,2.3,2.4,2800,M9.
2801,0.1,0,3.2,0.8,0.2,0.095742711,3.225,3.1,3.2,3.3,3.3,2801,M9.
2802,0.2,0,4.8,1.2,1.4,1.034005158,4.625,3.6,4,5,5.9,2802,M9.
2803,0.2,0,3.4,1,0.1,0.095742711,3.325,3.2,3.4,3.3,3.4,2803,M9.
2804,0.3,0,4.4,1.9,0.4,0.287228132,4.325,3.9,4.4,4.5,4.5,2804,M9.
2805,0.2,0,3.4,1.3,0.2,0.129099445,3.45,3.3,3.6,3.5,3.4,2805,M9.
2806,0.1,0,3.3,1,0.6,0.42031734,3.35,3.2,2.9,3.4,3.9,2806,M9.
2807,0.2,0,3.8,1.2,0.4,0.25,3.725,3.7,3.4,3.8,4,2807,M9.
2808,0.1,0,3.6,1,0.2,0.189296945,3.675,3.4,3.8,3.8,3.7,2808,M9.
2809,0.1,0,3.3,0.7,0.4,0.4163332,3.2,3.1,2.7,3.3,3.7,2809,M9.
2810,0.1,0,3.7,0.8,0.4,0.411298756,3.675,3.8,3.4,3.3,4.2,2810,M9.
2811,0.1,0,4.6,1.2,0.6,0.471699057,4.575,3.9,4.7,4.7,5,2811,M9.
2812,0.1,0,2.4,0.7,0.4,0.4163332,2.5,2,2.4,2.6,3,2812,M9.
2813,0.1,0,3.2,0.7,1,0.64807407,3.2,2.6,2.9,3.2,4.1,2813,M9.
2814,0.1,0,2.8,0.6,0.9,0.639661369,2.925,2,3,3.4,3.3,2814,M9.
2815,0.1,0,2.8,0.6,0.3,0.359397644,2.825,2.5,2.6,2.9,3.3,2815,M9.
2816,0.1,0,4.3,2.5,1.5,26.83820349,26.675,2.4,4.6,47.6,52.1,2816,M9.
2817,0.1,0,3,0.8,0.1,0.05,2.975,2.9,3,3,3,2817,M9.
2818,0.1,0,3.1,0.7,0.3,0.221735578,3.075,2.8,3,3.3,3.2,2818,M9.
2819,0.3,0,4.1,0.9,0.3,0.341565026,4.15,3.7,4.1,4.3,4.5,2819,M9.
2820,0.1,0,4.7,1.6,0.1,0.095742711,4.625,4.5,4.6,4.7,4.7,2820,M9.
2821,0.2,0,4,1.1,0.3,0.238047614,4.05,3.9,4.2,3.8,4.3,2821,M9.
2822,0.1,0,3.6,0.9,0.1,0,3.6,3.6,3.6,3.6,3.6,2822,M9.
2823,0.1,0,4.7,1.2,1.1,1.036018018,4.6,3.6,4.1,4.7,6,2823,M9.
2824,0.1,0,3.5,0.8,0.4,0.40824829,3.5,3.1,3.2,3.9,3.8,2824,M9.
2825,0,0,5.7,0.9,0.7,0.680073525,5.525,4.6,5.8,6.2,5.5,2825,M9.
2826,0,0,3.1,0.8,0,0,3.1,3.1,3.1,3.1,3.1,2826,M9.
2827,0.1,0,4.7,2.4,0.1,0.05,4.775,4.8,4.8,4.8,4.7,2827,M9.
2828,0.1,0,2.6,1,0.1,0.05,2.625,2.6,2.6,2.7,2.6,2828,M9.
2829,0.2,0,3.2,1.4,0.2,0.095742711,3.225,3.2,3.1,3.3,3.3,2829,M9.
2830,0,0,3.3,0.7,1,1.438749457,2.15,2.9,2.7,3,0,2830,M9.
2831,0.1,0,2.7,0.7,0.3,0.3,2.65,2.4,2.4,2.8,3,2831,M9.
2832,0.2,0,2.7,0.9,0.2,0.221735578,2.725,2.5,2.6,2.8,3,2832,M9.
2833,0,0,1.9,0.4,0.4,0.341565026,1.85,1.5,1.7,1.9,2.3,2833,M9.
2834,0,0,2.1,0.5,0.1,0.05,2.125,2.1,2.1,2.1,2.2,2834,M9.
2835,0.1,0,3.1,0.7,0.3,0.37859389,3.15,2.6,3.2,3.4,3.4,2835,M9.
2836,0.1,0,3.8,1.2,0.2,0.21602469,3.7,3.6,4,3.7,3.5,2836,M9.
2837,0.1,0,3.5,0.9,0.8,0.665832812,3.55,3,3.2,3.5,4.5,2837,M9.
2838,0,0,5.2,1.3,1.1,0.997914492,5.125,5.1,3.8,5.4,6.2,2838,M9.
2839,0,0,3.1,0.7,0.4,0.355902608,3.1,2.8,2.8,3.3,3.5,2839,M9.
2840,0,0,3,0.5,0.4,0.340342964,3.025,2.9,2.7,3,3.5,2840,M9.
2841,0.1,0,4.2,1.6,0.8,0.87321246,4.125,3.1,3.7,4.8,4.9,2841,M9.
2842,0.1,0,2.6,0.7,0.1,0.125830574,2.625,2.6,2.5,2.6,2.8,2842,M9.
2843,0.1,0,2.6,0.4,0.9,0.590903263,2.575,1.8,2.5,2.8,3.2,2843,M9.
2844,0,0,3.1,0.6,0.3,0.341565026,3.15,3.1,2.7,3.5,3.3,2844,M9.
2845,0.1,0,2.7,0.6,0.3,0.287228132,2.775,2.8,2.4,2.8,3.1,2845,M9.
2846,0.1,0,0,1,0,0,0,0,0,0,0,2846,M9.
2847,0,0,2.7,0.7,0.2,0.262995564,2.625,2.4,2.4,2.8,2.9,2847,M9.
2848,0,0,2.7,0.5,0.6,0.469041576,2.8,2.6,2.6,3.5,2.5,2848,M9.
2849,0,0,3.5,0.5,1.1,0.783156008,3.5,4.3,2.5,3.3,3.9,2849,M9.
2850,0,0,3,0.7,0.4,0.377491722,3.075,2.6,3,3.2,3.5,2850,M9.
2851,0,0,24,0.6,12.4,20.43499857,19.675,36.1,38.6,1.9,2.1,2851,M9.
2852,0,0,2,0.5,0.2,0.25,2.025,2.1,1.7,2,2.3,2852,M9.
2853,0,0,2.9,0.4,1.1,0.928708781,2.975,4.3,2.2,2.9,2.5,2853,M9.
2854,0.1,0,3.8,0.9,0.2,0.170782513,3.925,3.7,3.9,4.1,4,2854,M9.
2855,0.1,0,3.9,1.1,0.7,0.743863787,3.7,2.6,4.1,4.2,3.9,2855,M9.
2856,0.1,0,3.1,1.8,3,2.694902596,3.425,2.5,4.9,6.2,0.1,2856,M9.
2857,0.1,0,5.5,1.7,3.5,2.099206199,5,2.5,4.4,5.6,7.5,2857,M9.
2858,0.1,0,5.3,1.8,2.9,2.956771888,4.175,4.3,7.1,5.2,0.1,2858,M9.
2859,0,0,3.4,0.5,2.1,1.77646653,3.325,1.4,2.4,4.1,5.4,2859,M9.
2860,0,0,4.5,2,1,22.31255252,15.25,3.3,5.1,48.7,3.9,2860,M9.
2861,0,0,3.7,0.5,0.5,0.485626743,3.825,3.2,3.7,4.1,4.3,2861,M9.
2862,0,0,2.9,0.8,0.9,0.838649708,2.85,1.7,3.1,3.7,2.9,2862,M9.
2863,0,0,2.6,0.8,0.6,0.443471157,2.75,2.2,2.6,3,3.2,2863,M9.
2864,0.1,0,3.9,1.5,0.6,0.793200269,4.075,2.9,4.3,4.5,4.6,2864,M9.
2865,0,0,3.1,0.9,0.1,0.081649658,3.1,3,3.1,3.2,3.1,2865,M9.
2866,0,0,2.7,0.5,0.2,0.163299316,2.7,2.7,2.5,2.7,2.9,2866,M9.
2867,0.1,0,5,1.8,0.7,0.590903263,4.875,4,5.1,5.3,5.1,2867,M9.
2868,0.1,0,4.2,1.9,0.1,0,4.2,4.2,4.2,4.2,4.2,2868,M9.
2869,0,0,3.6,1.3,1.1,0.806225775,3.45,2.8,3,3.4,4.6,2869,M9.
2870,0.1,0,4,1.4,0.2,0.191485422,3.95,3.8,3.8,4.2,4,2870,M9.
2871,0,0,4.3,1.6,0.9,0.793200269,4.475,3.5,4.3,5.4,4.7,2871,M9.
2872,0,0,4.7,0.9,3.6,2.955785288,4.25,4.8,5,7.1,0.1,2872,M9.
2873,0,0,4.4,1,0.4,0.469041576,4.6,4,4.5,5.1,4.8,2873,M9.
2874,0,0,4.8,1.6,0.6,0.411298756,4.925,4.4,5,5.4,4.9,2874,M9.
2875,0,0,3.7,1.6,0.5,0.336650165,3.6,3.7,3.2,4,3.5,2875,M9.
2876,0,0,4.5,0.8,0.7,0.730296743,4.5,3.7,4.1,5.3,4.9,2876,M9.
2877,0,0,3.7,0.8,0.2,0.221735578,3.675,3.6,3.6,4,3.5,2877,M9.
2878,0,0,2.4,0.5,0.1,0.129099445,2.45,2.3,2.4,2.6,2.5,2878,M9.
2879,0,0,3,0.7,0.4,0.394757309,2.975,2.4,3.1,3.3,3.1,2879,M9.
2880,0,0,3.1,0.8,0.2,0.206155281,3.025,2.8,3,3,3.3,2880,M9.
2881,0.1,0,4.8,2,3.3,3.651940124,5.45,6.2,8.1,7.4,0.1,2881,M9.
2882,0.1,0,6.2,2.1,1.3,1.571623365,5.65,3.3,6.6,6.3,6.4,2882,M9.
2883,0,0,3.3,0.6,0.6,0.675154303,3.425,2.7,3,4,4,2883,M9.
2884,0.1,0,4,1.4,0.2,0.125830574,3.925,3.8,4.1,3.9,3.9,2884,M9.
2885,0.1,0,3.3,0.9,0.3,0.189296945,3.325,3.3,3.2,3.2,3.6,2885,M9.
2886,0,0,5.1,1,0.8,0.75055535,4.95,4,4.7,5.5,5.6,2886,M9.
2887,0,0,4.3,1.7,2.9,2.964652875,4.475,5.3,5.9,6.6,0.1,2887,M9.
2888,0,0,2.7,0.5,0.5,0.387298335,2.65,2.3,2.5,2.6,3.2,2888,M9.
2889,0,0,2.3,0.5,0.3,0.206155281,2.375,2.1,2.4,2.6,2.4,2889,M9.
2890,0,0,4.3,1.8,0.4,0.275378527,4.425,4.1,4.3,4.7,4.6,2890,M9.
2891,0,0,4.7,0.8,0.9,2.094437076,3.1,3.8,4,4.6,0,2891,M9.
2892,0,0,3.8,1,2.3,1.866145761,2.775,3.4,3.7,4,0,2892,M9.
2893,0,0,3.1,0.5,0.3,0.288675135,3.05,2.8,2.8,3.3,3.3,2893,M9.
2894,0.1,0,3.1,0.7,0.6,0.573730483,3.075,2.6,2.8,3,3.9,2894,M9.
2895,0,0,2.6,0.4,0.1,0.081649658,2.6,2.6,2.5,2.7,2.6,2895,M9.
2896,0,0,2.7,0.4,0.4,0.386221008,2.675,2.3,2.5,2.7,3.2,2896,M9.
2897,0,0,2.6,0.5,0.5,0.505799697,2.475,2.6,1.9,3.1,2.3,2897,M9.
2898,0,0,2.7,0.5,0.1,0.1,2.75,2.8,2.6,2.8,2.8,2898,M9.
2899,0,0,3.6,0.6,1.5,1.358921141,3.3,4.1,4.8,2.1,2.2,2899,M9.
2900,0,0,2.8,0.4,0.5,0.427200187,2.775,2.3,2.6,2.9,3.3,2900,M9.
2901,0,0,1.1,0.6,0.6,0.49244289,1.125,0.5,1.2,1.1,1.7,2901,M9.
2902,0,0,1.7,0.5,0.2,0.236290781,1.675,1.5,1.5,1.7,2,2902,M9.
2903,0,0,1.8,0.5,0.2,0.27080128,1.8,1.4,1.9,1.9,2,2903,M9.
2904,0,0,2.1,0.4,0.2,0.173205081,2.15,2,2.1,2.1,2.4,2904,M9.
2905,0,0,2.1,0.5,0.1,0.081649658,2.1,2,2.1,2.2,2.1,2905,M9.
2906,0,0,2.2,0.5,0.3,1.071991915,1.575,0,1.8,2.2,2.3,2906,M9.
2907,0.1,0,2.5,0.7,0.3,0.298607881,2.575,2.2,2.7,2.9,2.5,2907,M9.
2908,0,0,2.8,1,0.2,0.141421356,2.8,2.7,2.7,3,2.8,2908,M9.
2909,0,0,2.6,0.7,0.3,0.264575131,2.65,2.6,2.3,2.9,2.8,2909,M9.
2910,0,0,2.5,0.7,0.3,0.443471157,2.45,1.8,2.6,2.6,2.8,2910,M9.
2911,0,0,1.8,0.5,1.1,0.627162924,1.8,1,1.6,2.3,2.3,2911,M9.