"","pred_a1","pred_a0","pred_mu","pred_sigma","pred_mu_sigma","variance","mean_peak","mu_1","mu_2","mu_3","mu_4","mu_5","mu_6","mu_7","mu_8","CellID","animal"
"1","0.1","0","2.8","2.4","1.8","2.66270539113887","3.2","3.5","0.4","5.7",NA,NA,NA,NA,NA,"1","F3."
"10","0","0","6.5","1","6.3","5.75007246331151","5.13333333333333","2.7","1","11.7",NA,NA,NA,NA,NA,"10","F3."
"100","0","0","1.9","2.5","0.1","0.923760430703401","1.16666666666667","1.7","0.1","1.7",NA,NA,NA,NA,NA,"100","F5."
"1000","0.1","0","30.7","3.4","11.2","19.8525397199787","21.9333333333333","0.1","38.9","26.8",NA,NA,NA,NA,NA,"1000","M4."
"1001","0.1","0","8.1","2.5","2.3","2.33023603954621","8.6","6","9.3","10.5",NA,NA,NA,NA,NA,"1001","M4."
"1002","0.5","0","17.5","10.1","0.5","0.152752523165195","16.9333333333333","16.9","17.1","16.8",NA,NA,NA,NA,NA,"1002","M4."
"1003","0.4","0","16.9","9.4","0.6","0.416333199893227","16.8666666666667","17","17.2","16.4",NA,NA,NA,NA,NA,"1003","M4."
"1004","0.1","0","7.8","2.1","4.7","4.63609030685699","6.46666666666667","3.4","11.8","4.2",NA,NA,NA,NA,NA,"1004","M4."
"1005","0.1","0","21","6.4","1.9","1.42945210949277","21.4333333333333","21.1","23","20.2",NA,NA,NA,NA,NA,"1005","M4."
"1006","0","0","14.6","1","10.4","15.244999180059","9.9","1.4","0.8","27.5",NA,NA,NA,NA,NA,"1006","M4."
"1007","0.1","0","10.2","1.8","9.8","14.9252582333886","10.0666666666667","1.3","1.6","27.3",NA,NA,NA,NA,NA,"1007","M4."
"1008","0.1","0","7","3.8","2.3","1.9731531449265","6.93333333333333","5.6","9.2","6",NA,NA,NA,NA,NA,"1008","M4."
"1009","0","0","6","1.6","2.6","2.05264057577875","4.83333333333333","3.1","4.3","7.1",NA,NA,NA,NA,NA,"1009","M4."
"101","0","0","22.5","1","11.7","12.5221137725758","26.3333333333333","11.9","34.3","32.8",NA,NA,NA,NA,NA,"101","F5."
"1010","0","0","4.4","1","11.3","2.23681320930768","2.66666666666667","3.7","4.2","0.1",NA,NA,NA,NA,NA,"1010","M4."
"1011","0.1","0","29.2","6.9","1.7","2.1007935008785","28.4666666666667","26.4","30.6","28.4",NA,NA,NA,NA,NA,"1011","M4."
"1012","0.1","0","5.5","4.9","0.5","2.7646579052992","3.96666666666667","5.9","5.2","0.8",NA,NA,NA,NA,NA,"1012","M4."
"1013","0.1","0","11.2","2.9","4.6","3.90512483795333","9.5","5","12","11.5",NA,NA,NA,NA,NA,"1013","M4."
"1014","0.1","0","3.8","1.7","1.4","1.56950098226581","3.96666666666667","4.5","5.2","2.2",NA,NA,NA,NA,NA,"1014","M4."
"1015","0","0","4.7","1.1","0.5","0.45092497528229","4.93333333333333","5.4","4.9","4.5",NA,NA,NA,NA,NA,"1015","M4."
"1016","0.1","0","5.2","2.1","3.1","3.84317577011513","5.4","6.6","8.5","1.1",NA,NA,NA,NA,NA,"1016","M4."
"1017","0.1","0","8.4","2.7","2.6","3.28836332137027","9.56666666666667","7.1","13.3","8.3",NA,NA,NA,NA,NA,"1017","M4."
"1018","0.1","0","9.6","1.4","0.4","1.47309198626562","9","7.3","9.8","9.9",NA,NA,NA,NA,NA,"1018","M4."
"1019","0.1","0","11.7","3.2","6.2","5.50545184340032","12.9","11.4","19","8.3",NA,NA,NA,NA,NA,"1019","M4."
"102","0","0","9.6","1.7","7.2","8.55004873280459","6.23333333333333","1","16.1","1.6",NA,NA,NA,NA,NA,"102","F5."
"1020","0.1","0","3.1","1.8","1.1","1.13578166916005","3.2","4","3.7","1.9",NA,NA,NA,NA,NA,"1020","M4."
"1021","0.1","0","1.2","2.3","0.4","1.11504857891185","1.46666666666667","2.3","1.9","0.2",NA,NA,NA,NA,NA,"1021","M4."
"1022","0.1","0","1.4","2.8","0.1","0.351188458428425","1.43333333333333","1.1","1.8","1.4",NA,NA,NA,NA,NA,"1022","M4."
"1023","0.1","0","0.6","2.7","0.6","0.404145188432738","0.666666666666667","0.9","0.9","0.2",NA,NA,NA,NA,NA,"1023","M4."
"1024","0.1","0","5.5","3.1","4.4","3.21403173599764","4.9","6.5","7","1.2",NA,NA,NA,NA,NA,"1024","M4."
"1025","0.1","0","4.7","3.4","3.1","3.60185137579736","4.23333333333333","5.9","6.7","0.1",NA,NA,NA,NA,NA,"1025","M4."
"1026","0.1","0","8.6","3.3","2.8","2.51064400768674","8.53333333333333","8.8","10.9","5.9",NA,NA,NA,NA,NA,"1026","M4."
"1027","0.1","0","26.3","1.7","5.6","5.39660387033673","29.9333333333333","34.3","31.6","23.9",NA,NA,NA,NA,NA,"1027","M4."
"1028","0.1","0","11.9","1.9","10.8","13.2258585102568","11.4333333333333","5.4","2.3","26.6",NA,NA,NA,NA,NA,"1028","M4."
"1029","0.1","0","12.5","2.5","11.3","17.0607737221968","10.2","0.3","0.4","29.9",NA,NA,NA,NA,NA,"1029","M4."
"103","0","0","32.1","0","3.6","2.1221058723196","31.0333333333333","32.5","28.6","32",NA,NA,NA,NA,NA,"103","F5."
"1030","0.1","0","15.1","5","10.6","14.7408728823409","15.8666666666667","10.2","4.8","32.6",NA,NA,NA,NA,NA,"1030","M4."
"1031","0.1","0","26","8.5","0.4","0.435889894354067","25.8","26.3","25.5","25.6",NA,NA,NA,NA,NA,"1031","M4."
"1032","0","0","2.9","0.7","1.7","1.65025250593154","2.56666666666667","0.9","2.6","4.2",NA,NA,NA,NA,NA,"1032","M4."
"1033","0","0","3.9","0.9","0.9","0.850490054811538","3.86666666666667","4.5","2.9","4.2",NA,NA,NA,NA,NA,"1033","M4."
"1034","0","0","20.2","2.8","10.1","13.8507520854766","18.7333333333333","27.9","2.8","25.5",NA,NA,NA,NA,NA,"1034","M4."
"1035","0","0","4.5","1","0.6","2.78747197295327","3.3","5.2","4.6","0.1",NA,NA,NA,NA,NA,"1035","M4."
"1036","0","0","9.5","1.3","3.7","2.39652526240249","9.76666666666667","7","11.2","11.1",NA,NA,NA,NA,NA,"1036","M4."
"1037","0.1","0","1.9","3.9","1.1","1.42945210949277","1.96666666666667","3.2","0.4","2.3",NA,NA,NA,NA,NA,"1037","M4."
"1038","0.1","0","15.7","1.6","11.3","13.6258333078507","17.3333333333333","7.1","12.1","32.8",NA,NA,NA,NA,NA,"1038","M4."
"1039","0.1","0","8.5","2","4.6","4.93186915208963","8.26666666666667","12.6","9.3","2.9",NA,NA,NA,NA,NA,"1039","M4."
"104","0","0","1.5","3.9","0.9","0.737111479583199","2.03333333333333","2.6","1.2","2.3",NA,NA,NA,NA,NA,"104","F5."
"1040","0","0","2","1.2","1.1","1.32035348802256","2.26666666666667","2","1.1","3.7",NA,NA,NA,NA,NA,"1040","M4."
"1041","0.2","0","5","1.9","0.3","0.494974746830583","5.15","5.5","4.8",NA,NA,NA,NA,NA,NA,"1041","M5."
"1042","0.3","0","5.1","2.7","0.2","0","5.3","5.3","5.3",NA,NA,NA,NA,NA,NA,"1042","M5."
"1043","0.4","0","3.6","2.1","1.1","1.34350288425444","4.05","5","3.1",NA,NA,NA,NA,NA,NA,"1043","M5."
"1044","0.5","0","6.6","2.7","2.4","2.33345237791561","7.15","8.8","5.5",NA,NA,NA,NA,NA,NA,"1044","M5."
"1045","0","0","6.1","1.5","0.5","0.282842712474619","6.3","6.5","6.1",NA,NA,NA,NA,NA,NA,"1045","M5."
"1046","0.1","0","8.4","1","2.1","2.54558441227157","6.9","8.7","5.1",NA,NA,NA,NA,NA,NA,"1046","M5."
"1047","0.4","0","6.2","4.5","1.7","1.62634559672906","6.05","7.2","4.9",NA,NA,NA,NA,NA,NA,"1047","M5."
"1048","0.1","0","5.1","1.3","4.6","4.94974746830583","4","7.5","0.5",NA,NA,NA,NA,NA,NA,"1048","M5."
"1049","0.2","0","7","4.6","1.8","3.7476659402887","6.25","3.6","8.9",NA,NA,NA,NA,NA,NA,"1049","M5."
"105","0","0","15","0.8","8.5","14.4683562761405","15.1333333333333","7.8","31.8","5.8",NA,NA,NA,NA,NA,"105","F5."
"1050","0.1","0","10.5","3.3","3","2.54558441227157","9.2","7.4","11",NA,NA,NA,NA,NA,NA,"1050","M5."
"1051","0","0","31.9","0","2.3","0.565685424949236","34.4","34","34.8",NA,NA,NA,NA,NA,NA,"1051","M5."
"1052","0","0","16.1","0.6","9.9","17.8898015640197","19.35","32","6.7",NA,NA,NA,NA,NA,NA,"1052","M5."
"1053","0.3","0","6.4","3.7","1","0.282842712474619","6.2","6","6.4",NA,NA,NA,NA,NA,NA,"1053","M5."
"1054","0.3","0","3.4","5.1","2.2","4.31335136523794","3.35","0.3","6.4",NA,NA,NA,NA,NA,NA,"1054","M5."
"1055","0.2","0","10.2","2.1","3.4","2.75771644662754","5.85","7.8","3.9",NA,NA,NA,NA,NA,NA,"1055","M5."
"1056","0.1","0","4.2","0.7","1.2","0.777817459305202","4.55","4","5.1",NA,NA,NA,NA,NA,NA,"1056","M5."
"1057","0.3","0","4.2","3.8","0.4","1.27279220613579","4.8","3.9","5.7",NA,NA,NA,NA,NA,NA,"1057","M5."
"1058","0.2","0","4.9","2","0.2","0.494974746830583","5.25","4.9","5.6",NA,NA,NA,NA,NA,NA,"1058","M5."
"1059","0.1","0","4","0.5","0.7","0.848528137423857","3.9","4.5","3.3",NA,NA,NA,NA,NA,NA,"1059","M5."
"106","0","0","2.6","1.8","0.1","0.450924975282289","2.36666666666667","2.4","2.8","1.9",NA,NA,NA,NA,NA,"106","F5."
"1060","0.1","0","3.1","0.9","0.3","0.424264068711929","2.9","2.6","3.2",NA,NA,NA,NA,NA,NA,"1060","M5."
"1061","0.1","0","3.3","1.5","0.1","0.424264068711929","3.4","3.1","3.7",NA,NA,NA,NA,NA,NA,"1061","M5."
"1062","0.2","0","4","2.4","1.3","0.636396103067893","3.75","3.3","4.2",NA,NA,NA,NA,NA,NA,"1062","M5."
"1063","0.2","0","4.3","1.9","0.4","0.353553390593274","4.45","4.7","4.2",NA,NA,NA,NA,NA,NA,"1063","M5."
"1064","0.2","0","3.5","1.9","0.1","0","3.6","3.6","3.6",NA,NA,NA,NA,NA,NA,"1064","M5."
"1065","0.3","0","6.1","2.7","2.4","1.48492424049175","6.15","7.2","5.1",NA,NA,NA,NA,NA,NA,"1065","M5."
"1066","0.2","0","5.1","2.4","1","0.848528137423857","5.2","5.8","4.6",NA,NA,NA,NA,NA,NA,"1066","M5."
"1067","0.1","0","7.6","1.6","0.2","0.0707106781186545","7.05","7.1","7",NA,NA,NA,NA,NA,NA,"1067","M5."
"1068","0.3","0","22.3","6","11.9","20.0818325856979","24.3","10.1","38.5",NA,NA,NA,NA,NA,NA,"1068","M5."
"1069","0.3","0","5.7","1.1","3.1","1.62634559672906","5.95","7.1","4.8",NA,NA,NA,NA,NA,NA,"1069","M5."
"107","0","0","35.2","0.1","0.7","15.5576347816755","23.9","41.7","17.1","12.9",NA,NA,NA,NA,NA,"107","F5."
"1070","0.1","0","8.8","1.2","1.8","1.20208152801713","8.15","7.3","9",NA,NA,NA,NA,NA,NA,"1070","M5."
"1071","0.1","0","6.3","0.8","1.9","1.20208152801713","6.65","7.5","5.8",NA,NA,NA,NA,NA,NA,"1071","M5."
"1072","0.1","0","8.7","1.3","2.5","1.69705627484771","7.8","9","6.6",NA,NA,NA,NA,NA,NA,"1072","M5."
"1073","0.2","0","4.5","2.6","0.3","0.282842712474619","4.8","4.6","5",NA,NA,NA,NA,NA,NA,"1073","M5."
"1074","0.1","0","0.1","0.9","0.2","0.353553390593274","0.35","0.1","0.6",NA,NA,NA,NA,NA,NA,"1074","M5."
"1075","0.2","0","3","4.1","0.3","0.14142135623731","3.1","3","3.2",NA,NA,NA,NA,NA,NA,"1075","M5."
"1076","0","0","0.4","0.7","0.3","0.212132034355964","0.25","0.4","0.1",NA,NA,NA,NA,NA,NA,"1076","M5."
"1077","0.1","0","0.3","1.7","0.2","0.14142135623731","0.2","0.1","0.3",NA,NA,NA,NA,NA,NA,"1077","M5."
"1078","0.1","0","0.4","1.2","0.9","0.989949493661167","0.8","1.5","0.1",NA,NA,NA,NA,NA,NA,"1078","M5."
"1079","0.2","0","4.7","3.1","3.6","3.18198051533946","4.75","7","2.5",NA,NA,NA,NA,NA,NA,"1079","M5."
"108","0","0","2.9","5.1","0.4","0.808290376865476","2.73333333333333","2.6","3.6","2",NA,NA,NA,NA,NA,"108","F5."
"1080","0.1","0","17.5","1.5","10.8","21.2839141137151","18.15","33.2","3.1",NA,NA,NA,NA,NA,NA,"1080","M5."
"1081","0.2","0","20.2","2","11.4","19.869700551342","20.65","34.7","6.6",NA,NA,NA,NA,NA,NA,"1081","M5."
"1082","0.1","0","15","2.4","13.2","25.3851334445971","21.35","3.4","39.3",NA,NA,NA,NA,NA,NA,"1082","M5."
"1083","0","0","19.6","0.9","8.9","12.6572113832392","24.85","33.8","15.9",NA,NA,NA,NA,NA,NA,"1083","M5."
"1084","0.1","0","7","1.2","5.6","3.95979797464467","4.9","7.7","2.1",NA,NA,NA,NA,NA,NA,"1084","M5."
"1085","0.1","0","1.8","0.7","1.2","0.848528137423857","1.2","0.6","1.8",NA,NA,NA,NA,NA,NA,"1085","M5."
"1086","0.1","0","2.3","2.8","0.2","2.05060966544099","1.75","0.3","3.2",NA,NA,NA,NA,NA,NA,"1086","M5."
"1087","0.1","0","3.6","2.3","5.1","4.94974746830583","4.3","7.8","0.8",NA,NA,NA,NA,NA,NA,"1087","M5."
"1088","0.1","0","7","1.7","1.2","0.707106781186548","6.7","6.2","7.2",NA,NA,NA,NA,NA,NA,"1088","M5."
"1089","0","0","15.8","0.5","11.9","20.2939646200539","17.45","3.1","31.8",NA,NA,NA,NA,NA,NA,"1089","M5."
"109","0","0","1.7","3.5","0.6","0.472581562625261","1.73333333333333","1.9","1.2","2.1",NA,NA,NA,NA,NA,"109","F5."
"1090","0.3","0","2.9","4.4","1.5","2.61629509039023","2.05","3.9","0.2",NA,NA,NA,NA,NA,NA,"1090","M5."
"1091","0.1","0","0.3","1.1","0.1","0.353553390593274","0.35","0.1","0.6",NA,NA,NA,NA,NA,NA,"1091","M5."
"1092","0.2","0","5.5","2.7","1.6","1.13137084989848","5.5","6.3","4.7",NA,NA,NA,NA,NA,NA,"1092","M5."
"1093","0.1","0","2.5","0","8.4","1.06066017177982","28.85","28.1","29.6",NA,NA,NA,NA,NA,NA,"1093","M5."
"1094","0.1","0","23.8","4.4","10","15.4856385079854","27.05","38","16.1",NA,NA,NA,NA,NA,NA,"1094","M5."
"1095","0.1","0","6","2.8","0.5","1.13137084989848","6.1","6.9","5.3",NA,NA,NA,NA,NA,NA,"1095","M5."
"1096","0.2","0","8","1.8","0.9","1.34350288425444","7.05","8","6.1",NA,NA,NA,NA,NA,NA,"1096","M5."
"1097","0.1","0","18.1","2.8","11.6","19.9404112294606","20.7","34.8","6.6",NA,NA,NA,NA,NA,NA,"1097","M5."
"1098","0.3","0","5.6","4.1","0.1","0.0707106781186551","5.65","5.7","5.6",NA,NA,NA,NA,NA,NA,"1098","M5."
"1099","0.2","0","3.2","6.6","0.6","3.95979797464467","2.9","5.7","0.1",NA,NA,NA,NA,NA,NA,"1099","M5."
"11","0","0","12.9","0.8","10.5","14.1860259880395","17.7666666666667","4.2","32.5","16.6",NA,NA,NA,NA,NA,"11","F3."
"110","0","0","2.3","3.6","0.3","0.635085296108588","1.93333333333333","2.3","2.3","1.2",NA,NA,NA,NA,NA,"110","F5."
"1100","0.3","0","5","5.7","1.5","2.54558441227157","4.5","2.7","6.3",NA,NA,NA,NA,NA,NA,"1100","M5."
"1101","0.1","0","4.8","3.2","0.8","1.13137084989848","4.6","3.8","5.4",NA,NA,NA,NA,NA,NA,"1101","M5."
"1102","0","0","3.1","1.5","0.3","0.141421356237309","3.2","3.3","3.1",NA,NA,NA,NA,NA,NA,"1102","M5."
"1103","0.1","0","14.3","2.6","12.8","19.0211724139181","21.35","34.8","7.9",NA,NA,NA,NA,NA,NA,"1103","M5."
"1104","0","0","14.7","0.2","2","2.47487373415292","14.65","16.4","12.9",NA,NA,NA,NA,NA,NA,"1104","M5."
"1105","0.1","0","6","2.3","0.8","0.282842712474619","5.5","5.7","5.3",NA,NA,NA,NA,NA,NA,"1105","M5."
"1106","0","0","8.9","2","10.8","1.4142135623731","5.4","4.4","6.4",NA,NA,NA,NA,NA,NA,"1106","M5."
"1107","0","0","3","0.5","1.5","1.41421356237309","3.1","2.1","4.1",NA,NA,NA,NA,NA,NA,"1107","M5."
"1108","0.1","0","6.2","2.6","0.5","0.212132034355964","6.35","6.5","6.2",NA,NA,NA,NA,NA,NA,"1108","M5."
"1109","0.1","0","17.2","3.1","13.3","3.60624458405139","2.65","0.1","5.2",NA,NA,NA,NA,NA,NA,"1109","M5."
"111","0","0","37.7","1","7","3.37786915081091","42.5","38.9","43","45.6",NA,NA,NA,NA,NA,"111","F5."
"1110","0.1","0","6.4","1.6","2.7","2.82842712474619","5.1","3.1","7.1",NA,NA,NA,NA,NA,NA,"1110","M5."
"1111","0.1","0","6.4","3","0.3","0.141421356237309","6.5","6.6","6.4",NA,NA,NA,NA,NA,NA,"1111","M5."
"1112","0.1","0","6.5","1.8","3.4","2.61629509039023","5.55","7.4","3.7",NA,NA,NA,NA,NA,NA,"1112","M5."
"1113","0.2","0","17.3","2.1","12.2","19.657568516986","19.8","33.7","5.9",NA,NA,NA,NA,NA,NA,"1113","M5."
"1114","0.1","0","6.6","2","2.7","2.40416305603426","7","8.7","5.3",NA,NA,NA,NA,NA,NA,"1114","M5."
"1115","0.1","0","5.3","1.6","2.2","1.83847763108502","4.5","3.2","5.8",NA,NA,NA,NA,NA,NA,"1115","M5."
"1116","0.1","0","7","2.3","0.2","0.282842712474619","7.1","6.9","7.3",NA,NA,NA,NA,NA,NA,"1116","M5."
"1117","0","0","8.3","1.5","2.9","2.68700576850888","6.9","5","8.8",NA,NA,NA,NA,NA,NA,"1117","M5."
"1118","0.2","0","4.4","3.9","2.2","1.76776695296637","4.85","3.6","6.1",NA,NA,NA,NA,NA,NA,"1118","M5."
"1119","0.1","0","3.1","2.6","2.3","3.04055915910215","2.45","0.3","4.6",NA,NA,NA,NA,NA,NA,"1119","M5."
"112","0","0","4.8","0.8","0.3","0.351188458428425","4.66666666666667","4.3","5","4.7",NA,NA,NA,NA,NA,"112","F5."
"1120","0","0","0.9","0.6","0.3","0.424264068711929","0.9","0.6","1.2",NA,NA,NA,NA,NA,NA,"1120","M5."
"1121","0.1","0","17.5","2.1","8.2","5.02045814642449","14.75","18.3","11.2",NA,NA,NA,NA,NA,NA,"1121","M5."
"1122","0.1","0","7.6","1.1","0.3","0.141421356237309","7.5","7.6","7.4",NA,NA,NA,NA,NA,NA,"1122","M5."
"1123","0","0","1.1","0.6","0.2","0","1.2","1.2","1.2",NA,NA,NA,NA,NA,NA,"1123","M5."
"1124","0.1","0","4.8","1.5","0.3","0.0707106781186545","4.55","4.6","4.5",NA,NA,NA,NA,NA,NA,"1124","M5."
"1125","0","0","2.3","0.5","3.7","2.05060966544099","1.65","0.2","3.1",NA,NA,NA,NA,NA,NA,"1125","M5."
"1126","0.2","0","1.1","3","0.1","0.0707106781186548","1.25","1.2","1.3",NA,NA,NA,NA,NA,NA,"1126","M5."
"1127","0.1","0","1.1","0.6","1.1","1.4142135623731","1.2","0.2","2.2",NA,NA,NA,NA,NA,NA,"1127","M5."
"1128","0.1","0","1.5","0.9","0.9","1.06066017177982","1.25","0.5","2",NA,NA,NA,NA,NA,NA,"1128","M5."
"1129","0.1","0","1.4","2.8","0.1","0.494974746830583","0.95","0.6","1.3",NA,NA,NA,NA,NA,NA,"1129","M5."
"113","0","0","2.2","3","0.2","1.40118997046558","1.63333333333333","3","0.2","1.7",NA,NA,NA,NA,NA,"113","F5."
"1130","0.1","0","3.2","1.1","1.7","0.565685424949238","3.2","3.6","2.8",NA,NA,NA,NA,NA,NA,"1130","M5."
"1131","0.1","0","3.2","1.4","2.8","2.1920310216783","3.75","2.2","5.3",NA,NA,NA,NA,NA,NA,"1131","M5."
"1132","0.1","0","2.9","0.5","0.3","0.212132034355964","2.95","2.8","3.1",NA,NA,NA,NA,NA,NA,"1132","M5."
"1133","0.1","0","2.6","1.7","1.8","1.83847763108502","3.4","2.1","4.7",NA,NA,NA,NA,NA,NA,"1133","M5."
"1134","0","0","0.1","0.4","13.6","20.2939646200539","17.15","2.8","31.5",NA,NA,NA,NA,NA,NA,"1134","M5."
"1135","0.2","0","2","4.4","0.5","0.353553390593274","2.05","1.8","2.3",NA,NA,NA,NA,NA,NA,"1135","M5."
"1136","0.1","0","14.7","1.5","10.6","21.8495995386643","17.85","2.4","33.3",NA,NA,NA,NA,NA,NA,"1136","M5."
"1137","0.1","0","4.3","0.6","3","4.66690475583121","5.5","8.8","2.2",NA,NA,NA,NA,NA,NA,"1137","M5."
"1138","0.1","0","3.4","1.2","2.4","1.27279220613579","3.8","2.9","4.7",NA,NA,NA,NA,NA,NA,"1138","M5."
"1139","0.1","0","4","1.8","3.4","1.90918830920368","5.45","4.1","6.8",NA,NA,NA,NA,NA,NA,"1139","M5."
"114","0","0","2.9","2","7","7.12530701092942","7.6","2.3","15.7","4.8",NA,NA,NA,NA,NA,"114","F5."
"1140","0.1","0","3.9","1","2.6","2.54558441227157","3.9","5.7","2.1",NA,NA,NA,NA,NA,NA,"1140","M5."
"1141","0","0","19.6","0.4","10.4","1.5556349186104","4.3","5.4","3.2",NA,NA,NA,NA,NA,NA,"1141","M5."
"1142","0.2","0","4","5.7","2.9","2.26274169979695","5","3.4","6.6",NA,NA,NA,NA,NA,NA,"1142","M5."
"1143","0.1","0","9.5","1.5","2.8","3.53553390593274","9","6.5","11.5",NA,NA,NA,NA,NA,NA,"1143","M5."
"1144","0.4","0","21.5","12.7","1.7","0.353553390593274","20.85","20.6","21.1",NA,NA,NA,NA,NA,NA,"1144","M5."
"1145","0.1","0","6.9","5.8","6.1","3.18198051533946","7.75","10","5.5",NA,NA,NA,NA,NA,NA,"1145","M5."
"1146","0","0","13.7","0.5","12.1","20.2232539419353","17.8","32.1","3.5",NA,NA,NA,NA,NA,NA,"1146","M5."
"1147","0","0","6.5","0.7","4.5","5.58614357137373","5.65","9.6","1.7",NA,NA,NA,NA,NA,NA,"1147","M5."
"1148","0.1","0","20.6","7.7","3.1","0","20.7","20.7","20.7",NA,NA,NA,NA,NA,NA,"1148","M5."
"1149","0","0","0.1","0.6","0.1","0","0.2","0.2","0.2",NA,NA,NA,NA,NA,NA,"1149","M5."
"115","0","0","38.5","0.5","5.9","2.19393102292058","36.4333333333333","38.9","34.7","35.7",NA,NA,NA,NA,NA,"115","F5."
"1150","0","0","1.7","1.7","5.9","0.919238815542512","1.25","1.9","0.6",NA,NA,NA,NA,NA,NA,"1150","M5."
"1151","0.1","0","2.7","1.9","0.3","0.565685424949238","2.5","2.9","2.1",NA,NA,NA,NA,NA,NA,"1151","M5."
"1152","0.2","0","1.8","1.6","0.5","0.424264068711929","1.7","1.4","2",NA,NA,NA,NA,NA,NA,"1152","M5."
"1153","0","0","2.3","0.6","0.1","0.141421356237309","2.3","2.4","2.2",NA,NA,NA,NA,NA,NA,"1153","M5."
"1154","0.1","0","14.5","0.7","10.9","2.47487373415292","3.25","1.5","5",NA,NA,NA,NA,NA,NA,"1154","M5."
"1155","0.1","0","19.3","8.5","0.3","0.848528137423857","19.1","19.7","18.5",NA,NA,NA,NA,NA,NA,"1155","M5."
"1156","0.1","0","6","2.4","3.4","3.88908729652601","6.15","8.9","3.4",NA,NA,NA,NA,NA,NA,"1156","M5."
"1157","0","0","0.4","0.7","0.1","0.424264068711929","0.6","0.9","0.3",NA,NA,NA,NA,NA,NA,"1157","M5."
"1158","0","0","0.9","0.5","0.8","0.777817459305202","0.65","0.1","1.2",NA,NA,NA,NA,NA,NA,"1158","M5."
"1159","0","0","4","0.6","3.2","3.39411254969543","3.8","6.2","1.4",NA,NA,NA,NA,NA,NA,"1159","M5."
"116","0","0","3.7","9.2","1","1.80831413200251","2","0.1","3.7","2.2",NA,NA,NA,NA,NA,"116","F5."
"1160","0.1","0","3.4","1.8","2","1.69705627484771","3.8","5","2.6",NA,NA,NA,NA,NA,NA,"1160","M5."
"1161","0.1","0","1.1","1","1.5","1.4142135623731","1.1","0.1","2.1",NA,NA,NA,NA,NA,NA,"1161","M5."
"1162","0.1","0","17.3","0.6","12.1","20.6475180106472","16.7","31.3","2.1",NA,NA,NA,NA,NA,NA,"1162","M5."
"1163","0.1","0","2.6","0.7","0.2","0.424264068711929","2.4","2.1","2.7",NA,NA,NA,NA,NA,NA,"1163","M5."
"1164","0.1","0","16.8","0.9","11","20.7182286887658","18.25","32.9","3.6",NA,NA,NA,NA,NA,NA,"1164","M5."
"1165","0.2","0","18.8","2.3","10.4","2.47487373415292","1.85","0.1","3.6",NA,NA,NA,NA,NA,NA,"1165","M5."
"1166","0.2","0","4.5","2.6","1","0.777817459305202","4.75","5.3","4.2",NA,NA,NA,NA,NA,NA,"1166","M5."
"1167","0","0","3.9","0.7","0.2","0.212132034355964","3.85","4","3.7",NA,NA,NA,NA,NA,NA,"1167","M5."
"1168","0.1","0","6.1","1.3","2.7","2.1920310216783","6.25","7.8","4.7",NA,NA,NA,NA,NA,NA,"1168","M5."
"1169","0.2","0","13.5","1.6","11.4","20.1525432638166","19.35","33.6","5.1",NA,NA,NA,NA,NA,NA,"1169","M5."
"117","0","0","35","0.2","8.2","1.73877351409933","2.63333333333333","1.3","4.6","2",NA,NA,NA,NA,NA,"117","F5."
"1170","0.1","0","17.7","0.9","12.8","18.9504617357995","19.3","32.7","5.9",NA,NA,NA,NA,NA,NA,"1170","M5."
"1171","0.1","0","7.9","2.9","0.7","0.707106781186547","7.7","8.2","7.2",NA,NA,NA,NA,NA,NA,"1171","M5."
"1172","0.1","0","6.8","0.8","1.8","1.20208152801713","5.55","4.7","6.4",NA,NA,NA,NA,NA,NA,"1172","M5."
"1173","0.1","0","18.7","1.2","11.7","17.8898015640197","19.95","32.6","7.3",NA,NA,NA,NA,NA,NA,"1173","M5."
"1174","0","0","7.7","0.6","1.5","1.20208152801713","7.85","8.7","7",NA,NA,NA,NA,NA,NA,"1174","M5."
"1175","0.2","0","15.7","2.9","12.3","22.1324422511389","21.45","37.1","5.8",NA,NA,NA,NA,NA,NA,"1175","M5."
"1176","0.1","0","8.4","2.2","0.9","0.848528137423857","8.9","9.5","8.3",NA,NA,NA,NA,NA,NA,"1176","M5."
"1177","0.1","0","21.1","1.5","11.5","5.86898628384834","4.25","0.1","8.4",NA,NA,NA,NA,NA,NA,"1177","M5."
"1178","0.1","0","18.8","1","10","16.7584307141212","20.75","32.6","8.9",NA,NA,NA,NA,NA,NA,"1178","M5."
"1179","0.6","0","21.3","13.1","0.5","1.62634559672906","20.95","19.8","22.1",NA,NA,NA,NA,NA,NA,"1179","M5."
"118","0.1","0","1.9","6.8","0.5","0.721110255092798","1.1","0.9","1.9","0.5",NA,NA,NA,NA,NA,"118","F5."
"1180","0","0","1.1","2.1","0.3","0.0707106781186548","0.35","0.3","0.4",NA,NA,NA,NA,NA,NA,"1180","M5."
"1181","0.1","0","5.9","1.6","2.1","1.97989898732233","5.2","3.8","6.6",NA,NA,NA,NA,NA,NA,"1181","M5."
"1182","0.2","0","19.4","13","0.8","0.0707106781186558","20.45","20.5","20.4",NA,NA,NA,NA,NA,NA,"1182","M5."
"1183","0.1","0","1.7","1.7","12.9","1.48492424049175","1.45","0.4","2.5",NA,NA,NA,NA,NA,NA,"1183","M5."
"1184","0","0","28.8","0","6.3","4.80832611206852","32.9","29.5","36.3",NA,NA,NA,NA,NA,NA,"1184","M5."
"1185","0.1","0","27.1","7","7.6","10.6773123959169","31.55","39.1","24",NA,NA,NA,NA,NA,NA,"1185","M5."
"1186","0.3","0","16.7","13.9","2.8","2.68700576850888","17.2","15.3","19.1",NA,NA,NA,NA,NA,NA,"1186","M5."
"1187","0","0","1.3","1.4","0.7","1.06066017177982","0.85","1.6","0.1",NA,NA,NA,NA,NA,NA,"1187","M5."
"1188","0","0","0.2","1","0.3","0.353553390593274","0.45","0.7","0.2",NA,NA,NA,NA,NA,NA,"1188","M5."
"1189","0","0","0.4","1.4","0.4","0.14142135623731","0.8","0.9","0.7",NA,NA,NA,NA,NA,NA,"1189","M5."
"119","0","0","20.6","1.1","15","18.7064160116255","23.9","2.3","34.6","34.8",NA,NA,NA,NA,NA,"119","F5."
"1190","0","0","1.7","1.2","0.7","0.989949493661167","1.1","1.8","0.4",NA,NA,NA,NA,NA,NA,"1190","M5."
"1191","0","0","6.8","1.6","2.6","1.76776695296637","5.95","7.2","4.7",NA,NA,NA,NA,NA,NA,"1191","M5."
"1192","0","0","0.1","0.9","0.7","0.212132034355964","0.25","0.4","0.1",NA,NA,NA,NA,NA,NA,"1192","M5."
"1193","0.3","0","3","4.9","1.6","0.777817459305202","3.35","3.9","2.8",NA,NA,NA,NA,NA,NA,"1193","M5."
"1194","0.2","0","17.5","12.6","2.8","0.212132034355965","17.45","17.3","17.6",NA,NA,NA,NA,NA,NA,"1194","M5."
"1195","0.1","0","1.9","1.9","0.3","1.34350288425444","1.55","0.6","2.5",NA,NA,NA,NA,NA,NA,"1195","M5."
"1196","0","0","2.2","0.5","0.7","0.494974746830583","2.05","2.4","1.7",NA,NA,NA,NA,NA,NA,"1196","M5."
"1197","0.1","0","3.8","2.1","0.8","0.565685424949238","4.1","3.7","4.5",NA,NA,NA,NA,NA,NA,"1197","M5."
"1198","0.1","0","23.3","6.5","9.3","16.5462986797652","11.8","23.5","0.1",NA,NA,NA,NA,NA,NA,"1198","M5."
"1199","0","0","0.4","0.8","0.6","0.777817459305202","0.65","0.1","1.2",NA,NA,NA,NA,NA,NA,"1199","M5."
"12","0","0","4","0.6","1.6","1.04403065089105","4.1","4.8","2.9","4.6",NA,NA,NA,NA,NA,"12","F3."
"120","0","0","33.6","0.5","4.2","17.617037208339","17.4","36.8","13","2.4",NA,NA,NA,NA,NA,"120","F5."
"1200","0.1","0","1.6","0","0.4","19.7282791951047","15.75","29.7","1.8",NA,NA,NA,NA,NA,NA,"1200","M5."
"1201","0.2","0","1.4","2.6","0.1","0.0707106781186548","1.05","1","1.1",NA,NA,NA,NA,NA,NA,"1201","M5."
"1202","0.1","0","2.5","2.8","0.3","0.212132034355964","2.45","2.6","2.3",NA,NA,NA,NA,NA,NA,"1202","M5."
"1203","0","0","37.3","0.7","5.8","23.758787847868","18","1.2","34.8",NA,NA,NA,NA,NA,NA,"1203","M5."
"1204","0","0","28.2","8.9","4.8","3.95979797464466","40.5","43.3","37.7",NA,NA,NA,NA,NA,NA,"1204","M5."
"1205","0.6","0","19.8","13","0.9","0.353553390593274","19.45","19.7","19.2",NA,NA,NA,NA,NA,NA,"1205","M5."
"1206","0.2","0","4.5","5.6","2","1.27279220613579","3.5","2.6","4.4",NA,NA,NA,NA,NA,NA,"1206","M5."
"1207","0.1","0","20.6","4.8","0.2","0.707106781186548","20.3","20.8","19.8",NA,NA,NA,NA,NA,NA,"1207","M5."
"1208","0","0","3.9","0.6","1.9","1.76776695296637","3.85","5.1","2.6",NA,NA,NA,NA,NA,NA,"1208","M5."
"1209","0.1","0","0.8","1.3","0.6","0.989949493661167","0.8","0.1","1.5",NA,NA,NA,NA,NA,NA,"1209","M5."
"121","0","0","2","3.2","2.1","1.85831464863551","2.43333333333333","0.3","3.7","3.3",NA,NA,NA,NA,NA,"121","F5."
"1210","0","0","15.5","9.2","5.6","3.18198051533946","16.05","18.3","13.8",NA,NA,NA,NA,NA,NA,"1210","M5."
"1211","0.1","0","19.8","13.2","2.5","0.636396103067892","18.95","19.4","18.5",NA,NA,NA,NA,NA,NA,"1211","M5."
"1212","0.2","0","19.9","9.8","2.6","0.777817459305203","19.95","20.5","19.4",NA,NA,NA,NA,NA,NA,"1212","M5."
"1213","0","0","9.9","7.6","0.3","0.14142135623731","10.3","10.2","10.4",NA,NA,NA,NA,NA,NA,"1213","M5."
"1214","0.1","0","4.8","1.7","3.7","3.53553390593274","3.5","6","1",NA,NA,NA,NA,NA,NA,"1214","M5."
"1215","0.1","0","13.3","1.8","12.8","22.6981276760882","16.95","33","0.9",NA,NA,NA,NA,NA,NA,"1215","M5."
"1216","0","0","1.1","0.8","0.2","0.14142135623731","1","0.9","1.1",NA,NA,NA,NA,NA,NA,"1216","M5."
"1217","0.1","0","3.1","0.9","3.1","1.69705627484771","3.1","4.3","1.9",NA,NA,NA,NA,NA,NA,"1217","M5."
"1218","0.1","0","2.3","1.5","0.6","0.424264068711929","2.4","2.1","2.7",NA,NA,NA,NA,NA,NA,"1218","M5."
"1219","0","0","5.8","0.5","5.9","4.24264068711928","6","9","3",NA,NA,NA,NA,NA,NA,"1219","M5."
"122","0","0","39.8","2.4","5.5","1.83575597506858","41.2","40.4","43.3","39.9",NA,NA,NA,NA,NA,"122","F5."
"1220","0","0","2.9","0.9","0.2","0","3","3","3",NA,NA,NA,NA,NA,NA,"1220","M5."
"1221","0.1","0","3.3","1.3","0.6","0.707106781186548","3.1","2.6","3.6",NA,NA,NA,NA,NA,NA,"1221","M5."
"1222","0.1","0","3.4","1.4","2","3.04055915910215","2.35","0.2","4.5",NA,NA,NA,NA,NA,NA,"1222","M5."
"1223","0.1","0","4.1","3.6","0.9","0.0707106781186545","4.05","4.1","4",NA,NA,NA,NA,NA,NA,"1223","M5."
"1224","0.1","0","4.5","1.7","0.9","0.424264068711929","4.4","4.7","4.1",NA,NA,NA,NA,NA,NA,"1224","M5."
"1225","0.2","0","2.5","6.2","1.8","0.0707106781186548","3.45","3.5","3.4",NA,NA,NA,NA,NA,NA,"1225","M5."
"1226","0","0","15.5","0.6","11.3","19.3747258045114","17.6","31.3","3.9",NA,NA,NA,NA,NA,NA,"1226","M5."
"1227","0.1","0","3","1.7","0.5","0.848528137423857","3.8","3.2","4.4",NA,NA,NA,NA,NA,NA,"1227","M5."
"1228","0.1","0","4.1","1.9","1.7","0.777817459305202","4.15","3.6","4.7",NA,NA,NA,NA,NA,NA,"1228","M5."
"1229","0","0","3.6","1","1.6","1.69705627484771","3.6","2.4","4.8",NA,NA,NA,NA,NA,NA,"1229","M5."
"123","0","0","2.6","3.1","0.4","1.24230967690562","1.26666666666667","2.7","0.5","0.6",NA,NA,NA,NA,NA,"123","F5."
"1230","0.1","0","4.1","2","4.7","3.53553390593274","3.2","0.7","5.7",NA,NA,NA,NA,NA,NA,"1230","M5."
"1231","0.1","0","7.9","1.6","3.5","2.89913780286485","7.25","9.3","5.2",NA,NA,NA,NA,NA,NA,"1231","M5."
"1232","0","0","5.2","0.9","0.2","0.0707106781186545","5.05","5.1","5",NA,NA,NA,NA,NA,NA,"1232","M5."
"1233","0.2","0","5.2","6.8","1.6","2.12132034355964","5.8","7.3","4.3",NA,NA,NA,NA,NA,NA,"1233","M5."
"1234","0.1","0","3.5","2.2","3.8","3.11126983722081","2.3","0.1","4.5",NA,NA,NA,NA,NA,NA,"1234","M5."
"1235","0.2","0","5.6","2.9","2.7","1.20208152801713","6.15","5.3","7",NA,NA,NA,NA,NA,NA,"1235","M5."
"1236","0.2","0","6.1","1.7","0.8","0.707106781186548","6.1","6.6","5.6",NA,NA,NA,NA,NA,NA,"1236","M5."
"1237","0","0","8.1","1","0.6","1.06066017177982","7.45","6.7","8.2",NA,NA,NA,NA,NA,NA,"1237","M5."
"1238","0","0","15.5","0.6","10.3","15.556349186104","22.5","33.5","11.5",NA,NA,NA,NA,NA,NA,"1238","M5."
"1239","0.9","0","33.4","0.1","3.2","4.52548339959391","38","34.8","41.2",NA,NA,NA,NA,NA,NA,"1239","M5."
"124","0","0","0.9","4.8","0.3","1.11504857891185","1.36666666666667","1.8","0.1","2.2",NA,NA,NA,NA,NA,"124","F5."
"1240","0.1","0","3.2","2","0.6","0.565685424949238","3.3","2.9","3.7",NA,NA,NA,NA,NA,NA,"1240","M5."
"1241","0","0","10.7","0.8","0.4","9.40452018978108","10.05","3.4","16.7",NA,NA,NA,NA,NA,NA,"1241","M9."
"1242","0.5","0","2","3.4","0.9","1.69705627484771","1.4","2.6","0.2",NA,NA,NA,NA,NA,NA,"1242","M9."
"1243","0.3","0","6","2.4","0.3","0.0707106781186545","5.95","5.9","6",NA,NA,NA,NA,NA,NA,"1243","M9."
"1244","0","0","7.2","2.6","0.4","0.14142135623731","6.6","6.5","6.7",NA,NA,NA,NA,NA,NA,"1244","M9."
"1245","0","0","25.2","0.1","7.8","0.212132034355962","35.85","36","35.7",NA,NA,NA,NA,NA,NA,"1245","M9."
"1246","0.1","0","5","3.1","4.4","3.88908729652601","4.85","2.1","7.6",NA,NA,NA,NA,NA,NA,"1246","M9."
"1247","0.1","0","0.6","2.1","0.2","0","0.2","0.2","0.2",NA,NA,NA,NA,NA,NA,"1247","M9."
"1248","0.1","0","1.9","2.4","2.9","2.47487373415292","1.85","3.6","0.1",NA,NA,NA,NA,NA,NA,"1248","M9."
"1249","0.1","0","2.5","0.9","1.6","2.26274169979695","1.7","3.3","0.1",NA,NA,NA,NA,NA,NA,"1249","M9."
"125","0","0","1.5","3.5","0.7","0.416333199893227","1.33333333333333","1.8","1.2","1",NA,NA,NA,NA,NA,"125","F5."
"1250","0.4","0","5.5","2.1","1.4","1.13137084989848","6.2","7","5.4",NA,NA,NA,NA,NA,NA,"1250","M9."
"1251","0.2","0","1.2","2.4","0.1","0.777817459305202","0.65","1.2","0.1",NA,NA,NA,NA,NA,NA,"1251","M9."
"1252","0.1","0","0.6","4.2","0.1","1.34350288425444","1.65","2.6","0.7",NA,NA,NA,NA,NA,NA,"1252","M9."
"1253","0.1","0","16.5","12.3","0.5","2.89913780286485","17.55","19.6","15.5",NA,NA,NA,NA,NA,NA,"1253","M9."
"1254","0","0","10.6","1.7","9.7","11.9501046020527","9.15","0.7","17.6",NA,NA,NA,NA,NA,NA,"1254","M9."
"1255","0.2","0","6","3","0.8","1.62634559672906","4.85","6","3.7",NA,NA,NA,NA,NA,NA,"1255","M9."
"1256","0.3","0","3.8","3.1","1.3","2.1920310216783","2.45","4","0.9",NA,NA,NA,NA,NA,NA,"1256","M9."
"1257","0.1","0","0.5","3.8","1","0.212132034355964","1.15","1.3","1",NA,NA,NA,NA,NA,NA,"1257","M9."
"1258","0","0","16.6","0.8","10.4","21.496046148071","18","2.8","33.2",NA,NA,NA,NA,NA,NA,"1258","M9."
"1259","0.1","0","9.2","6","6.4","8.98025612106915","9.15","15.5","2.8",NA,NA,NA,NA,NA,NA,"1259","M9."
"126","0","0","1.1","4.5","0.5","0.781024967590665","1","1.5","0.1","1.4",NA,NA,NA,NA,NA,"126","F5."
"1260","0","0","2.9","2.7","7.3","18.031222920257","13.45","0.7","26.2",NA,NA,NA,NA,NA,NA,"1260","M9."
"1261","0","0","2","1.5","1.8","1.90918830920368","1.45","0.1","2.8",NA,NA,NA,NA,NA,NA,"1261","M9."
"1262","0.1","0","0.5","4.1","0.3","0","1","1","1",NA,NA,NA,NA,NA,NA,"1262","M9."
"1263","0.1","0","3.1","1.8","1.2","1.06066017177982","3.25","2.5","4",NA,NA,NA,NA,NA,NA,"1263","M9."
"1264","0.1","0","0.3","2.3","0.3","0.212132034355964","0.35","0.5","0.2",NA,NA,NA,NA,NA,NA,"1264","M9."
"1265","0.1","0","3.5","2","4","3.32340187157677","3.55","1.2","5.9",NA,NA,NA,NA,NA,NA,"1265","M9."
"1266","0.3","0","3.5","2.9","14","24.2537625946986","20.05","2.9","37.2",NA,NA,NA,NA,NA,NA,"1266","M9."
"1267","0.1","0","0.7","1.8","0.2","0.0707106781186547","0.45","0.5","0.4",NA,NA,NA,NA,NA,NA,"1267","M9."
"1268","0.1","0","2.5","2.5","2.8","2.75771644662754","2.05","0.1","4",NA,NA,NA,NA,NA,NA,"1268","M9."
"1269","0","0","10.4","0.6","10.1","16.6877200360025","12.1","0.3","23.9",NA,NA,NA,NA,NA,NA,"1269","M9."
"127","0","0","9","0.5","6.1","4.1645327869202","9.46666666666667","4.7","12.4","11.3",NA,NA,NA,NA,NA,"127","F5."
"1270","0","0","1.2","0.7","1.1","1.06066017177982","1.25","0.5","2",NA,NA,NA,NA,NA,NA,"1270","M9."
"1271","0.2","0","18.8","2.9","11.1","24.6780266634105","19.35","1.9","36.8",NA,NA,NA,NA,NA,NA,"1271","M9."
"1272","0.2","0","1.5","3","2.6","1.76776695296637","1.35","2.6","0.1",NA,NA,NA,NA,NA,NA,"1272","M9."
"1273","0.1","0","6.1","4.2","11.5","4.24264068711928","4.7","1.7","7.7",NA,NA,NA,NA,NA,NA,"1273","M9."
"1274","0","0","1.6","0.7","1.3","0.919238815542512","1.85","1.2","2.5",NA,NA,NA,NA,NA,NA,"1274","M9."
"1275","0.1","0","2.4","1.5","1.2","1.06066017177982","2.65","1.9","3.4",NA,NA,NA,NA,NA,NA,"1275","M9."
"1276","0.1","0","1.3","0.9","0.3","0.212132034355964","1.15","1.3","1",NA,NA,NA,NA,NA,NA,"1276","M9."
"1277","0.2","0","2.4","3","0.1","0.0707106781186548","2.35","2.4","2.3",NA,NA,NA,NA,NA,NA,"1277","M9."
"1278","0.3","0","1.1","2.8","1.6","1.48492424049175","1.25","2.3","0.2",NA,NA,NA,NA,NA,NA,"1278","M9."
"1279","0","0","2.5","4.7","0.3","2.05060966544099","1.75","3.2","0.3",NA,NA,NA,NA,NA,NA,"1279","M9."
"128","0","0","3.9","0.5","1.9","2.98161030317512","3.4","4.2","0.1","5.9",NA,NA,NA,NA,NA,"128","F5."
"1280","0","0","0.2","1.3","0.3","0.565685424949238","0.5","0.9","0.1",NA,NA,NA,NA,NA,NA,"1280","M9."
"1281","0.1","0","2","0.6","0.9","1.20208152801713","2.75","1.9","3.6",NA,NA,NA,NA,NA,NA,"1281","M9."
"1282","0.1","0","18.2","1","12.2","22.2031529292576","19","3.3","34.7",NA,NA,NA,NA,NA,NA,"1282","M9."
"1283","0.2","0","5","4.9","0.7","0.777817459305202","5.05","5.6","4.5",NA,NA,NA,NA,NA,NA,"1283","M9."
"1284","0","0","5.2","0.6","2.4","3.7476659402887","5.15","2.5","7.8",NA,NA,NA,NA,NA,NA,"1284","M9."
"1285","0.2","0","1.5","3.7","0.9","0.848528137423857","2.1","2.7","1.5",NA,NA,NA,NA,NA,NA,"1285","M9."
"1286","0.2","0","4.6","2.6","0.3","0.565685424949238","4.7","5.1","4.3",NA,NA,NA,NA,NA,NA,"1286","M9."
"1287","0.1","0","4.9","0.9","1","0.919238815542512","4.25","3.6","4.9",NA,NA,NA,NA,NA,NA,"1287","M9."
"1288","0.2","0","3","3.4","0.3","0","3.3","3.3","3.3",NA,NA,NA,NA,NA,NA,"1288","M9."
"1289","0.1","0","1.8","3.3","1.5","2.26274169979695","1.8","3.4","0.2",NA,NA,NA,NA,NA,NA,"1289","M9."
"129","0","0","5.1","0.5","3.4","3.06648550189518","3.46666666666667","4.2","0.1","6.1",NA,NA,NA,NA,NA,"129","F5."
"1290","0.1","0","0.7","1.9","0.3","1.13137084989848","1.6","2.4","0.8",NA,NA,NA,NA,NA,NA,"1290","M9."
"1291","0.1","0","1.9","2.1","1.5","2.54558441227157","1.9","3.7","0.1",NA,NA,NA,NA,NA,NA,"1291","M9."
"1292","0","0","38.9","0.6","5.6","17.7483802077823","15.85","3.3","28.4",NA,NA,NA,NA,NA,NA,"1292","M9."
"1293","0","0","5","1.3","8.3","2.1920310216783","4.75","3.2","6.3",NA,NA,NA,NA,NA,NA,"1293","M9."
"1294","0.1","0","2.4","1.2","1.9","1.83847763108502","2.1","3.4","0.8",NA,NA,NA,NA,NA,NA,"1294","M9."
"1295","0.3","0","3.3","2.9","3.3","2.89913780286484","4.05","6.1","2",NA,NA,NA,NA,NA,NA,"1295","M9."
"1296","0.2","0","4.5","3.3","1.6","0.919238815542512","4.95","5.6","4.3",NA,NA,NA,NA,NA,NA,"1296","M9."
"1297","0","0","3.4","0.5","0.2","0.212132034355964","3.45","3.6","3.3",NA,NA,NA,NA,NA,NA,"1297","M9."
"1298","0.2","0","4.4","4","2","0.707106781186548","4.3","4.8","3.8",NA,NA,NA,NA,NA,NA,"1298","M9."
"1299","0.1","0","8","1.7","4.7","4.17193000900063","7.65","4.7","10.6",NA,NA,NA,NA,NA,NA,"1299","M9."
"13","0","0","3.9","0.9","0.2","0.305505046330389","3.76666666666667","4.1","3.7","3.5",NA,NA,NA,NA,NA,"13","F3."
"130","0","0","1.2","2","0.7","1.24230967690561","0.866666666666667","2.3","0.2","0.1",NA,NA,NA,NA,NA,"130","F5."
"1300","0.1","0","4.4","2.4","4.5","2.33345237791561","4.55","6.2","2.9",NA,NA,NA,NA,NA,NA,"1300","M9."
"1301","0.1","0","8.6","1.7","4.9","3.60624458405139","8.55","6","11.1",NA,NA,NA,NA,NA,NA,"1301","M9."
"1302","0.1","0","7.2","1.6","1.1","0.636396103067893","6.95","6.5","7.4",NA,NA,NA,NA,NA,NA,"1302","M9."
"1303","0.1","0","6.6","2","0.3","0.282842712474619","6.2","6","6.4",NA,NA,NA,NA,NA,NA,"1303","M9."
"1304","0.1","0","5.2","1.7","0.3","0.0707106781186545","5.25","5.2","5.3",NA,NA,NA,NA,NA,NA,"1304","M9."
"1305","0.2","0","7.7","3.2","1.4","1.06066017177982","7.65","6.9","8.4",NA,NA,NA,NA,NA,NA,"1305","M9."
"1306","0.1","0","7.6","2.1","2.9","3.04055915910215","8.85","6.7","11",NA,NA,NA,NA,NA,NA,"1306","M9."
"1307","0","0","4.4","1.7","4.8","3.60624458405139","3.55","6.1","1",NA,NA,NA,NA,NA,NA,"1307","M9."
"1308","0.2","0","7.7","2.2","0.4","0.636396103067893","7.25","7.7","6.8",NA,NA,NA,NA,NA,NA,"1308","M9."
"1309","0.3","0","9.6","4.7","1.5","0.777817459305202","9.65","9.1","10.2",NA,NA,NA,NA,NA,NA,"1309","M9."
"131","0","0","18.5","8.5","2.8","0.66583281184794","16.3666666666667","16.8","16.7","15.6",NA,NA,NA,NA,NA,"131","F5."
"1310","0.1","0","3.2","4","2.1","1.06066017177982","2.15","1.4","2.9",NA,NA,NA,NA,NA,NA,"1310","M9."
"1311","0","0","4.7","1.5","0.6","0.565685424949238","4.4","4","4.8",NA,NA,NA,NA,NA,NA,"1311","M9."
"1312","0","0","2.5","1.3","2.1","3.04055915910215","2.35","0.2","4.5",NA,NA,NA,NA,NA,NA,"1312","M9."
"1313","0.4","0","10.9","5.9","0.7","0.494974746830583","10.65","10.3","11",NA,NA,NA,NA,NA,NA,"1313","M9."
"1314","0.1","0","5.4","1.3","4.4","3.11126983722081","6.6","4.4","8.8",NA,NA,NA,NA,NA,NA,"1314","M9."
"1315","0","0","36.8","0.1","12.3","17.3948268171891","12.5","0.2","24.8",NA,NA,NA,NA,NA,NA,"1315","M9."
"1316","0.3","0","16.2","13.1","3.9","1.83847763108502","18.6","19.9","17.3",NA,NA,NA,NA,NA,NA,"1316","M9."
"1317","0.1","0","5.8","5.4","6.4","5.51543289325507","4.3","0.4","8.2",NA,NA,NA,NA,NA,NA,"1317","M9."
"1318","0","0","13.8","1.6","7","8.83883476483185","12.85","6.6","19.1",NA,NA,NA,NA,NA,NA,"1318","M9."
"1319","0","0","2.3","2.5","4.6","1.48492424049175","3.75","2.7","4.8",NA,NA,NA,NA,NA,NA,"1319","M9."
"132","0","0","17.2","0.7","10.9","14.8684229156962","15.7","10.8","32.4","3.9",NA,NA,NA,NA,NA,"132","F5."
"1320","0","0","23.2","0.7","14.6","17.8635942631935","19.86","33.1","0.1","33.5","0.5","32.1",NA,NA,NA,"1320","M10"
"1321","0","0","15.4","0.5","9.5","9.03565160904292","9.14","21.7","14","8.7","0","1.3",NA,NA,NA,"1321","M10"
"1322","0","0","0.7","2.6","0.3","0.350713558335004","0.76","0.2","0.8","1","1.1","0.7",NA,NA,NA,"1322","M10"
"1323","0","0","5.1","1.2","12.4","12.6336851314254","10.1","32.4","2.8","8","3.3","4",NA,NA,NA,"1323","M10"
"1324","0","0","1.4","1.8","1.3","1.60218600667962","1.02","3.8","1","0.1","0.1","0.1",NA,NA,NA,"1324","M10"
"1325","0","0","1.3","1.9","1","1.04498803820905","1.02","2.7","0.7","1.3","0.3","0.1",NA,NA,NA,"1325","M10"
"1326","0","0","4.3","1.5","3.7","2.91924647811726","3.12","1.7","4.9","7.3","0.1","1.6",NA,NA,NA,"1326","M10"
"1327","0","0","2.9","0.9","1.2","1.0295630140987","2.6","0.9","2.8","3.5","2.5","3.3",NA,NA,NA,"1327","M10"
"1328","0","0","1","1.5","0.2","0.580517010948","1.02","1.3","1.5","0.1","1.4","0.8",NA,NA,NA,"1328","M10"
"1329","0","0","1.6","1.2","1","1.08489630840924","1.32","0.8","1.2","0.2","3.1","1.3",NA,NA,NA,"1329","M10"
"133","0","0","24.5","0.4","12.2","11.1168040971015","24.9333333333333","31.1","12.1","31.6",NA,NA,NA,NA,NA,"133","F5."
"1330","0","0","2.7","1.3","1.5","1.01636607578175","2.46","1","3.5","2","2.5","3.3",NA,NA,NA,"1330","M10"
"1331","0","0","2.6","1.5","1.4","1.18953772533703","2.9","1.8","4.5","1.8","3.7","2.7",NA,NA,NA,"1331","M10"
"1332","0","0","5.1","1.1","11.5","12.9713915984369","10.08","1.7","4.8","9","32.7","2.2",NA,NA,NA,"1332","M10"
"1333","0.1","0","15.5","0.8","13.8","15.6862360048547","14.74","2.6","4.5","32.4","31.4","2.8",NA,NA,NA,"1333","M10"
"1334","0","0","21","0.6","13.2","14.8269012271614","20.82","3.8","34.5","26.9","32.9","6",NA,NA,NA,"1334","M10"
"1335","0","0","2.9","1.9","1.8","2.35732899697942","2.62","3.3","1.4","6.3","0.1","2",NA,NA,NA,"1335","M10"
"1336","0","0","3.5","1.1","1.2","0.9555103348473","3.54","2.6","4.3","2.4","4.1","4.3",NA,NA,NA,"1336","M10"
"1337","0","0","4.3","0.6","11.4","12.2854792336319","9.26","3.9","31.2","2.7","4.7","3.8",NA,NA,NA,"1337","M10"
"1338","0","0","0.3","0.9","0.3","0.320936130717624","0.34","0.2","0.9","0.3","0.1","0.2",NA,NA,NA,"1338","M10"
"1339","0","0","1.3","2.2","0.2","0.403732584763727","0.76","0.3","0.8","1.4","0.7","0.6",NA,NA,NA,"1339","M10"
"134","0","0","10.6","0.4","5","2.57940561628708","9.96666666666667","12.1","10.7","7.1",NA,NA,NA,NA,NA,"134","F5."
"1340","0","0","1.2","1.2","0.6","0.572712842531054","1.06","0.6","2","0.7","0.8","1.2",NA,NA,NA,"1340","M10"
"1341","0","0","19.5","0.5","12.1","13.2646899699918","12.08","2","26.4","26.8","3.2","2",NA,NA,NA,"1341","M10"
"1342","0.1","0","1.7","3","1.2","1.22188379152847","2.06","1.2","2.7","1.5","3.9","1",NA,NA,NA,"1342","M10"
"1343","0","0","25.9","0.7","12.6","13.8777880081806","27.76","34.5","3.1","35.8","34","31.4",NA,NA,NA,"1343","M10"
"1344","0.1","0","2.4","1.6","0.6","0.701427116670007","2.52","2.7","1.9","1.9","3.6","2.5",NA,NA,NA,"1344","M10"
"1345","0","0","14.8","0.9","13.7","15.1847620988937","15.08","31.8","5.7","31.5","2","4.4",NA,NA,NA,"1345","M10"
"1346","0","0","4.7","1.3","11.6","12.4893154336016","9.04","4.2","31.3","3.6","1.7","4.4",NA,NA,NA,"1346","M10"
"1347","0","0","18.3","2.4","0.4","16.0667358228111","7.8","36.5","0","0.1","2.1","0.3",NA,NA,NA,"1347","M10"
"1348","0","0","0.7","2.7","0.2","0.34928498393146","0.88","0.7","0.7","0.8","1.5","0.7",NA,NA,NA,"1348","M10"
"1349","0","0","28.1","0.5","14.7","12.8963173037887","28.2","36.2","31.8","5.3","33.7","34",NA,NA,NA,"1349","M10"
"135","0","0","2","3.6","1","0.305505046330389","1.93333333333333","2.2","1.6","2",NA,NA,NA,NA,NA,"135","F5."
"1350","0","0","1.3","1.7","0.3","0.873498712076898","0.54","0.2","0.1","0.2","2.1","0.1",NA,NA,NA,"1350","M10"
"1351","0","0","0.3","1.1","0.1","0.173205080756888","0.2","0.1","0.2","0.1","0.1","0.5",NA,NA,NA,"1351","M10"
"1352","0","0","3.2","1.7","13.3","18.3363845945704","23.44","38.2","2.4","38","4.5","34.1",NA,NA,NA,"1352","M10"
"1353","0","0","10.2","5.3","3.9","7.95110055275369","10.4","15.6","1.8","20","11.8","2.8",NA,NA,NA,"1353","M10"
"1354","0","0","1.1","3.1","0.2","0.304959013639538","0.94","1.1","1","1.1","1.1","0.4",NA,NA,NA,"1354","M10"
"1355","0.1","0","2.5","3","1.6","1.37003649586425","2.22","3.3","3.9","1.6","0.5","1.8",NA,NA,NA,"1355","M10"
"1356","0","0","1.3","1.6","0.8","1.58335087709579","1.22","3.8","0.2","1.7","0.1","0.3",NA,NA,NA,"1356","M10"
"1357","0.1","0","29.8","2.6","13.8","14.9922313215879","30.62","37.7","38.7","3.9","37.6","35.2",NA,NA,NA,"1357","M10"
"1358","0","0","18.8","1.1","12.7","15.9675295521881","21.38","33","5.8","32.6","2.1","33.4",NA,NA,NA,"1358","M10"
"1359","0.1","0","3.2","3.1","2.2","2.84130251821238","2.56","0.1","2.8","2.6","7.1","0.2",NA,NA,NA,"1359","M10"
"136","0","0","4.9","1.8","0.6","0.850490054811538","0.933333333333333","1.9","0.3","0.6",NA,NA,NA,NA,NA,"136","F5."
"1360","0","0","33.4","0.1","1.8","0.350713558335004","0.54","0.5","1.1","0.6","0.2","0.3",NA,NA,NA,"1360","M10"
"1361","0","0","15.5","0.3","2.3","2.44785620492708","16.38","16.4","14.8","18.5","13.2","19",NA,NA,NA,"1361","M10"
"1362","0","0","1","2.2","0.2","0.614817045957576","0.74","1.7","0.2","0.2","0.8","0.8",NA,NA,NA,"1362","M10"
"1363","0","0","1.4","2.4","0.1","0.258843582110896","1.28","1.2","1","1.7","1.2","1.3",NA,NA,NA,"1363","M10"
"1364","0","0","39.6","4.5","5.2","6.66655833245311","37.06","39.2","26.5","39.5","35.7","44.4",NA,NA,NA,"1364","M10"
"1365","0","0","18.4","2.4","12","17.5027712091543","15.82","36.2","1.8","33.7","3.7","3.7",NA,NA,NA,"1365","M10"
"1366","0","0","1.3","3.3","0.1","0.0547722557505165","1.16","1.2","1.1","1.2","1.1","1.2",NA,NA,NA,"1366","M10"
"1367","0","0","3.3","3.9","1.2","1.87269858760026","3.38","3.5","4.7","5.2","3.1","0.4",NA,NA,NA,"1367","M10"
"1368","0","0","15.4","1.3","1.3","4.39977272140278","17.64","15.8","25.5","15.7","15.9","15.3",NA,NA,NA,"1368","M10"
"1369","0","0","3.5","2.9","4.5","4.1398067587751","3.34","2.2","2.4","10.6","0.4","1.1",NA,NA,NA,"1369","M10"
"137","0","0","1.3","2.3","0.3","0.923760430703401","1.26666666666667","1.8","0.2","1.8",NA,NA,NA,NA,NA,"137","F5."
"1370","0","0","2","2.7","0.4","0.327108544675923","1.32","1.4","1.2","1.8","0.9","1.3",NA,NA,NA,"1370","M10"
"1371","0","0","21.4","2.1","15.4","18.3187881695269","21.24","34.1","2.3","35.5","0.1","34.2",NA,NA,NA,"1371","M10"
"138","0","0","3.1","1.6","0.5","0.854400374531753","2.9","2.1","2.8","3.8",NA,NA,NA,NA,NA,"138","F5."
"139","0","0","1.9","3.6","0.3","0.115470053837925","1.56666666666667","1.5","1.5","1.7",NA,NA,NA,NA,NA,"139","F5."
"14","0.1","0","2.8","5.7","2.8","1.38924439894498","3.2","2.5","2.3","4.8",NA,NA,NA,NA,NA,"14","F3."
"140","0","0","1.1","2.8","0.2","0.665832811847939","1.13333333333333","1.3","1.7","0.4",NA,NA,NA,NA,NA,"140","F5."
"141","0","0","1","2.6","0.8","1.4047538337137","1.53333333333333","1.4","3","0.2",NA,NA,NA,NA,NA,"141","F5."
"142","0","0","2.6","2.8","0.1","0","1.1","1.1","1.1","1.1",NA,NA,NA,NA,NA,"142","F5."
"143","0","0","1","2.9","0.2","1.0816653826392","1.3","2.5","0.4","1",NA,NA,NA,NA,NA,"143","F5."
"144","0","0","2.2","1.8","0.4","1.27410099024109","1.56666666666667","2.4","0.1","2.2",NA,NA,NA,NA,NA,"144","F5."
"145","0","0","2.1","3.8","0.8","1.45716619962629","2.46666666666667","4","1.1","2.3",NA,NA,NA,NA,NA,"145","F5."
"146","0","0","2.3","1.7","1.3","2.03059925473574","2.43333333333333","3.8","0.1","3.4",NA,NA,NA,NA,NA,"146","F5."
"147","0","0","3.5","2.8","0.2","0.1","3.6","3.7","3.5","3.6",NA,NA,NA,NA,NA,"147","F5."
"148","0","0","3.2","3.1","2.8","6.87192355409556","4.93333333333333","1.9","0.1","12.8",NA,NA,NA,NA,NA,"148","F5."
"149","0","0","3.1","2.4","0.3","0.55075705472861","3.46666666666667","4","2.9","3.5",NA,NA,NA,NA,NA,"149","F5."
"15","0","0","7.1","1.4","4.8","5.08461732417823","7.06666666666667","6","2.6","12.6",NA,NA,NA,NA,NA,"15","F3."
"150","0","0","2.1","1.7","0.4","1.41539158303748","1.16666666666667","2.8","0.4","0.3",NA,NA,NA,NA,NA,"150","F5."
"151","0","0","3","1.4","0.2","0.23094010767585","3.26666666666667","3.4","3.4","3",NA,NA,NA,NA,NA,"151","F5."
"152","0","0","3.9","1.8","0.4","1.87705443004014","2.26666666666667","3.3","0.1","3.4",NA,NA,NA,NA,NA,"152","F5."
"153","0","0","6.3","0.9","12","16.6857224396588","17.1666666666667","3.9","11.7","35.9",NA,NA,NA,NA,NA,"153","F5."
"154","0","0","3.4","3.3","0.3","1.1","3.2","4.3","2.1","3.2",NA,NA,NA,NA,NA,"154","F5."
"155","0","0","34.6","0","7.2","14.8334082395112","12.6","4.9","3.2","29.7",NA,NA,NA,NA,NA,"155","F5."
"156","0","0","8.2","0.6","10.6","13.7764291454644","16.1","6.6","31.9","9.8",NA,NA,NA,NA,NA,"156","F5."
"157","0","0","11.3","0.1","5.6","14.5925780221773","18.2333333333333","8.4","35","11.3",NA,NA,NA,NA,NA,"157","F5."
"158","0","0","6.8","8.4","3.6","4.74376784142451","6.23333333333333","11.7","3.8","3.2",NA,NA,NA,NA,NA,"158","F5."
"159","0","0","2.1","1.9","1.2","1.80092568789868","1.33333333333333","0.5","3.4","0.1",NA,NA,NA,NA,NA,"159","F5."
"16","0","0","3.1","1.3","0.1","0.0999999999999999","3.2","3.1","3.2","3.3",NA,NA,NA,NA,NA,"16","F3."
"160","0","0","28.1","0.5","4","11.6064637163953","27","33.5","13.6","33.9",NA,NA,NA,NA,NA,"160","F5."
"161","0","0","1.4","2.6","0.5","0.519615242270663","1.1","1.4","0.5","1.4",NA,NA,NA,NA,NA,"161","F5."
"162","0","0","17.2","1.4","3.2","4.89523577913601","16.5666666666667","12.1","15.8","21.8",NA,NA,NA,NA,NA,"162","F5."
"163","0.1","0","2.5","3.9","0.5","0.832666399786453","1.86666666666667","2.8","1.2","1.6",NA,NA,NA,NA,NA,"163","F5."
"164","0","0","3.2","3.1","0.2","0.305505046330389","3.26666666666667","3.2","3.6","3",NA,NA,NA,NA,NA,"164","F5."
"165","0","0","4","2.2","0.2","0.416333199893226","3.76666666666667","3.3","3.9","4.1",NA,NA,NA,NA,NA,"165","F5."
"166","0","0","3","3.4","2.1","2.17944947177034","2.7","3.7","0.2","4.2",NA,NA,NA,NA,NA,"166","F5."
"167","0","0","26.4","1.6","4.5","4.62853468533329","30.3333333333333","33.3","32.7","25",NA,NA,NA,NA,NA,"167","F5."
"168","0","0","2","3.1","0.1","0.0577350269189626","2.03333333333333","2","2.1","2",NA,NA,NA,NA,NA,"168","F5."
"169","0","0","37.1","0.4","2.2","3.55527776692623","41.9","45.9","40.7","39.1",NA,NA,NA,NA,NA,"169","F5."
"17","0","0","27.2","0","4.7","2.2722969289539","30.7333333333333","32.8","28.3","31.1",NA,NA,NA,NA,NA,"17","F3."
"170","0","0","1.2","2.7","0.2","0.802080627701064","1.43333333333333","1.5","0.6","2.2",NA,NA,NA,NA,NA,"170","F5."
"171","0","0","3.1","3.4","0.6","1.4047538337137","3.16666666666667","3.3","4.5","1.7",NA,NA,NA,NA,NA,"171","F5."
"172","0","0","7.1","0.2","3.3","0.458257569495584","1.8","1.4","2.3","1.7",NA,NA,NA,NA,NA,"172","F5."
"173","0","0","35.3","0.1","1.1","2.45424801789333","36.8333333333333","38.3","38.2","34",NA,NA,NA,NA,NA,"173","F5."
"174","0","0","4.3","0.1","2.7","4.10528115155751","6.63333333333333","10.1","2.1","7.7",NA,NA,NA,NA,NA,"174","F5."
"175","0","0","38.8","0","2.9","2.41315837303177","38.0666666666667","35.4","40.1","38.7",NA,NA,NA,NA,NA,"175","F5."
"176","0","0","0.7","0.8","0.4","0.636396103067893","0.55","1","0.1",NA,NA,NA,NA,NA,NA,"176","F6."
"177","0","0","25.8","0.1","4","0.212132034355967","34.45","34.6","34.3",NA,NA,NA,NA,NA,NA,"177","F6."
"178","0","0","1.2","1","1","0.636396103067893","1.15","1.6","0.7",NA,NA,NA,NA,NA,NA,"178","F6."
"179","0.1","0","1.2","4.3","1.5","1.5556349186104","1.2","2.3","0.1",NA,NA,NA,NA,NA,NA,"179","F6."
"18","0","0","1.5","1.3","0.2","0.2","1.4","1.2","1.4","1.6",NA,NA,NA,NA,NA,"18","F3."
"180","0.1","0","16.4","4.7","13.3","26.5165042944955","18.85","0.1","37.6",NA,NA,NA,NA,NA,NA,"180","F6."
"181","0","0","1.7","0.9","1.2","0.989949493661166","2.2","2.9","1.5",NA,NA,NA,NA,NA,NA,"181","F6."
"182","0","0","26.5","0","7","3.39411254969543","26.6","24.2","29",NA,NA,NA,NA,NA,NA,"182","F6."
"183","0","0","2","0.6","1.2","1.69705627484771","2.4","3.6","1.2",NA,NA,NA,NA,NA,NA,"183","F6."
"184","0.1","0","2.7","2.5","1.1","2.40416305603426","1.8","3.5","0.1",NA,NA,NA,NA,NA,NA,"184","F6."
"185","0","0","10","0.8","12.8","0.353553390593274","3.05","3.3","2.8",NA,NA,NA,NA,NA,NA,"185","F6."
"186","0.1","0","16.3","1.1","11.4","24.2537625946986","18.35","1.2","35.5",NA,NA,NA,NA,NA,NA,"186","F6."
"187","0.1","0","2.9","1.4","0.8","0.636396103067893","2.85","3.3","2.4",NA,NA,NA,NA,NA,NA,"187","F6."
"188","0","0","3.3","1.1","2.1","2.33345237791561","2.95","4.6","1.3",NA,NA,NA,NA,NA,NA,"188","F6."
"189","0","0","18.7","0.4","9.3","20.8596500450032","18.25","3.5","33",NA,NA,NA,NA,NA,NA,"189","F6."
"19","0","0","4.4","0.9","2.1","2.74286954362276","5.96666666666667","4","4.8","9.1",NA,NA,NA,NA,NA,"19","F3."
"190","0.1","0","17.8","3.9","13.2","24.5366053071732","17.95","0.6","35.3",NA,NA,NA,NA,NA,NA,"190","F6."
"191","0","0","2.8","0.7","2","0.777817459305202","2.65","3.2","2.1",NA,NA,NA,NA,NA,NA,"191","F6."
"192","0","0","2","0.8","1.5","1.4142135623731","2.4","3.4","1.4",NA,NA,NA,NA,NA,NA,"192","F6."
"193","0","0","2.7","0","5.5","17.606958851545","16.65","4.2","29.1",NA,NA,NA,NA,NA,NA,"193","F6."
"194","0","0","2.4","0.8","1","1.34350288425444","2.75","3.7","1.8",NA,NA,NA,NA,NA,NA,"194","F6."
"195","1","0","30.7","2.4","7.1","2.05060966544099","37.55","36.1","39",NA,NA,NA,NA,NA,NA,"195","F6."
"196","0","0","38.8","2.5","4.6","3.7476659402887","38.35","35.7","41",NA,NA,NA,NA,NA,NA,"196","F6."
"197","0.2","0","1.7","2.5","1.5","1.20208152801713","1.05","1.9","0.2",NA,NA,NA,NA,NA,NA,"197","F6."
"198","0.1","0","12.6","5","11.7","28.7085353161738","21","0.7","41.3",NA,NA,NA,NA,NA,NA,"198","F6."
"199","0","0","18.6","0.5","10.7","1.13137084989848","3.5","4.3","2.7",NA,NA,NA,NA,NA,NA,"199","F6."
"2","0","0","5.5","0.6","4","4.95412286215565","6.26666666666667","6.5","1.2","11.1",NA,NA,NA,NA,NA,"2","F3."
"20","0","0","2.9","0.8","0.8","0.808290376865476","3.06666666666667","2.2","3.8","3.2",NA,NA,NA,NA,NA,"20","F3."
"200","0","0","3.7","0.9","4.5","1.62634559672906","3.75","4.9","2.6",NA,NA,NA,NA,NA,NA,"200","F6."
"201","0.1","0","26.8","5.8","10.8","16.1927452891719","28.25","16.8","39.7",NA,NA,NA,NA,NA,NA,"201","F6."
"202","0","0","1.1","1.2","1","1.06066017177982","1.15","1.9","0.4",NA,NA,NA,NA,NA,NA,"202","F6."
"203","0.1","0","0.6","1.7","2.6","1.76776695296637","1.35","2.6","0.1",NA,NA,NA,NA,NA,NA,"203","F6."
"204","0.1","0","1.8","2.8","1.2","0.919238815542512","1.55","2.2","0.9",NA,NA,NA,NA,NA,NA,"204","F6."
"205","0","0","1.7","1.1","0.9","0.353553390593274","2.05","2.3","1.8",NA,NA,NA,NA,NA,NA,"205","F6."
"206","0","0","20.6","1.7","11.7","22.8395490323255","16.95","0.8","33.1",NA,NA,NA,NA,NA,NA,"206","F6."
"207","0","0","3.5","1.9","0.3","0","3.3","3.3","3.3",NA,NA,NA,NA,NA,NA,"207","F6."
"208","0","0","0.9","3.4","0.1","0.565685424949238","0.6","1","0.2",NA,NA,NA,NA,NA,NA,"208","F6."
"209","0.1","0","1","3.1","0.1","0.0707106781186547","0.95","0.9","1",NA,NA,NA,NA,NA,NA,"209","F6."
"21","0","0","0.4","0.7","0.1","0.1","0.3","0.2","0.3","0.4",NA,NA,NA,NA,NA,"21","F3."
"210","0.1","0","2.1","0.6","1.6","1.69705627484771","2.6","3.8","1.4",NA,NA,NA,NA,NA,NA,"210","F6."
"211","0","0","2.8","1.8","0.3","1.20208152801713","2.05","2.9","1.2",NA,NA,NA,NA,NA,NA,"211","F7."
"212","0","0","7.1","1.4","3.9","3.46482322781408","7.25","4.8","9.7",NA,NA,NA,NA,NA,NA,"212","F7."
"213","0.1","0","2","2.1","1.9","1.97989898732233","1.8","3.2","0.4",NA,NA,NA,NA,NA,NA,"213","F7."
"214","0","0","2.3","1.3","1.1","2.05060966544099","1.55","3","0.1",NA,NA,NA,NA,NA,NA,"214","F7."
"215","0","0","20.6","0","8.7","0.565685424949236","29.5","29.9","29.1",NA,NA,NA,NA,NA,NA,"215","F7."
"216","0.1","0","4.8","2.9","1.6","0.424264068711928","4.7","4.4","5",NA,NA,NA,NA,NA,NA,"216","F7."
"217","0","0","2.3","1.5","0.7","0.848528137423857","2.7","2.1","3.3",NA,NA,NA,NA,NA,NA,"217","F7."
"218","0","0","8.3","10.8","3.4","0.848528137423857","14","14.6","13.4",NA,NA,NA,NA,NA,NA,"218","F7."
"219","0","0","7.9","1.4","5.3","24.0416305603426","21.8","38.8","4.8",NA,NA,NA,NA,NA,NA,"219","F7."
"22","0","0","7.6","1.1","4.6","4.15812457725836","8.2","5","6.7","12.9",NA,NA,NA,NA,NA,"22","F3."
"220","0","0","0.1","0.8","3.5","2.1920310216783","1.65","3.2","0.1",NA,NA,NA,NA,NA,NA,"220","F7."
"221","0","0","16.4","1","12","20.5768073325285","17.55","3","32.1",NA,NA,NA,NA,NA,NA,"221","F7."
"222","0","0","2.8","0.8","2.4","1.20208152801713","2.55","3.4","1.7",NA,NA,NA,NA,NA,NA,"222","F7."
"223","0","0","3.4","1.3","0.9","0.989949493661166","2.7","3.4","2",NA,NA,NA,NA,NA,NA,"223","F7."
"224","0","0","2.3","1.1","1.6","1.06066017177982","2.05","2.8","1.3",NA,NA,NA,NA,NA,NA,"224","F7."
"225","0","0","12.2","0.7","11.7","19.7989898732233","17.5","3.5","31.5",NA,NA,NA,NA,NA,NA,"225","F7."
"226","0","0","2.4","0.7","12.9","0.919238815542512","2.05","2.7","1.4",NA,NA,NA,NA,NA,NA,"226","F7."
"227","0","0","1","2.6","1.8","2.1920310216783","1.65","3.2","0.1",NA,NA,NA,NA,NA,NA,"227","F7."
"228","0","0","2.6","1.3","0.6","0.707106781186548","2.6","3.1","2.1",NA,NA,NA,NA,NA,NA,"228","F7."
"229","0","0","3.1","1.1","0.6","0.848528137423857","2.9","3.5","2.3",NA,NA,NA,NA,NA,NA,"229","F7."
"23","0","0","7.7","0.7","3.6","4.6776062254106","8.7","5.9","6.1","14.1",NA,NA,NA,NA,NA,"23","F3."
"230","0","0","3.8","1.4","1.6","2.89913780286484","2.05","4.1","0",NA,NA,NA,NA,NA,NA,"230","F7."
"231","0","0","3.2","3.2","0.2","0.212132034355964","3.45","3.3","3.6",NA,NA,NA,NA,NA,NA,"231","F7."
"232","0","0","3.4","2.1","3.2","2.33345237791561","1.85","3.5","0.2",NA,NA,NA,NA,NA,NA,"232","F7."
"233","0","0","3.5","1.2","0.4","0.424264068711929","3.4","3.1","3.7",NA,NA,NA,NA,NA,NA,"233","F7."
"234","0","0","18.4","0.8","12.8","21.6374675043084","19.5","4.2","34.8",NA,NA,NA,NA,NA,NA,"234","F7."
"235","0","0","11.8","0.6","4.8","6.29325035256027","7.95","3.5","12.4",NA,NA,NA,NA,NA,NA,"235","F7."
"236","0","0","2.7","2.1","0.8","0.212132034355964","2.75","2.9","2.6",NA,NA,NA,NA,NA,NA,"236","F7."
"237","0","0","3.7","0.6","0.1","0.565685424949238","3.7","4.1","3.3",NA,NA,NA,NA,NA,NA,"237","F7."
"238","0","0","2.8","2.5","1.5","2.33345237791561","1.75","3.4","0.1",NA,NA,NA,NA,NA,NA,"238","F7."
"239","0","0","2.6","1","0.4","2.12132034355964","1.6","3.1","0.1",NA,NA,NA,NA,NA,NA,"239","F7."
"24","0","0","2.6","2.1","0.6","1.3076696830622","2.6","3.5","3.2","1.1",NA,NA,NA,NA,NA,"24","F3."
"240","0","0","4","0.4","0.4","0","4.5","4.5","4.5",NA,NA,NA,NA,NA,NA,"240","F7."
"241","0.1","0","2","1.4","0.9","0.565685424949238","2","2.4","1.6",NA,NA,NA,NA,NA,NA,"241","F7."
"242","0","0","3.6","1.6","0.7","0.848528137423857","3.9","4.5","3.3",NA,NA,NA,NA,NA,NA,"242","F7."
"243","0.1","0","11","1.2","9","3.94662302903803","10.775","15.6","6.4","12","9.1",NA,NA,NA,NA,"243","F9."
"244","0.1","0","5.1","2.4","1","0.818535277187245","4.85","5.9","4.2","4.2","5.1",NA,NA,NA,NA,"244","F9."
"245","0.2","0","21.2","2.6","14.2","19.1029447991664","18.675","4.3","34.8","35.5","0.1",NA,NA,NA,NA,"245","F9."
"246","0.1","0","13.4","5.3","5.6","5.37990086649683","13.45","18.2","16.4","6","13.2",NA,NA,NA,NA,"246","F9."
"247","0","0","17.3","2.2","10.4","15.5951648489738","22.675","21.4","1.4","37.2","30.7",NA,NA,NA,NA,"247","F9."
"248","0.1","0","17.1","7.6","1.7","1.33759734848222","16.675","18.1","17.5","15.8","15.3",NA,NA,NA,NA,"248","F9."
"249","0.2","0","22.4","0.5","12.1","15.4070059821282","21.625","12","33.2","36.2","5.1",NA,NA,NA,NA,"249","F9."
"25","0","0","7.4","1.1","4.1","5.25769277662107","7.03333333333333","4.2","3.8","13.1",NA,NA,NA,NA,NA,"25","F3."
"250","0.1","0","18.2","2.2","11.4","9.9355841968821","5.925","0.1","1.4","1.4","20.8",NA,NA,NA,NA,"250","F9."
"251","0.5","0","24.1","3.3","14.2","18.1567939534122","25.975","39","38.2","0.1","26.6",NA,NA,NA,NA,"251","F9."
"252","0.2","0","2.7","4.4","1.3","1.8375708603117","2.65","4.4","3.4","2.7","0.1",NA,NA,NA,NA,"252","F9."
"253","0.6","0","34","3.7","14.6","18.1804611235982","25.775","38","39.3","0.1","25.7",NA,NA,NA,NA,"253","F9."
"254","0.2","0","5.2","3.7","0.4","0.499165971062398","4.875","5.4","4.9","4.2","5",NA,NA,NA,NA,"254","F9."
"255","0.1","0","12.9","3.4","4.9","4.72325805632793","11.875","11.1","10.9","18.4","7.1",NA,NA,NA,NA,"255","F9."
"256","0.2","0","5","2.4","0.3","0.427200187265877","4.975","5.1","4.8","4.5","5.5",NA,NA,NA,NA,"256","F9."
"257","0.2","0","19.1","1.6","12.8","13.9341307586803","18.2","22","35.2","13.4","2.2",NA,NA,NA,NA,"257","F9."
"258","0.1","0","4","1.2","2.7","3.34015967682185","4.15","5.5","0.5","2.5","8.1",NA,NA,NA,NA,"258","F9."
"259","0.1","0","19.8","1","14.5","14.8811681889113","20.325","32.4","7.5","7.4","34",NA,NA,NA,NA,"259","F9."
"26","0.1","0","17.7","12.6","0.3","0.763762615825973","17.6333333333333","16.8","18.3","17.8",NA,NA,NA,NA,NA,"26","F3."
"260","0.1","0","11","0.5","10.2","6.49332991101895","7.15","8.9","2.1","2","15.6",NA,NA,NA,NA,"260","F9."
"261","0.2","0","2.4","1.1","2.4","2.48378072032671","3.225","6","2.7","0.1","4.1",NA,NA,NA,NA,"261","F9."
"262","0.1","0","1","1.1","0.8","0.917877987534291","0.875","0.1","0.1","1.4","1.9",NA,NA,NA,NA,"262","F9."
"263","0.1","0","2.6","1.3","0.6","1.38684293751431","2.25","3.1","3.5","0.4","2",NA,NA,NA,NA,"263","F9."
"264","0.3","0","31.4","9.7","13.5","16.8995068961592","39.1","43.8","50.6","47.9","14.1",NA,NA,NA,NA,"264","F9."
"265","0","0","13.6","1.7","9.7","6.02052046476604","6.6","1.2","15.2","5.5","4.5",NA,NA,NA,NA,"265","F9."
"266","0.1","0","2.5","1.4","1.6","1.32790561913614","2.25","3.2","0.7","1.6","3.5",NA,NA,NA,NA,"266","F9."
"267","0","0","1.7","0.9","11.1","15.4045447839266","9.5","1.3","32.6","1.9","2.2",NA,NA,NA,NA,"267","F9."
"268","0","0","26.6","0.8","7.5","4.54972526643093","28.2","31.5","28.1","31.4","21.8",NA,NA,NA,NA,"268","F9."
"269","0","0","16.9","0.7","10.1","12.3362271379867","18.625","7.6","8.5","27.1","31.3",NA,NA,NA,NA,"269","F9."
"27","1.3","0","34.6","0.3","7.8","0.0577350269189634","39.3666666666667","39.4","39.4","39.3",NA,NA,NA,NA,NA,"27","F3."
"270","0.1","0","7.2","1.3","6","4.82243023104879","7.125","8.8","13.1","2.3","4.3",NA,NA,NA,NA,"270","F9."
"271","0","0","21.7","2.6","9.7","9.20701725135055","24.825","17.7","34.7","16.3","30.6",NA,NA,NA,NA,"271","F9."
"272","0.1","0","2.9","2","2.7","2.47116706571342","2.5","5.7","3.1","1.1","0.1",NA,NA,NA,NA,"272","F9."
"273","0.1","0","23.4","4.1","3.9","3.17004206070939","23.525","25.3","18.8","25.4","24.6",NA,NA,NA,NA,"273","F9."
"274","0.1","0","0.8","3","0.2","0.189296944860009","0.425","0.4","0.7","0.3","0.3",NA,NA,NA,NA,"274","F9."
"275","0.2","0","7.4","3.5","2.5","2.94957624075053","6.8","3","8.1","6.2","9.9",NA,NA,NA,NA,"275","F9."
"276","0.1","0","0.7","1.5","0.2","0.645497224367903","0.55","1.5","0.4","0.2","0.1",NA,NA,NA,NA,"276","F9."
"277","0.1","0","0.5","1.8","0.1","1.48632656797444","1.675","0.4","3.8","1","1.5",NA,NA,NA,NA,"277","F9."
"278","0.1","0","3.9","1.8","1.6","1.50194318578744","3.525","4.1","1.4","3.7","4.9",NA,NA,NA,NA,"278","F9."
"279","0.1","0","5.5","2","2.5","2.25831795812724","5.8","4.2","5.4","4.5","9.1",NA,NA,NA,NA,"279","F9."
"28","0","0","25.1","1.5","11.8","12.2696101540894","26.8666666666667","33.8","34.1","12.7",NA,NA,NA,NA,NA,"28","F3."
"280","0.3","0","3.6","2.8","2.3","1.73397424048533","3.4","4","0.9","4.9","3.8",NA,NA,NA,NA,"280","F9."
"281","0.3","0","4.2","4.3","1.9","2.25388553391693","4.2","5.5","2.1","2.5","6.7",NA,NA,NA,NA,"281","F9."
"282","0.2","0","1.5","2.3","1","1.34412301024373","1.5","3.1","0.6","0.2","2.1",NA,NA,NA,NA,"282","F9."
"283","0.1","0","6.3","2.4","4.2","4.02854398842394","6.625","4.8","3.2","6.1","12.4",NA,NA,NA,NA,"283","F9."
"284","0.1","0","5.8","1.9","2.2","2.44267612807483","6.1","5.8","3.7","5.4","9.5",NA,NA,NA,NA,"284","F9."
"285","0.1","0","3.4","2.4","2.4","2.46779253585061","2.75","5.9","1.1","0.5","3.5",NA,NA,NA,NA,"285","F9."
"286","0.1","0","25.8","1","11.7","13.096309912847","21.8","6.3","33.1","15.6","32.2",NA,NA,NA,NA,"286","F9."
"287","0.2","0","5.2","2.1","0.7","0.714142842854285","4.95","4.5","4.8","4.5","6",NA,NA,NA,NA,"287","F9."
"288","0.1","0","6.2","3.1","1.1","1.27671453348037","6.15","6.2","7.8","5.9","4.7",NA,NA,NA,NA,"288","F9."
"289","0.3","0","13.3","3.9","10.4","5.07633397903119","12.225","10.6","11.1","19.5","7.7",NA,NA,NA,NA,"289","F9."
"29","0","0","6.7","9.7","0.4","0.665832811847939","2.43333333333333","2.6","3","1.7",NA,NA,NA,NA,NA,"29","F3."
"290","0.2","0","13.8","3.4","11.1","13.5619565943365","14.9","9.2","9.4","35.1","5.9",NA,NA,NA,NA,"290","F9."
"291","0.1","0","19.5","2.5","12","15.9848626310436","14.125","9.2","9.8","37.2","0.3",NA,NA,NA,NA,"291","F9."
"292","0","0","21.5","1.5","13","18.0941058543015","15.55","0.1","0.1","34.7","27.3",NA,NA,NA,NA,"292","F9."
"293","0.1","0","19.8","2.2","11.3","13.2999686716423","22.425","9.6","12.3","33.5","34.3",NA,NA,NA,NA,"293","F9."
"294","0.3","0","23.3","3.8","14","17.9290267443607","28.45","5.8","44","41.6","22.4",NA,NA,NA,NA,"294","F9."
"295","0.1","0","6.6","4.6","2.7","1.93390796058137","5.9","7.8","5.7","3.3","6.8",NA,NA,NA,NA,"295","F9."
"296","0.1","0","24.9","1.6","12.5","14.8625648302483","21.475","11.9","34.8","33.5","5.7",NA,NA,NA,NA,"296","F9."
"297","0.1","0","21.7","1.3","10.6","14.6002283087172","13.3","12.2","7","33.9","0.1",NA,NA,NA,NA,"297","F9."
"298","0.1","0","26.3","0.9","9","12.9298105167864","22.1","12.3","32.7","33.8","9.6",NA,NA,NA,NA,"298","F9."
"299","0.1","0","27.4","1.3","10.5","17.5260520368964","21.025","13","0.1","35.2","35.8",NA,NA,NA,NA,"299","F9."
"3","0","0","9.8","0.8","7.3","6.84129617348448","10.5333333333333","7.9","5.4","18.3",NA,NA,NA,NA,NA,"3","F3."
"30","0","0","0.6","0","7.9","6.73523075575985","15.7666666666667","19.3","20","8",NA,NA,NA,NA,NA,"30","F3."
"300","0.1","0","21.5","1.6","10.7","10.6073480820294","23.875","14","15.6","34.8","31.1",NA,NA,NA,NA,"300","F9."
"301","0.1","0","7.8","1","4.9","5.59791627899763","6.55","13.8","0.2","5.5","6.7",NA,NA,NA,NA,"301","F9."
"302","0.1","0","4.7","2.8","0.1","0.125830573921179","4.725","4.6","4.7","4.7","4.9",NA,NA,NA,NA,"302","F9."
"303","0.1","0","24.2","1.1","9.2","8.89508291136176","24.675","16.1","32.1","17.9","32.6",NA,NA,NA,NA,"303","F9."
"304","0.1","0","23.2","1.3","11.2","8.17898730487665","27.725","17.1","35.1","25.6","33.1",NA,NA,NA,NA,"304","F9."
"305","0.1","0","28.1","1.2","10.5","15.4581154521932","21","18.5","32.6","0.1","32.8",NA,NA,NA,NA,"305","F9."
"306","0.1","0","31.5","1.1","9.1","6.9245336786434","30.175","19.8","33.4","33.4","34.1",NA,NA,NA,NA,"306","F9."
"307","0","0","10.7","5.6","10.1","11.6740095939656","12.775","9.6","0.9","28.8","11.8",NA,NA,NA,NA,"307","F9."
"308","0.1","0","2.4","1.2","1.5","1.22031416719903","2.375","3.5","1","1.7","3.3",NA,NA,NA,NA,"308","F9."
"309","0","0","14.1","0","8.6","3.20039060116105","4.775","6.8","2.2","8.2","1.9",NA,NA,NA,NA,"309","F9."
"31","0","0","2.4","3.9","0.8","1.32790561913614","3.33333333333333","4.1","1.8","4.1",NA,NA,NA,NA,NA,"31","F3."
"310","1.2","0","27.1","3.3","11.4","10.588161628284","31.425","35.6","15.6","37.8","36.7",NA,NA,NA,NA,"310","F9."
"311","0.1","0","7.6","0.9","7.2","4.78635212522717","7.375","3.4","14.1","4.6","7.4",NA,NA,NA,NA,"311","F9."
"312","0.1","0","18.4","3","13.6","14.4744602662759","15.35","7.3","13.1","36.4","4.6",NA,NA,NA,NA,"312","F9."
"313","0.2","0","17.5","0.8","3.8","0.974679434480896","16.75","16.3","17.7","17.4","15.6",NA,NA,NA,NA,"313","F9."
"314","0","0","2.3","1.2","0.2","0.722841614740048","2.625","1.7","2.4","3.2","3.2",NA,NA,NA,NA,"314","F9."
"315","0.1","0","1","2","1.1","1.3699148392023","0.85","0.3","0.1","2.9","0.1",NA,NA,NA,NA,"315","F9."
"316","0","0","6.4","2","4.5","3.46938995598169","5.75","7.6","9.6","2","3.8",NA,NA,NA,NA,"316","F9."
"317","0.6","0","21.4","3","14","18.4579477010131","31.475","39.3","39.7","3.9","43",NA,NA,NA,NA,"317","F9."
"318","0.2","0","23","1.9","13.6","19.4110793105381","19.35","35.1","37","5.2","0.1",NA,NA,NA,NA,"318","F9."
"319","0.1","0","22.6","3.1","13","16.4439451876164","12.45","0.2","0.1","14.6","34.9",NA,NA,NA,NA,"319","F9."
"32","0","0","0.4","1.9","0.2","0.513160143944688","0.533333333333333","0.4","1.1","0.1",NA,NA,NA,NA,NA,"32","F3."
"320","0.1","0","29.3","0.8","8.4","12.6356638131916","24.5","8.9","33.2","19.7","36.2",NA,NA,NA,NA,"320","F9."
"321","0.1","0","29.4","1.1","8.2","6.54980915752513","30.9","33.5","33.3","21.2","35.6",NA,NA,NA,NA,"321","F9."
"322","0","0","21.5","6.3","9.3","9.46255779374689","26.2","26.7","23.1","38.8","16.2",NA,NA,NA,NA,"322","F9."
"323","0","0","3.5","2.6","1.5","1.85539753152795","2.725","2.8","4.3","3.7","0.1",NA,NA,NA,NA,"323","F9."
"324","0.1","0","26.2","1.2","9.2","10.8281654340274","25.625","12.7","33.8","20.7","35.3",NA,NA,NA,NA,"324","F9."
"325","0","0","1.9","1","2.1","1.73084757657436","2.275","4.8","1.2","1.1","2",NA,NA,NA,NA,"325","F9."
"326","0.2","0","28.1","4.3","10.7","10.5658254134103","33.25","37","37.6","40.8","17.6",NA,NA,NA,NA,"326","F9."
"327","0","0","29.3","1","10","22.1317833292605","33.325","5.9","30.6","59.7","37.1",NA,NA,NA,NA,"327","F9."
"328","0.1","0","28.2","8.2","10.3","11.2352125035533","36.35","36.4","43.1","45.4","20.5",NA,NA,NA,NA,"328","F9."
"329","0.1","0","2.2","2.2","1.7","1.78232058470598","1.95","0.4","4.4","2.1","0.9",NA,NA,NA,NA,"329","F9."
"33","0","0","0.7","1.2","0.5","0.62449979983984","0.8","0.1","1","1.3",NA,NA,NA,NA,NA,"33","F3."
"330","0.1","0","1.9","2.4","2.7","2.44727739879783","1.825","5.4","1.4","0.1","0.4",NA,NA,NA,NA,"330","F9."
"331","0.1","0","6.9","2.2","3.4","2.92859465728302","6.85","10.6","7.3","5.9","3.6",NA,NA,NA,NA,"331","F9."
"332","0.1","0","4.6","3.3","0.5","0.505799696849784","4.625","5.2","4.8","4","4.5",NA,NA,NA,NA,"332","F9."
"333","0.1","0","22.1","1.5","9.6","11.0605907015252","27.45","11.1","32.9","35.2","30.6",NA,NA,NA,NA,"333","F9."
"334","0","0","13.4","0.6","7.3","8.03466448169016","13.875","14","2.8","21.7","17",NA,NA,NA,NA,"334","F9."
"335","0.3","0","27.8","1.2","12.3","16.803273490603","22.05","17.9","35.6","34.7","0",NA,NA,NA,NA,"335","F9."
"336","0.1","0","20.4","0.9","11.4","13.9916641850306","15.4","18.1","0","33.2","10.3",NA,NA,NA,NA,"336","F9."
"337","0","0","1.8","2.4","1.3","1.28322510366134","1.3","3.1","0.6","1.3","0.2",NA,NA,NA,NA,"337","F9."
"338","0","0","28.5","0.8","12.7","9.00037036274989","4.6","18.1","0.1","0.2","0",NA,NA,NA,NA,"338","F9."
"339","0","0","22.7","7.4","8.6","8.48528137423857","21.6","23.2","22.8","10","30.4",NA,NA,NA,NA,"339","F9."
"34","0","0","1.1","0.9","1","1.0785793124909","1.26666666666667","0.8","0.5","2.5",NA,NA,NA,NA,NA,"34","F3."
"340","0","0","29.9","0.7","6.7","15.3599858940907","22.575","33.9","32.1","23.8","0.5",NA,NA,NA,NA,"340","F9."
"341","0.1","0","4.6","1.4","2.6","1.92937813815747","4.275","4.3","5.1","6.1","1.6",NA,NA,NA,NA,"341","F9."
"342","0.1","0","7.2","5.1","3.7","4.59229427047817","6.875","6.2","1","8.3","12",NA,NA,NA,NA,"342","F9."
"343","0.1","0","11.6","2.8","4.6","4.45524036014519","9.925","9.1","6.4","7.8","16.4",NA,NA,NA,NA,"343","F9."
"344","0","0","24.9","0","7.1","2.97825452236709","26.35","24","24.1","27","30.3",NA,NA,NA,NA,"344","F9."
"345","0.1","0","6.1","2.1","1","0.981070843517429","5.975","5.4","6.3","7.2","5",NA,NA,NA,NA,"345","F9."
"346","0.1","0","19.5","6.8","3.9","5.01156994696605","19.275","23.6","22.3","12.4","18.8",NA,NA,NA,NA,"346","F9."
"347","0.1","0","3.3","4.5","0.3","0.432049379893857","3.2","2.8","3","3.2","3.8",NA,NA,NA,NA,"347","F9."
"348","0.2","0","30.3","9.7","9.2","9.17146843931403","35.675","22.8","37.2","44.5","38.2",NA,NA,NA,NA,"348","F9."
"349","0.1","0","16.9","5.2","9.7","10.8981267503487","19.125","8.2","11.6","26.1","30.6",NA,NA,NA,NA,"349","F9."
"35","0","0","6","1.1","6","5.57165445207555","5.86666666666667","5.3","0.6","11.7",NA,NA,NA,NA,NA,"35","F3."
"350","0.1","0","21.9","7.6","5.3","4.41465362929717","20.675","25.8","22.6","15.8","18.5",NA,NA,NA,NA,"350","F9."
"351","0","0","4.2","2.1","3.9","3.13833820144781","2.925","7.4","1.8","2.4","0.1",NA,NA,NA,NA,"351","F9."
"352","0","0","30.1","1.8","6.5","3.44915448576411","32.15","31.8","34.7","27.4","34.7",NA,NA,NA,NA,"352","F9."
"353","0.1","0","7","3.5","0.7","0.665832811847939","6.85","7.8","6.8","6.3","6.5",NA,NA,NA,NA,"353","F9."
"354","0.2","0","22","12.2","1.8","2.12132034355964","21.8","19.8","21.3","21.3","24.8",NA,NA,NA,NA,"354","F9."
"355","0.1","0","20.8","13.4","0.4","1.33260396717605","20.725","22.1","21","20.9","18.9",NA,NA,NA,NA,"355","F9."
"356","0","0","12.3","0.8","7.7","7.8181412965828","10.35","10.1","19","0.1","12.2",NA,NA,NA,NA,"356","F9."
"357","0","0","8","1.6","5.9","4.49221548904324","7.5","5.6","3.2","7.5","13.7",NA,NA,NA,NA,"357","F9."
"358","0.4","0","18.8","12.5","1.2","0.535412613473634","18.4","19","17.7","18.5","18.4",NA,NA,NA,NA,"358","F9."
"359","0","0","10","1.4","7","11.0246315131164","12.975","14.3","8.3","1.7","27.6",NA,NA,NA,NA,"359","F9."
"36","0","0","4.2","0.8","5.2","4.85386443980464","5.2","2.6","2.2","10.8",NA,NA,NA,NA,NA,"36","F3."
"360","0.1","0","19.3","1.5","10.6","13.9318280686109","17.375","8.4","26.7","31.6","2.8",NA,NA,NA,NA,"360","F9."
"361","0.1","0","25.7","7.2","9","7.21803297304744","24.3","24.7","21.6","34","16.9",NA,NA,NA,NA,"361","F9."
"362","0","0","22.8","5.7","6.8","9.37563331194218","17.225","23.7","20.7","3.3","21.2",NA,NA,NA,NA,"362","F9."
"363","0","0","6.7","1.2","2.1","1.73781471969828","6.5","7.4","7.5","3.9","7.2",NA,NA,NA,NA,"363","F9."
"364","0","0","37","0.9","11","13.8503910895445","11.7","2.9","32","2.8","9.1",NA,NA,NA,NA,"364","F9."
"365","0.1","0","5.4","2.4","5.1","4.27034346784112","5.075","1.3","4.2","3.6","11.2",NA,NA,NA,NA,"365","F9."
"366","0.2","0","36.8","3.2","3.7","2.20756275863979","41.1","41","41","43.9","38.5",NA,NA,NA,NA,"366","F9."
"367","0.1","0","19.6","9.8","1.7","3.25883414736006","18.9","16.5","19.2","23.4","16.5",NA,NA,NA,NA,"367","F9."
"368","0","0","27.7","0.7","11.2","9.51888473859552","24.025","12.9","31.7","32.2","19.3",NA,NA,NA,NA,"368","F9."
"369","0.2","0","29.1","10.3","10.9","13.8201242155537","36.975","41.9","41.5","47.8","16.7",NA,NA,NA,NA,"369","F9."
"37","0","0","6.1","1.1","4.7","5.39258750508511","5.6","2","3","11.8",NA,NA,NA,NA,NA,"37","F3."
"370","0","0","6","3","0.4","0.25","6.075","6.4","6","6.1","5.8",NA,NA,NA,NA,"370","F9."
"371","0","0","1.3","1.1","0.9","0.830160627027485","1.275","2.2","1.2","1.5","0.2",NA,NA,NA,NA,"371","F9."
"372","0","0","0.5","1.2","0.1","0.369684550213647","0.35","0.2","0.1","0.9","0.2",NA,NA,NA,NA,"372","F9."
"373","0","0","7.7","1.6","9.3","10.3057831660998","9.275","7.2","3.2","2.3","24.4",NA,NA,NA,NA,"373","F9."
"374","0.1","0","0.3","2.6","0.2","0.173205080756888","0.35","0.3","0.6","0.2","0.3",NA,NA,NA,NA,"374","F9."
"375","0.1","0","0.6","2","0.4","0.378593889720018","0.35","0.1","0.1","0.9","0.3",NA,NA,NA,NA,"375","F9."
"376","0.1","0","16.4","2.4","10.5","14.6761711628067","13.35","0.1","25.6","1.2","26.5",NA,NA,NA,NA,"376","F9."
"377","0.1","0","0.9","2.7","13.7","1.59269164205337","1.55","0.2","0.7","3.8","1.5",NA,NA,NA,NA,"377","F9."
"378","0.1","0","3.2","2.1","2","2.12994522621279","2.75","4.7","1.8","4.3","0.2",NA,NA,NA,NA,"378","F9."
"379","0.1","0","4.4","2.2","2.4","2.75257455242663","4.15","5.4","3.4","0.7","7.1",NA,NA,NA,NA,"379","F9."
"38","0.1","0","6.3","0.9","5.2","4.40719109335338","5.86666666666667","4","2.7","10.9",NA,NA,NA,NA,NA,"38","F3."
"380","0","0","6.6","1","2.7","2.48327740429189","5.9","7.6","3","4.7","8.3",NA,NA,NA,NA,"380","F9."
"381","0.1","0","4.6","5.4","1.8","2.49933324442073","4.2","6.3","5.3","0.6","4.6",NA,NA,NA,NA,"381","F9."
"382","0","0","14.1","1.1","11.3","7.16536809940704","11.925","4","9","13.9","20.8",NA,NA,NA,NA,"382","F9."
"383","0.1","0","21.9","5.8","8.1","8.08352233456018","24.55","36","17","23","22.2",NA,NA,NA,NA,"383","F9."
"384","0.1","0","5.7","6.9","1.1","0.391578004149024","6.2","6.4","6.6","6.1","5.7",NA,NA,NA,NA,"384","F9."
"385","0.1","0","21","6.1","6.9","6.91712849863776","26.6","24.7","23.3","36.8","21.6",NA,NA,NA,NA,"385","F9."
"386","0.1","0","0.6","2","0.5","0.340342964277702","0.375","0.8","0.1","0.1","0.5",NA,NA,NA,NA,"386","F9."
"387","0.1","0","3.4","4.7","2.9","3.00055550412475","3.35","2.2","7.2","0.1","3.9",NA,NA,NA,NA,"387","F9."
"388","0","0","3.7","0.8","5.1","5.15945733580577","4.7","0.8","12.3","3","2.7",NA,NA,NA,NA,"388","F9."
"389","0","0","17.5","1","13.5","16.3174752949101","19.7","1.1","10.9","33.4","33.4",NA,NA,NA,NA,"389","F9."
"39","0","0","2.9","0.1","2.3","0.55075705472861","2.86666666666667","2.3","3.4","2.9",NA,NA,NA,NA,NA,"39","F3."
"390","0","0","1.7","1.4","13.7","1.17862914721581","1.425","0.6","2.8","2","0.3",NA,NA,NA,NA,"390","F9."
"391","0.2","0","8","2","10.2","8.36834312553367","8.375","3.6","3.2","5.9","20.8",NA,NA,NA,NA,"391","F9."
"392","0","0","12.3","0.6","13.4","14.6522751361919","11.225","2.1","1.3","8.9","32.6",NA,NA,NA,NA,"392","F9."
"393","0.1","0","1.9","1.9","1.3","1.33759734848222","1.525","3.1","2.1","0.1","0.8",NA,NA,NA,NA,"393","F9."
"394","0","0","4.4","1.4","1.9","1.79164728671689","4.65","4.2","4.2","3","7.2",NA,NA,NA,NA,"394","F9."
"395","0.2","0","14.7","3.5","13.6","0.754983443527075","3.05","3.9","2.1","2.9","3.3",NA,NA,NA,NA,"395","F9."
"396","0.1","0","25.1","0.9","13.1","17.7124014934923","29.925","3.6","36.4","42","37.7",NA,NA,NA,NA,"396","F9."
"397","0.1","0","14.6","3.1","11.6","5.25444256478902","9.825","6.9","7.3","7.4","17.7",NA,NA,NA,NA,"397","F9."
"398","0.1","0","7.8","1.8","3.7","3.707087805812","6.175","4.9","2.7","5.7","11.4",NA,NA,NA,NA,"398","F9."
"399","0.1","0","4.9","2.2","0.3","0.182574185835055","4.9","4.8","5.1","5","4.7",NA,NA,NA,NA,"399","F9."
"4","0.1","0","16.6","14.6","1.5","0.3605551275464","16","15.6","16.3","16.1",NA,NA,NA,NA,NA,"4","F3."
"40","0","0","4.6","1","2.5","2.80416357107308","5.56666666666667","8.8","3.8","4.1",NA,NA,NA,NA,NA,"40","F3."
"400","0.1","0","3.7","1.5","2.1","2.13600093632938","3.675","4.7","4.4","5.1","0.5",NA,NA,NA,NA,"400","F9."
"401","0.1","0","5.6","2.6","0.2","0.208166599946613","5.55","5.3","5.5","5.8","5.6",NA,NA,NA,NA,"401","F9."
"402","0.1","0","5.6","2.4","1","0.906917857360853","5.425","6.5","5.3","4.3","5.6",NA,NA,NA,NA,"402","F9."
"403","0.2","0","19.8","2.7","10","12.5449857180734","17.35","8.1","35.6","10.3","15.4",NA,NA,NA,NA,"403","F9."
"404","0","0","7","1.7","3.9","4.01455684561405","5.05","7.9","8.7","0.1","3.5",NA,NA,NA,NA,"404","F9."
"405","0.1","0","15.7","0.8","8.6","11.3282464073954","17.925","17","33.9","13.2","7.6",NA,NA,NA,NA,"405","F9."
"406","0.1","0","17.5","1.5","10.8","14.461298927367","14.925","7.2","0","32.9","19.6",NA,NA,NA,NA,"406","F9."
"407","0.1","0","5.2","2.5","0.2","0.298607881119482","5.275","5.6","5.4","4.9","5.2",NA,NA,NA,NA,"407","F9."
"408","0.1","0","21","1.9","13.3","13.6259556239798","18.8","7.7","7.1","34.5","25.9",NA,NA,NA,NA,"408","F9."
"409","0","0","17.2","1.6","12.6","15.7830077403939","16.45","8.3","20.7","36.5","0.3",NA,NA,NA,NA,"409","F9."
"41","0","0","5.6","0.9","2.1","2.86181760425084","6.2","4.4","4.7","9.5",NA,NA,NA,NA,NA,"41","F3."
"410","0.1","0","9.1","2.8","4","3.59119293086109","10.15","9.4","6.7","9.3","15.2",NA,NA,NA,NA,"410","F9."
"411","0.1","0","15.3","2.1","12.1","12.7951488202886","17.525","13.8","34.6","17.8","3.9",NA,NA,NA,NA,"411","F9."
"412","0","0","24.1","0.9","10.9","11.4538203233681","23.65","15.3","12.3","32.8","34.2",NA,NA,NA,NA,"412","F9."
"413","0","0","19.6","1.3","8.4","13.7605716935501","17","15.3","0.1","33.6","19",NA,NA,NA,NA,"413","F9."
"414","0.1","0","17","1.4","9.9","10.8349357789206","17.675","16.8","32.8","13.8","7.3",NA,NA,NA,NA,"414","F9."
"415","0","0","33.4","2.7","5.5","15.4307053198053","24.3","27.5","36.9","1.9","30.9",NA,NA,NA,NA,"415","F9."
"416","0.1","0","15.4","4.7","10.1","15.0699203713888","13.325","0.8","23.2","0.1","29.2",NA,NA,NA,NA,"416","F9."
"417","0.1","0","32.4","5.9","9.2","7.24660840209634","35.7","25.4","37.3","42.4","37.7",NA,NA,NA,NA,"417","F9."
"418","0.1","0","26.3","10.3","0.8","0.865544144839919","24.675","23.5","25.1","24.6","25.5",NA,NA,NA,NA,"418","F9."
"419","0.1","0","3.7","3.1","0.5","0.115470053837925","3.7","3.8","3.6","3.6","3.8",NA,NA,NA,NA,"419","F9."
"42","0","0","4.8","1","3.1","0.862167810425171","4.23333333333333","5","4.4","3.3",NA,NA,NA,NA,NA,"42","F3."
"420","0","0","9","1.3","10.7","16.0950302888811","9.65","1.3","33.7","3.5","0.1",NA,NA,NA,NA,"420","F9."
"421","0","0","21.3","0.7","13.8","7.99854153372142","11.75","0.5","12.2","15.3","19",NA,NA,NA,NA,"421","F9."
"422","0.1","0","15.5","10.2","3.7","3.00499584026334","15.75","12.2","15.2","16.1","19.5",NA,NA,NA,NA,"422","F9."
"423","0","0","18.9","2.4","12.1","15.5418520989831","12.025","7","0.2","34.9","6",NA,NA,NA,NA,"423","F9."
"424","0","0","10.3","5.3","5.1","6.02792114524845","9.625","8.4","7.4","18.3","4.4",NA,NA,NA,NA,"424","F9."
"425","0","0","3","4.2","4","3.69447786116884","2.625","8","2.1","0.1","0.3",NA,NA,NA,NA,"425","F9."
"426","0.1","0","14.2","1.7","9.5","18.5378891283051","20.1","6.7","1.7","34.1","37.9",NA,NA,NA,NA,"426","F9."
"427","0.1","0","1.9","3.2","1.4","2.05","1.875","3.6","0.1","0.1","3.7",NA,NA,NA,NA,"427","F9."
"428","0","0","0.9","1.1","0.3","0.559761854124889","0.9","0.1","1","1.4","1.1",NA,NA,NA,NA,"428","F9."
"429","0.1","0","3","1.6","1.4","1.62967276878928","3.525","4.7","1.4","3.1","4.9",NA,NA,NA,NA,"429","F9."
"43","0","0","5.2","0.7","1.7","5.03884907493765","7.9","5.4","4.6","13.7",NA,NA,NA,NA,NA,"43","F3."
"430","0","0","0.8","1.8","0.1","0.05","0.625","0.7","0.6","0.6","0.6",NA,NA,NA,NA,"430","F9."
"431","0","0","17.2","1.1","12.5","14.0118997046558","10.7","3","5.8","31.6","2.4",NA,NA,NA,NA,"431","F9."
"432","0","0","13.8","1.6","7.1","6.58305906601685","12.25","7.5","12.7","7.4","21.4",NA,NA,NA,NA,"432","F9."
"433","0.1","0","5.4","4.4","10.8","5.22908532473255","4.95","5.9","11.9","0.1","1.9",NA,NA,NA,NA,"433","F9."
"434","0.2","0","6.3","9.1","4.4","4.60362176262704","4.4","5.1","10.6","1.6","0.3",NA,NA,NA,NA,"434","F9."
"435","0.1","0","2.6","0.8","11.6","7.86108559084982","6.25","4.7","17.7","0.1","2.5",NA,NA,NA,NA,"435","F9."
"436","0.1","0","23.9","6.4","7.3","8.58525868373613","24.6","31.8","18.2","32.2","16.2",NA,NA,NA,NA,"436","F9."
"437","0","0","2.4","1.7","1.2","0.989949493661167","2.1","3.5","1.7","2","1.2",NA,NA,NA,NA,"437","F9."
"438","0.1","0","36.7","4.2","3.9","2.75257455242663","40.45","40.9","36.9","43.6","40.4",NA,NA,NA,NA,"438","F9."
"439","0.2","0","15.8","11","2.9","2.87170100579198","16.4","15.3","16.7","20.2","13.4",NA,NA,NA,NA,"439","F9."
"44","0","0","10.8","0.8","3.8","3.54447927534262","9.86666666666667","11.5","5.8","12.3",NA,NA,NA,NA,NA,"44","F3."
"440","0","0","21.6","1.5","10.1","13.5324301833287","21.9","28.2","33.1","2.4","23.9",NA,NA,NA,NA,"440","F9."
"441","0.1","0","36","6.5","10.4","14.6026253347358","28.85","44.2","9.6","34.4","27.2",NA,NA,NA,NA,"441","F9."
"442","0","0","1.6","1.1","3.3","2.73068977854803","1.95","6","1.1","0.6","0.1",NA,NA,NA,NA,"442","F9."
"443","0.1","0","2.5","2.3","2.2","2.02731349327133","2.25","5.1","1.8","1.8","0.3",NA,NA,NA,NA,"443","F9."
"444","0.1","0","2.5","2.4","2.3","1.61322658049017","2.225","2.6","2","4.1","0.2",NA,NA,NA,NA,"444","F9."
"445","0.1","0","0.5","2.6","0.3","0.336650164612069","0.5","0.9","0.6","0.4","0.1",NA,NA,NA,NA,"445","F9."
"446","0.1","0","14.4","4.4","11.5","11.9283974894647","19.1","7.9","13.7","35.6","19.2",NA,NA,NA,NA,"446","F9."
"447","0","0","32.9","0.9","8.4","10.4860224425979","24.95","10.8","32.6","33.2","23.2",NA,NA,NA,NA,"447","F9."
"448","0","0","8.9","1.6","9.6","9.37385548569353","7.375","9","0.4","0.1","20",NA,NA,NA,NA,"448","F9."
"449","0","0","2.8","0.8","2.3","2.75075747143703","2.4","0.6","6.5","1.2","1.3",NA,NA,NA,NA,"449","F9."
"45","0","0","13.1","0.5","2","2.05993527406405","9.26666666666667","8.5","7.7","11.6",NA,NA,NA,NA,NA,"45","F3."
"450","0.1","0","19.6","14.3","0.5","1.82460041287584","20.075","20.6","20.4","21.8","17.5",NA,NA,NA,NA,"450","F9."
"451","0.1","0","2.6","1.4","1.4","1.35154232884755","2.6","4.1","1.1","1.9","3.3",NA,NA,NA,NA,"451","F9."
"452","0.1","0","16.3","6.3","11.4","11.6167623142882","5.975","0.2","0.1","0.2","23.4",NA,NA,NA,NA,"452","F9."
"453","0","0","13.7","9.4","5","3.23522281561358","13.7","12.8","18.4","11","12.6",NA,NA,NA,NA,"453","F9."
"454","0.1","0","1.6","1.6","3","2.25757982509294","2.25","5.4","1.4","2.1","0.1",NA,NA,NA,NA,"454","F9."
"455","0.2","0","4.7","2","0.2","0","4.5","4.5","4.5","4.5","4.5",NA,NA,NA,NA,"455","F9."
"456","0.1","0","31.6","1.8","7.8","11.5439378030202","9.825","2.3","27","4.1","5.9",NA,NA,NA,NA,"456","F9."
"457","0","0","17.8","1.8","6.9","7.71708062244611","23.7","16.6","18.1","32.9","27.2",NA,NA,NA,NA,"457","F9."
"458","0.1","0","13","1.4","11.6","13.2751333954378","15.325","12.9","33.5","13.3","1.6",NA,NA,NA,NA,"458","F9."
"459","0","0","0.5","2.8","0.2","0.262995563967658","0.325","0.5","0.6","0.1","0.1",NA,NA,NA,NA,"459","F9."
"46","0","0","1.2","1","1.9","1.24230967690561","0.866666666666667","0.1","0.2","2.3",NA,NA,NA,NA,NA,"46","F3."
"460","0.1","0","26.2","1.7","9.5","11.2392170545817","25.3","9.1","32.9","32.9","26.3",NA,NA,NA,NA,"460","F9."
"461","0","0","13.4","0.9","14.2","2.12759645296439","2.9","4.7","4.4","2.4","0.1",NA,NA,NA,NA,"461","F9."
"462","0","0","2.4","0.9","0.4","0.374165738677394","2.5","2","2.9","2.5","2.6",NA,NA,NA,NA,"462","F9."
"463","0","0","13.1","1.3","8.5","8.92986562048948","9.225","3.7","8.7","22","2.5",NA,NA,NA,NA,"463","F9."
"464","0","0","5.1","1.9","0.6","0.627162924074226","5.2","5.7","5.7","5","4.4",NA,NA,NA,NA,"464","F9."
"465","0","0","4.4","0.8","0.8","0.590903263374528","4.525","5","4.9","3.7","4.5",NA,NA,NA,NA,"465","F9."
"466","0","0","15.3","0.6","0.7","2.43721152139079","15","16.9","16.9","11.8","14.4",NA,NA,NA,NA,"466","F9."
"467","0","0","19.4","1.8","10.7","14.6046510856416","17.675","6.1","5.5","35.7","23.4",NA,NA,NA,NA,"467","F9."
"468","0.1","0","25","11.8","5.9","7.82602495949679","25","22","20.7","20.6","36.7",NA,NA,NA,NA,"468","F9."
"469","0.4","0","31.4","10.8","12.1","13.8044376922785","36.975","44.1","46.6","40.6","16.6",NA,NA,NA,NA,"469","F9."
"47","0","0","3.1","1","0.3","0.346410161513775","3.1","2.7","3.3","3.3",NA,NA,NA,NA,NA,"47","F3."
"470","0","0","2","3.4","0.7","0.910585891976516","1.725","2.7","2.3","0.9","1",NA,NA,NA,NA,"470","F9."
"471","0","0","0.9","2.9","0.6","1.04880884817015","1.2","1.4","2.6","0.3","0.5",NA,NA,NA,NA,"471","F9."
"472","0.1","0","2.1","5","1.8","2.32737334062816","2.15","4.5","3.8","0.1","0.2",NA,NA,NA,NA,"472","F9."
"473","0","0","5.7","4.4","3.5","3.51698260824057","6.175","11.2","4.7","3.1","5.7",NA,NA,NA,NA,"473","F9."
"474","0","0","24.7","3.5","6.7","6.50153827951509","28.55","22.6","33.4","23.3","34.9",NA,NA,NA,NA,"474","F9."
"475","0","0","19.8","2.6","2.7","2.09662427090152","21.225","19.9","22.7","23.3","19",NA,NA,NA,NA,"475","F9."
"476","0","0","16.2","2.8","9.5","9.07413907762053","15","11.9","8.3","11.4","28.4",NA,NA,NA,NA,"476","F9."
"477","0.1","0","1.9","1.9","0.8","1.20830459735946","1.8","2.8","2.5","0.1","1.8",NA,NA,NA,NA,"477","F9."
"478","0.1","0","2.1","3.7","0.4","1.98746069143518","2.55","4.9","2.2","3","0.1",NA,NA,NA,NA,"478","F9."
"479","0","0","5.5","1.6","4.8","4.47837396086273","3.075","0.5","9.7","1.9","0.2",NA,NA,NA,NA,"479","F9."
"48","0","0","8.6","1.5","0.3","0.568624070307732","8.06666666666667","7.6","7.9","8.7",NA,NA,NA,NA,NA,"48","F3."
"480","0","0","27.6","0.8","13.3","16.3253381792435","25.55","1.2","34","31.4","35.6",NA,NA,NA,NA,"480","F9."
"481","0","0","5","1.3","2.2","2.07444771766688","4.75","4.5","5.3","7.1","2.1",NA,NA,NA,NA,"481","F9."
"482","0.2","0","3.8","2","1.7","1.64620776331543","3.35","4.3","1.3","2.8","5",NA,NA,NA,NA,"482","F9."
"483","0.1","0","22.2","10.9","3.2","1.15578256317239","22.925","23.7","24.1","21.7","22.2",NA,NA,NA,NA,"483","F9."
"484","0.1","0","18.8","1.1","9.2","8.99925922877359","20.2","32","11.4","22","15.4",NA,NA,NA,NA,"484","F9."
"485","0.1","0","20.7","8","0.3","1.93110503770941","22.175","23.3","22.8","23.3","19.3",NA,NA,NA,NA,"485","F9."
"486","0","0","11.5","1.9","11.7","15.8775522882674","11.15","9.5","0.4","0.6","34.1",NA,NA,NA,NA,"486","F9."
"487","0.1","0","20.9","12.6","2.8","1.62634559672906","21.35","22.5","20.2",NA,NA,NA,NA,NA,NA,"487","F10"
"488","0","0","5.8","3.3","3.4","3.11126983722081","5.1","7.3","2.9",NA,NA,NA,NA,NA,NA,"488","F10"
"489","0","0","23","0.4","7.9","10.6066017177982","15.1","22.6","7.6",NA,NA,NA,NA,NA,NA,"489","F10"
"49","0","0","24.1","0.7","7.5","11.5470053837925","26.6333333333333","33.3","33.3","13.3",NA,NA,NA,NA,NA,"49","F3."
"490","0","0","19.7","0.5","0.9","1.34350288425444","18.35","17.4","19.3",NA,NA,NA,NA,NA,NA,"490","F10"
"491","0","0","23.7","0.4","7.7","5.86898628384834","26.75","22.6","30.9",NA,NA,NA,NA,NA,NA,"491","F10"
"492","0.1","0","0.7","1.9","1.2","0.919238815542512","0.75","1.4","0.1",NA,NA,NA,NA,NA,NA,"492","F10"
"493","0.1","0","1","1.6","0.1","0.424264068711928","0.4","0.7","0.1",NA,NA,NA,NA,NA,NA,"493","F10"
"494","0","0","0.5","0.9","0.2","0.212132034355964","0.35","0.5","0.2",NA,NA,NA,NA,NA,NA,"494","F10"
"495","0.1","0","1.1","1.5","12","0.919238815542512","0.75","1.4","0.1",NA,NA,NA,NA,NA,NA,"495","F10"
"496","0.1","0","6.3","2.9","11.3","4.94974746830583","3.6","7.1","0.1",NA,NA,NA,NA,NA,NA,"496","F10"
"497","0.1","0","7.2","2.1","0.4","0.777817459305202","7.25","7.8","6.7",NA,NA,NA,NA,NA,NA,"497","F10"
"498","0.1","0","20","1.7","12.9","17.9605122421383","21.2","8.5","33.9",NA,NA,NA,NA,NA,NA,"498","F10"
"499","0","0","15.5","0.9","10.1","4.3840620433566","11.8","8.7","14.9",NA,NA,NA,NA,NA,NA,"499","F10"
"5","0","0","0","0.8","10.3","15.1099305094365","14.5","31.5","2.6","9.4",NA,NA,NA,NA,NA,"5","F3."
"50","0","0","19.5","1","11.2","12.9650813083965","28.5666666666667","38.5","33.3","13.9",NA,NA,NA,NA,NA,"50","F3."
"500","0.1","0","18.7","1.7","10.3","17.6776695296637","21.1","8.6","33.6",NA,NA,NA,NA,NA,NA,"500","F10"
"501","0","0","18.2","0.8","8.3","12.3743686707646","24.35","15.6","33.1",NA,NA,NA,NA,NA,NA,"501","F10"
"502","0","0","6.8","0.9","5","8.1317279836453","6.45","12.2","0.7",NA,NA,NA,NA,NA,NA,"502","F10"
"503","0.1","0","3.3","9.5","1.3","0.707106781186548","3.2","3.7","2.7",NA,NA,NA,NA,NA,NA,"503","F10"
"504","0","0","17.6","11.2","0","0","17.6","17.6","17.6",NA,NA,NA,NA,NA,NA,"504","F10"
"505","0.9","0","35.9","0.1","7.7","1.83847763108502","37","38.3","35.7",NA,NA,NA,NA,NA,NA,"505","F10"
"506","0.1","0","16.3","10.4","6.1","2.82842712474619","16.7","14.7","18.7",NA,NA,NA,NA,NA,NA,"506","F10"
"507","0","0","11.3","0.1","1.2","4.66690475583121","13.5","10.2","16.8",NA,NA,NA,NA,NA,NA,"507","F10"
"508","0","0","4.7","5.3","0.4","1.06066017177982","0.85","0.1","1.6",NA,NA,NA,NA,NA,NA,"508","F10"
"509","0","0","0.5","2.1","0.5","0.777817459305202","0.65","0.1","1.2",NA,NA,NA,NA,NA,NA,"509","F10"
"51","0","0","7.3","0.9","5.5","6.20107517559119","7.03333333333333","2.5","4.5","14.1",NA,NA,NA,NA,NA,"51","F3."
"510","0.1","0","21.4","1.8","11.9","22.8395490323255","17.15","33.3","1",NA,NA,NA,NA,NA,NA,"510","F10"
"511","0","0","2.7","3.3","0.7","1.83847763108502","1.3","0","2.6",NA,NA,NA,NA,NA,NA,"511","F10"
"512","0","0","17.5","0.6","10.8","21.0010714012405","17.05","31.9","2.2",NA,NA,NA,NA,NA,NA,"512","F10"
"513","0","0","20.4","0.7","11.7","20.2939646200539","16.75","31.1","2.4",NA,NA,NA,NA,NA,NA,"513","F10"
"514","0","0","12.2","0.7","0.3","0.42426406871193","12","11.7","12.3",NA,NA,NA,NA,NA,NA,"514","F10"
"515","0.1","0","6.2","1.5","2","2.89913780286485","6.35","8.4","4.3",NA,NA,NA,NA,NA,NA,"515","F10"
"516","0","0","22.9","0.7","9.9","19.3747258045114","19.2","32.9","5.5",NA,NA,NA,NA,NA,NA,"516","F10"
"517","0.1","0","20.6","1.9","9.3","15.980613254816","20.6","31.9","9.3",NA,NA,NA,NA,NA,NA,"517","F10"
"518","0.2","0","18.1","9.2","0.2","0.42426406871193","18.5","18.8","18.2",NA,NA,NA,NA,NA,NA,"518","F10"
"519","0","0","26.7","1","10.1","6.78822509939085","26.6","31.4","21.8",NA,NA,NA,NA,NA,NA,"519","F10"
"52","0","0","1.7","3.9","0.8","1.30511813003013","1.53333333333333","3","1.1","0.5",NA,NA,NA,NA,NA,"52","F3."
"520","0.1","0","4.7","5.5","3","3.81837661840736","2.8","5.5","0.1",NA,NA,NA,NA,NA,NA,"520","F10"
"521","0.1","0","0.8","5.9","0.1","0.14142135623731","0.8","0.9","0.7",NA,NA,NA,NA,NA,NA,"521","F10"
"522","0.2","0","18.8","13.8","1.3","0.848528137423857","19.2","18.6","19.8",NA,NA,NA,NA,NA,NA,"522","F10"
"523","0.1","0","17","11","1","0.0707106781186558","17.25","17.3","17.2",NA,NA,NA,NA,NA,NA,"523","F10"
"524","0","0","35.7","0.5","10.5","7.42462120245875","41.15","35.9","46.4",NA,NA,NA,NA,NA,NA,"524","F10"
"525","0","0","2.2","3.3","0.7","0.212132034355964","1.25","1.1","1.4",NA,NA,NA,NA,NA,NA,"525","F10"
"526","0.1","0","5.4","5.9","1.2","1.83847763108502","4.7","6","3.4",NA,NA,NA,NA,NA,NA,"526","F10"
"527","0.1","0","3.8","5.4","2.3","2.9698484809835","3.1","5.2","1",NA,NA,NA,NA,NA,NA,"527","F10"
"528","0","0","3.3","3.5","1.1","0.636396103067893","3.85","4.3","3.4",NA,NA,NA,NA,NA,NA,"528","F10"
"529","0.1","0","3.1","4.9","1","0","3.2","3.2","3.2",NA,NA,NA,NA,NA,NA,"529","F10"
"53","0","0","1.9","2","0.2","0.8","2","1.2","2.8","2",NA,NA,NA,NA,NA,"53","F3."
"530","0","0","3.2","2.3","1.9","0.494974746830583","2.95","2.6","3.3",NA,NA,NA,NA,NA,NA,"530","F10"
"531","0","0","6.6","1.5","5.4","4.3840620433566","7.2","10.3","4.1",NA,NA,NA,NA,NA,NA,"531","F10"
"532","0","0","10.9","3","5.7","3.81837661840736","9.7","12.4","7",NA,NA,NA,NA,NA,NA,"532","F10"
"533","0","0","2.1","0.5","1.8","0.424264068711929","0.8","1.1","0.5",NA,NA,NA,NA,NA,NA,"533","F10"
"534","0","0","1.1","4.8","0.1","0.0707106781186547","1.15","1.2","1.1",NA,NA,NA,NA,NA,NA,"534","F10"
"535","0","0","12.9","1.1","12.4","22.5567063198509","16.85","32.8","0.9",NA,NA,NA,NA,NA,NA,"535","F10"
"536","0","0","19.3","9.9","1.9","0.494974746830583","18.15","17.8","18.5",NA,NA,NA,NA,NA,NA,"536","F10"
"537","0.1","0","15","0","0.6","0.494974746830583","28.85","28.5","29.2",NA,NA,NA,NA,NA,NA,"537","F10"
"538","0","0","3.1","0.8","1.9","0.565685424949238","2.7","2.3","3.1",NA,NA,NA,NA,NA,NA,"538","F10"
"539","0.1","0","7.8","3.1","3.1","1.69705627484771","6.7","7.9","5.5",NA,NA,NA,NA,NA,NA,"539","F10"
"54","0","0","2.9","1.7","0.2","0.0577350269189624","2.76666666666667","2.8","2.8","2.7",NA,NA,NA,NA,NA,"54","F3."
"540","0","0","2.3","4","0.2","0.0707106781186545","2.25","2.3","2.2",NA,NA,NA,NA,NA,NA,"540","F10"
"541","0","0","21.2","0","16.3","1.76776695296637","29.35","28.1","30.6",NA,NA,NA,NA,NA,NA,"541","F10"
"542","0.1","0","15.5","5.1","0.4","0.577350269189626","14.7666666666667","15.1","15.1","14.1",NA,NA,NA,NA,NA,"542","M3."
"543","0.1","0","14.5","1.4","11.7","4.2359571921035","7.46666666666667","10.8","2.7","8.9",NA,NA,NA,NA,NA,"543","M3."
"544","0.2","0","24.3","1.3","10.6","14.6461599062689","26.1","34","9.2","35.1",NA,NA,NA,NA,NA,"544","M3."
"545","0.2","0","7.3","2.8","1.4","1.17189305541646","7.13333333333333","8","7.6","5.8",NA,NA,NA,NA,NA,"545","M3."
"546","0.1","0","11.1","1.8","5.9","7.94753630588331","10.0666666666667","1.5","11.5","17.2",NA,NA,NA,NA,NA,"546","M3."
"547","0.1","0","3.6","1.6","12.4","2.26495033058122","3.2","5.3","3.5","0.8",NA,NA,NA,NA,NA,"547","M3."
"548","0.1","0","5.6","2.5","4.2","2.52388589282479","5.4","7.5","6.1","2.6",NA,NA,NA,NA,NA,"548","M3."
"549","0.2","0","20.5","1.7","10.5","14.0808380432416","17.8","8.5","10.9","34",NA,NA,NA,NA,NA,"549","M3."
"55","0","0","2.8","0.6","2.9","2.28691932520585","2.7","1.8","5.3","1",NA,NA,NA,NA,NA,"55","F3."
"550","0.1","0","8.9","1.6","3.1","3.4117444218464","8.9","7.9","12.7","6.1",NA,NA,NA,NA,NA,"550","M3."
"551","0.2","0","20.3","2.6","11.7","13.6181251768859","19.1666666666667","15.3","7.9","34.3",NA,NA,NA,NA,NA,"551","M3."
"552","0.4","0","22.3","11.8","1.6","0.907377172587747","22.6333333333333","21.8","23.6","22.5",NA,NA,NA,NA,NA,"552","M3."
"553","0.2","0","7.6","4.1","1.1","0.173205080756888","7.6","7.5","7.5","7.8",NA,NA,NA,NA,NA,"553","M3."
"554","0.1","0","13","0","0.1","3.40783411176855","11.0333333333333","7.1","13.1","12.9",NA,NA,NA,NA,NA,"554","M3."
"555","0.2","0","22.7","3.2","14.2","16.6064244596281","29.3333333333333","37.8","10.2","40",NA,NA,NA,NA,NA,"555","M3."
"556","0.1","0","23.6","1","10.2","16.6153543447018","17.5","0.1","19.2","33.2",NA,NA,NA,NA,NA,"556","M3."
"557","0.1","0","4.1","1.6","2.8","3.00887575903914","4.13333333333333","7","4.4","1",NA,NA,NA,NA,NA,"557","M3."
"558","0.1","0","5.5","1","3.1","2.30289672658878","5.26666666666667","7.5","5.4","2.9",NA,NA,NA,NA,NA,"558","M3."
"559","0.2","0","17","2.5","12.9","17.9059580400864","17.2666666666667","5.8","8.1","37.9",NA,NA,NA,NA,NA,"559","M3."
"56","0","0","24.6","1.1","9.8","11.838918869559","27","32.6","35","13.4",NA,NA,NA,NA,NA,"56","F3."
"560","0.1","0","8.6","2.2","5","6.45083973861801","11.5333333333333","10.6","18.4","5.6",NA,NA,NA,NA,NA,"560","M3."
"561","0.1","0","25.1","6.7","0.4","0.264575131106459","24.8","24.6","25.1","24.7",NA,NA,NA,NA,NA,"561","M3."
"562","0","0","20.3","0.5","11.6","13.3087690389958","23.8666666666667","31.4","8.5","31.7",NA,NA,NA,NA,NA,"562","M3."
"563","0.1","0","13.3","1.7","11.6","18.1132548151899","15.4","0.1","10.7","35.4",NA,NA,NA,NA,NA,"563","M3."
"564","0","0","4.7","1.5","1.3","1.38684293751431","4.86666666666667","6.4","3.7","4.5",NA,NA,NA,NA,NA,"564","M3."
"565","0.1","0","6.8","1.9","11.7","3.65011415346607","5.23333333333333","8.9","1.6","5.2",NA,NA,NA,NA,NA,"565","M3."
"566","0","0","24.4","6.4","0.6","0.568624070307733","22.8666666666667","22.4","23.5","22.7",NA,NA,NA,NA,NA,"566","M3."
"567","0","0","29.1","0.7","10.5","15.607156478146","15.5333333333333","32.7","11.7","2.2",NA,NA,NA,NA,NA,"567","M3."
"568","0.2","0","22.5","3.9","12.9","21.9809766237384","25.6666666666667","37.6","0.3","39.1",NA,NA,NA,NA,NA,"568","M3."
"569","0.1","0","3.1","2.7","2.8","2.55408170059874","3.73333333333333","1.7","2.9","6.6",NA,NA,NA,NA,NA,"569","M3."
"57","0","0","8.3","0.9","7.3","6.92122339860038","7.13333333333333","2.6","3.7","15.1",NA,NA,NA,NA,NA,"57","F3."
"570","0.2","0","2.4","2.5","3.1","2.54034118443435","1.56666666666667","0.1","4.5","0.1",NA,NA,NA,NA,NA,"570","M3."
"571","0","0","4.9","1.5","6.2","5.1733290377989","4.96666666666667","1.4","10.9","2.6",NA,NA,NA,NA,NA,"571","M3."
"572","0.1","0","2.4","1.4","2.7","2.22785397486759","2.13333333333333","1","4.7","0.7",NA,NA,NA,NA,NA,"572","M3."
"573","0.1","0","3.4","2.9","11.2","1.25299640861417","3","1.7","4.2","3.1",NA,NA,NA,NA,NA,"573","M3."
"574","0.1","0","27.9","0","2.3","0.346410161513776","29.9","29.7","29.7","30.3",NA,NA,NA,NA,NA,"574","M3."
"575","0.1","0","2.8","2.1","0.4","0.351188458428424","2.56666666666667","2.6","2.9","2.2",NA,NA,NA,NA,NA,"575","M3."
"576","0.1","0","10.1","1.5","5.4","4.56216322958017","9.76666666666667","5.7","14.7","8.9",NA,NA,NA,NA,NA,"576","M3."
"577","0.1","0","5.6","2.4","3.4","3.62904946232481","4.2","5.5","0.1","7",NA,NA,NA,NA,NA,"577","M3."
"578","0","0","6.7","1.6","5.1","3.30050501186308","6.83333333333333","4.1","10.5","5.9",NA,NA,NA,NA,NA,"578","M3."
"579","0.1","0","6.6","1.4","3","3.45012077083301","5.46666666666667","5.5","8.9","2",NA,NA,NA,NA,NA,"579","M3."
"58","0","0","13.5","10.7","2.7","0.577350269189626","14.0333333333333","13.7","14.7","13.7",NA,NA,NA,NA,NA,"58","F3."
"580","0","0","5.4","0.9","1","0.907377172587747","4.76666666666667","5.6","3.8","4.9",NA,NA,NA,NA,NA,"580","M3."
"581","0.1","0","4","1.7","4.4","3.17962261911693","4","7.4","1.1","3.5",NA,NA,NA,NA,NA,"581","M3."
"582","0","0","3.4","0.7","4.6","3.00887575903914","3.23333333333333","6.1","3.5","0.1",NA,NA,NA,NA,NA,"582","M3."
"583","0","0","4.1","1.3","4.1","3.36055550963428","3.76666666666667","6.7","4.5","0.1",NA,NA,NA,NA,NA,"583","M3."
"584","0.1","0","3.2","2.3","2.6","2.76827262626594","3.06666666666667","6","2.7","0.5",NA,NA,NA,NA,NA,"584","M3."
"585","0","0","27.8","0.6","8.9","12.0964182026472","16.3666666666667","2.4","23.5","23.2",NA,NA,NA,NA,NA,"585","M3."
"586","0.2","0","11.1","2.5","0.2","0.378593889720018","11.1666666666667","11","11.6","10.9",NA,NA,NA,NA,NA,"586","M3."
"587","0","0","5.8","1.5","3","2.51661147842358","5.93333333333333","8.6","5.6","3.6",NA,NA,NA,NA,NA,"587","M3."
"588","0","0","10","1","7.7","3.26036807738022","9","8.7","12.4","5.9",NA,NA,NA,NA,NA,"588","M3."
"589","0.1","0","7.9","2","2.1","1.86100331362772","8.56666666666667","10.3","8.8","6.6",NA,NA,NA,NA,NA,"589","M3."
"59","0","0","16.6","0.2","3.7","3.89743505398102","17","21.3","16","13.7",NA,NA,NA,NA,NA,"59","F3."
"590","0.1","0","8.7","2.5","5","4.73427220735493","8.03333333333333","5.3","5.3","13.5",NA,NA,NA,NA,NA,"590","M3."
"591","0.1","0","16.9","2.1","11.4","14.0887662104719","18.3333333333333","10.4","10","34.6",NA,NA,NA,NA,NA,"591","M3."
"592","0.1","0","14.4","2.5","10.9","5.62968323561223","5.36666666666667","11.3","4.7","0.1",NA,NA,NA,NA,NA,"592","M3."
"593","0","0","15.3","0.8","9.6","14.0898308482868","16.2333333333333","12.2","4.6","31.9",NA,NA,NA,NA,NA,"593","M3."
"594","0","0","12.8","1.8","10.4","12.8360170354099","18.2666666666667","12.3","9.5","33",NA,NA,NA,NA,NA,"594","M3."
"595","0","0","9.3","2","2.8","2.33023603954621","8.4","11","7.7","6.5",NA,NA,NA,NA,NA,"595","M3."
"596","0","0","5.3","2","2","1.65227116418583","5.7","4.6","7.6","4.9",NA,NA,NA,NA,NA,"596","M3."
"597","0.1","0","7.2","2.6","6","4.25323406362735","7.3","12.1","5.8","4",NA,NA,NA,NA,NA,"597","M3."
"598","0.1","0","18","1.7","11.4","14.1930734280258","17.7666666666667","34","7.7","11.6",NA,NA,NA,NA,NA,"598","M3."
"599","0","0","0.7","2.1","0.3","0.577350269189626","0.633333333333333","0.3","1.3","0.3",NA,NA,NA,NA,NA,"599","M3."
"6","0.1","0","1.4","2","0.2","0.472581562625261","1.33333333333333","1.5","1.7","0.8",NA,NA,NA,NA,NA,"6","F3."
"60","0","0","9.7","11","7.4","9.51752769017949","12.1333333333333","21.3","2.3","12.8",NA,NA,NA,NA,NA,"60","F3."
"600","0","0","1.3","8.3","0.3","0","1.2","1.2","1.2","1.2",NA,NA,NA,NA,NA,"600","M3."
"601","0.1","0","0.3","6.2","1.5","1.21243556529821","1.3","1.1","2.6","0.2",NA,NA,NA,NA,NA,"601","M3."
"602","0","0","21.5","1.5","0.9","2.36924741918891","18.4333333333333","19.7","19.9","15.7",NA,NA,NA,NA,NA,"602","M3."
"603","0","0","9.4","1.1","2.8","2.74043792120894","9.8","6.7","11.9","10.8",NA,NA,NA,NA,NA,"603","M3."
"604","0.3","0","6.4","11.6","1.1","1.91398362932741","4.96666666666667","3.4","7.1","4.4",NA,NA,NA,NA,NA,"604","M3."
"605","0","0","9.2","1.9","4.9","6.09945352743451","7.23333333333333","0.6","12.6","8.5",NA,NA,NA,NA,NA,"605","M3."
"606","0.1","0","14.4","2","11.3","17.2755125346061","13.4666666666667","1.7","5.4","33.3",NA,NA,NA,NA,NA,"606","M3."
"607","0.1","0","3.8","2.6","4.5","4.81283007526064","4.03333333333333","2.6","9.4","0.1",NA,NA,NA,NA,NA,"607","M3."
"608","0","0","2.9","2.4","1.1","1.53079500042734","2.66666666666667","3.6","3.5","0.9",NA,NA,NA,NA,NA,"608","M3."
"609","0.1","0","3.3","2.2","0.5","0.4","3.2","3.6","2.8","3.2",NA,NA,NA,NA,NA,"609","M3."
"61","0","0","21.3","1.1","12.5","16.9210913753615","13.9666666666667","33.5","4.6","3.8",NA,NA,NA,NA,NA,"61","F3."
"610","0.1","0","0.1","2.1","11.5","2.73922130054023","2.53333333333333","5.5","0.1","2",NA,NA,NA,NA,NA,"610","M3."
"611","0.1","0","2.6","4.4","1.1","1.74737898961082","1.56666666666667","3.5","1.1","0.1",NA,NA,NA,NA,NA,"611","M3."
"612","0.1","0","4.4","1.9","3.8","3.7322915213043","3.3","7.4","2.4","0.1",NA,NA,NA,NA,NA,"612","M3."
"613","0.1","0","2.2","2.9","1.8","2.45560583156173","2.8","4.9","3.4","0.1",NA,NA,NA,NA,NA,"613","M3."
"614","0.1","0","12.8","3.1","5.5","5.38423625038872","11.8","14.5","15.3","5.6",NA,NA,NA,NA,NA,"614","M3."
"615","0","0","0.3","1.5","0.2","0.1","0.3","0.4","0.3","0.2",NA,NA,NA,NA,NA,"615","M3."
"616","0.3","0","16.1","2.5","13.1","3.25320354932386","6.36666666666667","3.2","9.7","6.2",NA,NA,NA,NA,NA,"616","M3."
"617","0.1","0","4.7","1.9","3.2","3.37095436535906","4.76666666666667","1.2","7.9","5.2",NA,NA,NA,NA,NA,"617","M3."
"618","0","0","10.1","2.5","3.1","3.15647482697603","9.03333333333333","12.3","8.8","6",NA,NA,NA,NA,NA,"618","M3."
"619","0","0","2.3","2","1.4","1.21655250605964","1.6","2.2","0.2","2.4",NA,NA,NA,NA,NA,"619","M3."
"62","0","0","13.9","1.3","11.7","20.1789494275594","15.8","39.1","4.3","4",NA,NA,NA,NA,NA,"62","F3."
"620","0","0","0.5","1.4","0.1","0.264575131106459","0.4","0.1","0.5","0.6",NA,NA,NA,NA,NA,"620","M3."
"621","0.1","0","3.7","5.8","0.8","1.59478316185409","1.46666666666667","0.7","3.3","0.4",NA,NA,NA,NA,NA,"621","M3."
"622","0","0","10.1","1.6","5.3","5.49211556081382","10.1666666666667","4.1","14.8","11.6",NA,NA,NA,NA,NA,"622","M3."
"623","0","0","1.5","0.9","0.5","0.360555127546399","1.3","1.7","1","1.2",NA,NA,NA,NA,NA,"623","M3."
"624","0","0","2.4","0.5","1.2","1.35030860670194","2.56666666666667","1.2","3.9","2.6",NA,NA,NA,NA,NA,"624","M3."
"625","0.1","0","3.2","2","3.2","2.17944947177034","2.7","1.2","5.2","1.7",NA,NA,NA,NA,NA,"625","M3."
"626","0.1","0","9.4","2.6","0.5","0.503322295684717","9.33333333333333","9.4","8.8","9.8",NA,NA,NA,NA,NA,"626","M3."
"627","0.1","0","22.2","6","5.8","1.9731531449265","21.5333333333333","20.2","23.8","20.6",NA,NA,NA,NA,NA,"627","M3."
"628","0","0","4.7","1.3","1","0.98488578017961","4.7","5.5","5","3.6",NA,NA,NA,NA,NA,"628","M3."
"629","0.2","0","8.4","3.2","7.2","6.70099495100044","6.96666666666667","7.1","0.2","13.6",NA,NA,NA,NA,NA,"629","M3."
"63","0","0","8","3.2","5","6.58356539675375","11.0333333333333","17.2","4.1","11.8",NA,NA,NA,NA,NA,"63","F3."
"630","0","0","13.7","3.4","11.5","18.4762911141098","12.1666666666667","1.3","33.5","1.7",NA,NA,NA,NA,NA,"630","M3."
"631","0","0","32.4","0.3","3.1","21.0165014532232","12.8333333333333","37.1","0.9","0.5",NA,NA,NA,NA,NA,"631","M3."
"632","0","0","4.5","8","2.1","1.96977156035922","3.6","1.4","5.2","4.2",NA,NA,NA,NA,NA,"632","M3."
"633","0.1","0","24.4","2.1","11.1","15.9982290686605","25.4333333333333","33.6","7","35.7",NA,NA,NA,NA,NA,"633","M3."
"634","0.1","0","2.9","2.6","2.3","1.88767935130237","2.36666666666667","0.3","4","2.8",NA,NA,NA,NA,NA,"634","M3."
"635","0.1","0","11.3","6.3","9.1","7.57979771058129","11.3666666666667","7.5","20.1","6.5",NA,NA,NA,NA,NA,"635","M3."
"636","0.1","0","4.9","2.3","2.9","2.55016339345802","5.16666666666667","2.6","7.7","5.2",NA,NA,NA,NA,NA,"636","M3."
"637","0.1","0","3.8","1.3","2.4","2.32880512996114","4.43333333333333","3.4","7.1","2.8",NA,NA,NA,NA,NA,"637","M3."
"638","0.1","0","4.2","1.8","2","3.68284310463171","3.46666666666667","2.9","0.1","7.4",NA,NA,NA,NA,NA,"638","M3."
"639","0.1","0","8.3","1","4.4","5.2459508194416","7","1.4","11.8","7.8",NA,NA,NA,NA,NA,"639","M3."
"64","0","0","35.1","0.2","4.9","1.92873015219859","40.6","38.4","41.4","42",NA,NA,NA,NA,NA,"64","F3."
"640","0.1","0","9.3","2.6","4.9","4.49110231457712","11","6.2","15.1","11.7",NA,NA,NA,NA,NA,"640","M3."
"641","0.2","0","14.3","2.6","6.5","5.03322295684717","13.1666666666667","8.5","18.5","12.5",NA,NA,NA,NA,NA,"641","M3."
"642","0.2","0","11.4","2.6","4.9","5.16817182376902","9.7","4.3","14.6","10.2",NA,NA,NA,NA,NA,"642","M3."
"643","0.1","0","1.2","2.4","0.8","0.862167810425171","0.966666666666667","1.9","0.2","0.8",NA,NA,NA,NA,NA,"643","M3."
"644","0.1","0","11.9","5.2","10.6","8.46778207875789","14.9333333333333","18.3","5.3","21.2",NA,NA,NA,NA,NA,"644","M3."
"645","0","0","18","2.4","9.6","10.163332786706","6.16666666666667","0.5","17.9","0.1",NA,NA,NA,NA,NA,"645","M3."
"646","0","0","1.2","0.6","1.1","1.27410099024109","1.13333333333333","0.3","0.5","2.6",NA,NA,NA,NA,NA,"646","M3."
"647","0","0","0.7","3.1","0.1","0.0577350269189626","0.766666666666667","0.7","0.8","0.8",NA,NA,NA,NA,NA,"647","M3."
"648","0.1","0","12.9","8.9","6.1","5.74485276863849","13.6333333333333","16.9","7","17",NA,NA,NA,NA,NA,"648","M3."
"649","0","0","2.3","1","2.1","1.62583311976763","2.13333333333333","0.3","2.7","3.4",NA,NA,NA,NA,NA,"649","M3."
"65","0","0","36","0.5","8.5","3.36501609703926","39.6666666666667","38.3","37.2","43.5",NA,NA,NA,NA,NA,"65","F3."
"650","0.1","0","18.2","11.4","8.2","9.75004273494908","18.7666666666667","28.5","9","18.8",NA,NA,NA,NA,NA,"650","M3."
"651","0.1","0","0.5","1.8","0.6","0.602771377334171","0.666666666666667","1.3","0.6","0.1",NA,NA,NA,NA,NA,"651","M3."
"652","0","0","1.1","1.6","0.3","0.5","0.7","1.2","0.7","0.2",NA,NA,NA,NA,NA,"652","M3."
"653","0","0","0.9","0.5","1.5","1.05987420637231","1.36666666666667","1.2","0.4","2.5",NA,NA,NA,NA,NA,"653","M3."
"654","0","0","1.5","0.6","1.1","0.907377172587747","1.33333333333333","1.7","0.3","2",NA,NA,NA,NA,NA,"654","M3."
"655","0","0","18.4","1.2","12.9","18.9394649695638","11.3333333333333","33.2","0.7","0.1",NA,NA,NA,NA,NA,"655","M3."
"656","0.1","0","0.2","2","0.1","0.750555349946514","0.633333333333333","1.5","0.2","0.2",NA,NA,NA,NA,NA,"656","M3."
"657","0.1","0","2.8","2.6","2.4","3.60138862107382","3.3","7.2","2.6","0.1",NA,NA,NA,NA,NA,"657","M3."
"658","0","0","1.5","0.5","12.9","1.20138808606267","1.33333333333333","0.1","1.4","2.5",NA,NA,NA,NA,NA,"658","M3."
"659","0.1","0","3.5","2.3","5.6","5.86174035590114","4.7","11.3","2.7","0.1",NA,NA,NA,NA,NA,"659","M3."
"66","0","0","1.6","1.5","0.7","0.971253485622231","1.96666666666667","2.8","2.2","0.9",NA,NA,NA,NA,NA,"66","F3."
"660","0.1","0","1.2","1.1","1","1.00664459136943","1.03333333333333","2.1","0.9","0.1",NA,NA,NA,NA,NA,"660","M3."
"661","0.1","0","14.8","1.5","13","16.6341015186674","14.9666666666667","33.9","2.7","8.3",NA,NA,NA,NA,NA,"661","M3."
"662","0.1","0","8.4","7.7","5.2","6.30661028868388","9.23333333333333","16.1","3.7","7.9",NA,NA,NA,NA,NA,"662","M3."
"663","0","0","2.7","1","2.5","2.80237994093116","2.36666666666667","0.1","1.5","5.5",NA,NA,NA,NA,NA,"663","M3."
"664","0","0","3.6","1.9","4.6","3.20052079095471","3.53333333333333","7.2","2.1","1.3",NA,NA,NA,NA,NA,"664","M3."
"665","0.1","0","3.6","2","0.2","2.60256283945908","2.76666666666667","5.3","2.9","0.1",NA,NA,NA,NA,NA,"665","M3."
"666","0.1","0","4.1","2.7","2.9","2.73191019862171","2.66666666666667","5.7","1.9","0.4",NA,NA,NA,NA,NA,"666","M3."
"667","0.1","0","6.5","1.3","5.3","3.56978057215473","7.13333333333333","10.9","3.8","6.7",NA,NA,NA,NA,NA,"667","M3."
"668","0.1","0","20.7","1.5","12.6","18.914104084871","12.5333333333333","34.3","3.2","0.1",NA,NA,NA,NA,NA,"668","M3."
"669","0.1","0","2.8","1.8","3.9","3.46987031457949","4.1","7.1","4.9","0.3",NA,NA,NA,NA,NA,"669","M3."
"67","0","0","2.7","1.8","2.2","1.19303534454489","2.43333333333333","1.6","3.8","1.9",NA,NA,NA,NA,NA,"67","F3."
"670","0.2","0","3","2","1.9","2.08086520466848","3.3","4.6","4.4","0.9",NA,NA,NA,NA,NA,"670","M3."
"671","0.1","0","3.7","1.3","0.3","2.40901086202062","2.86666666666667","0.1","4.5","4",NA,NA,NA,NA,NA,"671","M3."
"672","0.2","0","4.6","4.8","2.7","3.59304884464434","4.7","7.3","6.2","0.6",NA,NA,NA,NA,NA,"672","M3."
"673","0.1","0","16.9","3.1","14.1","19.9546986947937","15.9","38.9","5.6","3.2",NA,NA,NA,NA,NA,"673","M3."
"674","0","0","5.4","1.6","3","2.31588715902423","4.86666666666667","6.8","5.5","2.3",NA,NA,NA,NA,NA,"674","M3."
"675","0.1","0","12.6","1.5","8.9","5.20800665642176","10.7666666666667","14.4","4.8","13.1",NA,NA,NA,NA,NA,"675","M3."
"676","0.1","0","3.6","2.6","3.5","2.84312035153866","3.56666666666667","4.4","5.9","0.4",NA,NA,NA,NA,NA,"676","M3."
"677","0.1","0","6.7","2.8","11.9","4.7289886163252","5.43333333333333","9.4","6.7","0.2",NA,NA,NA,NA,NA,"677","M3."
"678","0.1","0","22.5","2.4","13.2","16.0252925090308","25.8","34.7","7.3","35.4",NA,NA,NA,NA,NA,"678","M3."
"679","0.1","0","1.5","2.5","1.3","1.45028732785381","1.66666666666667","1.7","3.1","0.2",NA,NA,NA,NA,NA,"679","M3."
"68","0","0","1.6","1.8","0.2","0.585946527708232","1.66666666666667","1.9","2.1","1",NA,NA,NA,NA,NA,"68","F3."
"680","0.3","0","13.1","8","12.9","18.7516221520522","18.4333333333333","3.9","11.8","39.6",NA,NA,NA,NA,NA,"680","M3."
"681","0.3","0","4.9","7.7","4.2","5.62938717801503","3.4","0.1","9.9","0.2",NA,NA,NA,NA,NA,"681","M3."
"682","0.1","0","20.8","1.9","10.9","15.7925087726217","26.4333333333333","35.3","8.2","35.8",NA,NA,NA,NA,NA,"682","M3."
"683","0.1","0","5.7","1.9","4.8","3.49618840072061","6.66666666666667","10.7","4.8","4.5",NA,NA,NA,NA,NA,"683","M3."
"684","0.1","0","14.2","2.3","12.6","20.1480354708178","16.9666666666667","4.3","6.4","40.2",NA,NA,NA,NA,NA,"684","M3."
"685","0.1","0","11.8","2.2","2.6","1.67431578064991","11.7666666666667","10.8","10.8","13.7",NA,NA,NA,NA,NA,"685","M3."
"686","0.1","0","22.2","1.6","11.7","13.7413002781154","26.2666666666667","34.3","10.4","34.1",NA,NA,NA,NA,NA,"686","M3."
"687","0.3","0","24.1","2.4","14.1","15.5827896518349","28.1666666666667","36.3","10.2","38",NA,NA,NA,NA,NA,"687","M3."
"688","0.1","0","20.6","1.9","12.1","15.7944082932326","28.0333333333333","37.5","9.8","36.8",NA,NA,NA,NA,NA,"688","M3."
"689","0","0","15.1","1.7","11.3","13.9270719583598","19.7333333333333","12.3","11.1","35.8",NA,NA,NA,NA,NA,"689","M3."
"69","0","0","2.3","1.2","0.7","0.916515138991168","2.4","2.6","3.2","1.4",NA,NA,NA,NA,NA,"69","F3."
"690","0.3","0","12","2.5","10.6","14.5781800418754","18.4666666666667","10","10.1","35.3",NA,NA,NA,NA,NA,"690","M3."
"691","0.2","0","24.6","1.9","12.4","12.934192411331","26.2333333333333","33.9","11.3","33.5",NA,NA,NA,NA,NA,"691","M3."
"692","0.1","0","21.3","1.3","9.3","12.5320921371227","21.1333333333333","14.2","13.6","35.6",NA,NA,NA,NA,NA,"692","M3."
"693","0.1","0","21.6","2.6","12.6","13.076696830622","19.4","10.4","13.4","34.4",NA,NA,NA,NA,NA,"693","M3."
"694","0","0","14.7","2.2","10.8","14.6138062575543","17.5333333333333","10.8","7.5","34.3",NA,NA,NA,NA,NA,"694","M3."
"695","0.1","0","4.9","2.4","12.1","5.55607775323564","5.9","12.2","3.8","1.7",NA,NA,NA,NA,NA,"695","M3."
"696","0","0","2.6","1.2","2.2","1.76162803489651","2.46666666666667","2.7","4.1","0.6",NA,NA,NA,NA,NA,"696","M3."
"697","0","0","3","2.1","1.7","2.05993527406405","2.43333333333333","4","3.2","0.1",NA,NA,NA,NA,NA,"697","M3."
"698","0.1","0","14.8","2.1","13.3","17.7939128168409","14.3333333333333","34.7","6.5","1.8",NA,NA,NA,NA,NA,"698","M3."
"699","0.1","0","2.3","2.6","1.3","0.750555349946513","3.03333333333333","2.6","3.9","2.6",NA,NA,NA,NA,NA,"699","M3."
"7","0","0","0.9","1.1","1.2","0.923760430703401","0.633333333333333","0.1","1.7","0.1",NA,NA,NA,NA,NA,"7","F3."
"70","0","0","3.6","1.1","2.9","2.80535202782111","2.9","2.7","0.2","5.8",NA,NA,NA,NA,NA,"70","F3."
"700","0.3","0","3.4","2.9","2.4","2.57164020293145","3.03333333333333","4.1","0.1","4.9",NA,NA,NA,NA,NA,"700","M3."
"701","0.1","0","2.4","2.7","0.8","1.04083299973307","3.13333333333333","2.3","4.3","2.8",NA,NA,NA,NA,NA,"701","M3."
"702","0.1","0","5.3","3.2","3.5","2.39652526240249","4.86666666666667","2.1","6.2","6.3",NA,NA,NA,NA,NA,"702","M3."
"703","0.1","0","4.8","3","4.1","4.0853396431631","4.8","6.8","0.1","7.5",NA,NA,NA,NA,NA,"703","M3."
"704","0.1","0","9.9","2.9","5.6","5.37308105280387","11.2","7.9","17.4","8.3",NA,NA,NA,NA,NA,"704","M3."
"705","0.1","0","13","1.8","1.8","1.59478316185409","13.0333333333333","12.6","14.8","11.7",NA,NA,NA,NA,NA,"705","M3."
"706","0.1","0","3.7","2.7","2.6","3.15330514434194","3.16666666666667","6.4","3","0.1",NA,NA,NA,NA,NA,"706","M3."
"707","0.1","0","4.2","0","1.9","1.68027775481714","12.7666666666667","12.4","14.6","11.3",NA,NA,NA,NA,NA,"707","M3."
"708","0.2","0","6.7","2.5","2.9","2.91376045686669","6.9","4.4","10.1","6.2",NA,NA,NA,NA,NA,"708","M3."
"709","0.2","0","5.4","2.2","2.5","2.66333124739176","5.03333333333333","3.3","8.1","3.7",NA,NA,NA,NA,NA,"709","M3."
"71","0.4","0","18.4","0","2.1","6.00527545857252","26.2333333333333","29.8","29.6","19.3",NA,NA,NA,NA,NA,"71","F3."
"710","0.1","0","3.1","2","4","3.06159000085468","2.43333333333333","0.1","5.9","1.3",NA,NA,NA,NA,NA,"710","M3."
"711","0.3","0","17.3","3.6","13","17.5297841781733","26.5666666666667","38.9","6.5","34.3",NA,NA,NA,NA,NA,"711","M3."
"712","0.1","0","7.2","2.2","12.1","18.1009207868918","12.8333333333333","4.5","0.4","33.6",NA,NA,NA,NA,NA,"712","M3."
"713","0","0","4.5","1.7","3.2","3.74477413649119","3.26666666666667","0.1","7.4","2.3",NA,NA,NA,NA,NA,"713","M3."
"714","0","0","23.6","0.9","10.4","11.4692342086703","26.1333333333333","32.3","12.9","33.2",NA,NA,NA,NA,NA,"714","M3."
"715","0","0","2.8","1.8","0.3","0.305505046330389","2.93333333333333","3","2.6","3.2",NA,NA,NA,NA,NA,"715","M3."
"716","0.2","0","6.5","2.7","2.2","1.955334583475","6.13333333333333","5.6","8.3","4.5",NA,NA,NA,NA,NA,"716","M3."
"717","0.1","0","3.4","2.8","1.8","1.27017059221718","3.56666666666667","4.3","2.1","4.3",NA,NA,NA,NA,NA,"717","M3."
"718","0.1","0","10.7","1.6","10.5","5.11175116765282","7","9.8","1.1","10.1",NA,NA,NA,NA,NA,"718","M3."
"719","0","0","6.5","2.2","3.5","3.29595711946217","6.73333333333333","6.1","10.3","3.8",NA,NA,NA,NA,NA,"719","M3."
"72","0","0","3.7","1","0.2","0.23094010767585","3.63333333333333","3.9","3.5","3.5",NA,NA,NA,NA,NA,"72","F3."
"720","0","0","25.9","8.4","2","1.13724814061547","24.7333333333333","24.4","26","23.8",NA,NA,NA,NA,NA,"720","M3."
"721","0.2","0","4.3","2.8","4.2","5.27857303949972","5.03333333333333","10.6","4.4","0.1",NA,NA,NA,NA,NA,"721","M3."
"722","0.1","0","11.3","1.9","2.4","1.57162336455017","11.3","9.5","12.4","12",NA,NA,NA,NA,NA,"722","M3."
"723","0.2","0","20.1","3.7","13.4","16.430560956137","18.2666666666667","11.5","6.3","37",NA,NA,NA,NA,NA,"723","M3."
"724","0","0","0.6","2.2","0.1","0.1","0.7","0.7","0.8","0.6",NA,NA,NA,NA,NA,"724","M3."
"725","0.1","0","2.5","4.7","0.2","1.99248588451713","3","5.3","1.9","1.8",NA,NA,NA,NA,NA,"725","M3."
"726","0.1","0","1.3","2.9","0.6","0.793725393319377","0.8","0.5","1.7","0.2",NA,NA,NA,NA,NA,"726","M3."
"727","0.2","0","14.8","1.4","14.6","1.96553639837408","1.33333333333333","0.1","3.6","0.3",NA,NA,NA,NA,NA,"727","M3."
"728","0.2","0","12.3","1.9","11.6","18.7686795841725","12.7333333333333","0.1","3.8","34.3",NA,NA,NA,NA,NA,"728","M3."
"729","0.4","0","5.4","3.6","2.6","2.08166599946613","5.56666666666667","3.9","7.9","4.9",NA,NA,NA,NA,NA,"729","M3."
"73","0","0","5.3","0.8","6","4.50814078455114","6.03333333333333","4","2.9","11.2",NA,NA,NA,NA,NA,"73","F3."
"730","0","0","14.7","1.7","14","18.1698468164521","12.8666666666667","0.3","4.6","33.7",NA,NA,NA,NA,NA,"730","M3."
"731","0.1","0","23.6","2.1","12.5","13.5988970140964","26","33.6","10.3","34.1",NA,NA,NA,NA,NA,"731","M3."
"732","0.1","0","2.2","3.1","0.9","0.642910050732864","2.66666666666667","2.4","3.4","2.2",NA,NA,NA,NA,NA,"732","M3."
"733","0.4","0","16.7","12.9","1.9","1.67729941672122","17.7333333333333","18.6","15.8","18.8",NA,NA,NA,NA,NA,"733","M3."
"734","0","0","24.1","1","12.7","13.8567672997709","24.5","32.4","8.5","32.6",NA,NA,NA,NA,NA,"734","M3."
"735","0","0","0.8","4.1","0.4","0.723417813807024","0.966666666666667","0.6","1.8","0.5",NA,NA,NA,NA,NA,"735","M3."
"736","0.1","0","24.7","1","13.2","15.0407225003765","24.0666666666667","32.6","6.7","32.9",NA,NA,NA,NA,NA,"736","M3."
"737","0.2","0","4.6","2.2","12.4","3.1","2.5","0.1","6","1.4",NA,NA,NA,NA,NA,"737","M3."
"738","0.2","0","7.2","3.1","1.3","1.64620776331543","7","8","7.9","5.1",NA,NA,NA,NA,NA,"738","M3."
"739","0.1","0","19.1","1.3","9.5","13.6370817992707","18.9","34.6","10","12.1",NA,NA,NA,NA,NA,"739","M3."
"74","0","0","6.7","0.7","2.9","1.74355957741627","6.7","5.5","5.9","8.7",NA,NA,NA,NA,NA,"74","F3."
"740","0.1","0","8.4","1.9","1.1","1.18462370959446","8.36666666666667","9.1","9","7",NA,NA,NA,NA,NA,"740","M3."
"741","0.1","0","14.7","3.6","11.5","13.1849661862795","18.2333333333333","11.8","9.5","33.4",NA,NA,NA,NA,NA,"741","M4."
"742","0.3","0","10.3","3.1","2.8","3.08058436014987","10.3","9.8","13.6","7.5",NA,NA,NA,NA,NA,"742","M4."
"743","0.3","0","2.8","5.2","1","1.55884572681199","1.2","0.3","3","0.3",NA,NA,NA,NA,NA,"743","M4."
"744","0.3","0","7.4","4.8","0.2","1.21655250605964","6.6","7.2","7.4","5.2",NA,NA,NA,NA,NA,"744","M4."
"745","0.2","0","13","5.1","1.7","1.27017059221718","12.8666666666667","11.4","13.6","13.6",NA,NA,NA,NA,NA,"745","M4."
"746","0.2","0","10.8","3","1.1","0.871779788708135","11.1","10.5","12.1","10.7",NA,NA,NA,NA,NA,"746","M4."
"747","0.1","0","17.2","13.5","0.5","1.41891977691952","16.7666666666667","18.3","16.5","15.5",NA,NA,NA,NA,NA,"747","M4."
"748","0.2","0","12.5","4.6","0.4","0.416333199893227","12.9666666666667","13.3","13.1","12.5",NA,NA,NA,NA,NA,"748","M4."
"749","0.4","0","17.2","9.4","2.9","1.96553639837408","17.4333333333333","18.2","18.9","15.2",NA,NA,NA,NA,NA,"749","M4."
"75","0","0","4.3","1.1","0.3","0.152752523165195","4.13333333333333","4.3","4.1","4",NA,NA,NA,NA,NA,"75","F3."
"750","0.3","0","18.1","10.6","0.6","0.519615242270664","18.2","17.9","17.9","18.8",NA,NA,NA,NA,NA,"750","M4."
"751","0.1","0","28.5","6.5","9.5","8.6754442729657","32.7666666666667","22.9","36.2","39.2",NA,NA,NA,NA,NA,"751","M4."
"752","0.3","0","10.9","2.7","10.9","0.850490054811538","10.9333333333333","10.6","11.9","10.3",NA,NA,NA,NA,NA,"752","M4."
"753","0.4","0","10.3","2.9","1.4","1.113552872566","10","9.8","11.2","9",NA,NA,NA,NA,NA,"753","M4."
"754","0.1","0","19.7","4.2","11.6","14.2423078654175","26.3666666666667","14.6","42.2","22.3",NA,NA,NA,NA,NA,"754","M4."
"755","0.1","0","4.2","2","3.6","2.95127091267474","3.7","3.6","0.8","6.7",NA,NA,NA,NA,NA,"755","M4."
"756","0.3","0","17.9","2.4","9.8","12.1173429430713","19.6","10.7","14.7","33.4",NA,NA,NA,NA,NA,"756","M4."
"757","0.1","0","20.3","6.3","6.8","7.13886078680158","21.3333333333333","25.1","13.1","25.8",NA,NA,NA,NA,NA,"757","M4."
"758","0.1","0","6.9","3.6","3.2","2.83607710285411","8.06666666666667","9.9","9.5","4.8",NA,NA,NA,NA,NA,"758","M4."
"759","0.1","0","7.7","2.9","2.4","2.66270539113887","8.1","5.3","10.6","8.4",NA,NA,NA,NA,NA,"759","M4."
"76","0","0","3.2","0.8","6.2","3.95094925302768","4","8.5","2.4","1.1",NA,NA,NA,NA,NA,"76","F3."
"760","0.1","0","26.3","1.2","11.1","17.0666341145523","25.7","32.4","38.4","6.3",NA,NA,NA,NA,NA,"760","M4."
"761","0.1","0","13","1.5","11.1","14.5960040193655","16.9666666666667","12.4","5.2","33.3",NA,NA,NA,NA,NA,"761","M4."
"762","0.5","0","10.7","2.9","11.9","16.0215479901288","9.8","0.6","0.5","28.3",NA,NA,NA,NA,NA,"762","M4."
"763","0.2","0","10.4","3.2","2.1","1.67431578064991","10.7333333333333","11.7","11.7","8.8",NA,NA,NA,NA,NA,"763","M4."
"764","0.2","0","8.6","4.2","3.7","2.63881286440197","8.43333333333333","10.2","9.7","5.4",NA,NA,NA,NA,NA,"764","M4."
"765","0.1","0","23.6","6.1","10.3","12.4564574953449","34.5666666666667","20.5","39","44.2",NA,NA,NA,NA,NA,"765","M4."
"766","0.2","0","17.6","6.6","4.6","4.2359571921035","17.7333333333333","16.3","14.4","22.5",NA,NA,NA,NA,NA,"766","M4."
"767","0.3","0","0.4","0","0.3","0.264575131106459","0.5","0.3","0.4","0.8",NA,NA,NA,NA,NA,"767","M4."
"768","0.2","0","8.8","6.2","3","3.63501490139082","7.93333333333333","6.8","12","5",NA,NA,NA,NA,NA,"768","M4."
"769","0.1","0","28.8","11.5","0.6","0.550757054728609","28.6666666666667","28.7","29.2","28.1",NA,NA,NA,NA,NA,"769","M4."
"77","0","0","4.4","1.3","0.2","0.208166599946614","4.33333333333333","4.4","4.1","4.5",NA,NA,NA,NA,NA,"77","F3."
"770","0","0","10.3","1.1","4.2","2.95465734053883","3.4","1","6.7","2.5",NA,NA,NA,NA,NA,"770","M4."
"771","0.1","0","3","1.4","10.7","12.5675508088622","11.6333333333333","6.8","2.2","25.9",NA,NA,NA,NA,NA,"771","M4."
"772","0.1","0","0.8","2","0.2","0.264575131106459","0.6","0.7","0.3","0.8",NA,NA,NA,NA,NA,"772","M4."
"773","0.1","0","4.9","2.4","12.1","4.16173040933696","3.2","8","1","0.6",NA,NA,NA,NA,NA,"773","M4."
"774","0.1","0","33.3","2.2","10.7","17.5981059586915","20.9333333333333","35","1.2","26.6",NA,NA,NA,NA,NA,"774","M4."
"775","0.1","0","21.7","2.1","11.6","14.9502508340161","12.6","7.2","1.1","29.5",NA,NA,NA,NA,NA,"775","M4."
"776","0","0","6","1.5","0.4","1.70391705588427","6.93333333333333","5.3","8.7","6.8",NA,NA,NA,NA,NA,"776","M4."
"777","0","0","32.3","0.8","5.9","6.69800965461631","29.1666666666667","23.6","36.6","27.3",NA,NA,NA,NA,NA,"777","M4."
"778","0.2","0","25.3","7.4","0.5","1.88237438713273","24.0666666666667","21.9","25.3","25",NA,NA,NA,NA,NA,"778","M4."
"779","0.1","0","0.5","2.9","11.9","14.1450815951458","8.86666666666667","0.7","0.7","25.2",NA,NA,NA,NA,NA,"779","M4."
"78","0","0","2","1.4","0.1","0.1","2.1","2.2","2.1","2",NA,NA,NA,NA,NA,"78","F3."
"780","0.3","0","28.6","9.5","4.2","4.26653645634645","27.3666666666667","22.9","31.4","27.8",NA,NA,NA,NA,NA,"780","M4."
"781","0.1","0","5.3","1.7","1.7","1.92873015219859","4.8","5.6","2.6","6.2",NA,NA,NA,NA,NA,"781","M4."
"782","0.2","0","25.8","8.4","4.3","2.80416357107308","25.5333333333333","22.3","27.3","27",NA,NA,NA,NA,NA,"782","M4."
"783","0.1","0","11.9","8.3","8.8","8.19023809177731","12.7","16.5","18.3","3.3",NA,NA,NA,NA,NA,"783","M4."
"784","0.1","0","19.1","1.3","11.6","18.7933498876597","23","33.7","1.3","34",NA,NA,NA,NA,NA,"784","M4."
"785","0.2","0","6.4","3.3","0.3","0.971253485622231","5.86666666666667","6.1","6.7","4.8",NA,NA,NA,NA,NA,"785","M4."
"786","0.1","0","18.5","2.6","10","14.2423078654175","8.86666666666667","25.3","1.2","0.1",NA,NA,NA,NA,NA,"786","M4."
"787","0.3","0","3.5","1.9","2.5","2.00333056017556","3.06666666666667","3.8","4.6","0.8",NA,NA,NA,NA,NA,"787","M4."
"788","0.2","0","15.6","5.5","0.5","1.4","15.6","14.6","15","17.2",NA,NA,NA,NA,NA,"788","M4."
"789","0.2","0","3.8","4.7","2.8","2.9484459183328","2.46666666666667","1.4","5.8","0.2",NA,NA,NA,NA,NA,"789","M4."
"79","0","0","4.7","1","2","1.00664459136943","4.73333333333333","5.8","3.8","4.6",NA,NA,NA,NA,NA,"79","F3."
"790","0.1","0","24.5","0","11.4","6.29629520697158","31.0333333333333","27.2","27.6","38.3",NA,NA,NA,NA,NA,"790","M4."
"791","0.2","0","3.4","1.9","12.5","1.78978583448784","2.76666666666667","3.2","4.3","0.8",NA,NA,NA,NA,NA,"791","M4."
"792","0.2","0","19.8","2.3","10","15.187275375568","9.16666666666667","0.1","0.7","26.7",NA,NA,NA,NA,NA,"792","M4."
"793","0.1","0","3.9","0.9","3.5","3.1785741037977","2.93333333333333","6.5","1.9","0.4",NA,NA,NA,NA,NA,"793","M4."
"794","0.1","0","13.2","3.5","9.4","17.7845438513334","11.4","0.1","2.2","31.9",NA,NA,NA,NA,NA,"794","M4."
"795","0","0","2.7","0.9","2","2.83078316607495","3.36666666666667","4.9","5.1","0.1",NA,NA,NA,NA,NA,"795","M4."
"796","0.1","0","30.2","3.4","5.8","4.9","31.1","33.2","34.6","25.5",NA,NA,NA,NA,NA,"796","M4."
"797","0.1","0","3.1","3","0.4","0.152752523165195","3.23333333333333","3.4","3.1","3.2",NA,NA,NA,NA,NA,"797","M4."
"798","0.2","0","2.2","1.4","0.7","0.493288286231625","1.96666666666667","2.2","2.3","1.4",NA,NA,NA,NA,NA,"798","M4."
"799","0.1","0","2","1.5","13.1","14.5506013621431","10.5","1.9","2.3","27.3",NA,NA,NA,NA,NA,"799","M4."
"8","0","0","15.6","0.7","10.3","14.0467077993386","16.9","31.8","3.9","15",NA,NA,NA,NA,NA,"8","F3."
"80","0","0","11.3","0.3","2.6","6.3221831672295","15","13.9","21.8","9.3",NA,NA,NA,NA,NA,"80","F3."
"800","0.2","0","3.1","2.1","0.8","0.750555349946513","3.03333333333333","3.9","2.6","2.6",NA,NA,NA,NA,NA,"800","M4."
"801","0.1","0","18.8","1.2","9.9","13.7325647034097","11.2666666666667","7.1","0.1","26.6",NA,NA,NA,NA,NA,"801","M4."
"802","0.1","0","3.3","0.8","4.2","4.50777106783386","3.5","8.7","0.7","1.1",NA,NA,NA,NA,NA,"802","M4."
"803","0.1","0","2.3","1","2","1.64418166068514","2.16666666666667","3.4","2.8","0.3",NA,NA,NA,NA,NA,"803","M4."
"804","0.1","0","4.1","3.6","12.8","2.80059517483933","4.66666666666667","3","7.9","3.1",NA,NA,NA,NA,NA,"804","M4."
"805","0.2","0","19.5","6.5","9.2","13.4038551668292","15.6666666666667","23.9","22.9","0.2",NA,NA,NA,NA,NA,"805","M4."
"806","0.1","0","1.1","1","2.1","1.93476958145753","1.56666666666667","3.8","0.5","0.4",NA,NA,NA,NA,NA,"806","M4."
"807","0.1","0","16","3","7.6","9.36749699759759","22.3","19.3","14.8","32.8",NA,NA,NA,NA,NA,"807","M4."
"808","0","0","8.5","0.8","9.1","13.0791182169645","9.73333333333333","3.1","1.3","24.8",NA,NA,NA,NA,NA,"808","M4."
"809","0.2","0","4.9","1.7","2.8","2.09841209807162","4.46666666666667","6.1","5.2","2.1",NA,NA,NA,NA,NA,"809","M4."
"81","0","0","20.7","0.2","0.8","0.568624070307733","18.1333333333333","18.6","17.5","18.3",NA,NA,NA,NA,NA,"81","F3."
"810","0.1","0","21.8","2.5","13.4","5.49757522307183","7.16666666666667","8","12.2","1.3",NA,NA,NA,NA,NA,"810","M4."
"811","0.1","0","4.9","3.6","0.2","0.529150262212918","5","5.6","4.8","4.6",NA,NA,NA,NA,NA,"811","M4."
"812","0.2","0","7.3","2","3.4","3.8070110760718","7.36666666666667","7.1","11.3","3.7",NA,NA,NA,NA,NA,"812","M4."
"813","0.1","0","4.3","2.7","0.5","0.642910050732864","4.36666666666667","4.1","5.1","3.9",NA,NA,NA,NA,NA,"813","M4."
"814","0.1","0","10.2","2.3","3.9","2.34591844132172","8.03333333333333","8.8","9.9","5.4",NA,NA,NA,NA,NA,"814","M4."
"815","0.2","0","23","7","0.5","0.529150262212918","23.9","23.7","23.5","24.5",NA,NA,NA,NA,NA,"815","M4."
"816","0.1","0","1.3","3.6","0.1","0.0577350269189625","1.36666666666667","1.4","1.4","1.3",NA,NA,NA,NA,NA,"816","M4."
"817","0.3","0","1.8","3","0.1","0.8","1.1","1.1","1.9","0.3",NA,NA,NA,NA,NA,"817","M4."
"818","0.1","0","26.6","1.9","10","9.09670269933012","28.8","18.3","33.8","34.3",NA,NA,NA,NA,NA,"818","M4."
"819","0.1","0","1","2.3","0.3","0.461880215351701","0.566666666666667","1.1","0.3","0.3",NA,NA,NA,NA,NA,"819","M4."
"82","0","0","11.4","1.9","2.3","14.4945966944008","16.5333333333333","3.6","32.2","13.8",NA,NA,NA,NA,NA,"82","F3."
"820","0.6","0","2.8","7.3","0.9","0.152752523165195","2.36666666666667","2.4","2.5","2.2",NA,NA,NA,NA,NA,"820","M4."
"821","0.2","0","1.5","1.7","1.3","1.552417469626","1.8","1.9","3.3","0.2",NA,NA,NA,NA,NA,"821","M4."
"822","0.1","0","1","1.8","0.3","0.611010092660779","0.633333333333333","0.5","1.3","0.1",NA,NA,NA,NA,NA,"822","M4."
"823","0.2","0","1.3","2.2","0.8","1.27017059221718","0.933333333333333","2.4","0.2","0.2",NA,NA,NA,NA,NA,"823","M4."
"824","0","0","1.2","0.8","10.4","14.9547094031724","9.66666666666667","0.1","2","26.9",NA,NA,NA,NA,NA,"824","M4."
"825","0","0","2.5","2.1","2.3","1.85202591774521","2","2.1","3.8","0.1",NA,NA,NA,NA,NA,"825","M4."
"826","0.2","0","2.3","5.3","0.7","1.60416125540213","1.86666666666667","0.2","2","3.4",NA,NA,NA,NA,NA,"826","M4."
"827","0.1","0","16.7","1.6","11.5","15.9713284774102","14.8333333333333","3","8.5","33",NA,NA,NA,NA,NA,"827","M4."
"828","0.1","0","14.6","2.5","10.4","13.4582069137509","9.26666666666667","1.1","1.9","24.8",NA,NA,NA,NA,NA,"828","M4."
"829","0.2","0","1.5","3.6","1.1","1.15325625946708","1.9","1.8","3.1","0.8",NA,NA,NA,NA,NA,"829","M4."
"83","0","0","4","0.3","3.7","4.01497197997695","5.3","3.5","9.9","2.5",NA,NA,NA,NA,NA,"83","F3."
"830","0.1","0","3.2","0.9","0.6","0.608276253029822","3.2","3.9","2.9","2.8",NA,NA,NA,NA,NA,"830","M4."
"831","0.1","0","9.3","1.9","10.3","16.7846159721732","12.7333333333333","3.7","2.4","32.1",NA,NA,NA,NA,NA,"831","M4."
"832","0.3","0","4.2","4.7","2.1","2.38117617995813","4.4","2.6","7.1","3.5",NA,NA,NA,NA,NA,"832","M4."
"833","0.3","0","15.8","1.7","10.9","17.0086252628875","15.8333333333333","2.9","9.5","35.1",NA,NA,NA,NA,NA,"833","M4."
"834","0.1","0","3","1.6","0.2","0.115470053837925","2.86666666666667","2.8","2.8","3",NA,NA,NA,NA,NA,"834","M4."
"835","0.3","0","7.7","2.9","2.4","1.66232768530556","7.53333333333333","7.3","9.3","6",NA,NA,NA,NA,NA,"835","M4."
"836","0.1","0","5.3","1.7","4.6","3.18956632370818","4.76666666666667","2.1","8.3","3.9",NA,NA,NA,NA,NA,"836","M4."
"837","0.2","0","5.5","2.2","3.6","2.53837218179946","5.56666666666667","3.5","8.4","4.8",NA,NA,NA,NA,NA,"837","M4."
"838","0.3","0","6.6","3.2","2.5","1.64418166068514","6.03333333333333","5.4","7.9","4.8",NA,NA,NA,NA,NA,"838","M4."
"839","0.2","0","6.1","3.3","3","2.92973263854116","6.46666666666667","5.3","9.8","4.3",NA,NA,NA,NA,NA,"839","M4."
"84","0","0","2.9","1.4","0.3","0.264575131106459","2.9","2.6","3","3.1",NA,NA,NA,NA,NA,"84","F3."
"840","0.1","0","2.9","1.7","2.4","2.05507501890645","2.56666666666667","3.9","3.6","0.2",NA,NA,NA,NA,NA,"840","M4."
"841","0","0","2","1.4","1.3","1.66232768530556","1.63333333333333","3.4","0.1","1.4",NA,NA,NA,NA,NA,"841","M4."
"842","0","0","2.5","0.8","9.7","14.4772234907112","11.1","3.4","2.1","27.8",NA,NA,NA,NA,NA,"842","M4."
"843","0","0","3.6","0.7","1.2","1.06926766215636","3.53333333333333","4.2","4.1","2.3",NA,NA,NA,NA,NA,"843","M4."
"844","0.1","0","2.9","1.4","0.4","0.568624070307733","2.96666666666667","3.6","2.8","2.5",NA,NA,NA,NA,NA,"844","M4."
"845","0","0","3.9","0.8","1.3","1.17189305541646","3.46666666666667","4.8","2.6","3",NA,NA,NA,NA,NA,"845","M4."
"846","0.1","0","8.2","1.4","3.8","2.91032644217105","8","4.7","9.1","10.2",NA,NA,NA,NA,NA,"846","M4."
"847","0.1","0","14.1","0.8","10.8","16.0503374834716","22.7333333333333","4.2","32","32",NA,NA,NA,NA,NA,"847","M4."
"848","0.1","0","5.2","2.8","2","3.17700068198503","4.06666666666667","5.8","6","0.4",NA,NA,NA,NA,NA,"848","M4."
"849","0.1","0","14.3","1.1","11.9","10.7276900278361","12.4666666666667","5.3","7.3","24.8",NA,NA,NA,NA,NA,"849","M4."
"85","0","0","5.4","1.8","7.1","5.86543547687069","5.63333333333333","2","2.5","12.4",NA,NA,NA,NA,NA,"85","F3."
"850","0.1","0","5.2","2.1","1.6","1.53731367434669","6.63333333333333","5.6","8.4","5.9",NA,NA,NA,NA,NA,"850","M4."
"851","0.1","0","4.9","1.5","0.4","0.152752523165195","4.83333333333333","4.7","5","4.8",NA,NA,NA,NA,NA,"851","M4."
"852","0.1","0","6.9","1","3.6","3.16596483450675","7.36666666666667","5.2","11","5.9",NA,NA,NA,NA,NA,"852","M4."
"853","0.1","0","4.4","2.8","0.2","0.23094010767585","4.46666666666667","4.2","4.6","4.6",NA,NA,NA,NA,NA,"853","M4."
"854","0.1","0","3.8","1.8","2.2","1.113552872566","3.6","4.8","3.4","2.6",NA,NA,NA,NA,NA,"854","M4."
"855","0.1","0","23.9","1.7","11.2","15.2503551871205","22.7333333333333","6.4","36.6","25.2",NA,NA,NA,NA,NA,"855","M4."
"856","0.1","0","5","1.1","11.7","1.06926766215636","4.76666666666667","5.7","5","3.6",NA,NA,NA,NA,NA,"856","M4."
"857","0.1","0","14.8","1.5","10.1","14.1139410985498","15.6666666666667","6.3","8.8","31.9",NA,NA,NA,NA,NA,"857","M4."
"858","0.1","0","5.1","1.5","0.2","3.43559795862865","7.13333333333333","5.2","5.1","11.1",NA,NA,NA,NA,NA,"858","M4."
"859","0.1","0","6.1","2.6","2.5","2.28691932520585","6.1","5.2","8.7","4.4",NA,NA,NA,NA,NA,"859","M4."
"86","0","0","8.4","1.4","6.6","6.2978832422754","6.06666666666667","1.8","3.1","13.3",NA,NA,NA,NA,NA,"86","F3."
"860","0.1","0","5","2.4","2.1","2.06639783197718","5.3","7.5","5","3.4",NA,NA,NA,NA,NA,"860","M4."
"861","0.2","0","5.3","1.4","0.1","0","5.3","5.3","5.3","5.3",NA,NA,NA,NA,NA,"861","M4."
"862","0.1","0","7.3","0.9","1.8","1.60104132780304","7.23333333333333","5.6","8.8","7.3",NA,NA,NA,NA,NA,"862","M4."
"863","0.1","0","6.6","1.3","2.3","1.58219257150744","6.56666666666667","6.2","8.3","5.2",NA,NA,NA,NA,NA,"863","M4."
"864","0.1","0","14.1","1.7","10.8","15.062204353945","15","4.8","7.9","32.3",NA,NA,NA,NA,NA,"864","M4."
"865","0.1","0","15.4","1.2","12.4","17.4517429884047","14.3333333333333","5.9","2.7","34.4",NA,NA,NA,NA,NA,"865","M4."
"866","0","0","4","1.1","11.4","2.50266524595946","2.63333333333333","5.2","0.2","2.5",NA,NA,NA,NA,NA,"866","M4."
"867","0.2","0","8.2","3.7","2.5","2.23681320930768","7.33333333333333","7.8","9.3","4.9",NA,NA,NA,NA,NA,"867","M4."
"868","0.1","0","17.9","0.6","12","16.0051033527851","13.6666666666667","5.6","3.3","32.1",NA,NA,NA,NA,NA,"868","M4."
"869","0.1","0","8.3","2.8","1.4","1.45716619962629","8.46666666666667","9.1","9.5","6.8",NA,NA,NA,NA,NA,"869","M4."
"87","0","0","6.9","1.7","4.6","6.02522475376092","5.66666666666667","1.7","2.7","12.6",NA,NA,NA,NA,NA,"87","F3."
"870","0.1","0","13.7","1.1","9.7","14.3674400410558","16.6333333333333","6.1","10.8","33",NA,NA,NA,NA,NA,"870","M4."
"871","0.3","0","6.1","1.7","2.5","2.33523731841827","5.63333333333333","6.1","3.1","7.7",NA,NA,NA,NA,NA,"871","M4."
"872","0.1","0","6.8","1.7","1.4","1","6.7","6.7","5.7","7.7",NA,NA,NA,NA,NA,"872","M4."
"873","0.1","0","17.3","1.1","10.1","12.8741342751011","11.7333333333333","6.5","2.3","26.4",NA,NA,NA,NA,NA,"873","M4."
"874","0.1","0","3.7","1.1","1.9","1.76729548557488","3.96666666666667","6","2.8","3.1",NA,NA,NA,NA,NA,"874","M4."
"875","0.2","0","4.2","0.9","4.4","2.87460142164672","3.63333333333333","6.7","1","3.2",NA,NA,NA,NA,NA,"875","M4."
"876","0.1","0","6.3","0.8","1.3","1.00664459136943","6.53333333333333","7.6","5.6","6.4",NA,NA,NA,NA,NA,"876","M4."
"877","0.1","0","5.9","1.5","3.3","2.94618397253125","5.5","8.7","2.9","4.9",NA,NA,NA,NA,NA,"877","M4."
"878","0.8","0","17.1","11.9","3.5","2.34591844132172","16.7333333333333","16.2","19.3","14.7",NA,NA,NA,NA,NA,"878","M4."
"879","0","0","7.7","1.4","0.2","1.01159939369957","7.06666666666667","7.6","5.9","7.7",NA,NA,NA,NA,NA,"879","M4."
"88","0","0","2.5","1.4","0.2","0.321455025366432","2.46666666666667","2.6","2.7","2.1",NA,NA,NA,NA,NA,"88","F3."
"880","0.1","0","7.9","2.9","2.7","2.05264057577875","8.63333333333333","8.1","10.9","6.9",NA,NA,NA,NA,NA,"880","M4."
"881","0.1","0","6.6","1.4","2.2","2.57746645629644","5.16666666666667","7.5","5.6","2.4",NA,NA,NA,NA,NA,"881","M4."
"882","0.2","0","6.2","1.1","0.7","0.776745346515403","5.93333333333333","6.8","5.3","5.7",NA,NA,NA,NA,NA,"882","M4."
"883","0.1","0","9.6","2.9","0.3","1.40118997046558","9.56666666666667","9.5","11","8.2",NA,NA,NA,NA,NA,"883","M4."
"884","0.1","0","6","1.2","1.6","2.40069434400411","6.26666666666667","7.8","7.5","3.5",NA,NA,NA,NA,NA,"884","M4."
"885","0.1","0","6.3","1.6","2.2","2.35017729827631","5.76666666666667","8.1","5.8","3.4",NA,NA,NA,NA,NA,"885","M4."
"886","0.2","0","23.1","1","11.2","14.4015045510298","25.3666666666667","8.8","32.4","34.9",NA,NA,NA,NA,NA,"886","M4."
"887","0.1","0","9.7","1.1","10.8","12.846919215646","16.5666666666667","9.3","9","31.4",NA,NA,NA,NA,NA,"887","M4."
"888","0.1","0","7.6","1.5","0.1","0.0577350269189624","7.53333333333333","7.5","7.5","7.6",NA,NA,NA,NA,NA,"888","M4."
"889","0.1","0","15.9","1.7","11.4","13.5736263884539","15.7333333333333","8.3","7.5","31.4",NA,NA,NA,NA,NA,"889","M4."
"89","0","0","2","1.8","0.9","0.901849950564579","2.43333333333333","2.5","3.3","1.5",NA,NA,NA,NA,NA,"89","F3."
"890","0.2","0","9.1","2.9","2.9","2.55408170059874","9.23333333333333","9.4","11.7","6.6",NA,NA,NA,NA,NA,"890","M4."
"891","0.1","0","8.9","2.4","2.6","1.93476958145753","9.23333333333333","10.4","10.3","7",NA,NA,NA,NA,NA,"891","M4."
"892","0.3","0","8.5","3.1","3.7","3.21869538788622","8.7","7.7","12.3","6.1",NA,NA,NA,NA,NA,"892","M4."
"893","0.1","0","7.5","2.6","2.9","1.81750745069541","7.53333333333333","8.1","9","5.5",NA,NA,NA,NA,NA,"893","M4."
"894","0.1","0","13.5","1.3","10.2","13.4812215074649","17.8333333333333","10","10.1","33.4",NA,NA,NA,NA,NA,"894","M4."
"895","0.1","0","18.2","2.1","8.9","14.5516322108552","17.2","11.7","33.7","6.2",NA,NA,NA,NA,NA,"895","M4."
"896","0.2","0","6.8","3.5","0.8","1.13578166916005","7.2","8.5","6.4","6.7",NA,NA,NA,NA,NA,"896","M4."
"897","0.2","0","24.1","2.1","11.9","12.1923473266362","27.8666666666667","13.8","35.4","34.4",NA,NA,NA,NA,NA,"897","M4."
"898","0.3","0","11.7","3.3","1.9","0.699999999999999","11","11.7","11","10.3",NA,NA,NA,NA,NA,"898","M4."
"899","0.2","0","13.4","3.7","1.3","1.20968315410827","14.2666666666667","12.9","15.2","14.7",NA,NA,NA,NA,NA,"899","M4."
"9","0","0","6.1","1.2","2.7","2.80059517483933","6.56666666666667","4.9","5","9.8",NA,NA,NA,NA,NA,"9","F3."
"90","0","0","1.1","2.4","0.2","0.346410161513775","1.3","1.7","1.1","1.1",NA,NA,NA,NA,NA,"90","F3."
"900","0.2","0","22.3","7.5","1.4","1.70098010962308","23.2666666666667","22","25.2","22.6",NA,NA,NA,NA,NA,"900","M4."
"901","0","0","0.5","1.2","0","0.0577350269189626","0.533333333333333","0.6","0.5","0.5",NA,NA,NA,NA,NA,"901","M4."
"902","0.1","0","3.7","1.1","2.2","1.4047538337137","2.66666666666667","4","1.2","2.8",NA,NA,NA,NA,NA,"902","M4."
"903","0.1","0","3.7","1.7","1.1","0.7371114795832","3.36666666666667","3.1","4.2","2.8",NA,NA,NA,NA,NA,"903","M4."
"904","0.1","0","10","2.7","8.8","13.1621933329264","8.63333333333333","0.2","1.9","23.8",NA,NA,NA,NA,NA,"904","M4."
"905","0.2","0","3.9","3.2","3","2.20302821891444","3.16666666666667","3.3","5.3","0.9",NA,NA,NA,NA,NA,"905","M4."
"906","0","0","5.5","2.1","1","1.17898261225516","6","6.3","7","4.7",NA,NA,NA,NA,NA,"906","M4."
"907","0.1","0","4","1.9","1","0.981495457622364","3.66666666666667","3.1","4.8","3.1",NA,NA,NA,NA,NA,"907","M4."
"908","0.1","0","1.2","2.1","0.7","0.723417813807024","1.36666666666667","2.2","0.9","1",NA,NA,NA,NA,NA,"908","M4."
"909","0","0","5.6","0.8","1.7","1.17898261225516","5.8","4.8","7.1","5.5",NA,NA,NA,NA,NA,"909","M4."
"91","0","0","4.3","1.3","3.8","2.48461935381123","5.13333333333333","3.6","3.8","8",NA,NA,NA,NA,NA,"91","F3."
"910","0.1","0","1.4","2.9","1.8","1.35769412362775","0.933333333333333","2.5","0.1","0.2",NA,NA,NA,NA,NA,"910","M4."
"911","0.1","0","11.6","1.5","10.4","16.787296784573","14.4666666666667","8.6","1.4","33.4",NA,NA,NA,NA,NA,"911","M4."
"912","0","0","4.7","2","3.6","1.83303027798234","4.8","5.2","2.8","6.4",NA,NA,NA,NA,NA,"912","M4."
"913","0.1","0","8.7","3.6","5.4","5.02427440864184","7.16666666666667","9.5","10.6","1.4",NA,NA,NA,NA,NA,"913","M4."
"914","0.2","0","1.6","1.8","1.7","1.99749843554382","1.4","3.7","0.1","0.4",NA,NA,NA,NA,NA,"914","M4."
"915","0.1","0","6.3","0.8","3.2","2.51064400768674","6.26666666666667","6","8.9","3.9",NA,NA,NA,NA,NA,"915","M4."
"916","0","0","3.6","1.9","3.2","2.65581123827228","4.93333333333333","3.4","8","3.4",NA,NA,NA,NA,NA,"916","M4."
"917","0.3","0","8.8","2.2","4.9","3.63730669589464","7.6","4.3","11.5","7",NA,NA,NA,NA,NA,"917","M4."
"918","0.1","0","8.8","1.8","3.5","3.48185774168522","7.66666666666667","4.7","11.5","6.8",NA,NA,NA,NA,NA,"918","M4."
"919","0.1","0","6.6","0.9","3.6","3.50190424388408","6.96666666666667","5.2","11","4.7",NA,NA,NA,NA,NA,"919","M4."
"92","0.1","0","5.6","2","3.9","3.91450294843845","4.83333333333333","2","3.2","9.3",NA,NA,NA,NA,NA,"92","F3."
"920","0.2","0","15.7","1.2","10","15.9073358339269","15.6333333333333","4.2","8.9","33.8",NA,NA,NA,NA,NA,"920","M4."
"921","0.1","0","9.3","2.1","10.5","2.49799919935936","8.3","9.1","10.3","5.5",NA,NA,NA,NA,NA,"921","M4."
"922","0.1","0","3.1","2.7","1.9","1.81934053986602","3.5","5.6","2.4","2.5",NA,NA,NA,NA,NA,"922","M4."
"923","0.1","0","11.5","1.2","10.9","3.51615320106126","9.83333333333333","7.1","13.8","8.6",NA,NA,NA,NA,NA,"923","M4."
"924","0.1","0","14.1","1","9.7","2.30289672658878","11.7666666666667","14.3","9.8","11.2",NA,NA,NA,NA,NA,"924","M4."
"925","0.3","0","22","8.3","0.3","0.901849950564579","21.8666666666667","21.8","22.8","21",NA,NA,NA,NA,NA,"925","M4."
"926","0.1","0","22.3","2.4","6.4","13.3101465055799","15.3","19.9","0.3","25.7",NA,NA,NA,NA,NA,"926","M4."
"927","0.1","0","1.7","2.1","1","1.93476958145753","1.36666666666667","3.6","0.3","0.2",NA,NA,NA,NA,NA,"927","M4."
"928","0.2","0","20","2.8","11.6","17.9143331813756","20.5666666666667","33.4","0.1","28.2",NA,NA,NA,NA,NA,"928","M4."
"929","0.1","0","11.6","1.8","11.1","13.4515178821326","11.2666666666667","7.5","0.1","26.2",NA,NA,NA,NA,NA,"929","M4."
"93","0","0","3","2","2.4","2.07926268983343","2.53333333333333","1.7","4.9","1",NA,NA,NA,NA,NA,"93","F3."
"930","0.1","0","15.5","2.5","13","18.0100897647217","13.5666666666667","34.3","1.8","4.6",NA,NA,NA,NA,NA,"930","M4."
"931","0.1","0","4.5","1.4","2.5","2.45424801789333","5.13333333333333","6.5","2.3","6.6",NA,NA,NA,NA,NA,"931","M4."
"932","0.3","0","6.2","3.5","0.2","1.5502687938978","7.06666666666667","5.5","8.6","7.1",NA,NA,NA,NA,NA,"932","M4."
"933","0.1","0","9.7","5.7","10.4","9.73704267218748","8.9","1.8","4.9","20",NA,NA,NA,NA,NA,"933","M4."
"934","0.1","0","11.4","2","11.3","19.3007771864244","12.9","35.1","3.5","0.1",NA,NA,NA,NA,NA,"934","M4."
"935","0.1","0","6.5","2.5","1.9","2.13775583264319","6.6","9","5.9","4.9",NA,NA,NA,NA,NA,"935","M4."
"936","0.1","0","5.5","3","1.2","0.89628864398325","5.66666666666667","5.1","6.7","5.2",NA,NA,NA,NA,NA,"936","M4."
"937","0.2","0","17.2","11.2","8.6","8.35164654424503","17.1","18.6","8.1","24.6",NA,NA,NA,NA,NA,"937","M4."
"938","0.2","0","10.4","2.9","2","1.34536240470737","10.3","9.2","11.8","9.9",NA,NA,NA,NA,NA,"938","M4."
"939","0.1","0","8.2","2","11.5","2.95691280448601","7.46666666666667","4.9","10.7","6.8",NA,NA,NA,NA,NA,"939","M4."
"94","0","0","7.9","2.8","4.6","3.8742741255621","7","4.1","5.5","11.4",NA,NA,NA,NA,NA,"94","F3."
"940","0.2","0","8.3","2.2","2.1","2.03059925473574","8.33333333333333","9.7","9.3","6",NA,NA,NA,NA,NA,"940","M4."
"941","0.1","0","18.4","0.8","2.3","5.90028247911346","16.7666666666667","22.7","10.9","16.7",NA,NA,NA,NA,NA,"941","M4."
"942","0.1","0","1.8","2.5","1.3","1.53948043183407","2.6","4.3","2.2","1.3",NA,NA,NA,NA,NA,"942","M4."
"943","0.1","0","3.3","2.1","2.6","3.43122912865541","3.33333333333333","2.8","7","0.2",NA,NA,NA,NA,NA,"943","M4."
"944","0.1","0","7.1","3","3.3","2.33023603954621","7.5","8.2","9.4","4.9",NA,NA,NA,NA,NA,"944","M4."
"945","0.1","0","18.1","2.1","11","16.9","23.6","32.7","34","4.1",NA,NA,NA,NA,NA,"945","M4."
"946","0.1","0","6.7","2.1","3.7","4.05257120027932","6.66666666666667","6.5","10.8","2.7",NA,NA,NA,NA,NA,"946","M4."
"947","0.2","0","14.8","1.9","11.8","15.6808800773426","17","9.7","35","6.3",NA,NA,NA,NA,NA,"947","M4."
"948","0.1","0","8.4","2.7","0.1","0.0577350269189624","8.33333333333333","8.3","8.3","8.4",NA,NA,NA,NA,NA,"948","M4."
"949","0.1","0","13.7","4.3","12.2","17.464344629368","14.2333333333333","34.2","1.8","6.7",NA,NA,NA,NA,NA,"949","M4."
"95","0","0","3","1.6","0.4","0.346410161513776","3.3","2.9","3.5","3.5",NA,NA,NA,NA,NA,"95","F3."
"950","0.1","0","11","3.1","5.1","3.3291640592397","11.2666666666667","15.1","9.1","9.6",NA,NA,NA,NA,NA,"950","M4."
"951","0.1","0","11.8","2.7","6.9","7.8621455934963","9.03333333333333","12.1","0.1","14.9",NA,NA,NA,NA,NA,"951","M4."
"952","0.1","0","27.3","3.7","8.5","10.9317580165925","31.6333333333333","36.6","39.2","19.1",NA,NA,NA,NA,NA,"952","M4."
"953","0.1","0","17.1","2","9","14.695690978424","19.2666666666667","3.7","32.9","21.2",NA,NA,NA,NA,NA,"953","M4."
"954","0.1","0","28.9","1.6","11.4","17.6233746295462","19.4333333333333","0.1","34.6","23.6",NA,NA,NA,NA,NA,"954","M4."
"955","0.2","0","23.3","8.5","0.5","1.99749843554382","24.6","22.4","26.3","25.1",NA,NA,NA,NA,NA,"955","M4."
"956","0.1","0","33.2","7.4","4.5","19.9165760109513","22.4","38.7","0.2","28.3",NA,NA,NA,NA,NA,"956","M4."
"957","0.1","0","21.9","2","9.8","14.3982637842207","23.8","7.2","32.9","31.3",NA,NA,NA,NA,NA,"957","M4."
"958","0.1","0","22.8","3.1","13.4","13.8673477396845","26.9666666666667","11","36","33.9",NA,NA,NA,NA,NA,"958","M4."
"959","0","0","3.3","1.5","2.9","2.46846781087648","3.36666666666667","6.1","2.7","1.3",NA,NA,NA,NA,NA,"959","M4."
"96","0","0","1.4","1.8","0.2","0.152752523165195","1.56666666666667","1.7","1.6","1.4",NA,NA,NA,NA,NA,"96","F3."
"960","0.1","0","24.9","9.1","1.6","0.435889894354066","26.9","26.6","27.4","26.7",NA,NA,NA,NA,NA,"960","M4."
"961","0","0","8.2","1.6","7.2","6.32165590121238","4.33333333333333","11.6","0.1","1.3",NA,NA,NA,NA,NA,"961","M4."
"962","0.1","0","5.7","1.8","0.8","0.611010092660779","5.66666666666667","5","5.8","6.2",NA,NA,NA,NA,NA,"962","M4."
"963","0.1","0","9.3","5.1","2.7","2.08166599946613","10.3666666666667","8.7","12.7","9.7",NA,NA,NA,NA,NA,"963","M4."
"964","0","0","0.8","1.4","0.6","0.702376916856849","0.833333333333333","1.5","0.1","0.9",NA,NA,NA,NA,NA,"964","M4."
"965","0.1","0","2.1","1.3","1.4","1.20554275466834","2.33333333333333","1.2","3.6","2.2",NA,NA,NA,NA,NA,"965","M4."
"966","0.1","0","8.9","1.5","2.9","2.95014123955673","7.93333333333333","5.8","11.3","6.7",NA,NA,NA,NA,NA,"966","M4."
"967","0.1","0","11.6","2.5","4.7","5.22717259456136","10.3333333333333","13.5","4.3","13.2",NA,NA,NA,NA,NA,"967","M4."
"968","0.1","0","6.8","3.3","0.8","1.16761865920913","6.63333333333333","6.4","7.9","5.6",NA,NA,NA,NA,NA,"968","M4."
"969","0.1","0","3.9","2.9","3.7","2.80237994093116","3.23333333333333","5.5","0.1","4.1",NA,NA,NA,NA,NA,"969","M4."
"97","0","0","1.2","0","0.9","0.264575131106459","29.7","29.6","29.5","30",NA,NA,NA,NA,NA,"97","F3."
"970","0.1","0","22","7.9","0.5","0.0577350269189634","21.7333333333333","21.7","21.7","21.8",NA,NA,NA,NA,NA,"970","M4."
"971","0.1","0","3.5","1.5","4.1","4.44334708675041","3.73333333333333","0.5","8.8","1.9",NA,NA,NA,NA,NA,"971","M4."
"972","0","0","4.9","0.8","1.3","1.22202018532156","5.13333333333333","3.8","6.2","5.4",NA,NA,NA,NA,NA,"972","M4."
"973","0.1","0","2.8","1.5","0.6","0.458257569495584","2.7","3.1","2.8","2.2",NA,NA,NA,NA,NA,"973","M4."
"974","0.1","0","3.3","2.1","1.9","1.91398362932741","2.83333333333333","3.4","4.4","0.7",NA,NA,NA,NA,NA,"974","M4."
"975","0.1","0","7.5","1.5","1.9","1.77857620959388","6.96666666666667","5.7","9","6.2",NA,NA,NA,NA,NA,"975","M4."
"976","0.1","0","23.5","1.3","13.1","17.7015065272234","12.5333333333333","4.7","0.1","32.8",NA,NA,NA,NA,NA,"976","M4."
"977","0.1","0","21.1","1.9","12.5","15.7493915226377","16.5333333333333","5.7","34.6","9.3",NA,NA,NA,NA,NA,"977","M4."
"978","0.1","0","5.9","1.6","0.2","0.115470053837925","6.06666666666667","6.2","6","6",NA,NA,NA,NA,NA,"978","M4."
"979","0.2","0","10","3.6","0.7","0.907377172587747","10.4333333333333","9.6","11.4","10.3",NA,NA,NA,NA,NA,"979","M4."
"98","0","0","8.9","1.2","12","15.7735009853023","15.0666666666667","2.3","32.7","10.2",NA,NA,NA,NA,NA,"98","F3."
"980","0.1","0","6.8","3","0.1","0.0577350269189629","6.83333333333333","6.8","6.9","6.8",NA,NA,NA,NA,NA,"980","M4."
"981","0.1","0","20.5","1","10.1","13.6044110493619","16.8","10.6","32.4","7.4",NA,NA,NA,NA,NA,"981","M4."
"982","0.1","0","10.1","2.4","2.6","2.25166604983954","10.7","9.4","13.3","9.4",NA,NA,NA,NA,NA,"982","M4."
"983","0.1","0","1.1","3.5","0.3","0.7","1.3","1.8","1.6","0.5",NA,NA,NA,NA,NA,"983","M4."
"984","0.3","0","16.3","13.3","1.8","1.85022521151706","16.7333333333333","17.7","14.6","17.9",NA,NA,NA,NA,NA,"984","M4."
"985","0.1","0","10","2.8","10.3","15.2172051748451","9.53333333333333","1.1","0.4","27.1",NA,NA,NA,NA,NA,"985","M4."
"986","0.1","0","6.1","4.1","2.4","3.1374086972107","4.63333333333333","8.2","2.3","3.4",NA,NA,NA,NA,NA,"986","M4."
"987","0.1","0","3.8","1.8","2.5","1.62890556304942","4.03333333333333","5.9","3.3","2.9",NA,NA,NA,NA,NA,"987","M4."
"988","0","0","11.8","1","10.9","17.2165617938077","16.4","10","3.3","35.9",NA,NA,NA,NA,NA,"988","M4."
"989","0.3","0","14.2","1.7","11.5","3.26036807738022","3.2","6.6","2.9","0.1",NA,NA,NA,NA,NA,"989","M4."
"99","0","0","1.9","1.8","1.9","1.87705443004014","2.26666666666667","3.4","0.1","3.3",NA,NA,NA,NA,NA,"99","F5."
"990","0.1","0","16","1.9","10.8","15.4146034655453","16.6","10.1","5.5","34.2",NA,NA,NA,NA,NA,"990","M4."
"991","0.1","0","8.3","2.4","1.1","1.0785793124909","8.56666666666667","8.1","9.8","7.8",NA,NA,NA,NA,NA,"991","M4."
"992","0.1","0","19.6","3","10.2","11.7285975291166","18.9","13.9","10.5","32.3",NA,NA,NA,NA,NA,"992","M4."
"993","0.1","0","0.9","2.7","0.3","0.55075705472861","1.06666666666667","1.6","1.1","0.5",NA,NA,NA,NA,NA,"993","M4."
"994","0.2","0","6.5","3.6","4","5.01198563445667","7.8","7.4","13","3",NA,NA,NA,NA,NA,"994","M4."
"995","0.1","0","5.2","1.8","3.7","2.76103845198384","4.76666666666667","4.1","7.8","2.4",NA,NA,NA,NA,NA,"995","M4."
"996","0.2","0","3.1","6.3","1.9","3.77535870260474","3.96666666666667","8.1","0.7","3.1",NA,NA,NA,NA,NA,"996","M4."
"997","0.1","0","8.8","2.1","3.4","3.4698703145795","9.6","11.4","11.8","5.6",NA,NA,NA,NA,NA,"997","M4."
"998","0.4","0","23.8","12","0.6","0.763762615825973","24.0333333333333","24.2","24.7","23.2",NA,NA,NA,NA,NA,"998","M4."
"999","0.1","0","20.6","2.4","11.9","12.8515887474403","23.5666666666667","36.3","10.6","23.8",NA,NA,NA,NA,NA,"999","M4."
