activity_vector,freezing_vector,animal_name,condition
3.4866123111145355,0,astro3,cxta
2.496135477811358,0,astro3,cxta
2.252358736702935,0,astro3,cxta
2.1683695494104835,0,astro3,cxta
2.1067129568275496,0,astro3,cxta
2.067019035131275,0,astro3,cxta
2.0446959128351105,0,astro3,cxta
1.9766488594156368,0,astro3,cxta
1.8987164038075814,0,astro3,cxta
1.8235865563911466,1,astro3,cxta
1.7858007447206328,1,astro3,cxta
1.7457287147523202,1,astro3,cxta
1.687433121108943,1,astro3,cxta
1.6523185837702423,1,astro3,cxta
1.6454473754174324,1,astro3,cxta
1.6472147777844903,1,astro3,cxta
1.620906867879485,1,astro3,cxta
1.5687716673288303,1,astro3,cxta
1.5418539938596019,1,astro3,cxta
1.499388129734544,1,astro3,cxta
1.5404698614558716,1,astro3,cxta
1.521853294293515,1,astro3,cxta
1.4780977590816153,1,astro3,cxta
1.4599679160816725,1,astro3,cxta
1.4293301101262759,1,astro3,cxta
1.384255148118238,1,astro3,cxta
1.319406932402496,1,astro3,cxta
1.262815661956226,1,astro3,cxta
1.234842059803584,1,astro3,cxta
1.2200205734948322,1,astro3,cxta
1.1627038996740848,0,astro3,cxta
1.1080305599090516,0,astro3,cxta
1.1127818543070354,0,astro3,cxta
1.0570229301587521,0,astro3,cxta
1.0581382403976949,0,astro3,cxta
1.0580988642270237,0,astro3,cxta
0.9956256325947052,0,astro3,cxta
0.9444924109006143,0,astro3,cxta
0.8947298532951321,0,astro3,cxta
0.8942862550178674,0,astro3,cxta
0.8824981536822907,0,astro3,cxta
0.8502413482853816,0,astro3,cxta
0.8384564722800332,0,astro3,cxta
0.8348149771856661,0,astro3,cxta
0.8324486072856272,0,astro3,cxta
0.7936430999393602,0,astro3,cxta
0.7942263240810717,0,astro3,cxta
0.7724731948333533,0,astro3,cxta
0.7555499157980105,0,astro3,cxta
0.755925548328585,0,astro3,cxta
0.7359745930937697,0,astro3,cxta
0.7237268226423956,0,astro3,cxta
0.7099829287027589,0,astro3,cxta
0.6706040898142108,0,astro3,cxta
0.7010480782527738,0,astro3,cxta
0.6829016481887386,0,astro3,cxta
0.6953312575839669,0,astro3,cxta
0.6952338367020628,0,astro3,cxta
0.6688716039900665,0,astro3,cxta
0.6464264189887947,0,astro3,cxta
0.6197944158470027,0,astro3,cxta
0.6161650584320355,0,astro3,cxta
0.5938917543015079,0,astro3,cxta
0.5923154696192213,0,astro3,cxta
0.5919417946827596,0,astro3,cxta
0.6092771110599116,0,astro3,cxta
0.6180871076545962,0,astro3,cxta
0.5718731508836016,0,astro3,cxta
0.5353693978392271,0,astro3,cxta
0.5608798576590999,0,astro3,cxta
0.5246637431464917,0,astro3,cxta
0.5434305099644697,0,astro3,cxta
0.5326613323684815,0,astro3,cxta
0.5465156510598036,0,astro3,cxta
0.5436112031136254,0,astro3,cxta
0.5584496083283733,0,astro3,cxta
0.5213157369485916,0,astro3,cxta
0.5484509739185716,0,astro3,cxta
0.5322310018604322,0,astro3,cxta
0.5161602094447441,0,astro3,cxta
0.5095825701750764,0,astro3,cxta
0.4968939800270976,0,astro3,cxta
0.502052063380321,0,astro3,cxta
0.5173639081881224,0,astro3,cxta
0.5153007115981886,0,astro3,cxta
0.5147338310715389,0,astro3,cxta
0.5275730725850047,0,astro3,cxta
0.5300844493354417,0,astro3,cxta
0.5077419981879007,0,astro3,cxta
0.509667797876592,1,astro3,cxta
0.4957795967901639,1,astro3,cxta
0.5164646913725811,1,astro3,cxta
0.503437402133211,1,astro3,cxta
0.5302770061866499,1,astro3,cxta
0.5491545534580328,1,astro3,cxta
0.5048070019314305,1,astro3,cxta
0.5180683299750595,1,astro3,cxta
0.4953049300915985,1,astro3,cxta
0.46983451459317144,1,astro3,cxta
0.48209650489522116,1,astro3,cxta
0.4695382104813474,1,astro3,cxta
0.45659082584689714,1,astro3,cxta
0.5154521006029311,1,astro3,cxta
0.4671170202854325,1,astro3,cxta
0.46603262470187096,1,astro3,cxta
0.4567169210137658,1,astro3,cxta
0.4666559575181902,1,astro3,cxta
0.47852951496795015,1,astro3,cxta
0.46990668863931695,1,astro3,cxta
0.464783263897359,1,astro3,cxta
0.45710945289978766,1,astro3,cxta
0.46167097220391246,1,astro3,cxta
0.48345267716675205,1,astro3,cxta
0.49962092151648546,1,astro3,cxta
0.4799782830149498,1,astro3,cxta
0.49007112324458507,1,astro3,cxta
0.512186848915281,1,astro3,cxta
0.5347025592588147,1,astro3,cxta
0.5292073107203819,1,astro3,cxta
0.5313926236871337,1,astro3,cxta
0.48452949222519137,1,astro3,cxta
0.48650007482331264,0,astro3,cxta
0.4480607056347226,0,astro3,cxta
0.46731776867483665,0,astro3,cxta
0.4558127996479889,0,astro3,cxta
0.482190626587669,0,astro3,cxta
0.4866660637747463,0,astro3,cxta
0.4621865906058475,0,astro3,cxta
0.49158175865565185,0,astro3,cxta
0.5184120822571635,0,astro3,cxta
0.4609808560797696,0,astro3,cxta
0.4896728064084392,0,astro3,cxta
0.501562410080255,0,astro3,cxta
0.4968121648014334,0,astro3,cxta
0.48986885438254457,0,astro3,cxta
0.49158707576708116,0,astro3,cxta
0.4772560130730736,0,astro3,cxta
0.456307436747261,0,astro3,cxta
0.46272962677772284,0,astro3,cxta
0.46457616573980265,0,astro3,cxta
0.4411433167684433,0,astro3,cxta
0.43607044321636873,0,astro3,cxta
0.4652451107749964,0,astro3,cxta
0.45643879839586027,0,astro3,cxta
0.43817060041173406,0,astro3,cxta
0.4608938845804649,0,astro3,cxta
0.46422848909227954,0,astro3,cxta
0.47222808115731374,0,astro3,cxta
0.4915119724602024,0,astro3,cxta
0.43972951085296463,0,astro3,cxta
0.4070143493900157,0,astro3,cxta
0.4699707818639566,0,astro3,cxta
0.46718130058020557,0,astro3,cxta
0.45636031576081243,0,astro3,cxta
0.47933041589013264,0,astro3,cxta
0.47729812327173016,0,astro3,cxta
0.48183918523546354,0,astro3,cxta
0.492364952597765,0,astro3,cxta
0.47778881637079684,0,astro3,cxta
0.4908806649819272,0,astro3,cxta
0.487237587036931,0,astro3,cxta
0.5033582928801089,0,astro3,cxta
0.48996514385441076,0,astro3,cxta
0.475137206485124,0,astro3,cxta
0.4767388737529126,0,astro3,cxta
0.48203051257277907,0,astro3,cxta
0.4872409458370271,0,astro3,cxta
0.47635504423446196,0,astro3,cxta
0.453411269359696,0,astro3,cxta
0.4334971108593258,0,astro3,cxta
0.4041435155937025,0,astro3,cxta
0.42263639320051904,0,astro3,cxta
0.46785311825820114,0,astro3,cxta
0.45525607842287913,0,astro3,cxta
0.45928716632122535,0,astro3,cxta
0.43437433151696453,0,astro3,cxta
0.4576523777663361,0,astro3,cxta
0.4616496347982385,0,astro3,cxta
0.45207364655452414,0,astro3,cxta
0.4492088766371842,0,astro3,cxta
0.48628587523399697,0,astro3,cxta
0.44752812335323244,0,astro3,cxta
0.4189241090524232,0,astro3,cxta
0.42216126928979225,0,astro3,cxta
0.436516969487446,0,astro3,cxta
0.4329953739103796,0,astro3,cxta
0.46554179159601766,0,astro3,cxta
0.47414397633329064,0,astro3,cxta
0.490814348446178,0,astro3,cxta
0.48711229613326607,0,astro3,cxta
0.5153073866521166,0,astro3,cxta
0.5188688960390238,0,astro3,cxta
0.5061344393767925,0,astro3,cxta
0.4819908146503503,0,astro3,cxta
0.4897255133697061,0,astro3,cxta
0.49944017676642305,0,astro3,cxta
0.5101659206299503,0,astro3,cxta
0.535064082305961,0,astro3,cxta
0.48997883602685643,0,astro3,cxta
0.5295652619303168,0,astro3,cxta
0.5128418016494841,0,astro3,cxta
0.5100524231894311,0,astro3,cxta
0.536915164489344,0,astro3,cxta
0.5386625975770507,0,astro3,cxta
0.5267718230129871,0,astro3,cxta
0.5181282878633575,0,astro3,cxta
0.5296839493965049,0,astro3,cxta
0.5200105645184109,0,astro3,cxta
0.49064020294782745,0,astro3,cxta
0.5123935146484069,0,astro3,cxta
0.5177325876191592,0,astro3,cxta
0.500120916254644,0,astro3,cxta
0.5605245742094767,0,astro3,cxta
0.5273084352251318,0,astro3,cxta
0.49746907704448323,0,astro3,cxta
0.4960977106321103,0,astro3,cxta
0.5085465118337916,0,astro3,cxta
0.543803230253805,0,astro3,cxta
0.5344466212190117,0,astro3,cxta
0.523113708690844,0,astro3,cxta
0.5184634291170006,0,astro3,cxta
0.5002881272347852,0,astro3,cxta
0.5263839264219436,0,astro3,cxta
0.5064658220514526,0,astro3,cxta
0.5384359801082657,0,astro3,cxta
0.5457815871263856,0,astro3,cxta
0.5462186222319209,0,astro3,cxta
0.5413183665083934,0,astro3,cxta
0.5574748173899226,0,astro3,cxta
0.5374039076994267,0,astro3,cxta
0.503882348286572,0,astro3,cxta
0.5391920034997495,0,astro3,cxta
0.5529881770705461,0,astro3,cxta
0.5470563751082655,0,astro3,cxta
0.5481821510761039,0,astro3,cxta
0.5168292636974448,0,astro3,cxta
0.5341250822175354,1,astro3,cxta
0.5332422293737403,1,astro3,cxta
0.5667818959043502,1,astro3,cxta
0.5582021751083729,1,astro3,cxta
0.5419290524745736,1,astro3,cxta
0.5382846496764961,1,astro3,cxta
0.5641638402880231,1,astro3,cxta
0.5482297787745967,1,astro3,cxta
0.5872658685125559,1,astro3,cxta
0.6079650284875864,1,astro3,cxta
0.6049035642632229,1,astro3,cxta
0.5432970813497864,1,astro3,cxta
0.5885770762198672,1,astro3,cxta
0.5639214659118307,1,astro3,cxta
0.5876419638626897,1,astro3,cxta
0.5815489115027892,0,astro3,cxta
0.5730300669125815,0,astro3,cxta
0.5598649921984923,0,astro3,cxta
0.553744537204455,0,astro3,cxta
0.5668161147547791,0,astro3,cxta
0.5645112115047703,0,astro3,cxta
0.5672592055782141,0,astro3,cxta
0.5601577402118355,0,astro3,cxta
0.5548494755704738,0,astro3,cxta
0.525595309590103,0,astro3,cxta
0.5252921358132503,0,astro3,cxta
0.5334027358999088,0,astro3,cxta
0.5276836498287509,0,astro3,cxta
0.5580158836684347,0,astro3,cxta
0.5447659772958174,0,astro3,cxta
0.5345126802861105,0,astro3,cxta
0.55304908946164,0,astro3,cxta
0.5143053429475516,0,astro3,cxta
0.5015713587835147,0,astro3,cxta
0.5159755418612448,0,astro3,cxta
0.5116175888193306,0,astro3,cxta
0.5330271659798781,0,astro3,cxta
0.4828238763202798,0,astro3,cxta
0.46329424117451523,0,astro3,cxta
0.5195697122991378,0,astro3,cxta
0.5221969012771595,0,astro3,cxta
0.47470557293908544,0,astro3,cxta
0.49321779024000395,0,astro3,cxta
0.4775044718039832,0,astro3,cxta
0.48547636354923035,1,astro3,cxta
0.4954019523314524,1,astro3,cxta
0.5018879173819065,1,astro3,cxta
0.48603776445570324,1,astro3,cxta
0.4918440997252423,1,astro3,cxta
0.503342127947171,1,astro3,cxta
0.5297879680178443,1,astro3,cxta
0.528317421954955,1,astro3,cxta
0.5530138131293089,1,astro3,cxta
0.5002860413559428,1,astro3,cxta
0.5175957152134393,1,astro3,cxta
0.5141704583395688,1,astro3,cxta
0.5109197862879916,1,astro3,cxta
0.5363707607303528,1,astro3,cxta
0.5777053896026256,1,astro3,cxta
0.5572591661879094,1,astro3,cxta
0.5142728024592284,1,astro3,cxta
0.4994565392942895,1,astro3,cxta
0.49512556948540937,1,astro3,cxta
0.5194044289817333,1,astro3,cxta
0.5494504123334973,0,astro3,cxta
0.527303695173185,0,astro3,cxta
0.5397595370906231,0,astro3,cxta
0.5471125547289415,0,astro3,cxta
0.5415049869014009,0,astro3,cxta
0.534407731605775,0,astro3,cxta
0.516566691435842,1,astro3,cxta
0.5420274173000942,1,astro3,cxta
0.5644866514588469,1,astro3,cxta
0.5378653998993745,1,astro3,cxta
0.5498828323799893,1,astro3,cxta
0.5282656188075753,1,astro3,cxta
0.5090116140262797,1,astro3,cxta
0.5115893273432027,1,astro3,cxta
0.5503438721079403,1,astro3,cxta
0.5525483613556055,1,astro3,cxta
0.5388974233478666,1,astro3,cxta
0.5266379715830243,1,astro3,cxta
0.5330458136356976,1,astro3,cxta
0.5063709634653997,1,astro3,cxta
0.48894811395786303,1,astro3,cxta
0.4863246713419211,1,astro3,cxta
0.500230574528342,1,astro3,cxta
0.49863928435691796,1,astro3,cxta
0.48671130182386335,1,astro3,cxta
0.5102775548896804,1,astro3,cxta
0.51726547071086,1,astro3,cxta
0.5073763437712238,1,astro3,cxta
0.474548653998923,1,astro3,cxta
0.4829299363799117,1,astro3,cxta
0.4565458081483272,1,astro3,cxta
0.48293292997884135,1,astro3,cxta
0.5165606096837259,1,astro3,cxta
0.5072620351936842,1,astro3,cxta
0.4779506113888999,1,astro3,cxta
0.5296251838221704,1,astro3,cxta
0.5233899751864199,1,astro3,cxta
0.4697752671534768,1,astro3,cxta
0.46731237338095105,1,astro3,cxta
0.48146492935252805,1,astro3,cxta
0.4864463894088563,0,astro3,cxta
0.49534683987578376,0,astro3,cxta
0.47843008787086067,0,astro3,cxta
0.48602910835957785,0,astro3,cxta
0.4999194684556923,0,astro3,cxta
0.5030457390517705,0,astro3,cxta
0.521500629677975,0,astro3,cxta
0.512867326459421,0,astro3,cxta
0.5178195472274448,0,astro3,cxta
0.485314735071153,0,astro3,cxta
0.5111240727549095,1,astro3,cxta
0.48103248601184806,1,astro3,cxta
0.4921745457974439,1,astro3,cxta
0.48708463533094565,1,astro3,cxta
0.44611606599241843,1,astro3,cxta
0.47915683415400456,1,astro3,cxta
0.4782946529236933,1,astro3,cxta
0.45451670490885404,1,astro3,cxta
0.4652119901132232,1,astro3,cxta
0.4597294002322444,1,astro3,cxta
0.474540824973593,1,astro3,cxta
0.45172009416313064,1,astro3,cxta
0.4650755573172552,1,astro3,cxta
0.4752105922569207,1,astro3,cxta
0.44623199177988077,1,astro3,cxta
0.4658104285629391,1,astro3,cxta
0.45473281179236485,1,astro3,cxta
0.44498826888254456,1,astro3,cxta
0.4390377975338239,1,astro3,cxta
0.43072513743658436,1,astro3,cxta
0.4744770769974627,1,astro3,cxta
0.4830195268414684,1,astro3,cxta
0.4824972075097929,1,astro3,cxta
0.4730239223296143,1,astro3,cxta
0.47023606729397754,1,astro3,cxta
0.500161646564815,1,astro3,cxta
0.485350000776126,1,astro3,cxta
0.483613640788162,1,astro3,cxta
0.4968017298169468,1,astro3,cxta
0.4572375458323798,1,astro3,cxta
0.4704025325868786,1,astro3,cxta
0.4584909725242647,1,astro3,cxta
0.4611059855325808,1,astro3,cxta
0.4519692570867613,1,astro3,cxta
0.4584128191895564,1,astro3,cxta
0.4590936326077631,1,astro3,cxta
0.451617408993757,1,astro3,cxta
0.42773398782013367,1,astro3,cxta
0.448675263406426,1,astro3,cxta
0.49163690849599734,1,astro3,cxta
0.4775498982630062,1,astro3,cxta
0.4838115510197506,1,astro3,cxta
0.48460490617292457,1,astro3,cxta
0.44497002740258584,1,astro3,cxta
0.4378071300292744,0,astro3,cxta
0.4667434128082528,0,astro3,cxta
0.48670939927280954,0,astro3,cxta
0.4751457248788498,0,astro3,cxta
0.47566088486159613,0,astro3,cxta
0.4767276290918899,0,astro3,cxta
0.4541686264648519,0,astro3,cxta
0.4699173026681498,0,astro3,cxta
0.44186465478793896,0,astro3,cxta
0.4489987409949641,0,astro3,cxta
0.4388048322671275,0,astro3,cxta
0.46107951141343334,0,astro3,cxta
0.49140614327435117,0,astro3,cxta
0.49019369164468823,0,astro3,cxta
0.4230605852779716,0,astro3,cxta
0.44003094085272504,0,astro3,cxta
0.4541206282486972,0,astro3,cxta
0.46538349987071376,0,astro3,cxta
0.44220852085452006,0,astro3,cxta
0.450396754864952,0,astro3,cxta
0.4375982537854703,0,astro3,cxta
0.46589504532175435,0,astro3,cxta
0.5133347158084339,0,astro3,cxta
0.5005882696177877,0,astro3,cxta
0.49331649441537606,0,astro3,cxta
0.483110374972203,0,astro3,cxta
0.4949906125544608,0,astro3,cxta
0.5006496773912302,0,astro3,cxta
0.4864193218293567,0,astro3,cxta
0.5169555227196201,0,astro3,cxta
0.50199747981996,0,astro3,cxta
0.46840962216120613,0,astro3,cxta
0.47222389061109327,0,astro3,cxta
0.49487475410691595,0,astro3,cxta
0.4941971658183727,0,astro3,cxta
0.5059872341206356,0,astro3,cxta
0.4980373078023715,0,astro3,cxta
0.49391334001757164,0,astro3,cxta
0.4912868285742898,0,astro3,cxta
0.49258562980511145,0,astro3,cxta
0.4857168241048838,0,astro3,cxta
0.537914054196278,0,astro3,cxta
0.4979117034684546,0,astro3,cxta
0.5294941098535465,0,astro3,cxta
0.5006992508044957,0,astro3,cxta
0.518190874067439,0,astro3,cxta
0.5053816091541915,0,astro3,cxta
0.5213307805219913,0,astro3,cxta
0.5456151376212441,0,astro3,cxta
0.5331822538462743,0,astro3,cxta
0.5507364747946759,0,astro3,cxta
0.5380641402173469,0,astro3,cxta
0.5469825547445775,0,astro3,cxta
0.505956413887025,0,astro3,cxta
0.5597309975941627,0,astro3,cxta
0.5458118561079349,0,astro3,cxta
0.5633767865259888,0,astro3,cxta
0.5769432924919933,0,astro3,cxta
0.5770212677907544,0,astro3,cxta
0.6082522591358678,0,astro3,cxta
0.5618246243358205,0,astro3,cxta
0.5630658881356072,0,astro3,cxta
0.5970211639713278,0,astro3,cxta
0.5651007715698326,1,astro3,cxta
0.6108085346083217,1,astro3,cxta
0.5995479851279811,1,astro3,cxta
0.5810972405222533,1,astro3,cxta
0.59824746321363,1,astro3,cxta
0.603420209518462,1,astro3,cxta
0.6149808832539727,1,astro3,cxta
0.5950537822870875,1,astro3,cxta
0.568761862056038,1,astro3,cxta
0.6400683954705733,1,astro3,cxta
0.6004900991499803,1,astro3,cxta
0.563309817476642,1,astro3,cxta
0.5420642005980438,1,astro3,cxta
0.5583361208013239,1,astro3,cxta
0.5916702177172679,1,astro3,cxta
0.5896199850620062,1,astro3,cxta
0.5827784553272323,1,astro3,cxta
0.6111788879569846,1,astro3,cxta
0.6097473764493232,1,astro3,cxta
0.5853053605550865,1,astro3,cxta
0.5480898501495728,1,astro3,cxta
0.5587740514615975,1,astro3,cxta
0.5874154725179499,0,astro3,cxta
0.5468041463902938,0,astro3,cxta
0.557763397608114,0,astro3,cxta
0.5438058657101477,0,astro3,cxta
0.6014011352565065,0,astro3,cxta
0.574085086185775,0,astro3,cxta
0.5802632917190846,0,astro3,cxta
0.5488866566484316,0,astro3,cxta
0.5656834901774568,0,astro3,cxta
0.5811080778722164,0,astro3,cxta
0.5927534031289055,0,astro3,cxta
0.5563450637477355,0,astro3,cxta
0.5712624172022216,0,astro3,cxta
0.5821755586383901,0,astro3,cxta
0.5764915512366076,0,astro3,cxta
0.5671221936863882,0,astro3,cxta
0.562595995647102,0,astro3,cxta
0.5648641143839938,0,astro3,cxta
0.5775058915203328,0,astro3,cxta
0.5592580440440946,0,astro3,cxta
0.55668258682608,0,astro3,cxta
0.5598072266362356,0,astro3,cxta
0.5432350201203417,0,astro3,cxta
0.5369587141767381,0,astro3,cxta
0.5404293015066901,0,astro3,cxta
0.5341316621363233,0,astro3,cxta
0.5564914881900798,0,astro3,cxta
0.5528716649307368,0,astro3,cxta
0.5130573506601819,0,astro3,cxta
0.5070557630066578,0,astro3,cxta
0.5533377074644417,0,astro3,cxta
0.5345127503885394,0,astro3,cxta
0.5148477090662252,0,astro3,cxta
0.5230898277937325,0,astro3,cxta
0.5363691423547888,0,astro3,cxta
0.5582838667824477,0,astro3,cxta
0.5318265985733379,0,astro3,cxta
0.5728268981014931,0,astro3,cxta
0.5292113518637378,0,astro3,cxta
0.5623428373160843,0,astro3,cxta
0.5399759334423941,0,astro3,cxta
0.5379096132588818,0,astro3,cxta
0.5383377079229081,0,astro3,cxta
0.5574880493615652,0,astro3,cxta
0.5156686162349371,0,astro3,cxta
0.5179799068619079,0,astro3,cxta
0.5422374978722009,0,astro3,cxta
0.5315413185224453,0,astro3,cxta
0.5485903120997511,0,astro3,cxta
0.5252949816092561,0,astro3,cxta
0.5442162274501049,0,astro3,cxta
0.5493300645004963,0,astro3,cxta
0.5321163268000034,0,astro3,cxta
0.5159309206143489,0,astro3,cxta
0.5409169140663123,0,astro3,cxta
0.5122236849229191,0,astro3,cxta
0.5418549163599783,0,astro3,cxta
0.5607442080043008,0,astro3,cxta
0.5270063601845598,0,astro3,cxta
0.5440377761739488,0,astro3,cxta
0.5547271101799824,0,astro3,cxta
0.5370655895805139,0,astro3,cxta
0.4866104061925184,0,astro3,cxta
0.5124770710056279,0,astro3,cxta
0.5235820819986535,0,astro3,cxta
0.5449751667855859,0,astro3,cxta
0.5665531553800647,0,astro3,cxta
0.5495178123400661,0,astro3,cxta
0.539654965219577,0,astro3,cxta
0.5304361324906125,0,astro3,cxta
0.5121785950806228,0,astro3,cxta
0.5474145922348365,0,astro3,cxta
0.5201439807478059,0,astro3,cxta
0.5582865202959715,0,astro3,cxta
0.5607319517510415,0,astro3,cxta
0.5456280382190951,0,astro3,cxta
0.5455809098039952,0,astro3,cxta
0.5245907832902995,0,astro3,cxta
0.5346801591346722,0,astro3,cxta
0.541219571779748,0,astro3,cxta
0.5172140964039924,0,astro3,cxta
0.5196406041104732,0,astro3,cxta
0.5454231844279259,0,astro3,cxta
0.568941583183113,0,astro3,cxta
0.5349063780684233,1,astro3,cxta
0.5548369145103116,1,astro3,cxta
0.5936032570475852,1,astro3,cxta
0.5953550311009531,1,astro3,cxta
0.5601667050782057,1,astro3,cxta
0.5857262947866312,1,astro3,cxta
0.6123275646753076,1,astro3,cxta
0.5800631923980646,1,astro3,cxta
0.5673007539023321,1,astro3,cxta
0.5647747602999665,1,astro3,cxta
0.5554047267622525,1,astro3,cxta
0.5697860341318063,1,astro3,cxta
0.5705217220216836,1,astro3,cxta
0.5587455905395923,1,astro3,cxta
0.5910303672241932,1,astro3,cxta
0.5865595973757088,1,astro3,cxta
0.577342516846198,1,astro3,cxta
0.5971740696120973,1,astro3,cxta
0.59519404310263,1,astro3,cxta
0.5975838776924854,1,astro3,cxta
0.5638969907483867,1,astro3,cxta
0.5569046121643297,1,astro3,cxta
0.5656403602930484,1,astro3,cxta
0.5798501224898394,1,astro3,cxta
0.5414962840336119,0,astro3,cxta
0.5729358298258865,0,astro3,cxta
0.5450493658941274,0,astro3,cxta
0.5136011059934169,0,astro3,cxta
0.5088288782307314,0,astro3,cxta
0.5285765831019893,0,astro3,cxta
0.5241338860197995,0,astro3,cxta
0.5188723648113547,0,astro3,cxta
0.5045436193123166,0,astro3,cxta
0.48841177756970794,0,astro3,cxta
0.5405633806268438,0,astro3,cxta
0.5250745457110252,0,astro3,cxta
0.5263704262448149,0,astro3,cxta
0.5108164631717818,0,astro3,cxta
0.48364416437572716,0,astro3,cxta
0.5196986576092958,0,astro3,cxta
0.5032339444524182,0,astro3,cxta
0.4961251812768639,0,astro3,cxta
0.49889803405630545,0,astro3,cxta
0.5283688869706262,0,astro3,cxta
0.5388129294257364,0,astro3,cxta
0.468438058400526,0,astro3,cxta
0.46556418622134943,0,astro3,cxta
0.501004658609799,0,astro3,cxta
0.49568642110246813,1,astro3,cxta
0.49677274308606584,1,astro3,cxta
0.47875759888572295,1,astro3,cxta
0.47919429902314603,1,astro3,cxta
0.5266862016442013,1,astro3,cxta
0.4832034024771505,1,astro3,cxta
0.49331891689310503,1,astro3,cxta
0.483749493624425,1,astro3,cxta
0.5084762449814756,1,astro3,cxta
0.4859318090032954,1,astro3,cxta
0.4890927121489575,1,astro3,cxta
0.5194408618506755,1,astro3,cxta
0.5019283386436639,1,astro3,cxta
0.5164445040639749,1,astro3,cxta
0.514745384043772,1,astro3,cxta
0.5111972394494477,1,astro3,cxta
0.5166950034312875,1,astro3,cxta
0.5202134271348863,1,astro3,cxta
0.5479381775885164,1,astro3,cxta
0.5331638955886238,1,astro3,cxta
0.5392847158780243,1,astro3,cxta
0.580648966012514,1,astro3,cxta
0.531739863602674,1,astro3,cxta
0.5392247361132663,1,astro3,cxta
0.5060473761315227,1,astro3,cxta
0.5168877004601106,0,astro3,cxta
0.5090460833873118,0,astro3,cxta
0.5209859715242711,0,astro3,cxta
0.5353327015354153,0,astro3,cxta
0.5341231966661663,0,astro3,cxta
0.5233189066078641,0,astro3,cxta
0.503534467300694,0,astro3,cxta
0.5312290873635158,0,astro3,cxta
0.5190507763371588,0,astro3,cxta
0.5078010308514685,0,astro3,cxta
0.4327670109810873,0,astro3,cxta
0.4967227113545056,0,astro3,cxta
0.5154082128509686,0,astro3,cxta
0.5606883384771352,0,astro3,cxta
0.5230786947768453,0,astro3,cxta
0.5302944228492977,0,astro3,cxta
0.47419206884138637,0,astro3,cxta
0.474943558072169,0,astro3,cxta
0.48666880466786855,0,astro3,cxta
0.4861272748202414,0,astro3,cxta
0.4909276303424801,0,astro3,cxta
0.4972262381878758,0,astro3,cxta
0.5114689585339341,0,astro3,cxta
0.5127767524177247,0,astro3,cxta
0.5263209656930841,0,astro3,cxta
0.5187407348064924,0,astro3,cxta
0.5242471701225294,0,astro3,cxta
0.5302370603874689,0,astro3,cxta
0.5538028609530352,0,astro3,cxta
0.5515337901466225,0,astro3,cxta
0.5375904385002672,0,astro3,cxta
0.5494667702719505,0,astro3,cxta
0.5705605180559643,0,astro3,cxta
0.5522227521706405,0,astro3,cxta
0.5417760636120503,0,astro3,cxta
0.5595429261901935,0,astro3,cxta
0.5354458764388063,0,astro3,cxta
0.5452243283408977,0,astro3,cxta
0.5263942819277606,0,astro3,cxta
0.5020698486801692,0,astro3,cxta
0.5171294119843997,0,astro3,cxta
0.5505562160771104,0,astro3,cxta
0.5238998756236736,0,astro3,cxta
0.548253174484399,0,astro3,cxta
0.5530079914813807,0,astro3,cxta
0.5168499824923573,0,astro3,cxta
0.5468952139334748,0,astro3,cxta
0.5736323984312057,0,astro3,cxta
0.5879845823915407,0,astro3,cxta
0.6074276181043973,0,astro3,cxta
0.5843557480376426,0,astro3,cxta
0.6048828121401525,0,astro3,cxta
0.6195959087007323,0,astro3,cxta
0.6464975184154558,0,astro3,cxta
0.6456002461212825,0,astro3,cxta
0.6687784590833336,0,astro3,cxta
0.6820344268544482,0,astro3,cxta
0.6484702671455889,0,astro3,cxta
0.6527406600319993,0,astro3,cxta
0.6371714063345305,0,astro3,cxta
0.6751421255676103,0,astro3,cxta
0.7074218927918259,0,astro3,cxta
0.7597245009798854,0,astro3,cxta
0.7978445279500052,0,astro3,cxta
0.787379902582486,0,astro3,cxta
0.8274197126603452,0,astro3,cxta
0.8313863964581611,0,astro3,cxta
0.8655711574926009,0,astro3,cxta
0.8658281797556546,0,astro3,cxta
0.8940423875828689,0,astro3,cxta
0.9323471605620938,0,astro3,cxta
0.9115328850181149,0,astro3,cxta
0.9303720268136706,0,astro3,cxta
0.9401027846022956,0,astro3,cxta
0.9510508071707825,0,astro3,cxta
0.9592763358233505,0,astro3,cxta
1.0121503571038735,0,astro3,cxta
1.0493963174324499,0,astro3,cxta
1.0157565718684705,0,astro3,cxta
1.065394385093491,0,astro3,cxta
1.0843288839929652,0,astro3,cxta
1.087568684120553,0,astro3,cxta
1.0888697413720874,0,astro3,cxta
1.1034158981551552,0,astro3,cxta
1.1211027828379738,0,astro3,cxta
1.1567444712985144,0,astro3,cxta
1.1767219271111362,0,astro3,cxta
1.191979433272633,0,astro3,cxta
1.1937262895226743,0,astro3,cxta
1.2432314943240859,0,astro3,cxta
1.2567037795444205,0,astro3,cxta
1.278576870096298,0,astro3,cxta
1.3003322493744411,0,astro3,cxta
1.3002238089852554,0,astro3,cxta
1.2890978165478026,0,astro3,cxta
1.3230513983316496,0,astro3,cxta
1.3694382446389604,0,astro3,cxta
1.3911588369852723,0,astro3,cxta
1.401506884809292,0,astro3,cxta
1.379011936501937,0,astro3,cxta
1.4000142273718634,0,astro3,cxta
1.3856720123964237,0,astro3,cxta
1.4238110122068053,0,astro3,cxta
1.4254958306818502,0,astro3,cxta
1.4370378476603163,0,astro3,cxta
1.4330686749632993,0,astro3,cxta
1.4322639932242762,0,astro3,cxta
1.437890926796144,0,astro3,cxta
1.4763255116330716,0,astro3,cxta
1.4507289763472708,0,astro3,cxta
1.458306718473576,0,astro3,cxta
1.4594867701114436,0,astro3,cxta
1.4254767193944784,0,astro3,cxta
1.4323212592441998,0,astro3,cxta
1.4388601861644132,0,astro3,cxta
1.431752701633554,0,astro3,cxta
1.415573765208699,0,astro3,cxta
1.3772883151670632,0,astro3,cxta
1.4062482498406161,0,astro3,cxta
1.394452009377323,0,astro3,cxta
1.3991051417783522,0,astro3,cxta
1.4187311502913906,0,astro3,cxta
1.4092986821497433,0,astro3,cxta
1.401314035784975,0,astro3,cxta
1.4053630606490222,0,astro3,cxta
1.3685630236389361,0,astro3,cxta
1.362894636306238,0,astro3,cxta
1.3463236270318355,0,astro3,cxta
1.329382918154264,0,astro3,cxta
1.3242454619648358,0,astro3,cxta
1.284739171996773,0,astro3,cxta
1.2733347179739638,0,astro3,cxta
1.3050188918397965,0,astro3,cxta
1.3444652424671524,0,astro3,cxta
1.3537728743197779,0,astro3,cxta
1.3561189373260385,0,astro3,cxta
1.370913859795933,0,astro3,cxta
1.3389679941864618,0,astro3,cxta
1.3536206841734937,0,astro3,cxta
1.3669520866615168,0,astro3,cxta
1.3556860677707245,0,astro3,cxta
1.3730487606049764,0,astro3,cxta
1.370722720011654,0,astro3,cxta
1.3674692655411196,0,astro3,cxta
1.380400158179444,0,astro3,cxta
1.402755004310199,0,astro3,cxta
1.4078117647017159,0,astro3,cxta
1.380663475902439,0,astro3,cxta
1.390365519041242,0,astro3,cxta
1.3746502534875797,0,astro3,cxta
1.3890687379007038,0,astro3,cxta
1.4069115351462862,0,astro3,cxta
1.4200495194244083,0,astro3,cxta
1.4253269559940334,0,astro3,cxta
1.4457837256516208,0,astro3,cxta
1.4639182407553237,0,astro3,cxta
1.4451854145925558,0,astro3,cxta
1.4361567471873717,0,astro3,cxta
1.4726566412406727,0,astro3,cxta
1.4427951041095295,0,astro3,cxta
1.456134844224965,0,astro3,cxta
1.4753672094381276,0,astro3,cxta
1.4754137877023235,0,astro3,cxta
1.464827478047791,0,astro3,cxta
1.426980212541253,0,astro3,cxta
1.4246011275543742,0,astro3,cxta
1.4517806807899254,0,astro3,cxta
1.4099614755514578,0,astro3,cxta
1.417575296669155,0,astro3,cxta
1.365279971724273,0,astro3,cxta
1.386172600858322,0,astro3,cxta
1.344625211034153,0,astro3,cxta
1.3241267803161194,0,astro3,cxta
1.3187521406379814,0,astro3,cxta
1.2869714366406355,0,astro3,cxta
1.2888548000837423,0,astro3,cxta
1.2905477830321102,0,astro3,cxta
1.2833717211980662,0,astro3,cxta
1.2753054398339883,0,astro3,cxta
1.2806991551547109,0,astro3,cxta
1.3102890629321655,0,astro3,cxta
1.2725650770622825,0,astro3,cxta
1.2926173373293932,0,astro3,cxta
1.2661737200636949,0,astro3,cxta
1.252655509968451,0,astro3,cxta
1.264990715083373,0,astro3,cxta
1.2398901044364825,0,astro3,cxta
1.228596596244391,0,astro3,cxta
1.1696067524815692,0,astro3,cxta
1.1565860159916794,0,astro3,cxta
1.1679054510225353,0,astro3,cxta
1.1692380446585535,0,astro3,cxta
1.1794965275971199,0,astro3,cxta
1.1175495151083976,0,astro3,cxta
1.1462291567134093,0,astro3,cxta
1.119744606090585,0,astro3,cxta
1.0895405964569616,0,astro3,cxta
1.0766448772565231,0,astro3,cxta
1.0378831426684751,0,astro3,cxta
1.025369752598231,0,astro3,cxta
0.9879872352255072,0,astro3,cxta
0.9749457479477953,0,astro3,cxta
0.9336945068850987,0,astro3,cxta
0.9344047491040007,0,astro3,cxta
0.9485036668132878,0,astro3,cxta
0.947311560737748,0,astro3,cxta
0.894403578847276,0,astro3,cxta
0.8841022788556013,0,astro3,cxta
0.8792785106650642,0,astro3,cxta
0.8488668023429226,0,astro3,cxta
0.8456516479276206,0,astro3,cxta
0.838812493638123,0,astro3,cxta
0.8118886727700204,0,astro3,cxta
0.7941115405814054,0,astro3,cxta
0.8071468403255663,0,astro3,cxta
0.7756968424125744,0,astro3,cxta
0.7425180323614406,0,astro3,cxta
0.7158163630038308,0,astro3,cxta
0.7008874585572911,0,astro3,cxta
0.688635897334014,0,astro3,cxta
0.7019485565147007,0,astro3,cxta
0.7389896271277449,0,astro3,cxta
0.7141946714527312,0,astro3,cxta
0.6892686759477461,0,astro3,cxta
0.690803742751154,0,astro3,cxta
0.6302467208440258,0,astro3,cxta
0.6315348697303268,0,astro3,cxta
0.6486334212018698,0,astro3,cxta
0.6525475701555941,0,astro3,cxta
0.6039514215721788,0,astro3,cxta
0.6153129829624255,0,astro3,cxta
0.6088095556353109,0,astro3,cxta
0.6082028391693015,0,astro3,cxta
0.6238538210670478,0,astro3,cxta
0.6173320357137263,0,astro3,cxta
0.5998544936389526,0,astro3,cxta
0.5913893746606363,0,astro3,cxta
0.6062588203833115,0,astro3,cxta
0.5946219491932291,0,astro3,cxta
0.5828336529385888,0,astro3,cxta
0.5995810946505442,0,astro3,cxta
0.5895565943095374,1,astro3,cxta
0.5887514431797993,1,astro3,cxta
0.5759690053713387,1,astro3,cxta
0.6148938435481284,1,astro3,cxta
0.5938884219329053,1,astro3,cxta
0.5964579182396965,1,astro3,cxta
0.5739043312540454,1,astro3,cxta
0.5605235213982487,1,astro3,cxta
0.5685204771150988,1,astro3,cxta
0.5304578427112326,1,astro3,cxta
0.5460708933885864,1,astro3,cxta
0.5458712447563515,1,astro3,cxta
0.5314967849405364,1,astro3,cxta
0.5420449022322414,1,astro3,cxta
0.5550214272919358,1,astro3,cxta
0.5508102063275045,1,astro3,cxta
0.48981664963678306,1,astro3,cxta
0.5196474306985046,1,astro3,cxta
0.5240180292557812,1,astro3,cxta
0.5308105788352815,1,astro3,cxta
0.5196995778845614,1,astro3,cxta
0.5096363062297354,1,astro3,cxta
0.4917326547497147,1,astro3,cxta
0.4992782007825099,1,astro3,cxta
0.5237540528334585,1,astro3,cxta
0.5334577828087556,1,astro3,cxta
0.5173931798763761,1,astro3,cxta
0.5219884896349398,1,astro3,cxta
0.491398274133216,1,astro3,cxta
0.48627556807946143,1,astro3,cxta
0.5031132745511303,1,astro3,cxta
0.5034899731210457,1,astro3,cxta
0.5341525315208946,1,astro3,cxta
0.516628039569233,1,astro3,cxta
0.4840241993504784,1,astro3,cxta
0.5085165616968614,1,astro3,cxta
0.5215145137205375,1,astro3,cxta
0.5168562935850194,1,astro3,cxta
0.520897527215776,0,astro3,cxta
0.5108883163990983,0,astro3,cxta
0.4929450254771298,0,astro3,cxta
0.4658890253097819,0,astro3,cxta
0.4909551821342008,0,astro3,cxta
0.4767534829653748,0,astro3,cxta
0.46125498105538326,0,astro3,cxta
0.45369509252953966,0,astro3,cxta
0.49926638912753973,0,astro3,cxta
0.5014886094316823,0,astro3,cxta
0.4922552055011943,0,astro3,cxta
0.4606133493774919,0,astro3,cxta
0.4359079354275956,0,astro3,cxta
0.4584693326164014,0,astro3,cxta
0.46510741962555696,0,astro3,cxta
0.4656555784202621,0,astro3,cxta
0.47758416927906244,0,astro3,cxta
0.4815786235852301,0,astro3,cxta
0.4533293090410194,1,astro3,cxta
0.4640253678037813,1,astro3,cxta
0.46364994744997395,1,astro3,cxta
0.4541617038654859,1,astro3,cxta
0.46446489034596083,1,astro3,cxta
0.48638512534890804,1,astro3,cxta
0.4535417958110071,1,astro3,cxta
0.4688446067379182,1,astro3,cxta
0.4375466520287268,1,astro3,cxta
0.43420839532085415,1,astro3,cxta
0.451755959330553,1,astro3,cxta
0.46130793514929236,1,astro3,cxta
0.4686693185232927,1,astro3,cxta
0.43544984499941874,1,astro3,cxta
0.4463400260729651,1,astro3,cxta
0.45094322057716635,1,astro3,cxta
0.446256758470743,1,astro3,cxta
0.4755174162139536,1,astro3,cxta
0.47184524226283414,1,astro3,cxta
0.4722224522639894,1,astro3,cxta
0.4945450478212874,1,astro3,cxta
0.4878610151644997,1,astro3,cxta
0.4429763775304222,1,astro3,cxta
0.45532992808582784,1,astro3,cxta
0.4523411525863426,1,astro3,cxta
0.44158440313833364,1,astro3,cxta
0.4683429294891737,1,astro3,cxta
0.46973105494458306,1,astro3,cxta
0.4436563735933131,1,astro3,cxta
0.5047120299371088,1,astro3,cxta
0.48229312466015933,1,astro3,cxta
0.4960588092260835,1,astro3,cxta
0.484024068012888,1,astro3,cxta
0.458894411564131,1,astro3,cxta
0.4556220473522639,1,astro3,cxta
0.4899088480628389,1,astro3,cxta
0.48328088747227593,0,astro3,cxta
0.437222655517693,0,astro3,cxta
0.42514812198495705,0,astro3,cxta
0.4512481839038693,0,astro3,cxta
0.4997817387587999,0,astro3,cxta
0.4744875590312241,0,astro3,cxta
0.4525750322556204,0,astro3,cxta
0.44569844212301485,0,astro3,cxta
0.43918621871664176,0,astro3,cxta
0.4446158876393145,0,astro3,cxta
0.4437719041258182,0,astro3,cxta
0.42739121604403174,0,astro3,cxta
0.4614480904667895,0,astro3,cxta
0.4322963057133686,0,astro3,cxta
0.4513374167199108,0,astro3,cxta
0.4440839440826419,0,astro3,cxta
0.44018270754418215,1,astro3,cxta
0.457035638979931,1,astro3,cxta
0.45755822839717747,1,astro3,cxta
0.4833239174205173,1,astro3,cxta
0.4605405330999911,1,astro3,cxta
0.4698430779003935,1,astro3,cxta
0.4595247982613666,1,astro3,cxta
0.43389291362342775,1,astro3,cxta
0.4493963697924006,1,astro3,cxta
0.47968336861812666,1,astro3,cxta
0.4566396161380657,1,astro3,cxta
0.4466428589785691,1,astro3,cxta
0.4508504757964864,1,astro3,cxta
0.474879959136872,1,astro3,cxta
0.4736570467213196,0,astro3,cxta
0.47668995359950284,0,astro3,cxta
0.43618822494825565,0,astro3,cxta
0.47842112634878553,0,astro3,cxta
0.5123403607195391,0,astro3,cxta
0.44631353940565993,0,astro3,cxta
0.45614974642038564,0,astro3,cxta
0.4694612035588551,0,astro3,cxta
0.4522586634444613,0,astro3,cxta
0.47174038029310256,0,astro3,cxta
0.4758845878193533,0,astro3,cxta
0.4855590789146033,0,astro3,cxta
0.4360445659798908,0,astro3,cxta
0.4586589170578764,0,astro3,cxta
0.47378701381341504,0,astro3,cxta
0.49311023215943883,0,astro3,cxta
0.48684417090454835,0,astro3,cxta
0.5013619139628316,0,astro3,cxta
0.4764573229306336,0,astro3,cxta
0.4504839756592375,0,astro3,cxta
0.47044756115549435,0,astro3,cxta
0.47848250453115987,0,astro3,cxta
0.4897455434049666,0,astro3,cxta
0.47110470673728017,0,astro3,cxta
0.47273220021834333,1,astro3,cxta
0.45935148120173275,1,astro3,cxta
0.4981878957291625,1,astro3,cxta
0.5053368958032324,1,astro3,cxta
0.4582686239545242,1,astro3,cxta
0.4775595031387763,1,astro3,cxta
0.46416591022079884,1,astro3,cxta
0.46906630533944266,1,astro3,cxta
0.41699016359232,1,astro3,cxta
0.4146812655089483,1,astro3,cxta
0.4789988681198644,1,astro3,cxta
0.4820672199218833,1,astro3,cxta
0.49051814670208355,1,astro3,cxta
0.47306542374273336,1,astro3,cxta
0.4678025324845934,1,astro3,cxta
0.47648436752513085,1,astro3,cxta
0.47809133754235034,1,astro3,cxta
0.459142848284482,0,astro3,cxta
0.48112533800288276,0,astro3,cxta
0.46409253937077866,0,astro3,cxta
0.46491047518003253,0,astro3,cxta
0.46762818914443444,0,astro3,cxta
0.46988812166250504,0,astro3,cxta
0.4758729226082089,0,astro3,cxta
0.5208532407756411,0,astro3,cxta
0.5124940022646931,0,astro3,cxta
0.45656990338220405,0,astro3,cxta
0.5100056421261013,1,astro3,cxta
0.5248885237352521,1,astro3,cxta
0.48068341867140063,1,astro3,cxta
0.5148819690036491,1,astro3,cxta
0.4786205337348699,1,astro3,cxta
0.47315651215724647,1,astro3,cxta
0.471016007032118,1,astro3,cxta
0.47123700621754006,1,astro3,cxta
0.46869068162057964,1,astro3,cxta
0.47084165601470884,1,astro3,cxta
0.44744319081562806,1,astro3,cxta
0.4318635695209402,1,astro3,cxta
0.45662644688377146,1,astro3,cxta
0.4396872561890061,1,astro3,cxta
0.49443483903812846,1,astro3,cxta
0.5099101882480512,1,astro3,cxta
0.48675220784482376,1,astro3,cxta
0.4710738657280675,1,astro3,cxta
0.4587304306865601,1,astro3,cxta
0.46877662882260823,1,astro3,cxta
0.45279391328719115,0,astro3,cxta
0.4722117124396053,0,astro3,cxta
0.47789777564244745,0,astro3,cxta
0.49645475417884294,0,astro3,cxta
0.4631847743815252,0,astro3,cxta
0.4690700780026886,0,astro3,cxta
0.47222465342633896,0,astro3,cxta
0.4845352494594226,0,astro3,cxta
0.4965505244476817,0,astro3,cxta
0.5195122373277187,0,astro3,cxta
0.5307610796781193,0,astro3,cxta
0.5212133529184871,0,astro3,cxta
0.5336810050321084,0,astro3,cxta
0.5254176028000322,0,astro3,cxta
0.5330426372400558,0,astro3,cxta
0.4878835966247902,0,astro3,cxta
0.503448635416946,0,astro3,cxta
0.4978255925178541,0,astro3,cxta
0.514687411745909,0,astro3,cxta
0.5268047654093528,0,astro3,cxta
0.5384437871991836,0,astro3,cxta
0.5250295925273167,0,astro3,cxta
0.538248386083437,0,astro3,cxta
0.5085923742659294,0,astro3,cxta
0.5146496687123272,0,astro3,cxta
0.5267859143478033,0,astro3,cxta
0.48856365727308826,0,astro3,cxta
0.5018630089040378,0,astro3,cxta
0.502998518590671,0,astro3,cxta
0.5199365403377424,0,astro3,cxta
0.5050638713658839,0,astro3,cxta
0.5454628171367699,0,astro3,cxta
0.5209319212790722,0,astro3,cxta
0.5337280576460419,0,astro3,cxta
0.5406756699204889,0,astro3,cxta
0.5395220501361642,0,astro3,cxta
0.5273910670854581,0,astro3,cxta
0.5326692459825867,0,astro3,cxta
0.5438417738708567,0,astro3,cxta
0.5430798022172074,0,astro3,cxta
0.5298666012276245,0,astro3,cxta
0.5425983972419688,0,astro3,cxta
0.5692980568058067,0,astro3,cxta
0.5747358507725021,0,astro3,cxta
0.5363930982363112,0,astro3,cxta
0.5627962398200451,0,astro3,cxta
0.5597987799539099,0,astro3,cxta
0.5543357055578041,0,astro3,cxta
0.6108242196035958,0,astro3,cxta
0.5689971238242016,0,astro3,cxta
0.6182568976857612,0,astro3,cxta
0.6020508905041898,0,astro3,cxta
0.5886694642734872,0,astro3,cxta
0.6163229057953289,0,astro3,cxta
0.6187168415929748,1,astro3,cxta
0.6266847399438041,1,astro3,cxta
0.606200795572402,1,astro3,cxta
0.5876356693879752,1,astro3,cxta
0.595620123598369,1,astro3,cxta
0.5924951968039832,1,astro3,cxta
0.6023770357482482,1,astro3,cxta
0.6380009388002239,1,astro3,cxta
0.6502331001877258,1,astro3,cxta
0.656371114682434,1,astro3,cxta
0.6576775422930842,1,astro3,cxta
0.6815051315088222,1,astro3,cxta
0.6740855877623634,1,astro3,cxta
0.6420390394944797,1,astro3,cxta
0.6513132785026483,1,astro3,cxta
0.6422810539975888,1,astro3,cxta
0.6280082728020161,0,astro3,cxta
0.6538900290695862,0,astro3,cxta
0.6261472579577823,0,astro3,cxta
0.653260015893242,0,astro3,cxta
0.6268056018273693,0,astro3,cxta
0.6489596849981939,0,astro3,cxta
0.6558151060394679,0,astro3,cxta
0.6325532987587085,0,astro3,cxta
0.628361719011687,0,astro3,cxta
0.6017694462204339,0,astro3,cxta
0.6164517996161316,0,astro3,cxta
0.6454572915599145,0,astro3,cxta
0.5974711300432467,1,astro3,cxta
0.6207276577316493,1,astro3,cxta
0.6368801533695315,1,astro3,cxta
0.650940492711833,1,astro3,cxta
0.6064340218758079,1,astro3,cxta
0.6152103224999288,1,astro3,cxta
0.6183646313752342,1,astro3,cxta
0.5852631219680486,1,astro3,cxta
0.5842937402047939,1,astro3,cxta
0.5788210285891179,1,astro3,cxta
0.5698048278745267,1,astro3,cxta
0.5711237729537965,1,astro3,cxta
0.5794804939034075,1,astro3,cxta
0.5851114001482073,1,astro3,cxta
0.6001106825184368,1,astro3,cxta
0.5727247957296218,1,astro3,cxta
0.5347407995665624,1,astro3,cxta
0.5368109257454403,1,astro3,cxta
0.5636472995481778,1,astro3,cxta
0.5661358995316786,1,astro3,cxta
0.5616352425944187,1,astro3,cxta
0.5522800526203994,1,astro3,cxta
0.5636348103036604,1,astro3,cxta
0.5445543157448673,1,astro3,cxta
0.544715614853575,1,astro3,cxta
0.5889032313970967,1,astro3,cxta
0.6034775776368293,1,astro3,cxta
0.5947223134134028,1,astro3,cxta
0.6076630038857144,0,astro3,cxta
0.5984706900054696,0,astro3,cxta
0.6017550121572466,0,astro3,cxta
0.6189426515269804,0,astro3,cxta
0.6027436604846581,0,astro3,cxta
0.6015186907237409,0,astro3,cxta
0.576232413563317,0,astro3,cxta
0.6070707227105062,0,astro3,cxta
0.6021199508402552,0,astro3,cxta
0.6018051431725657,0,astro3,cxta
0.5861796083497586,0,astro3,cxta
0.561595807438373,0,astro3,cxta
0.5499662879772678,0,astro3,cxta
0.5697573773754637,0,astro3,cxta
0.5615912896490491,0,astro3,cxta
0.5785126778086327,1,astro3,cxta
0.6050965323387038,1,astro3,cxta
0.5947545199648606,1,astro3,cxta
0.5953875439314246,1,astro3,cxta
0.5756016215637495,1,astro3,cxta
0.6178528229803384,1,astro3,cxta
0.5629322578476853,1,astro3,cxta
0.6145295983928956,1,astro3,cxta
0.5719017761614659,1,astro3,cxta
0.5919901962294116,1,astro3,cxta
0.6011139211588624,1,astro3,cxta
0.5844171174697042,1,astro3,cxta
0.6043146230460504,1,astro3,cxta
0.5622850824144978,1,astro3,cxta
0.5525586867836186,1,astro3,cxta
0.5436516278107765,1,astro3,cxta
0.550299308424269,1,astro3,cxta
0.551961430143958,1,astro3,cxta
0.5521951045779196,1,astro3,cxta
0.5770029541549341,1,astro3,cxta
0.5087938189061584,1,astro3,cxta
0.550256199395445,1,astro3,cxta
0.5351122851582831,1,astro3,cxta
0.5498979596946102,1,astro3,cxta
0.5507902478089355,0,astro3,cxta
0.5676417003344628,0,astro3,cxta
0.5714982141146223,0,astro3,cxta
0.5758106781063989,0,astro3,cxta
0.6117600087206788,0,astro3,cxta
0.5932707975589027,0,astro3,cxta
0.597663539932608,0,astro3,cxta
0.5859742932737703,0,astro3,cxta
0.5961574748770233,0,astro3,cxta
0.5981550676688305,0,astro3,cxta
0.5989658002930781,0,astro3,cxta
0.6036093068414298,0,astro3,cxta
0.5998233086685975,0,astro3,cxta
0.5951779430515072,0,astro3,cxta
0.5809966045109153,0,astro3,cxta
0.5793115663949284,0,astro3,cxta
0.5609842544514789,0,astro3,cxta
0.590010071624698,0,astro3,cxta
0.5776244019408093,1,astro3,cxta
0.5610734201976384,1,astro3,cxta
0.5303317092546721,1,astro3,cxta
0.560725991504378,1,astro3,cxta
0.5855645210810779,1,astro3,cxta
0.5732247349884438,1,astro3,cxta
0.5640646232308352,1,astro3,cxta
0.539980563228867,1,astro3,cxta
0.5314337600140323,1,astro3,cxta
0.5287083463358284,1,astro3,cxta
0.49387743567783515,1,astro3,cxta
0.5383507357180594,1,astro3,cxta
0.5424040746549464,1,astro3,cxta
0.5341419588702099,1,astro3,cxta
0.529293404800932,1,astro3,cxta
0.5731978398488486,1,astro3,cxta
0.5406606568818051,1,astro3,cxta
0.537383720742775,1,astro3,cxta
0.5947654733167368,1,astro3,cxta
0.571587349994078,1,astro3,cxta
0.5852130517825542,0,astro3,cxta
0.5880259705199473,0,astro3,cxta
0.5545909105619795,0,astro3,cxta
0.556583027790136,0,astro3,cxta
0.5782232439810188,0,astro3,cxta
0.6007009487577538,0,astro3,cxta
0.5943339702334268,0,astro3,cxta
0.5745666211871548,0,astro3,cxta
0.5858832964458794,0,astro3,cxta
0.6080688844210732,0,astro3,cxta
0.5944610088814472,0,astro3,cxta
0.5791707567259082,0,astro3,cxta
0.567985348335467,0,astro3,cxta
0.5662317279423893,0,astro3,cxta
0.5626271726638217,0,astro3,cxta
0.5490490005933975,0,astro3,cxta
0.5769575161097907,0,astro3,cxta
0.5616177288026553,0,astro3,cxta
0.5501401918540714,0,astro3,cxta
0.5833219142668763,0,astro3,cxta
0.5726022586347723,0,astro3,cxta
0.5675525154244614,0,astro3,cxta
0.5483103124247226,0,astro3,cxta
0.5049513551529639,0,astro3,cxta
0.5685107763501199,0,astro3,cxta
0.543395042272765,0,astro3,cxta
0.47174488980601786,0,astro3,cxta
0.5127472592115332,0,astro3,cxta
0.5178093190750931,0,astro3,cxta
0.5211437970207782,0,astro3,cxta
0.5230657549475232,0,astro3,cxta
0.4808317405290223,0,astro3,cxta
0.47631411079550545,0,astro3,cxta
0.5178248064142509,0,astro3,cxta
0.5079910230796763,0,astro3,cxta
0.5198602615067711,0,astro3,cxta
0.516287043198799,0,astro3,cxta
0.51073976095225,0,astro3,cxta
0.5004988478727586,0,astro3,cxta
0.5480341402963127,0,astro3,cxta
0.5680598123760926,1,astro3,cxta
0.5668632655923875,1,astro3,cxta
0.5821691586313036,1,astro3,cxta
0.5424654824751991,1,astro3,cxta
0.5591202147357994,1,astro3,cxta
0.5964600063174624,1,astro3,cxta
0.6107769874250534,1,astro3,cxta
0.5771844218284362,1,astro3,cxta
0.5514144312393329,1,astro3,cxta
0.5731105861186645,1,astro3,cxta
0.5940928336768635,1,astro3,cxta
0.5758757215286431,1,astro3,cxta
0.5974019501121781,1,astro3,cxta
0.6057241623294243,1,astro3,cxta
0.5822205149115051,1,astro3,cxta
0.5884490557405928,1,astro3,cxta
0.5620592798386664,1,astro3,cxta
0.5877691043820026,0,astro3,cxta
0.6159537560100784,0,astro3,cxta
0.6220017572173455,0,astro3,cxta
0.6052276099476002,0,astro3,cxta
0.6515406274404234,0,astro3,cxta
0.663360632287396,0,astro3,cxta
0.6701542103864722,0,astro3,cxta
0.665869885660269,0,astro3,cxta
0.6709485996835428,0,astro3,cxta
0.6636307362587468,0,astro3,cxta
0.6472926379729935,0,astro3,cxta
0.629652486934083,0,astro3,cxta
0.6478794864527025,1,astro3,cxta
0.6708942104936765,1,astro3,cxta
0.6996145113256342,1,astro3,cxta
0.6678936216666334,1,astro3,cxta
0.697524111240507,1,astro3,cxta
0.7151402452097294,1,astro3,cxta
0.6880180461847545,1,astro3,cxta
0.7003903886448142,1,astro3,cxta
0.6907890955351116,1,astro3,cxta
0.6749506131809858,1,astro3,cxta
0.6818906475383757,1,astro3,cxta
0.6827114011522658,1,astro3,cxta
0.6732155242829845,1,astro3,cxta
0.6942097574847194,1,astro3,cxta
0.6557913151419766,1,astro3,cxta
0.6528634627819123,1,astro3,cxta
0.6545845248225652,1,astro3,cxta
0.6508596817538064,1,astro3,cxta
0.6428677066851466,1,astro3,cxta
0.6263831561474105,1,astro3,cxta
0.6496091106025438,1,astro3,cxta
0.6066676286411928,1,astro3,cxta
0.6179576030273741,1,astro3,cxta
0.6108527472666867,1,astro3,cxta
0.5636888213609471,1,astro3,cxta
0.5993075335039616,1,astro3,cxta
0.6416036428304708,1,astro3,cxta
0.6131389090492548,1,astro3,cxta
0.6104263647237815,1,astro3,cxta
0.6398320231396902,1,astro3,cxta
0.5984120431519044,1,astro3,cxta
0.633614246955855,1,astro3,cxta
0.5963705280861178,1,astro3,cxta
0.6216922886212046,1,astro3,cxta
0.61008202042756,1,astro3,cxta
0.6060226709043957,1,astro3,cxta
0.5914138038222259,1,astro3,cxta
0.6071665451241346,1,astro3,cxta
0.5790290168320344,1,astro3,cxta
0.5923346449496137,1,astro3,cxta
0.6067771494116639,1,astro3,cxta
0.6049743414025084,1,astro3,cxta
0.6335598300599863,1,astro3,cxta
0.6212748118158768,1,astro3,cxta
0.6168187697668931,1,astro3,cxta
0.6148950939853748,1,astro3,cxta
0.6375495209555792,1,astro3,cxta
0.6308154493363328,1,astro3,cxta
0.614621140434576,1,astro3,cxta
0.5864432662204593,1,astro3,cxta
0.618043455058256,1,astro3,cxta
0.6050961078700382,1,astro3,cxta
0.5902894877790904,1,astro3,cxta
0.5736685921112185,1,astro3,cxta
0.6152677217855699,1,astro3,cxta
0.623816989976831,1,astro3,cxta
0.6021596372125225,1,astro3,cxta
0.6064012871094026,1,astro3,cxta
0.6190566167971526,1,astro3,cxta
0.5744203929648276,1,astro3,cxta
0.5721687640064075,1,astro3,cxta
0.5523563459449912,1,astro3,cxta
0.5743416630114192,1,astro3,cxta
0.5885119688880307,0,astro3,cxta
0.5883239265731848,0,astro3,cxta
0.557216657871285,0,astro3,cxta
0.5525597908099144,0,astro3,cxta
0.5509148249548025,0,astro3,cxta
0.5778653384492951,0,astro3,cxta
0.5663514633025698,0,astro3,cxta
0.5891715850991284,0,astro3,cxta
0.5666413638506048,0,astro3,cxta
0.5650351917541525,0,astro3,cxta
0.579845322580047,0,astro3,cxta
0.565532197519675,0,astro3,cxta
0.5547368893893677,0,astro3,cxta
0.5716712563561747,0,astro3,cxta
0.5655130474196579,0,astro3,cxta
0.5560427399260313,0,astro3,cxta
0.5760984321570625,0,astro3,cxta
0.5567407646477283,0,astro3,cxta
0.5561333976880978,0,astro3,cxta
0.5522958098022996,0,astro3,cxta
0.5216789513438755,0,astro3,cxta
0.5176111120646091,0,astro3,cxta
0.49745552875120946,0,astro3,cxta
0.49311097566097484,0,astro3,cxta
0.496752693435635,0,astro3,cxta
0.5195461120567171,0,astro3,cxta
0.5042998626112769,0,astro3,cxta
0.4885688871730453,0,astro3,cxta
0.4833908690737022,0,astro3,cxta
0.48840130181350694,0,astro3,cxta
0.47966739146622295,0,astro3,cxta
0.4912776338138652,0,astro3,cxta
0.5123463033177913,0,astro3,cxta
0.4996612490013865,0,astro3,cxta
0.4847811300613931,0,astro3,cxta
0.5007593559495768,0,astro3,cxta
0.5038948796528556,0,astro3,cxta
0.50532625306278,0,astro3,cxta
0.49388616594945506,0,astro3,cxta
0.4782509318545953,0,astro3,cxta
0.48809461987428143,0,astro3,cxta
0.4764462637758163,0,astro3,cxta
0.5113014532045267,0,astro3,cxta
0.4840422076997547,0,astro3,cxta
0.5214708080285214,0,astro3,cxta
0.5090000114052856,0,astro3,cxta
0.5205853830903109,0,astro3,cxta
0.5041712632086578,0,astro3,cxta
0.518615234159798,0,astro3,cxta
0.5393841910976441,0,astro3,cxta
0.5797864493781242,0,astro3,cxta
0.5940034182335319,0,astro3,cxta
0.5926658258494615,0,astro3,cxta
0.5708202601748061,0,astro3,cxta
0.5558005763756768,0,astro3,cxta
0.5353750134946269,0,astro3,cxta
0.5477599631339966,0,astro3,cxta
0.5082769672715177,0,astro3,cxta
0.5193646755944652,0,astro3,cxta
0.517882833102865,0,astro3,cxta
0.5014136630511086,0,astro3,cxta
0.5100589628734823,0,astro3,cxta
0.49982539718427765,0,astro3,cxta
0.48157884648537663,0,astro3,cxta
0.48266020849113067,0,astro3,cxta
0.5309078759845928,0,astro3,cxta
0.49023305869411204,0,astro3,cxta
0.49019930937715084,0,astro3,cxta
0.53880190522033,0,astro3,cxta
0.530102053495739,0,astro3,cxta
0.5108524630031395,0,astro3,cxta
0.5190104382684468,0,astro3,cxta
0.5083476855134085,0,astro3,cxta
0.5197617751177751,0,astro3,cxta
0.5348670746720907,0,astro3,cxta
0.5242366498735861,0,astro3,cxta
0.5124837692572752,0,astro3,cxta
0.515227059821676,1,astro3,cxta
0.5342595249586467,1,astro3,cxta
0.48471800857901814,1,astro3,cxta
0.4937460502166004,1,astro3,cxta
0.4977155055002557,1,astro3,cxta
0.5236382172319092,1,astro3,cxta
0.5047006117813764,1,astro3,cxta
0.5553556786697771,1,astro3,cxta
0.5573038304836159,1,astro3,cxta
0.5788770937479509,1,astro3,cxta
0.55674310562009,1,astro3,cxta
0.5444714637411435,1,astro3,cxta
0.5128845517276435,1,astro3,cxta
0.5465001185215951,1,astro3,cxta
0.5792506867045637,1,astro3,cxta
0.6246967156680467,1,astro3,cxta
0.6240521921100259,1,astro3,cxta
0.6235771147774158,1,astro3,cxta
0.5983491189271434,1,astro3,cxta
0.635417577271926,1,astro3,cxta
0.6456851654467948,1,astro3,cxta
0.6697975750776684,1,astro3,cxta
0.6766134937172286,1,astro3,cxta
0.6943744904648098,1,astro3,cxta
0.6535505500030427,1,astro3,cxta
0.6579008297590234,1,astro3,cxta
0.6460945056193844,1,astro3,cxta
0.6578372602553352,1,astro3,cxta
0.6799643944002915,1,astro3,cxta
0.6865355806449999,1,astro3,cxta
0.7305868780691231,1,astro3,cxta
0.7557323989215285,1,astro3,cxta
0.7343138678577568,1,astro3,cxta
0.6707060514908982,1,astro3,cxta
0.7209019667144375,1,astro3,cxta
0.7453424700748307,1,astro3,cxta
0.7423407685795087,1,astro3,cxta
0.7457125425462099,1,astro3,cxta
0.7086774766091588,1,astro3,cxta
0.7134934585964169,1,astro3,cxta
0.7050693016589311,1,astro3,cxta
0.7026892753159427,1,astro3,cxta
0.7242312310760889,0,astro3,cxta
0.7286243772493681,0,astro3,cxta
0.7452489515484214,0,astro3,cxta
0.7613476814487746,0,astro3,cxta
0.7105025374126085,0,astro3,cxta
0.7097444988298927,0,astro3,cxta
0.7062191667500506,0,astro3,cxta
0.7200980260728134,0,astro3,cxta
0.7445957839133306,0,astro3,cxta
0.7403587639775179,0,astro3,cxta
0.7186734108848196,0,astro3,cxta
0.7095793525842382,0,astro3,cxta
0.6837632193406188,0,astro3,cxta
0.6550605350554268,0,astro3,cxta
0.6979548902081177,0,astro3,cxta
0.6703288866269923,0,astro3,cxta
0.665835764482702,0,astro3,cxta
0.6974150596703003,0,astro3,cxta
0.6690624474475302,0,astro3,cxta
0.6647650182869982,0,astro3,cxta
0.6732679553898147,0,astro3,cxta
0.6556460433066724,0,astro3,cxta
0.6479149634912696,0,astro3,cxta
0.6436354156302153,0,astro3,cxta
0.6194486206403008,0,astro3,cxta
0.6284521067407891,0,astro3,cxta
0.6268861981845908,0,astro3,cxta
0.6058978643510485,0,astro3,cxta
0.6285924051856313,0,astro3,cxta
0.6343431861079842,0,astro3,cxta
0.644629227841713,0,astro3,cxta
0.6403786870569457,0,astro3,cxta
0.6433673167673727,0,astro3,cxta
0.6089661445170815,0,astro3,cxta
0.639249916133458,1,astro3,cxta
0.6292494732216853,1,astro3,cxta
0.6190310944924774,1,astro3,cxta
0.6400850374457882,1,astro3,cxta
0.6333959049863432,1,astro3,cxta
0.6394813837807873,1,astro3,cxta
0.669699116879625,1,astro3,cxta
0.6834225947240625,1,astro3,cxta
0.6648950871995191,1,astro3,cxta
0.6792347588760704,1,astro3,cxta
0.7100367179863107,1,astro3,cxta
0.6972467887880699,1,astro3,cxta
0.7075382947116798,1,astro3,cxta
0.7037952233144726,1,astro3,cxta
0.6981011448061605,1,astro3,cxta
0.7359873112322434,1,astro3,cxta
0.7397020091203155,1,astro3,cxta
0.7660565828377335,1,astro3,cxta
0.7673817475592261,1,astro3,cxta
0.7588796895755302,1,astro3,cxta
0.7821673988820895,1,astro3,cxta
0.782015539295729,1,astro3,cxta
0.8028217572669134,1,astro3,cxta
0.8057228400549733,1,astro3,cxta
0.8368838964550592,1,astro3,cxta
0.82300647123779,1,astro3,cxta
0.8477955021526995,1,astro3,cxta
0.8862229465875211,1,astro3,cxta
0.9254916750827125,1,astro3,cxta
0.9403280164107704,1,astro3,cxta
0.9561603160920177,1,astro3,cxta
0.9114310697264414,1,astro3,cxta
0.9290649241364498,1,astro3,cxta
0.9613743499709595,1,astro3,cxta
0.9835521805593272,1,astro3,cxta
0.9871153348234585,1,astro3,cxta
0.9540729565808019,1,astro3,cxta
0.9212177756232606,0,astro3,cxta
0.9509064862737485,0,astro3,cxta
0.9196727779762921,0,astro3,cxta
0.9126250300263492,0,astro3,cxta
0.892178256308397,0,astro3,cxta
0.884778266861534,0,astro3,cxta
0.8518881707354198,0,astro3,cxta
0.8957623492929155,0,astro3,cxta
0.8555919550935774,0,astro3,cxta
0.8641220522583763,0,astro3,cxta
0.8631333648917549,0,astro3,cxta
0.841073388666234,0,astro3,cxta
0.8165223835076468,0,astro3,cxta
0.8050714604032461,0,astro3,cxta
0.7729443967794624,0,astro3,cxta
0.7354425766459667,0,astro3,cxta
0.725082180959087,0,astro3,cxta
0.694017770964985,0,astro3,cxta
0.7046129389435362,0,astro3,cxta
0.7144159880094915,0,astro3,cxta
0.712843128024802,0,astro3,cxta
0.6902830472194389,0,astro3,cxta
0.704983407628909,0,astro3,cxta
0.7066432940511087,0,astro3,cxta
0.7098716382708555,0,astro3,cxta
0.6803734466302808,0,astro3,cxta
0.7047453257631957,0,astro3,cxta
0.7023437940360365,0,astro3,cxta
0.6693495926741574,0,astro3,cxta
0.6886339434236461,0,astro3,cxta
0.7030853551259526,0,astro3,cxta
0.6391772582719993,0,astro3,cxta
0.6759906468315219,0,astro3,cxta
0.6584645210350524,0,astro3,cxta
0.6331665844623879,0,astro3,cxta
0.6152480163647505,0,astro3,cxta
0.6134817354422302,0,astro3,cxta
0.595619467931128,0,astro3,cxta
0.648818830720453,0,astro3,cxta
0.639868514789537,0,astro3,cxta
0.6557993918065049,0,astro3,cxta
0.6294991505091123,1,astro3,cxta
0.6290658722777354,1,astro3,cxta
0.6036150177017131,1,astro3,cxta
0.5688286881439072,1,astro3,cxta
0.6126990926747262,1,astro3,cxta
0.6014938656234968,1,astro3,cxta
0.6037999601946431,1,astro3,cxta
0.5968033964109888,1,astro3,cxta
0.5739875323720721,1,astro3,cxta
0.5548022205703514,1,astro3,cxta
0.5333583343334337,1,astro3,cxta
0.5388287583446704,1,astro3,cxta
0.5247188719311452,1,astro3,cxta
0.5212534860832438,1,astro3,cxta
0.5209981520117342,1,astro3,cxta
0.527488004263241,1,astro3,cxta
0.5153022564641881,1,astro3,cxta
0.49305770551354444,1,astro3,cxta
0.5206969391471865,1,astro3,cxta
0.5222227025563316,1,astro3,cxta
0.5230603101948784,1,astro3,cxta
0.5373160143019666,1,astro3,cxta
0.5158812070474464,1,astro3,cxta
0.5221489591763483,1,astro3,cxta
0.539853677502963,1,astro3,cxta
0.49356052228229197,1,astro3,cxta
0.5406461962176338,1,astro3,cxta
0.4982001139299734,1,astro3,cxta
0.5219778951945003,1,astro3,cxta
0.5561846617175431,0,astro3,cxta
0.5277901557215328,0,astro3,cxta
0.49821048980616084,0,astro3,cxta
0.5354024273506971,0,astro3,cxta
0.5426405361488733,0,astro3,cxta
0.51819904081289,0,astro3,cxta
0.48344925521260673,0,astro3,cxta
0.5297887482976543,0,astro3,cxta
0.5344662509348119,0,astro3,cxta
0.4979036362902837,0,astro3,cxta
0.48180752145185923,0,astro3,cxta
0.47160470460963694,0,astro3,cxta
0.4760653787758229,0,astro3,cxta
0.4627758354864295,0,astro3,cxta
0.4775052655396931,0,astro3,cxta
0.47124708879253946,0,astro3,cxta
0.4610234261064531,0,astro3,cxta
0.45067169544596153,0,astro3,cxta
0.4496735385270118,0,astro3,cxta
0.43887259656911787,0,astro3,cxta
0.4516215060099534,0,astro3,cxta
0.42727779675168626,0,astro3,cxta
0.4446613136132894,0,astro3,cxta
0.45743388403702157,0,astro3,cxta
0.44316865456544013,0,astro3,cxta
0.4414596017676852,0,astro3,cxta
0.44289233434478614,0,astro3,cxta
0.44106376371534517,0,astro3,cxta
0.4295718295579076,0,astro3,cxta
0.3950249879405091,0,astro3,cxta
0.4157773583415749,0,astro3,cxta
0.45069117499983175,0,astro3,cxta
0.4397790173044629,0,astro3,cxta
0.43767428877345294,0,astro3,cxta
0.42369889103157354,0,astro3,cxta
0.45528002722835553,0,astro3,cxta
0.4727568283490905,0,astro3,cxta
0.45736308367195416,0,astro3,cxta
0.42360116402043113,0,astro3,cxta
0.4054491995847747,0,astro3,cxta
0.43502679640910946,0,astro3,cxta
0.4416631417462513,1,astro3,cxta
0.43506344755048015,1,astro3,cxta
0.454061592434733,1,astro3,cxta
0.46988776909470437,1,astro3,cxta
0.45312998924125497,1,astro3,cxta
0.4616540867918743,1,astro3,cxta
0.4772543840047724,1,astro3,cxta
0.45403836645153267,1,astro3,cxta
0.4608033680423862,1,astro3,cxta
0.4644916036953339,1,astro3,cxta
0.47072542204064244,1,astro3,cxta
0.45825749157165524,1,astro3,cxta
0.4715448068072204,1,astro3,cxta
0.4830674954645218,1,astro3,cxta
0.5064688158769441,1,astro3,cxta
0.5114825035171795,1,astro3,cxta
0.5485142918978424,1,astro3,cxta
0.5462817724966738,1,astro3,cxta
0.5027293350874784,1,astro3,cxta
0.5134032241730652,1,astro3,cxta
0.488046417897629,1,astro3,cxta
0.5226798486363452,1,astro3,cxta
0.520133914855096,1,astro3,cxta
0.5421149866562055,1,astro3,cxta
0.5399229888518157,1,astro3,cxta
0.5397249297750681,1,astro3,cxta
0.5548877431496413,1,astro3,cxta
0.5457945142891624,0,astro3,cxta
0.5660692432191294,0,astro3,cxta
0.554822795447716,0,astro3,cxta
0.559745486766247,0,astro3,cxta
0.5555795398088861,0,astro3,cxta
0.5256509853089649,0,astro3,cxta
0.557516081616867,0,astro3,cxta
0.5310814461243244,0,astro3,cxta
0.5289364483153797,0,astro3,cxta
0.5609695082796968,0,astro3,cxta
0.5759860286405409,0,astro3,cxta
0.5748819347481422,0,astro3,cxta
0.6144764443881316,0,astro3,cxta
0.6314874309346581,0,astro3,cxta
0.6085203777617432,0,astro3,cxta
0.6297281636812355,0,astro3,cxta
0.6538713008193964,0,astro3,cxta
0.6586798437074052,0,astro3,cxta
0.6306537375895609,0,astro3,cxta
0.6696081870570603,0,astro3,cxta
0.707384433518221,0,astro3,cxta
0.7083672792632768,1,astro3,cxta
0.6841931415983067,1,astro3,cxta
0.6835482050158548,1,astro3,cxta
0.6437894186962404,1,astro3,cxta
0.6504881441819454,1,astro3,cxta
0.6659403945779355,1,astro3,cxta
0.6744756597089789,1,astro3,cxta
0.6192070383416023,1,astro3,cxta
0.6314066106103157,1,astro3,cxta
0.5666453478759096,1,astro3,cxta
0.583401909858973,1,astro3,cxta
0.5747338232283065,1,astro3,cxta
0.5534498325683851,1,astro3,cxta
0.5742113586929437,1,astro3,cxta
0.5823738586026008,1,astro3,cxta
0.5704802080441673,1,astro3,cxta
0.5426022941024006,0,astro3,cxta
0.5525476320339501,0,astro3,cxta
0.5356164673764819,0,astro3,cxta
0.5426076255504707,0,astro3,cxta
0.5398443259669644,0,astro3,cxta
0.5416500618720578,0,astro3,cxta
0.5681350675709202,0,astro3,cxta
0.5687132310374552,0,astro3,cxta
0.5173602998737349,0,astro3,cxta
0.5065847403600635,0,astro3,cxta
0.521915838168606,0,astro3,cxta
0.5007866651656032,0,astro3,cxta
0.5148743267598301,0,astro3,cxta
0.51221627702743,0,astro3,cxta
0.5066702582050692,0,astro3,cxta
0.5179403512303802,1,astro3,cxta
0.5519213925381768,1,astro3,cxta
0.531345393992376,1,astro3,cxta
0.5075719526576377,1,astro3,cxta
0.5071447040269242,1,astro3,cxta
0.5147315818279142,1,astro3,cxta
0.4811617829769547,1,astro3,cxta
0.4662137456659995,1,astro3,cxta
0.49067382883016303,1,astro3,cxta
0.5213022200690777,1,astro3,cxta
0.5194894664067333,1,astro3,cxta
0.5222919079929101,1,astro3,cxta
0.48219741579430975,1,astro3,cxta
0.49313644408997087,1,astro3,cxta
0.4871820934096183,1,astro3,cxta
0.5050704927491361,1,astro3,cxta
0.49371782020821814,1,astro3,cxta
0.5111041439641263,1,astro3,cxta
0.48559413635220094,1,astro3,cxta
0.4652078192480981,1,astro3,cxta
0.48824578947927816,1,astro3,cxta
0.49140058763043565,1,astro3,cxta
0.4886606012811573,1,astro3,cxta
0.5132296190885769,1,astro3,cxta
0.528717671832356,1,astro3,cxta
0.5382342720813055,1,astro3,cxta
0.5313840110915733,1,astro3,cxta
0.49461808797778983,1,astro3,cxta
0.48765096631930177,1,astro3,cxta
0.4670006176399113,1,astro3,cxta
0.48511996461512247,1,astro3,cxta
0.4974420538263897,1,astro3,cxta
0.53076416194821,1,astro3,cxta
0.4981781930273004,0,astro3,cxta
0.5237676771562859,0,astro3,cxta
0.5059674928215355,0,astro3,cxta
0.4934023868538494,0,astro3,cxta
0.5292985690857064,0,astro3,cxta
0.5350134428983493,0,astro3,cxta
0.5344336463532185,0,astro3,cxta
0.5209458836930444,0,astro3,cxta
0.5170117377502491,0,astro3,cxta
0.5059884393446775,0,astro3,cxta
0.5095316190452509,0,astro3,cxta
0.4931465942975148,0,astro3,cxta
0.49215292928999077,0,astro3,cxta
0.49068548072068496,0,astro3,cxta
0.48226123411483374,0,astro3,cxta
0.48615591201231656,1,astro3,cxta
0.4939715618421974,1,astro3,cxta
0.5053304380881986,1,astro3,cxta
0.5129383043132238,1,astro3,cxta
0.502949440057674,1,astro3,cxta
0.5036549180379635,1,astro3,cxta
0.47175012648435727,1,astro3,cxta
0.4917441473328014,1,astro3,cxta
0.4777113671869354,1,astro3,cxta
0.4818286601981423,1,astro3,cxta
0.49120932884424273,1,astro3,cxta
0.4537368891242746,1,astro3,cxta
0.46908752621802274,1,astro3,cxta
0.4251878349747851,1,astro3,cxta
0.4596212374338775,1,astro3,cxta
0.46870680244281077,1,astro3,cxta
0.47451853735024446,1,astro3,cxta
0.46133217783949027,1,astro3,cxta
0.5134017400075509,1,astro3,cxta
0.49779978350824095,1,astro3,cxta
0.4918602153529934,1,astro3,cxta
0.5005874543388749,1,astro3,cxta
0.4820919187397168,1,astro3,cxta
0.5160481678303759,1,astro3,cxta
0.5138856107571738,1,astro3,cxta
0.5162408972200871,1,astro3,cxta
0.5353441027658206,1,astro3,cxta
0.5067291954617505,1,astro3,cxta
0.529569273515403,1,astro3,cxta
0.5663286393819458,1,astro3,cxta
0.5015094274217188,1,astro3,cxta
0.503551905828297,1,astro3,cxta
0.5001454572943178,1,astro3,cxta
0.5165470423287383,1,astro3,cxta
0.5256392265297947,1,astro3,cxta
0.5366129839087678,1,astro3,cxta
0.5232445742069872,1,astro3,cxta
0.5524672670998282,1,astro3,cxta
0.529521244627714,1,astro3,cxta
0.5272228885502654,1,astro3,cxta
0.5016601740642661,1,astro3,cxta
0.5166072064275615,1,astro3,cxta
0.4935702954010105,1,astro3,cxta
0.5392495708315689,1,astro3,cxta
0.5447783220928626,1,astro3,cxta
0.5129404305108938,1,astro3,cxta
0.5097212997188252,1,astro3,cxta
0.5332494458239351,1,astro3,cxta
0.5177661191808693,1,astro3,cxta
0.5145821540130637,1,astro3,cxta
0.500200546287216,1,astro3,cxta
0.4940588611316071,1,astro3,cxta
0.47658980325041406,1,astro3,cxta
0.4921977926952283,0,astro3,cxta
0.5003468559456407,0,astro3,cxta
0.48938673762064044,0,astro3,cxta
0.4816512567857233,0,astro3,cxta
0.4635628202478062,0,astro3,cxta
0.467039875797456,0,astro3,cxta
0.4589920221541943,0,astro3,cxta
0.4614086864636604,0,astro3,cxta
0.4801242865645613,0,astro3,cxta
0.4824938119035552,0,astro3,cxta
0.49445294141632823,0,astro3,cxta
0.44960064018788126,0,astro3,cxta
0.48520655757405523,0,astro3,cxta
0.4880679498770559,0,astro3,cxta
0.4763696736429655,0,astro3,cxta
0.452085790482736,0,astro3,cxta
0.47961372039544886,0,astro3,cxta
0.5042339103031537,0,astro3,cxta
0.5098048129434675,0,astro3,cxta
0.48835259617547605,0,astro3,cxta
0.4885696802958773,0,astro3,cxta
0.47815093076667536,1,astro3,cxta
0.470970350120646,1,astro3,cxta
0.46910114101845185,1,astro3,cxta
0.4720864375612511,1,astro3,cxta
0.45988779822695824,1,astro3,cxta
0.4479654381092365,1,astro3,cxta
0.43474184038191366,1,astro3,cxta
0.44128729342439627,1,astro3,cxta
0.4765010647094122,1,astro3,cxta
0.4767788265048002,1,astro3,cxta
0.49118077254524944,1,astro3,cxta
0.5028889526309434,1,astro3,cxta
0.47797977918178175,1,astro3,cxta
0.45059913939582774,1,astro3,cxta
0.45053636729321683,1,astro3,cxta
0.4603611781141855,0,astro3,cxta
0.48093132937398686,0,astro3,cxta
0.5017740096849894,0,astro3,cxta
0.5123975717146575,0,astro3,cxta
0.5040017382081341,0,astro3,cxta
0.5137325002803593,0,astro3,cxta
0.46824518366197443,0,astro3,cxta
0.5062100302738758,0,astro3,cxta
0.5229718249971625,0,astro3,cxta
0.5120442654650614,0,astro3,cxta
0.5241683983722191,1,astro3,cxta
0.4966511099829767,1,astro3,cxta
0.5344938876599779,1,astro3,cxta
0.4636631122434338,1,astro3,cxta
0.47654394809394646,1,astro3,cxta
0.5185084564861624,1,astro3,cxta
0.5358850125749958,1,astro3,cxta
0.5472088808688362,1,astro3,cxta
0.5416568914348477,1,astro3,cxta
0.5631401226827448,1,astro3,cxta
0.5416665029286484,1,astro3,cxta
0.526209411267987,1,astro3,cxta
0.4956030562430136,1,astro3,cxta
0.5204690422542609,1,astro3,cxta
0.5273772918336043,1,astro3,cxta
0.49292629980273583,1,astro3,cxta
0.4918113713237757,1,astro3,cxta
0.5124871744559293,1,astro3,cxta
0.495941274411662,1,astro3,cxta
0.4709102909724329,1,astro3,cxta
0.4524822675069189,1,astro3,cxta
0.44546803064370766,1,astro3,cxta
0.47076609424810206,1,astro3,cxta
0.48516651296564167,1,astro3,cxta
0.4871853285099816,1,astro3,cxta
0.5069854037723518,0,astro3,cxta
0.49763508999353756,0,astro3,cxta
0.486977435517011,0,astro3,cxta
0.4985832401256089,0,astro3,cxta
0.5139820613223615,0,astro3,cxta
0.503074264991533,0,astro3,cxta
0.5055507433556305,0,astro3,cxta
0.5022411758364506,0,astro3,cxta
0.5262629747236508,0,astro3,cxta
0.5373351255469079,0,astro3,cxta
0.4930287413974959,0,astro3,cxta
0.501196384488007,0,astro3,cxta
0.4812660650275447,0,astro3,cxta
0.5038980303182594,0,astro3,cxta
0.5444736467966768,1,astro3,cxta
0.5298140389946395,1,astro3,cxta
0.5684576628571183,1,astro3,cxta
0.5327358527673672,1,astro3,cxta
0.5383381623510535,1,astro3,cxta
0.5583532204214516,1,astro3,cxta
0.5669694256091887,1,astro3,cxta
0.5414323817317355,1,astro3,cxta
0.5084311935425825,1,astro3,cxta
0.5607146025259829,1,astro3,cxta
0.5387085439738319,1,astro3,cxta
0.5349693735140808,1,astro3,cxta
0.5420459369347783,1,astro3,cxta
0.5375400838411643,1,astro3,cxta
0.515526125943306,1,astro3,cxta
0.49583151848762075,1,astro3,cxta
0.5163506589960312,1,astro3,cxta
0.5211468267103899,1,astro3,cxta
0.5197021879075702,1,astro3,cxta
0.5117486263603291,1,astro3,cxta
0.5033315511223637,1,astro3,cxta
0.5053362695618522,1,astro3,cxta
0.4986107666211292,1,astro3,cxta
0.5112647605887416,1,astro3,cxta
0.5289977230546533,1,astro3,cxta
0.5524720212893861,1,astro3,cxta
0.5561243151484129,1,astro3,cxta
0.5591690800219287,1,astro3,cxta
0.5105395062295323,1,astro3,cxta
0.5263843043754655,1,astro3,cxta
0.5529350204182407,1,astro3,cxta
0.576538397641195,0,astro3,cxta
0.5634403555260545,0,astro3,cxta
0.547732503602748,0,astro3,cxta
0.6150399891943557,0,astro3,cxta
0.5599507457733188,0,astro3,cxta
0.5818536722721527,0,astro3,cxta
0.5881485051946407,0,astro3,cxta
0.5825075749811452,0,astro3,cxta
0.5814699648398499,0,astro3,cxta
0.5943695167175649,0,astro3,cxta
0.5985092624268542,0,astro3,cxta
0.5850834432066159,0,astro3,cxta
0.5667292597354832,0,astro3,cxta
0.5461218745334592,0,astro3,cxta
0.5771163821441055,0,astro3,cxta
0.5603758110015891,1,astro3,cxta
0.5591247715701482,1,astro3,cxta
0.5618563018485773,1,astro3,cxta
0.5758903244003031,1,astro3,cxta
0.5777539158556348,1,astro3,cxta
0.5948810275805854,1,astro3,cxta
0.6097242095219945,1,astro3,cxta
0.5791210036987996,1,astro3,cxta
0.549518573803212,1,astro3,cxta
0.5974115157936688,1,astro3,cxta
0.6075030762909446,1,astro3,cxta
0.6133395676787105,1,astro3,cxta
0.6150496276757409,1,astro3,cxta
0.6001944763840192,1,astro3,cxta
0.5803020849961054,1,astro3,cxta
0.6005165743913325,1,astro3,cxta
0.567412847833147,1,astro3,cxta
0.5794179420077982,1,astro3,cxta
0.5791846204713309,1,astro3,cxta
0.5792432861487963,1,astro3,cxta
0.5724066177628291,1,astro3,cxta
0.5917738924665714,1,astro3,cxta
0.6069493241652706,1,astro3,cxta
0.6297375813218811,1,astro3,cxta
0.6651118872080349,1,astro3,cxta
0.652404951778188,1,astro3,cxta
0.6416019920896977,1,astro3,cxta
0.6431582742721244,1,astro3,cxta
0.6737941724852695,1,astro3,cxta
0.6543857765452549,1,astro3,cxta
0.6648956544946035,1,astro3,cxta
0.6746658487403892,1,astro3,cxta
0.6576718670303142,1,astro3,cxta
0.6256808623930051,1,astro3,cxta
0.6795431003746817,1,astro3,cxta
0.660847486690275,1,astro3,cxta
0.6581561859266362,1,astro3,cxta
0.6403417228856185,0,astro3,cxta
0.6597018341776876,0,astro3,cxta
0.6461776449485784,0,astro3,cxta
0.6221076763952306,0,astro3,cxta
0.6755406137530742,0,astro3,cxta
0.69345679991802,0,astro3,cxta
0.6486442549991087,0,astro3,cxta
0.6596337453244968,0,astro3,cxta
0.6773224836559987,0,astro3,cxta
0.6708010223655961,0,astro3,cxta
0.6886202079747121,0,astro3,cxta
0.6776162751301655,0,astro3,cxta
0.6339988500627006,0,astro3,cxta
0.6301974964023138,0,astro3,cxta
0.6326503817471326,0,astro3,cxta
0.6453431690603869,0,astro3,cxta
0.6443275212255009,0,astro3,cxta
0.6393727767714159,0,astro3,cxta
0.655085484735368,1,astro3,cxta
0.6530631743808043,1,astro3,cxta
0.6516465410340737,1,astro3,cxta
0.6241806412625992,1,astro3,cxta
0.6248131608938027,1,astro3,cxta
0.6187392393682749,1,astro3,cxta
0.63750160681578,1,astro3,cxta
0.6182706098397596,1,astro3,cxta
0.6424052072117171,1,astro3,cxta
0.6652653707680646,1,astro3,cxta
0.6522738394050753,1,astro3,cxta
0.628981689207855,1,astro3,cxta
0.6343140607686457,1,astro3,cxta
0.6377891622335625,1,astro3,cxta
0.6321125308299614,1,astro3,cxta
0.6247968689828175,1,astro3,cxta
0.6308415002584565,1,astro3,cxta
0.6340609761306457,1,astro3,cxta
0.585417038430909,1,astro3,cxta
0.6248673064065727,1,astro3,cxta
0.6373060900680038,0,astro3,cxta
0.624874527935982,0,astro3,cxta
0.6374361804246741,0,astro3,cxta
0.6672281438632426,0,astro3,cxta
0.6695701670856157,0,astro3,cxta
0.6658400843597007,0,astro3,cxta
0.6873217449312102,0,astro3,cxta
0.6648696042116365,0,astro3,cxta
0.6546841322136118,0,astro3,cxta
0.6800904106151785,0,astro3,cxta
0.6880516544881468,0,astro3,cxta
0.6505318114939072,0,astro3,cxta
0.6903641395553173,0,astro3,cxta
0.7066750231543585,0,astro3,cxta
0.709159844691589,0,astro3,cxta
0.6870737207636343,0,astro3,cxta
0.6620096466690233,0,astro3,cxta
0.6515231868072515,0,astro3,cxta
0.6495180216596629,0,astro3,cxta
0.7017105309880969,0,astro3,cxta
0.6700048927792007,0,astro3,cxta
0.6711499422079201,0,astro3,cxta
0.6759313717332857,0,astro3,cxta
0.6307532655164487,0,astro3,cxta
0.605955576559923,0,astro3,cxta
0.6343798486868661,0,astro3,cxta
0.6531087536431636,0,astro3,cxta
0.6417897731742038,0,astro3,cxta
0.6390706534205022,0,astro3,cxta
0.6559839859199003,0,astro3,cxta
0.6325006839763347,0,astro3,cxta
0.6562345687016571,0,astro3,cxta
0.6895874369858308,0,astro3,cxta
0.6570285788132186,0,astro3,cxta
0.6599070934929699,0,astro3,cxta
0.6611653189989336,0,astro3,cxta
0.6474633565939861,0,astro3,cxta
0.641862135833068,0,astro3,cxta
0.6446525075270932,0,astro3,cxta
0.635178419342396,0,astro3,cxta
0.6436747779530987,0,astro3,cxta
0.6384601148056349,0,astro3,cxta
0.6352498887198608,0,astro3,cxta
0.6726300834462752,0,astro3,cxta
0.675700194001562,0,astro3,cxta
0.6654278252175917,0,astro3,cxta
0.7062364108135311,0,astro3,cxta
0.7109380561980648,0,astro3,cxta
0.6813354203097056,0,astro3,cxta
0.6711650141229695,0,astro3,cxta
0.6453945543043206,0,astro3,cxta
0.6566261289892122,0,astro3,cxta
0.6716484987097899,0,astro3,cxta
0.6567341074615484,1,astro3,cxta
0.6553679166241054,1,astro3,cxta
0.6635270193705881,1,astro3,cxta
0.6775334002413909,1,astro3,cxta
0.6795968914088256,1,astro3,cxta
0.659558396636776,1,astro3,cxta
0.6292309867057593,1,astro3,cxta
0.6323558181947478,1,astro3,cxta
0.6251652677102967,1,astro3,cxta
0.6182897689804929,1,astro3,cxta
0.6282551152410063,1,astro3,cxta
0.5943117549966254,1,astro3,cxta
0.5806419553444445,1,astro3,cxta
0.60324881939657,1,astro3,cxta
0.5985481802366551,1,astro3,cxta
0.6480239801662738,1,astro3,cxta
0.6190953205275197,1,astro3,cxta
0.6117286701008328,1,astro3,cxta
0.6370103054134733,1,astro3,cxta
0.6275220742212123,1,astro3,cxta
0.6025731171188176,1,astro3,cxta
0.6182140838380018,1,astro3,cxta
0.6078325702690853,1,astro3,cxta
0.6416932400129821,1,astro3,cxta
0.6439322035604761,1,astro3,cxta
0.6287407727887222,1,astro3,cxta
0.7091805043309479,1,astro3,cxta
0.6910051819211116,1,astro3,cxta
0.6343169257799297,1,astro3,cxta
0.6501205086510587,1,astro3,cxta
0.6225002043638945,1,astro3,cxta
0.6483725502160778,1,astro3,cxta
0.6370965402721916,1,astro3,cxta
0.6408949552925295,1,astro3,cxta
0.6631898131836765,1,astro3,cxta
0.6684899178444451,1,astro3,cxta
0.6657076506404304,1,astro3,cxta
0.6461706918856689,1,astro3,cxta
0.5943241383242372,1,astro3,cxta
0.6295952192768844,1,astro3,cxta
0.6479062325734578,1,astro3,cxta
0.6072159763537383,1,astro3,cxta
0.6085012668326516,1,astro3,cxta
0.6359268391600951,1,astro3,cxta
0.6141743718069403,1,astro3,cxta
0.6472562832969339,1,astro3,cxta
0.636601673303218,1,astro3,cxta
0.5917971336212805,1,astro3,cxta
0.6126926107496697,1,astro3,cxta
0.6106153399155286,1,astro3,cxta
0.5810481594694713,0,astro3,cxta
0.6007421676369749,0,astro3,cxta
0.5663395435631569,0,astro3,cxta
0.5830124984315997,0,astro3,cxta
0.6039725631834278,0,astro3,cxta
0.5922291858340892,0,astro3,cxta
0.6500321441955236,0,astro3,cxta
0.6249269524970298,0,astro3,cxta
0.6254997694032469,0,astro3,cxta
0.5899595914689846,0,astro3,cxta
0.5742580199949517,0,astro3,cxta
0.5644310860127204,0,astro3,cxta
0.5619375568826191,0,astro3,cxta
0.6009415193067058,0,astro3,cxta
0.5980897996134877,0,astro3,cxta
0.6062300235760352,0,astro3,cxta
0.5888655098061593,0,astro3,cxta
0.57466169972545,0,astro3,cxta
0.5858714272176048,0,astro3,cxta
0.6157229769318766,0,astro3,cxta
0.569048088727079,0,astro3,cxta
0.5854907288230822,0,astro3,cxta
0.587422094571777,0,astro3,cxta
0.6387652586852021,0,astro3,cxta
0.625686115672674,0,astro3,cxta
0.5743920879583523,0,astro3,cxta
0.5542719697947491,0,astro3,cxta
0.5382840943392174,0,astro3,cxta
0.5413324853803282,0,astro3,cxta
0.5550070238936646,0,astro3,cxta
0.5273045180800598,0,astro3,cxta
0.5120210240162034,0,astro3,cxta
0.5218656254708077,0,astro3,cxta
0.5420398034728835,0,astro3,cxta
0.5694731756102703,0,astro3,cxta
0.5667638171561769,0,astro3,cxta
0.5227041113735527,0,astro3,cxta
0.5850570839609568,0,astro3,cxta
0.5542979705394545,0,astro3,cxta
0.5695559035356422,0,astro3,cxta
0.5646065120822856,0,astro3,cxta
0.5774787718881702,0,astro3,cxta
0.585456615737083,0,astro3,cxta
0.5528511000688936,0,astro3,cxta
0.5918372027835644,0,astro3,cxta
0.5588055207841548,0,astro3,cxta
0.560021485010445,0,astro3,cxta
0.5991578519269026,0,astro3,cxta
0.5909900190626514,0,astro3,cxta
0.5933064300403147,0,astro3,cxta
0.6239304517330583,0,astro3,cxta
0.6269533797422315,0,astro3,cxta
0.6460218837311018,0,astro3,cxta
0.6574726367383836,0,astro3,cxta
0.674700201942701,0,astro3,cxta
0.6812353176970312,0,astro3,cxta
0.7004830648895786,0,astro3,cxta
0.6898835080476362,0,astro3,cxta
0.7302603149530256,0,astro3,cxta
0.7329169035669499,0,astro3,cxta
0.7288892631091042,0,astro3,cxta
0.7621064253007753,0,astro3,cxta
0.8240322747149802,0,astro3,cxta
0.8261547960190582,0,astro3,cxta
0.858900729065075,0,astro3,cxta
0.8803305555008472,0,astro3,cxta
0.8836412897342044,0,astro3,cxta
0.9384610187162131,0,astro3,cxta
0.9781818935564771,0,astro3,cxta
0.990303754460228,0,astro3,cxta
1.0129586542685998,0,astro3,cxta
1.1148741217340838,0,astro3,cxta
1.134214111308304,0,astro3,cxta
1.1659642704829287,0,astro3,cxta
1.1951189143936587,0,astro3,cxta
1.1934835601865033,0,astro3,cxta
1.2613479733611097,0,astro3,cxta
1.2754323211397252,0,astro3,cxta
1.2982269650551,0,astro3,cxta
1.3587745719523792,0,astro3,cxta
1.3304162526083547,0,astro3,cxta
1.3465189237106208,0,astro3,cxta
1.3864241390363592,0,astro3,cxta
1.4128681090611277,0,astro3,cxta
1.434411073304356,0,astro3,cxta
1.4132782287627688,0,astro3,cxta
1.3587071948961158,0,astro3,cxta
1.362525865310052,0,astro3,cxta
1.369673855855373,0,astro3,cxta
1.4013644098269629,0,astro3,cxta
1.3898323333402265,0,astro3,cxta
1.383613658871142,0,astro3,cxta
1.390011099566324,0,astro3,cxta
1.4004616657070397,0,astro3,cxta
1.4034634759309799,0,astro3,cxta
1.433404978046705,0,astro3,cxta
1.4592872625172233,0,astro3,cxta
1.4214525265140412,0,astro3,cxta
1.472645649400045,0,astro3,cxta
1.480116777806193,0,astro3,cxta
1.4510102782438723,0,astro3,cxta
1.4422258738948848,0,astro3,cxta
1.434571759625295,0,astro3,cxta
1.4640496108195389,0,astro3,cxta
1.4529212307035606,0,astro3,cxta
1.5119762114336455,0,astro3,cxta
1.5437269697909044,0,astro3,cxta
1.5812408680591752,0,astro3,cxta
1.5687184531431515,0,astro3,cxta
1.6202345977132273,0,astro3,cxta
1.6464761733325752,0,astro3,cxta
1.6900682774396443,0,astro3,cxta
1.7449244758470766,0,astro3,cxta
1.8129408298198122,0,astro3,cxta
1.7850486279598947,0,astro3,cxta
1.8186669309121342,0,astro3,cxta
1.8291666070030452,0,astro3,cxta
1.8433087777017798,0,astro3,cxta
1.7921905614741107,0,astro3,cxta
1.798872581884322,0,astro3,cxta
1.838280832580082,0,astro3,cxta
1.8111831885894707,0,astro3,cxta
1.8238037247076198,0,astro3,cxta
1.8551270820848391,0,astro3,cxta
1.8081165197981734,0,astro3,cxta
1.7979078814781702,0,astro3,cxta
1.791724913712541,0,astro3,cxta
1.7624613410763192,0,astro3,cxta
1.7717407997564734,0,astro3,cxta
1.7615758940682864,0,astro3,cxta
1.7840419607370277,0,astro3,cxta
1.7327629972197565,0,astro3,cxta
1.748459542033925,0,astro3,cxta
1.7190035897611133,0,astro3,cxta
1.689362193184458,0,astro3,cxta
1.6869075432550156,0,astro3,cxta
1.6907402881605276,0,astro3,cxta
1.6795736267403307,0,astro3,cxta
1.671985935848163,0,astro3,cxta
1.704611434604242,0,astro3,cxta
1.7146431367428956,0,astro3,cxta
1.7378481879959118,0,astro3,cxta
1.7413353095975401,0,astro3,cxta
1.7459998742047649,0,astro3,cxta
1.7354506754166337,0,astro3,cxta
1.7607551082757407,0,astro3,cxta
1.768684147722355,0,astro3,cxta
1.7516461052179868,0,astro3,cxta
1.7650899576750516,0,astro3,cxta
1.8070873389497752,0,astro3,cxta
1.803669679867027,0,astro3,cxta
1.7684399034428044,0,astro3,cxta
1.7370859941772803,0,astro3,cxta
1.7139152639968724,0,astro3,cxta
1.7160835104532082,0,astro3,cxta
1.7080209406967621,0,astro3,cxta
1.6909273911851996,0,astro3,cxta
1.6850210302945146,0,astro3,cxta
1.6768882412292003,0,astro3,cxta
1.6635973713747525,0,astro3,cxta
1.6472720868997623,0,astro3,cxta
1.6553917972931271,0,astro3,cxta
1.6669770187038082,1,astro3,cxta
1.701090700935771,1,astro3,cxta
1.7042467922888003,1,astro3,cxta
1.703084087273037,1,astro3,cxta
1.6724350426064984,1,astro3,cxta
1.6481075050723217,1,astro3,cxta
1.6615673594402491,1,astro3,cxta
1.645497578891719,1,astro3,cxta
1.6383182202885302,1,astro3,cxta
1.6226662384323467,1,astro3,cxta
1.5873808068243533,1,astro3,cxta
1.6094620163350262,1,astro3,cxta
1.6030478097547884,1,astro3,cxta
1.5833431168208447,1,astro3,cxta
1.5389560686196193,1,astro3,cxta
1.5246074999207513,1,astro3,cxta
1.5280521977022536,1,astro3,cxta
1.488981507684655,1,astro3,cxta
1.455735047493038,0,astro3,cxta
1.423716193738078,0,astro3,cxta
1.4287100290152277,0,astro3,cxta
1.4212483568922198,0,astro3,cxta
1.405067670524275,0,astro3,cxta
1.368509168264244,0,astro3,cxta
1.3898175881125865,0,astro3,cxta
1.36909849672843,0,astro3,cxta
1.3745516618922993,0,astro3,cxta
1.3994064395054948,0,astro3,cxta
1.4337703207907921,0,astro3,cxta
1.4055996239464494,0,astro3,cxta
1.4004380597753414,0,astro3,cxta
1.3791464328665732,0,astro3,cxta
1.3480992128963252,0,astro3,cxta
1.3646546879632582,0,astro3,cxta
1.295383662221792,0,astro3,cxta
1.3182215130386643,0,astro3,cxta
1.3092993665567119,0,astro3,cxta
1.3081679536320776,0,astro3,cxta
1.2127162275200538,0,astro3,cxta
1.2182198578593642,0,astro3,cxta
1.189236198295324,0,astro3,cxta
1.154332779290561,0,astro3,cxta
1.1410787209073654,0,astro3,cxta
1.1479562017809959,0,astro3,cxta
1.0688492092308342,0,astro3,cxta
1.053831888020727,0,astro3,cxta
1.0579098844163133,0,astro3,cxta
1.0242124822427119,0,astro3,cxta
0.9833484930074443,0,astro3,cxta
0.9039168178816757,0,astro3,cxta
0.8652391198394683,0,astro3,cxta
0.8476131759468584,0,astro3,cxta
0.8351894090664591,0,astro3,cxta
0.7795385858994527,0,astro3,cxta
0.8135665597595693,0,astro3,cxta
0.791702474931497,0,astro3,cxta
0.7985064822648554,0,astro3,cxta
0.7990567787959584,0,astro3,cxta
0.7781142444930941,0,astro3,cxta
0.7677672910128394,0,astro3,cxta
0.7548830065606652,0,astro3,cxta
0.7394568103597648,0,astro3,cxta
0.7032151830907253,0,astro3,cxta
0.6950605391034941,0,astro3,cxta
0.6768846170075484,0,astro3,cxta
0.6740358326111836,0,astro3,cxta
0.6495114339627401,0,astro3,cxta
0.6520620105993521,0,astro3,cxta
0.6418424359154546,0,astro3,cxta
0.6274542147278331,0,astro3,cxta
0.6231489044587389,0,astro3,cxta
0.5799801908437833,0,astro3,cxta
0.6327960088927025,0,astro3,cxta
0.5938250164333098,0,astro3,cxta
0.6024283101632741,0,astro3,cxta
0.6071184419182466,0,astro3,cxta
0.6245759743042577,0,astro3,cxta
0.5995391542451032,0,astro3,cxta
0.577096019613887,1,astro3,cxta
0.6531876530156402,1,astro3,cxta
0.6259390754018423,1,astro3,cxta
0.6140633751042003,1,astro3,cxta
0.6326253031713148,1,astro3,cxta
0.6342648573020704,1,astro3,cxta
0.6373167556580583,1,astro3,cxta
0.6166472667197598,1,astro3,cxta
0.5830558045141854,1,astro3,cxta
0.599955358396859,1,astro3,cxta
0.5869610825172166,1,astro3,cxta
0.579152155968921,1,astro3,cxta
0.632800049926534,1,astro3,cxta
0.6419283814723532,1,astro3,cxta
0.6361238035903762,1,astro3,cxta
0.6007982586406109,1,astro3,cxta
0.5765202607382446,0,astro3,cxta
0.6100571934963213,0,astro3,cxta
0.6200262699840631,0,astro3,cxta
0.6523613395780113,0,astro3,cxta
0.6026707542926885,0,astro3,cxta
0.5904801826905728,0,astro3,cxta
0.6048439287608864,0,astro3,cxta
0.568993860935802,1,astro3,cxta
0.5739250901619173,1,astro3,cxta
0.5809355828791486,1,astro3,cxta
0.6120555715385929,1,astro3,cxta
0.6234412438149707,1,astro3,cxta
0.5754995262700953,1,astro3,cxta
0.5925402475050021,1,astro3,cxta
0.6114898273323779,1,astro3,cxta
0.5993937438223426,1,astro3,cxta
0.5963323977638714,1,astro3,cxta
0.5974159029969863,1,astro3,cxta
0.5983897798221017,1,astro3,cxta
0.5567815821841985,1,astro3,cxta
0.5699589414242103,1,astro3,cxta
0.5804485497074794,1,astro3,cxta
0.581147043660468,1,astro3,cxta
0.5824388248913213,1,astro3,cxta
0.5778156955373251,1,astro3,cxta
0.5533636369846852,1,astro3,cxta
0.5643478864037714,1,astro3,cxta
0.5744371272690314,1,astro3,cxta
0.5409008059592049,1,astro3,cxta
0.5386638039256444,1,astro3,cxta
0.5445488126310691,1,astro3,cxta
0.5246512869611324,1,astro3,cxta
0.5296452204158293,1,astro3,cxta
0.5356514267594846,1,astro3,cxta
0.507534851659857,1,astro3,cxta
0.49871560681576443,1,astro3,cxta
0.5150729339464151,1,astro3,cxta
0.4943821706277202,1,astro3,cxta
0.5086457374066914,1,astro3,cxta
0.5303236596867862,1,astro3,cxta
0.5367843382223768,0,astro3,cxta
0.5125782716827723,0,astro3,cxta
0.5260239890858694,0,astro3,cxta
0.5124313524337317,0,astro3,cxta
0.5234008857376062,0,astro3,cxta
0.4985184868865406,0,astro3,cxta
0.48693356488302314,0,astro3,cxta
0.5106480489259583,0,astro3,cxta
0.4748115463694415,0,astro3,cxta
0.49347617136563704,0,astro3,cxta
0.5051004486464046,0,astro3,cxta
0.5025226907475213,0,astro3,cxta
0.49778644657399096,0,astro3,cxta
0.4826362498778487,0,astro3,cxta
0.4566908987423409,0,astro3,cxta
0.4820527612637165,0,astro3,cxta
0.5058271736516026,0,astro3,cxta
0.4407746841831752,0,astro3,cxta
0.4763857792442437,0,astro3,cxta
0.47164616719152713,0,astro3,cxta
0.4585538980668896,0,astro3,cxta
0.48259607809096866,0,astro3,cxta
0.45355754571497536,0,astro3,cxta
0.471801647960659,0,astro3,cxta
0.45917189583798557,0,astro3,cxta
0.4793578598599545,0,astro3,cxta
0.4731657037107894,0,astro3,cxta
0.4616153908044009,0,astro3,cxta
0.47193606973839586,0,astro3,cxta
0.46890553275572766,0,astro3,cxta
0.4886328584195045,0,astro3,cxta
0.45508498180754037,0,astro3,cxta
0.48573312123269685,0,astro3,cxta
0.48266606793407746,0,astro3,cxta
0.44011492883744907,0,astro3,cxta
0.4211729074278361,1,astro3,cxta
0.44403523163522624,1,astro3,cxta
0.4150028255270067,1,astro3,cxta
0.4267464475273965,1,astro3,cxta
0.44491431542889376,1,astro3,cxta
0.45063755905508024,1,astro3,cxta
0.4627977797846163,1,astro3,cxta
0.4791809249129641,1,astro3,cxta
0.44950922370456925,1,astro3,cxta
0.4817667479882546,1,astro3,cxta
0.477107238151143,1,astro3,cxta
0.5053133997364609,1,astro3,cxta
0.5286339718251287,1,astro3,cxta
0.49190815110155334,1,astro3,cxta
0.5010774115854819,1,astro3,cxta
0.5092493440928458,1,astro3,cxta
0.48762709519374975,1,astro3,cxta
0.5075648478415725,1,astro3,cxta
0.4923018183473654,1,astro3,cxta
0.49938760250287584,1,astro3,cxta
0.49695836284308076,1,astro3,cxta
0.4956588533732601,1,astro3,cxta
0.4894429987801019,1,astro3,cxta
0.5243589099499185,1,astro3,cxta
0.4935936472131978,1,astro3,cxta
0.5117719112801151,1,astro3,cxta
0.49662485263915385,1,astro3,cxta
0.49372440706861864,1,astro3,cxta
0.544693077919786,1,astro3,cxta
0.5201959080154653,0,astro3,cxta
0.5141938210535087,0,astro3,cxta
0.5366132562369813,0,astro3,cxta
0.5124184330073903,0,astro3,cxta
0.5241776346346505,0,astro3,cxta
0.5487000083072286,0,astro3,cxta
0.5352860704871318,0,astro3,cxta
0.5080514060845662,0,astro3,cxta
0.4992286684875355,0,astro3,cxta
0.5060317786520122,0,astro3,cxta
0.5009229433276917,0,astro3,cxta
0.49474884738804403,0,astro3,cxta
0.4600104607610116,0,astro3,cxta
0.4855680810166578,0,astro3,cxta
0.4943789873667037,0,astro3,cxta
0.4596522998508316,0,astro3,cxta
0.4434619254591079,0,astro3,cxta
0.49076470814352596,0,astro3,cxta
0.46295209619280586,0,astro3,cxta
0.46281890825571126,0,astro3,cxta
0.46929183648731276,0,astro3,cxta
0.484177976081232,0,astro3,cxta
0.4567960142175678,0,astro3,cxta
0.44208353746314355,0,astro3,cxta
0.4596000933489635,0,astro3,cxta
0.45053902956052067,0,astro3,cxta
0.4885555379412616,0,astro3,cxta
0.4697897086044106,0,astro3,cxta
0.4806366973899533,1,astro3,cxta
0.49479020842079025,1,astro3,cxta
0.4710444381199828,1,astro3,cxta
0.4634502202097148,1,astro3,cxta
0.4810177352975787,1,astro3,cxta
0.4593470075694412,1,astro3,cxta
0.4369560784919857,1,astro3,cxta
0.45063882472735833,1,astro3,cxta
0.4681620738774504,1,astro3,cxta
0.5025513234059905,1,astro3,cxta
0.5006039808582576,1,astro3,cxta
0.4750441664689789,1,astro3,cxta
0.5097814947251763,1,astro3,cxta
0.44315881871352736,1,astro3,cxta
0.4399910658694279,1,astro3,cxta
0.49041239272225484,1,astro3,cxta
0.501522528399141,1,astro3,cxta
0.48819722337948374,1,astro3,cxta
0.5182594279398705,1,astro3,cxta
0.5226893706466342,1,astro3,cxta
0.514332076919929,1,astro3,cxta
0.4982583598273742,1,astro3,cxta
0.5347215350769599,1,astro3,cxta
0.5330166937515789,1,astro3,cxta
0.5497683019919376,1,astro3,cxta
0.5511219078337111,1,astro3,cxta
0.5671128947949371,0,astro3,cxta
0.5782857150256825,0,astro3,cxta
0.5756179190047462,0,astro3,cxta
0.6125351389370328,0,astro3,cxta
0.6146126168436267,0,astro3,cxta
0.6067581626627956,0,astro3,cxta
0.6074132954725073,0,astro3,cxta
0.6341999074942809,0,astro3,cxta
0.6447693191962662,0,astro3,cxta
0.6159805212990181,0,astro3,cxta
0.666977046455259,0,astro3,cxta
0.6807899053301999,0,astro3,cxta
0.6632298818716031,0,astro3,cxta
0.64828554035669,0,astro3,cxta
0.638204129634021,0,astro3,cxta
0.6730248163160633,0,astro3,cxta
0.682419757888271,0,astro3,cxta
0.6762442250010992,0,astro3,cxta
0.6648931148706085,0,astro3,cxta
0.6560625440340611,0,astro3,cxta
0.6491911348538667,0,astro3,cxta
0.6271772797290139,0,astro3,cxta
0.6338637941264156,0,astro3,cxta
0.6558824054141704,0,astro3,cxta
0.6489566491301046,0,astro3,cxta
0.6557700236227295,0,astro3,cxta
0.6496982309101423,0,astro3,cxta
0.623876860872928,0,astro3,cxta
0.6535503559918306,0,astro3,cxta
0.6250586175475787,0,astro3,cxta
0.6372313400516373,0,astro3,cxta
0.6181480474284862,0,astro3,cxta
0.5973879224681911,0,astro3,cxta
0.6039273852805651,0,astro3,cxta
0.59344577467623,0,astro3,cxta
0.6348362043546791,0,astro3,cxta
0.6227680134027751,0,astro3,cxta
0.625794810716523,0,astro3,cxta
0.6534937025692091,0,astro3,cxta
0.6536101238565437,0,astro3,cxta
0.6852195306304479,0,astro3,cxta
0.6910420956184686,0,astro3,cxta
0.6738562697845268,0,astro3,cxta
0.6935593499861796,0,astro3,cxta
0.6923506563351628,0,astro3,cxta
0.6892142142242705,0,astro3,cxta
0.7206458605828596,0,astro3,cxta
0.6936839995413413,0,astro3,cxta
0.7364848855389046,0,astro3,cxta
0.7062359491987894,0,astro3,cxta
0.7245229635864131,0,astro3,cxta
0.7092445527819152,0,astro3,cxta
0.7419870934299447,0,astro3,cxta
0.7598921850565515,0,astro3,cxta
0.767192534349867,0,astro3,cxta
0.7540774114677452,0,astro3,cxta
0.7897768782663688,0,astro3,cxta
0.8277146098908085,0,astro3,cxta
0.8236013811763778,0,astro3,cxta
0.8652334368541207,0,astro3,cxta
0.8636593843362386,0,astro3,cxta
0.8651848262822467,0,astro3,cxta
0.8562864480299387,0,astro3,cxta
0.8739119398040492,0,astro3,cxta
0.9050337541140322,0,astro3,cxta
0.8984484102313783,0,astro3,cxta
0.9119272580982198,0,astro3,cxta
0.9484597119578645,0,astro3,cxta
0.9667756274700976,0,astro3,cxta
0.9501904577757708,0,astro3,cxta
0.985234951128321,0,astro3,cxta
0.9763442921476141,0,astro3,cxta
1.0218222299181936,0,astro3,cxta
1.0708477404727412,0,astro3,cxta
1.0841311065982322,0,astro3,cxta
1.1202303400807003,0,astro3,cxta
1.1401736448917599,0,astro3,cxta
1.1339854813148869,0,astro3,cxta
1.1670645123460628,0,astro3,cxta
1.1777816849985456,0,astro3,cxta
1.1761042404223383,0,astro3,cxta
1.1861098807636479,0,astro3,cxta
1.1624846463957492,0,astro3,cxta
1.1768428369181918,0,astro3,cxta
1.2037002723816475,0,astro3,cxta
1.2106146834339504,0,astro3,cxta
1.215954799917074,0,astro3,cxta
1.2205783959472076,0,astro3,cxta
1.2133905493612818,0,astro3,cxta
1.2231005899266787,0,astro3,cxta
1.2419448640164512,0,astro3,cxta
1.2404027806467497,0,astro3,cxta
1.2301592181386425,0,astro3,cxta
1.2644155810648947,0,astro3,cxta
1.2459126350288725,0,astro3,cxta
1.230584893382343,0,astro3,cxta
1.2430570091938422,0,astro3,cxta
1.3146303270413051,0,astro3,cxta
1.303547142526205,0,astro3,cxta
1.306949236761332,0,astro3,cxta
1.33667990135075,0,astro3,cxta
1.3341974867375017,0,astro3,cxta
1.3553365700881947,0,astro3,cxta
1.333711952539525,0,astro3,cxta
1.3469068192292661,0,astro3,cxta
1.3546222700835446,0,astro3,cxta
1.377560012648819,0,astro3,cxta
1.3450167443382075,0,astro3,cxta
1.3226994985062739,0,astro3,cxta
1.3236480784308362,0,astro3,cxta
1.3044271557132874,0,astro3,cxta
1.2468190507577248,0,astro3,cxta
1.2561688747443973,0,astro3,cxta
1.2760313439175817,0,astro3,cxta
1.248396730454276,0,astro3,cxta
1.202777923637175,0,astro3,cxta
1.1430789896185518,0,astro3,cxta
1.0937744689733075,0,astro3,cxta
1.156005500428719,0,astro3,cxta
1.129568193688368,0,astro3,cxta
1.1112492639160407,0,astro3,cxta
1.1095964847217683,0,astro3,cxta
1.0867082152889889,0,astro3,cxta
1.074624015832772,0,astro3,cxta
1.0858611557333213,0,astro3,cxta
1.097923558538729,0,astro3,cxta
1.071748150945498,0,astro3,cxta
1.0449479917062359,0,astro3,cxta
1.0658531276677807,0,astro3,cxta
1.0700132138805791,0,astro3,cxta
1.0754817777585008,0,astro3,cxta
1.0392133302119455,0,astro3,cxta
1.0305851421501688,0,astro3,cxta
1.038112720186999,0,astro3,cxta
1.0378998672125375,0,astro3,cxta
1.0334769576038862,0,astro3,cxta
1.0360387227441064,0,astro3,cxta
1.0227840489580267,0,astro3,cxta
0.9757313806504928,0,astro3,cxta
1.0141965065585636,0,astro3,cxta
1.021361839747072,0,astro3,cxta
1.0294938264411564,0,astro3,cxta
1.0102197666442425,0,astro3,cxta
0.9969096472301224,0,astro3,cxta
0.9938483637651193,0,astro3,cxta
0.9430304847089547,0,astro3,cxta
0.9523436455041195,0,astro3,cxta
0.9242194989346763,0,astro3,cxta
0.8743697291862124,0,astro3,cxta
0.8784157113297638,0,astro3,cxta
0.8481152833541254,0,astro3,cxta
0.8635367961229361,0,astro3,cxta
0.8894597572678503,0,astro3,cxta
0.8646569333573579,0,astro3,cxta
0.8475178213091732,0,astro3,cxta
0.8435875557655828,0,astro3,cxta
0.8401123398017559,0,astro3,cxta
0.8480776007233125,0,astro3,cxta
0.8760449004773804,0,astro3,cxta
0.8645265363460526,0,astro3,cxta
0.8707111866194098,0,astro3,cxta
0.8518141217881208,0,astro3,cxta
0.8620170293784181,0,astro3,cxta
0.8695845314229521,0,astro3,cxta
0.8541246979366212,0,astro3,cxta
0.8498302383069062,0,astro3,cxta
0.8222375335600848,0,astro3,cxta
0.8392942075107372,0,astro3,cxta
0.7886443741623604,0,astro3,cxta
0.8141877362599896,0,astro3,cxta
0.807696134256817,0,astro3,cxta
0.7866105633942484,0,astro3,cxta
0.7788393163239471,0,astro3,cxta
0.792116944738584,0,astro3,cxta
0.8137959548514303,0,astro3,cxta
0.7900016186838231,0,astro3,cxta
0.7887184435317255,0,astro3,cxta
0.8016173667240835,0,astro3,cxta
0.7586456366205195,0,astro3,cxta
0.777253859073054,0,astro3,cxta
0.7730191946661363,0,astro3,cxta
0.7623633213286358,0,astro3,cxta
0.7630594332113058,0,astro3,cxta
0.743911148890484,0,astro3,cxta
0.7441703880490431,0,astro3,cxta
0.7633870590909327,0,astro3,cxta
0.7408981703889456,0,astro3,cxta
0.7443450952068464,0,astro3,cxta
0.739316993180783,0,astro3,cxta
0.7623203528573664,0,astro3,cxta
0.7368434332028484,0,astro3,cxta
0.7463153121063723,0,astro3,cxta
0.7630373042180567,0,astro3,cxta
0.727556756919777,0,astro3,cxta
0.7157775427801525,0,astro3,cxta
0.7274404594589066,0,astro3,cxta
0.7485517607184063,0,astro3,cxta
0.7794727809151464,0,astro3,cxta
0.7611262547850008,0,astro3,cxta
0.7583612234240353,0,astro3,cxta
0.762860571023909,0,astro3,cxta
0.7773613382506213,0,astro3,cxta
0.7419749652273545,0,astro3,cxta
0.7567900220248318,0,astro3,cxta
0.7327337988478863,0,astro3,cxta
0.7554914474947235,0,astro3,cxta
0.7653087161070453,0,astro3,cxta
0.7446977185462922,0,astro3,cxta
0.7103820908455445,0,astro3,cxta
0.7381012912988804,0,astro3,cxta
0.7328180411402485,0,astro3,cxta
0.7053968872306811,0,astro3,cxta
0.700610843933368,0,astro3,cxta
0.6874381891925262,0,astro3,cxta
0.7042574619280412,0,astro3,cxta
0.6874914064389421,0,astro3,cxta
0.7074435801339348,0,astro3,cxta
0.7119457919301977,0,astro3,cxta
0.7060763163606864,0,astro3,cxta
0.6928702428222391,0,astro3,cxta
0.6960480506657606,0,astro3,cxta
0.7137114426129798,0,astro3,cxta
0.6923817607285975,0,astro3,cxta
0.6811818446916786,0,astro3,cxta
0.7000743220602378,0,astro3,cxta
0.628495081309282,0,astro3,cxta
0.6403083861395349,0,astro3,cxta
0.6425181921451784,0,astro3,cxta
0.5967622080505796,0,astro3,cxta
0.5961118084248294,0,astro3,cxta
0.5922843905240766,0,astro3,cxta
0.5674710798931325,0,astro3,cxta
0.5301520773026854,0,astro3,cxta
0.5451791407313918,0,astro3,cxta
0.5746868553340677,0,astro3,cxta
0.5574609197475878,0,astro3,cxta
0.5537175502115581,0,astro3,cxta
0.5712042812174624,0,astro3,cxta
0.538471708208917,0,astro3,cxta
0.5290720165526718,0,astro3,cxta
0.5298863077379208,0,astro3,cxta
0.5640318934257912,0,astro3,cxta
0.5332268406923624,0,astro3,cxta
0.5056103181646383,0,astro3,cxta
0.5207684352931969,0,astro3,cxta
0.5369792012564713,0,astro3,cxta
0.5407038154673899,0,astro3,cxta
0.545624496297087,0,astro3,cxta
0.5437940511867515,0,astro3,cxta
0.5313129543485813,0,astro3,cxta
0.5526300470142479,0,astro3,cxta
0.5373051687177434,0,astro3,cxta
0.5359658259043423,0,astro3,cxta
0.5467276043491196,0,astro3,cxta
0.5392251828082184,0,astro3,cxta
0.5279880590061055,0,astro3,cxta
0.57961188504722,0,astro3,cxta
0.5588017317359576,0,astro3,cxta
0.5540145596216229,0,astro3,cxta
0.5430661539383042,0,astro3,cxta
0.5495036873869326,0,astro3,cxta
0.550671073801662,0,astro3,cxta
0.5271829728219071,0,astro3,cxta
0.5336861748516437,0,astro3,cxta
0.5489523285313069,0,astro3,cxta
0.5513327665713186,0,astro3,cxta
0.5393946566578415,0,astro3,cxta
0.5654052884632403,0,astro3,cxta
0.5356261875851293,0,astro3,cxta
0.564804736677551,0,astro3,cxta
0.5704768831232591,0,astro3,cxta
0.5737920158395866,0,astro3,cxta
0.5738160028349512,0,astro3,cxta
0.5594639565021763,0,astro3,cxta
0.5399959383499007,0,astro3,cxta
0.5528977562758924,0,astro3,cxta
0.581659678232793,0,astro3,cxta
0.5895793287292012,0,astro3,cxta
0.5871814548132679,0,astro3,cxta
0.5405474343737345,0,astro3,cxta
0.535714987674651,0,astro3,cxta
0.5451832233959223,0,astro3,cxta
0.550095154644664,0,astro3,cxta
0.5511380515641066,0,astro3,cxta
0.5473916526536463,0,astro3,cxta
0.5393160048631875,0,astro3,cxta
0.5532358410505797,0,astro3,cxta
0.540578635273239,0,astro3,cxta
0.5536300902160983,0,astro3,cxta
0.5496271783361579,0,astro3,cxta
0.5121054488882504,0,astro3,cxta
0.496342523353695,0,astro3,cxta
0.49451985403504717,0,astro3,cxta
0.49831383949188984,0,astro3,cxta
0.5166741432640658,0,astro3,cxta
0.5185439615743836,0,astro3,cxta
0.5026005825941257,0,astro3,cxta
0.4937124199437851,0,astro3,cxta
0.505173001565262,0,astro3,cxta
0.5014636881277967,0,astro3,cxta
0.5392848792649184,0,astro3,cxta
0.5371832126527596,0,astro3,cxta
0.49896076370092074,0,astro3,cxta
0.5047759768864347,0,astro3,cxta
0.4859149867587337,0,astro3,cxta
0.5189347524898029,0,astro3,cxta
0.5435971059022953,0,astro3,cxta
0.5249883075115476,0,astro3,cxta
0.5158904882660428,0,astro3,cxta
0.5146898881083206,1,astro3,cxta
0.5077200571373304,1,astro3,cxta
0.5137029682106065,1,astro3,cxta
0.503301848577816,1,astro3,cxta
0.5460976873035643,1,astro3,cxta
0.5288523297544379,1,astro3,cxta
0.5373143009842783,1,astro3,cxta
0.5102449979191543,1,astro3,cxta
0.5383131392341468,1,astro3,cxta
0.5151869809089913,1,astro3,cxta
0.5280516817419508,1,astro3,cxta
0.5545894450422703,1,astro3,cxta
0.550264573366059,1,astro3,cxta
0.5383873587694539,1,astro3,cxta
0.5433271737527631,0,astro3,cxta
0.5512174332532068,0,astro3,cxta
0.5487079847263976,0,astro3,cxta
0.5268094179514432,0,astro3,cxta
0.557555008095539,0,astro3,cxta
0.5655707120213521,0,astro3,cxta
0.5698711253588884,0,astro3,cxta
0.5623693325548405,0,astro3,cxta
0.554028193058432,0,astro3,cxta
0.5625843428213377,0,astro3,cxta
0.5785460476297533,0,astro3,cxta
0.5587885343257081,0,astro3,cxta
0.5554405592734734,0,astro3,cxta
0.5707740440969333,0,astro3,cxta
0.5796250984624679,0,astro3,cxta
0.6103384821119611,0,astro3,cxta
0.5865089244902884,0,astro3,cxta
0.5749050739491092,0,astro3,cxta
0.5519950584382007,0,astro3,cxta
0.5634135982412065,0,astro3,cxta
0.5546950330042808,0,astro3,cxta
0.593795604584007,1,astro3,cxta
0.5701201673893508,1,astro3,cxta
0.5454194866502616,1,astro3,cxta
0.5644183002988012,1,astro3,cxta
0.5485658438341513,1,astro3,cxta
0.5372787769116257,1,astro3,cxta
0.541905002314699,1,astro3,cxta
0.5521441951232078,1,astro3,cxta
0.5496630132783902,1,astro3,cxta
0.5481204195020187,1,astro3,cxta
0.5146826394655861,1,astro3,cxta
0.5027905258179406,1,astro3,cxta
0.5178776212023211,1,astro3,cxta
0.5164866229434675,1,astro3,cxta
0.4844008122032973,1,astro3,cxta
0.5005936016581055,1,astro3,cxta
0.4943149742277762,1,astro3,cxta
0.503885375045003,1,astro3,cxta
0.49945455482986606,1,astro3,cxta
0.49975510662987926,1,astro3,cxta
0.5112303966214413,1,astro3,cxta
0.4944022256541954,1,astro3,cxta
0.49406936891253944,1,astro3,cxta
0.531163893437728,1,astro3,cxta
0.5619838667906057,1,astro3,cxta
0.5719496337107637,1,astro3,cxta
0.5471078169662699,1,astro3,cxta
0.5543285718162965,1,astro3,cxta
0.5233834329987471,1,astro3,cxta
0.5634466246168842,1,astro3,cxta
0.5586150914099088,1,astro3,cxta
0.5514675123926284,1,astro3,cxta
0.5475434652603595,1,astro3,cxta
0.5323472170704232,1,astro3,cxta
0.5007852723132802,1,astro3,cxta
0.5324561120212549,1,astro3,cxta
0.5207724353198098,1,astro3,cxta
0.557223456775835,1,astro3,cxta
0.5498831802121604,1,astro3,cxta
0.49932053318111913,1,astro3,cxta
0.5573638391980866,1,astro3,cxta
0.516825348458184,1,astro3,cxta
0.5268797049329504,1,astro3,cxta
0.4906872616178352,1,astro3,cxta
0.4530036870856845,1,astro3,cxta
0.49563903478612187,1,astro3,cxta
0.5076143909937705,1,astro3,cxta
0.5258979564335637,1,astro3,cxta
0.5216213975661108,1,astro3,cxta
0.5194671260494022,1,astro3,cxta
0.4973864666428501,1,astro3,cxta
0.502735917215059,1,astro3,cxta
0.5227308740629009,1,astro3,cxta
0.5244597037679101,1,astro3,cxta
0.5024678208804249,1,astro3,cxta
0.47816135718606045,1,astro3,cxta
0.4721018035823487,1,astro3,cxta
0.4516665829163457,1,astro3,cxta
0.4485308529441094,1,astro3,cxta
0.47563179201538675,1,astro3,cxta
0.4897271125750731,0,astro3,cxta
0.5034763743438452,0,astro3,cxta
0.4963996398480951,0,astro3,cxta
0.48966841568773606,0,astro3,cxta
0.48489050278687107,0,astro3,cxta
0.48839397052990013,0,astro3,cxta
0.4661497126299832,0,astro3,cxta
0.477792066895048,0,astro3,cxta
0.4931256882540573,0,astro3,cxta
0.5023998781725585,0,astro3,cxta
0.49762746598542645,0,astro3,cxta
0.4936331697167233,0,astro3,cxta
0.46535951802405434,0,astro3,cxta
0.46626321500500567,0,astro3,cxta
0.4547422416651397,0,astro3,cxta
0.479945326571373,0,astro3,cxta
0.4821347315466742,0,astro3,cxta
0.49440938697809506,0,astro3,cxta
0.4873583758163897,0,astro3,cxta
0.4919313766201381,0,astro3,cxta
0.5099476475158314,0,astro3,cxta
0.5026597332111522,0,astro3,cxta
0.4915781988191705,0,astro3,cxta
0.48444253818285715,0,astro3,cxta
0.4702639194097326,0,astro3,cxta
0.43918003223266705,0,astro3,cxta
0.44100821483106595,0,astro3,cxta
0.4533712444972757,0,astro3,cxta
0.48204433486642134,0,astro3,cxta
0.4277659060673912,0,astro3,cxta
0.4537781894872504,0,astro3,cxta
0.42781770032736,0,astro3,cxta
0.4157411457245846,0,astro3,cxta
0.4622900786188639,0,astro3,cxta
0.4678223299973341,0,astro3,cxta
0.47805647489134595,0,astro3,cxta
0.47487211362397375,0,astro3,cxta
0.46363624443034174,0,astro3,cxta
0.457927447651411,0,astro3,cxta
0.408670134496094,0,astro3,cxta
0.4516084162103821,0,astro3,cxta
0.4470410356209757,0,astro3,cxta
0.46452049512278676,0,astro3,cxta
0.4868620717128691,0,astro3,cxta
0.48628433514411395,0,astro3,cxta
0.5112608783642342,0,astro3,cxta
0.5038915075731769,0,astro3,cxta
0.504744082983735,0,astro3,cxta
0.5113848220689826,0,astro3,cxta
0.4960140499298055,0,astro3,cxta
0.5196539201312212,0,astro3,cxta
0.49835255493835456,0,astro3,cxta
0.5418584697588132,0,astro3,cxta
0.5449072467473908,0,astro3,cxta
0.541832271929744,0,astro3,cxta
0.5503651147448033,0,astro3,cxta
0.5422520575136428,0,astro3,cxta
0.5472002891123686,0,astro3,cxta
0.567615353276484,0,astro3,cxta
0.5616502530806537,0,astro3,cxta
0.5462402463475057,0,astro3,cxta
0.5536117272051229,0,astro3,cxta
0.6038348949558681,0,astro3,cxta
0.6058676436650815,0,astro3,cxta
0.5868577242248824,0,astro3,cxta
0.6098362460818393,0,astro3,cxta
0.6165543756498496,0,astro3,cxta
0.6378562508589388,0,astro3,cxta
0.6188664979806012,0,astro3,cxta
0.5890927233032496,0,astro3,cxta
0.6337525710706425,0,astro3,cxta
0.6447942022057273,0,astro3,cxta
0.6441291746552135,0,astro3,cxta
0.6482261609372589,0,astro3,cxta
0.6547349230720333,0,astro3,cxta
0.686800235787305,0,astro3,cxta
0.7516752985027496,0,astro3,cxta
0.7821433650827952,0,astro3,cxta
0.7451552193903817,0,astro3,cxta
0.7274737521013263,0,astro3,cxta
0.7250505700967315,0,astro3,cxta
0.7519867917836439,0,astro3,cxta
0.7646400289956882,0,astro3,cxta
0.769486345811438,0,astro3,cxta
0.7562700309909446,0,astro3,cxta
0.7959892191948115,0,astro3,cxta
0.7741918662453775,0,astro3,cxta
0.769667879749162,0,astro3,cxta
0.788724947516213,0,astro3,cxta
0.7949556749363786,0,astro3,cxta
0.8148936514526779,0,astro3,cxta
0.7944650827580083,0,astro3,cxta
0.848480865111673,0,astro3,cxta
0.8528237639050767,0,astro3,cxta
0.8404095258098608,0,astro3,cxta
0.836969758152246,0,astro3,cxta
0.8539761785977287,0,astro3,cxta
0.906288723775919,0,astro3,cxta
0.9150747282579976,0,astro3,cxta
0.9388269707989062,0,astro3,cxta
0.9231388326359804,0,astro3,cxta
0.9568846982597425,0,astro3,cxta
0.9735646109423386,0,astro3,cxta
0.9904399868405095,0,astro3,cxta
0.992263826385295,0,astro3,cxta
1.0151687457864942,0,astro3,cxta
1.0199687206031869,0,astro3,cxta
1.0291164447594598,0,astro3,cxta
1.0497446499602894,0,astro3,cxta
1.0440082257894683,0,astro3,cxta
1.0524504070709149,0,astro3,cxta
1.0535896149504775,0,astro3,cxta
1.0633553664803352,0,astro3,cxta
1.074907825045098,0,astro3,cxta
1.0967404965295988,0,astro3,cxta
1.0905263827343599,0,astro3,cxta
1.0957101823257507,0,astro3,cxta
1.1095600310780096,0,astro3,cxta
1.1546060111458336,0,astro3,cxta
1.156546751644974,0,astro3,cxta
1.1504624054307753,0,astro3,cxta
1.1295428731368962,0,astro3,cxta
1.1654245883019971,0,astro3,cxta
1.21042116013637,0,astro3,cxta
1.2159815234921911,0,astro3,cxta
1.1892521767569388,0,astro3,cxta
1.210394411229987,0,astro3,cxta
1.2342472441710413,0,astro3,cxta
1.203489545170276,0,astro3,cxta
1.2333180168827778,0,astro3,cxta
1.2690437310199194,0,astro3,cxta
1.2515250224546255,0,astro3,cxta
1.2820413306986764,0,astro3,cxta
1.2943147124391523,0,astro3,cxta
1.3062248079217191,0,astro3,cxta
1.319075005297279,0,astro3,cxta
1.3302836342402964,0,astro3,cxta
1.3299854563087656,0,astro3,cxta
1.3377696271694328,0,astro3,cxta
1.386762181824368,0,astro3,cxta
1.46897997509042,0,astro3,cxta
1.4829925625438831,0,astro3,cxta
1.4798947620946135,0,astro3,cxta
1.4763504536263525,0,astro3,cxta
1.5059201225993208,0,astro3,cxta
1.5179981387794068,0,astro3,cxta
1.5394082703275083,0,astro3,cxta
1.5561731290846035,0,astro3,cxta
1.575982045022402,0,astro3,cxta
1.5879601539275012,0,astro3,cxta
1.6016832315118452,0,astro3,cxta
1.6040685020923449,0,astro3,cxta
1.6566293871186828,0,astro3,cxta
1.637205790960124,0,astro3,cxta
1.6202172031859279,0,astro3,cxta
1.6386514671600498,0,astro3,cxta
1.6862033514915036,0,astro3,cxta
1.7100337861917312,0,astro3,cxta
1.7284232193838351,0,astro3,cxta
1.7559748823917496,0,astro3,cxta
1.7107129811230346,0,astro3,cxta
1.714512362230441,0,astro3,cxta
1.7088258533789964,0,astro3,cxta
1.7422164015355204,1,astro3,cxta
1.728399986916301,1,astro3,cxta
1.7327901828785128,1,astro3,cxta
1.715866784962782,1,astro3,cxta
1.7155077608853686,1,astro3,cxta
1.7235413657424306,1,astro3,cxta
1.701953703962763,1,astro3,cxta
1.7086861869150614,1,astro3,cxta
1.7058334569294455,1,astro3,cxta
1.695010365836569,1,astro3,cxta
1.6967188252928658,1,astro3,cxta
1.7273277443792974,1,astro3,cxta
1.7066497992903196,1,astro3,cxta
1.6866634893369177,1,astro3,cxta
1.720166082657622,1,astro3,cxta
1.7391541030497617,1,astro3,cxta
1.7296022416607177,1,astro3,cxta
1.7370841254199914,0,astro3,cxta
1.7501707761606267,0,astro3,cxta
1.7774828581410633,0,astro3,cxta
1.7486274044362295,0,astro3,cxta
1.7524524285121492,0,astro3,cxta
1.7579301213495333,0,astro3,cxta
1.7831210728964562,0,astro3,cxta
1.798634078078997,0,astro3,cxta
1.713140524293355,0,astro3,cxta
1.6516420471057354,0,astro3,cxta
1.625258872985836,0,astro3,cxta
1.6034520676580444,0,astro3,cxta
1.5714494729238653,0,astro3,cxta
1.513839541675715,0,astro3,cxta
1.496474500020794,0,astro3,cxta
1.447918135712676,0,astro3,cxta
1.413131254905678,0,astro3,cxta
1.3700388233700798,0,astro3,cxta
1.311174689757579,0,astro3,cxta
1.2432088773441465,0,astro3,cxta
1.224051224961131,0,astro3,cxta
1.233598514568486,0,astro3,cxta
1.2015218973126771,0,astro3,cxta
1.1513311758419762,0,astro3,cxta
1.1150292515397309,0,astro3,cxta
1.1036920662050143,0,astro3,cxta
1.045534173936604,0,astro3,cxta
1.0236393718108987,0,astro3,cxta
1.009834012082904,0,astro3,cxta
0.9524973031644767,0,astro3,cxta
0.9476380853166856,0,astro3,cxta
0.9584289049555756,0,astro3,cxta
0.946056394198965,0,astro3,cxta
0.9373204470826162,0,astro3,cxta
0.8758987022031431,0,astro3,cxta
0.8436528186158415,0,astro3,cxta
0.8427546422496671,0,astro3,cxta
0.8372937324431536,0,astro3,cxta
0.8409768011721052,0,astro3,cxta
0.8994419992683409,0,astro3,cxta
0.8874413476043254,0,astro3,cxta
0.8407062625302808,0,astro3,cxta
0.8629033904865806,0,astro3,cxta
0.881073133125239,0,astro3,cxta
0.8523433844164264,0,astro3,cxta
0.8427949977524903,0,astro3,cxta
0.7795390108841415,0,astro3,cxta
0.798631689919692,0,astro3,cxta
0.7890159429458886,0,astro3,cxta
0.7620697554219545,0,astro3,cxta
0.7257357861737739,0,astro3,cxta
0.7304843808754145,0,astro3,cxta
0.6954651370107849,0,astro3,cxta
0.6899226389346965,0,astro3,cxta
0.6909548395689339,0,astro3,cxta
0.6727696896393293,0,astro3,cxta
0.6545096152909194,0,astro3,cxta
0.6562854205206571,0,astro3,cxta
0.6650998569158363,0,astro3,cxta
0.6557534492459751,0,astro3,cxta
0.6412033152305695,0,astro3,cxta
0.6395873110374881,0,astro3,cxta
0.6494238730134554,0,astro3,cxta
0.6440480587695331,0,astro3,cxta
0.6339136957740777,0,astro3,cxta
0.6102197667475041,0,astro3,cxta
0.5961048641319482,0,astro3,cxta
0.6119664785722392,0,astro3,cxta
0.6119602516843803,0,astro3,cxta
0.5913212913712085,0,astro3,cxta
0.6113475909496053,0,astro3,cxta
0.5896335153037595,0,astro3,cxta
0.5774599937622095,0,astro3,cxta
0.5646850342613572,0,astro3,cxta
0.5682094917034162,0,astro3,cxta
0.5413997049315136,0,astro3,cxta
0.5846215919677646,0,astro3,cxta
0.5950923852075329,0,astro3,cxta
0.6055992966499726,0,astro3,cxta
0.5690737589877088,0,astro3,cxta
0.5713210805758276,0,astro3,cxta
0.5918930614726109,0,astro3,cxta
0.557168444711176,0,astro3,cxta
0.5341165162147977,0,astro3,cxta
0.5427230346187598,0,astro3,cxta
0.5282060956941628,0,astro3,cxta
0.5372505331476405,0,astro3,cxta
0.5242464605038685,0,astro3,cxta
0.5408136642692151,0,astro3,cxta
0.5580847241699441,0,astro3,cxta
0.5383344792141895,0,astro3,cxta
0.5227395127546216,0,astro3,cxta
0.5297961137388711,0,astro3,cxta
0.5369441993390661,0,astro3,cxta
0.48801883062312945,0,astro3,cxta
0.49831209961860357,0,astro3,cxta
0.532040881210182,0,astro3,cxta
0.5004119336562152,0,astro3,cxta
0.500883362656273,0,astro3,cxta
0.49611794901074685,0,astro3,cxta
0.5028845560963757,0,astro3,cxta
0.5094158409686402,0,astro3,cxta
0.5027408116705845,0,astro3,cxta
0.5031145079689546,0,astro3,cxta
0.5076618013815474,0,astro3,cxta
0.48654806929447975,0,astro3,cxta
0.5125120066326867,0,astro3,cxta
0.5132738136144376,0,astro3,cxta
0.5178037664978749,0,astro3,cxta
0.4955593673228423,0,astro3,cxta
0.4680054970627866,0,astro3,cxta
0.47592923120290626,0,astro3,cxta
0.4575998353972264,0,astro3,cxta
0.4748866905041901,0,astro3,cxta
0.46595904022093765,0,astro3,cxta
0.4870661642616628,0,astro3,cxta
0.4850683170536864,0,astro3,cxta
0.48113326240852944,0,astro3,cxta
0.46398075723547694,0,astro3,cxta
0.4653549050152091,0,astro3,cxta
0.46165528317367,0,astro3,cxta
0.4680468890673122,0,astro3,cxta
0.454663285474621,0,astro3,cxta
0.4559345542786785,0,astro3,cxta
0.41600126087217576,0,astro3,cxta
0.4587012342682783,0,astro3,cxta
3.5505268478839334,0,astro4,cxta
2.493424283755184,0,astro4,cxta
2.280796193628269,0,astro4,cxta
2.1893187090745867,0,astro4,cxta
2.1383565339975723,0,astro4,cxta
2.1307515706701845,0,astro4,cxta
2.103846443460506,0,astro4,cxta
2.0584729204874357,0,astro4,cxta
1.998168424385479,0,astro4,cxta
1.9878764775971183,0,astro4,cxta
1.934380931465416,0,astro4,cxta
1.8786785612357684,0,astro4,cxta
1.8400479012173006,0,astro4,cxta
1.7962589541111325,0,astro4,cxta
1.760971645583915,0,astro4,cxta
1.7081255645416202,0,astro4,cxta
1.6828868866603255,0,astro4,cxta
1.6506409655201517,0,astro4,cxta
1.610590341794885,0,astro4,cxta
1.5461254544419747,0,astro4,cxta
1.5305677227585364,0,astro4,cxta
1.4928997085021258,0,astro4,cxta
1.4737057512260778,0,astro4,cxta
1.4712711093691964,0,astro4,cxta
1.4325789397206607,0,astro4,cxta
1.3884561792534207,0,astro4,cxta
1.3410996338929693,0,astro4,cxta
1.3508653388318255,0,astro4,cxta
1.3377993512045228,0,astro4,cxta
1.2961868752789518,0,astro4,cxta
1.276804165360954,0,astro4,cxta
1.2782188481313514,0,astro4,cxta
1.183548714169968,0,astro4,cxta
1.1823039217352735,0,astro4,cxta
1.2043691561906138,0,astro4,cxta
1.1977388891500478,0,astro4,cxta
1.1506387944464247,0,astro4,cxta
1.1686566593088767,0,astro4,cxta
1.1546883471666296,0,astro4,cxta
1.1737814246521754,0,astro4,cxta
1.0690715885738367,0,astro4,cxta
1.0257209049766014,0,astro4,cxta
1.0239792118538156,0,astro4,cxta
1.017635208390838,0,astro4,cxta
1.0223766048158338,0,astro4,cxta
1.0138163730171579,0,astro4,cxta
1.006925600206163,0,astro4,cxta
1.0106869115752364,0,astro4,cxta
0.9855736168737641,0,astro4,cxta
0.9969916373557502,0,astro4,cxta
0.9769627336308184,0,astro4,cxta
0.9590523612291662,0,astro4,cxta
0.9730599196727597,0,astro4,cxta
1.0060893845316072,0,astro4,cxta
0.9915486093273334,0,astro4,cxta
0.9494584491531088,0,astro4,cxta
1.006311995772782,0,astro4,cxta
1.0083785807616958,0,astro4,cxta
0.9940131991682938,0,astro4,cxta
1.0074545475210241,0,astro4,cxta
0.9711248127324075,0,astro4,cxta
0.9833575663484618,0,astro4,cxta
0.9788785745194578,0,astro4,cxta
0.9308012340798386,0,astro4,cxta
0.9388131242261663,0,astro4,cxta
0.9052936889205525,0,astro4,cxta
0.922787390546243,0,astro4,cxta
0.9016436266829241,0,astro4,cxta
0.9071680063412988,0,astro4,cxta
0.9029562609474863,0,astro4,cxta
0.9033381330709773,0,astro4,cxta
0.9123444944158682,0,astro4,cxta
0.9357466526870376,0,astro4,cxta
0.905138556502275,0,astro4,cxta
0.9131226346550806,0,astro4,cxta
0.8937201355372193,0,astro4,cxta
0.9278216771903163,0,astro4,cxta
0.9000917310302491,0,astro4,cxta
0.9108095423935658,0,astro4,cxta
0.8864015126090051,0,astro4,cxta
0.8904885251558968,0,astro4,cxta
0.8840076675399676,0,astro4,cxta
0.8450927111928507,0,astro4,cxta
0.8607022412567817,0,astro4,cxta
0.9001045597921354,0,astro4,cxta
0.9044140667281193,0,astro4,cxta
0.9035836340937528,0,astro4,cxta
0.8804391682719198,0,astro4,cxta
0.8566699323679534,0,astro4,cxta
0.883535925050252,0,astro4,cxta
0.8665617451778673,0,astro4,cxta
0.8760387184067434,0,astro4,cxta
0.8726629662169996,0,astro4,cxta
0.8705215151537575,0,astro4,cxta
0.8334162102547577,0,astro4,cxta
0.8294103193571241,0,astro4,cxta
0.7973368222609486,0,astro4,cxta
0.8165286608236736,0,astro4,cxta
0.8341521163846625,0,astro4,cxta
0.8245835799864952,0,astro4,cxta
0.8650072041340119,0,astro4,cxta
0.8517589094298117,0,astro4,cxta
0.8363508723938355,0,astro4,cxta
0.8715627247442839,0,astro4,cxta
0.8479380335387837,0,astro4,cxta
0.8398913831937804,0,astro4,cxta
0.8122847286335575,0,astro4,cxta
0.8036469251883637,0,astro4,cxta
0.7932685068832581,0,astro4,cxta
0.7969292737499718,0,astro4,cxta
0.843264828328382,0,astro4,cxta
0.8020575321532465,0,astro4,cxta
0.8386427160500307,0,astro4,cxta
0.8547176713068915,0,astro4,cxta
0.7859078046775216,0,astro4,cxta
0.8046253886467333,0,astro4,cxta
0.8569690290691628,0,astro4,cxta
0.861247041503844,0,astro4,cxta
0.8618297880610967,0,astro4,cxta
0.8680343806292788,0,astro4,cxta
0.8849317857958853,0,astro4,cxta
0.8849990863754915,0,astro4,cxta
0.8364645854742281,0,astro4,cxta
0.8689930268413671,0,astro4,cxta
0.8944259176896991,0,astro4,cxta
0.8857557910184352,0,astro4,cxta
0.9018868778948622,0,astro4,cxta
0.8669764683368056,0,astro4,cxta
0.8811166443126328,0,astro4,cxta
0.8661450980699222,0,astro4,cxta
0.8780571574942981,0,astro4,cxta
0.9097291091807238,0,astro4,cxta
0.907706050766342,0,astro4,cxta
0.8975323732697887,0,astro4,cxta
0.9228229275106705,0,astro4,cxta
0.9000296437590829,0,astro4,cxta
0.8908043321443018,0,astro4,cxta
0.8843964111304378,0,astro4,cxta
0.845163082345426,0,astro4,cxta
0.8920076576884176,0,astro4,cxta
0.8756891702842223,0,astro4,cxta
0.8681141431088973,0,astro4,cxta
0.8289687118779157,0,astro4,cxta
0.8622644124932103,0,astro4,cxta
0.8631199339890204,0,astro4,cxta
0.9135297172905816,0,astro4,cxta
0.9309049390736431,0,astro4,cxta
0.935041663061087,0,astro4,cxta
0.9114331884229664,0,astro4,cxta
0.9125999464688993,0,astro4,cxta
0.9361539696165093,0,astro4,cxta
0.9825748057944144,0,astro4,cxta
0.9730320220007763,0,astro4,cxta
0.9511959893639452,0,astro4,cxta
0.8975864110464999,0,astro4,cxta
0.8940569005499864,0,astro4,cxta
0.9245385936165565,0,astro4,cxta
0.9118853596853861,0,astro4,cxta
0.909599006140788,0,astro4,cxta
0.9219695417061454,0,astro4,cxta
0.8677247356550963,0,astro4,cxta
0.879525421567436,0,astro4,cxta
0.8920940989003022,0,astro4,cxta
0.9285392373183622,0,astro4,cxta
0.9080975145266659,0,astro4,cxta
0.8960585214612558,0,astro4,cxta
0.8810652132074804,0,astro4,cxta
0.8896073309180834,0,astro4,cxta
0.8755797154137706,0,astro4,cxta
0.9045196903643342,0,astro4,cxta
0.9005071380102916,0,astro4,cxta
0.8818881185360062,0,astro4,cxta
0.8360221710263661,1,astro4,cxta
0.8480120683138807,1,astro4,cxta
0.8582244917856339,1,astro4,cxta
0.8467300685326654,1,astro4,cxta
0.8616866303077418,1,astro4,cxta
0.8592903197064137,1,astro4,cxta
0.9063345793967637,1,astro4,cxta
0.8533542758671838,1,astro4,cxta
0.8542478475937011,1,astro4,cxta
0.8635596679161555,1,astro4,cxta
0.8680637129997792,1,astro4,cxta
0.8694653283781847,1,astro4,cxta
0.8641087227328615,1,astro4,cxta
0.8748353452625208,1,astro4,cxta
0.8751489619820089,1,astro4,cxta
0.8949874593016501,1,astro4,cxta
0.8378810994283679,1,astro4,cxta
0.8745367157996976,1,astro4,cxta
0.8622668542473911,1,astro4,cxta
0.8681982427827024,1,astro4,cxta
0.8572556351376857,1,astro4,cxta
0.8192858444684621,1,astro4,cxta
0.8118663057401757,1,astro4,cxta
0.8458104776026197,1,astro4,cxta
0.8479419494073005,1,astro4,cxta
0.8210800394949151,1,astro4,cxta
0.7774516784516665,1,astro4,cxta
0.7908172297051782,1,astro4,cxta
0.8059387625022665,1,astro4,cxta
0.8208794185026681,1,astro4,cxta
0.8091237961682775,1,astro4,cxta
0.8847452313064259,1,astro4,cxta
0.8786139331845305,1,astro4,cxta
0.8674460931997334,1,astro4,cxta
0.8634722603568498,1,astro4,cxta
0.8149922041624292,1,astro4,cxta
0.7768227703008567,1,astro4,cxta
0.805448829637484,1,astro4,cxta
0.7913823907392648,1,astro4,cxta
0.8192931266515516,1,astro4,cxta
0.8332340898592769,1,astro4,cxta
0.808497204581684,1,astro4,cxta
0.7419128074160749,0,astro4,cxta
0.7408738975156236,0,astro4,cxta
0.7269554751294649,0,astro4,cxta
0.7553658175364005,0,astro4,cxta
0.729071010865535,0,astro4,cxta
0.7261771790376521,0,astro4,cxta
0.7272452101768174,0,astro4,cxta
0.731705016269786,0,astro4,cxta
0.7635716511139446,0,astro4,cxta
0.757164962396034,0,astro4,cxta
0.7786897493281217,0,astro4,cxta
0.7811718521266353,0,astro4,cxta
0.7835517947578968,0,astro4,cxta
0.7813822204160652,0,astro4,cxta
0.7826393684964018,0,astro4,cxta
0.784242695606021,0,astro4,cxta
0.8195565042175293,0,astro4,cxta
0.8555068624755279,0,astro4,cxta
0.8558121992324549,0,astro4,cxta
0.8432633236545828,0,astro4,cxta
0.8221804892435429,0,astro4,cxta
0.8325478661985196,0,astro4,cxta
0.8602648156853955,0,astro4,cxta
0.8615569976638928,0,astro4,cxta
0.8562672952895954,0,astro4,cxta
0.8154232283007945,0,astro4,cxta
0.8486412261526067,0,astro4,cxta
0.883127529732637,0,astro4,cxta
0.8738899038621014,0,astro4,cxta
0.8514926236831095,0,astro4,cxta
0.8750964204917443,0,astro4,cxta
0.8680477998919258,0,astro4,cxta
0.8279829928414251,0,astro4,cxta
0.8429315606588293,0,astro4,cxta
0.8536950696531302,0,astro4,cxta
0.8752684977075554,0,astro4,cxta
0.8392958714804957,0,astro4,cxta
0.8465747515798262,0,astro4,cxta
0.8803247335497266,0,astro4,cxta
0.8639944568996938,0,astro4,cxta
0.8935321121117424,0,astro4,cxta
0.8661227321353612,0,astro4,cxta
0.8404037449981896,0,astro4,cxta
0.8451259860806021,0,astro4,cxta
0.8638086144100435,0,astro4,cxta
0.8644804398604127,0,astro4,cxta
0.8772943368456072,0,astro4,cxta
0.8629129140839674,0,astro4,cxta
0.9032560450380916,0,astro4,cxta
0.8981784289378867,0,astro4,cxta
0.8880766818452441,0,astro4,cxta
0.9401511030252394,0,astro4,cxta
0.9297891283929993,0,astro4,cxta
0.8823669844979032,0,astro4,cxta
0.9112976543190658,0,astro4,cxta
0.8704425572838085,0,astro4,cxta
0.8693063444975241,0,astro4,cxta
0.8795845073259203,0,astro4,cxta
0.8878748600573614,0,astro4,cxta
0.8786223636519581,0,astro4,cxta
0.9046658268185301,0,astro4,cxta
0.8932944545386533,0,astro4,cxta
0.8762726393821574,0,astro4,cxta
0.9313885488930193,0,astro4,cxta
0.9307942123935513,0,astro4,cxta
0.9263012648421128,0,astro4,cxta
0.9556359952598926,0,astro4,cxta
0.9317844839241802,0,astro4,cxta
0.9151109216431742,0,astro4,cxta
0.90932592592588,0,astro4,cxta
0.9198105019060926,0,astro4,cxta
0.9020904227018125,0,astro4,cxta
0.9236123753191255,0,astro4,cxta
0.9232165550507374,0,astro4,cxta
0.9414993369514189,0,astro4,cxta
0.9242158290672415,0,astro4,cxta
0.9577189036328839,0,astro4,cxta
0.9746425345799979,0,astro4,cxta
0.9811387717837485,0,astro4,cxta
0.9893337489788914,0,astro4,cxta
1.0342048451521522,0,astro4,cxta
1.0201043179116458,0,astro4,cxta
1.0085042419047674,0,astro4,cxta
0.9877199063467758,0,astro4,cxta
1.0326528260716799,0,astro4,cxta
1.0579335122006792,0,astro4,cxta
1.0764302552688805,0,astro4,cxta
1.0820806259357558,0,astro4,cxta
1.1348080397898785,0,astro4,cxta
1.0823783268925709,0,astro4,cxta
1.0658279826457235,0,astro4,cxta
1.0472169439456473,0,astro4,cxta
1.0629128485165442,0,astro4,cxta
1.062463800976186,0,astro4,cxta
1.0649768159053021,0,astro4,cxta
1.0087190579710426,0,astro4,cxta
1.0298751254756866,0,astro4,cxta
1.0440858331287717,0,astro4,cxta
1.0635550259694717,0,astro4,cxta
1.0891420420747235,0,astro4,cxta
1.1285555834781793,0,astro4,cxta
1.1085310969763076,0,astro4,cxta
1.147403112078661,0,astro4,cxta
1.1175412627908554,0,astro4,cxta
1.1689100627972524,0,astro4,cxta
1.1397338933457744,0,astro4,cxta
1.1257781855864235,0,astro4,cxta
1.0927081921549318,0,astro4,cxta
1.0802153852037368,0,astro4,cxta
1.1497445825739636,0,astro4,cxta
1.1812728230103444,0,astro4,cxta
1.1629385368200962,0,astro4,cxta
1.202920471958626,0,astro4,cxta
1.162402150668012,0,astro4,cxta
1.1795048213005892,0,astro4,cxta
1.168973537849874,0,astro4,cxta
1.184820762054511,0,astro4,cxta
1.1943132511753716,0,astro4,cxta
1.2170576604283678,0,astro4,cxta
1.231729942370307,0,astro4,cxta
1.2116195840203876,0,astro4,cxta
1.2574777290805947,0,astro4,cxta
1.3104882194016756,0,astro4,cxta
1.289856586554367,0,astro4,cxta
1.2576568088459288,0,astro4,cxta
1.2450968632302821,0,astro4,cxta
1.302804111880889,0,astro4,cxta
1.326330492810999,0,astro4,cxta
1.3276537000736328,0,astro4,cxta
1.3803390751027718,0,astro4,cxta
1.3600913601533051,0,astro4,cxta
1.3325904198009868,0,astro4,cxta
1.3302222243832316,0,astro4,cxta
1.373138600419878,0,astro4,cxta
1.4152071248564055,0,astro4,cxta
1.4043277851929716,0,astro4,cxta
1.4303045972897768,0,astro4,cxta
1.416851604790626,0,astro4,cxta
1.4453810151552284,0,astro4,cxta
1.4759338004061051,0,astro4,cxta
1.4948175463941855,0,astro4,cxta
1.5202925685496103,0,astro4,cxta
1.5358203512834907,0,astro4,cxta
1.5507760215833206,0,astro4,cxta
1.5470290852295863,0,astro4,cxta
1.5728025667002659,0,astro4,cxta
1.6078473951606727,0,astro4,cxta
1.6706266309922702,0,astro4,cxta
1.716456590999525,0,astro4,cxta
1.7062528217461996,0,astro4,cxta
1.7137635491785783,0,astro4,cxta
1.7672531588359115,0,astro4,cxta
1.795811972971983,0,astro4,cxta
1.7967867058118354,0,astro4,cxta
1.7938417573732997,0,astro4,cxta
1.790485394677051,0,astro4,cxta
1.8080086919889484,0,astro4,cxta
1.8632163831762398,0,astro4,cxta
1.8029818717894468,0,astro4,cxta
1.79415169611687,0,astro4,cxta
1.806353828422236,0,astro4,cxta
1.824139745279134,0,astro4,cxta
1.8541785880624986,0,astro4,cxta
1.9137095128613513,0,astro4,cxta
1.9922559671448719,0,astro4,cxta
2.0009919690338522,0,astro4,cxta
1.9526452213346914,0,astro4,cxta
1.9750608445869977,0,astro4,cxta
1.970358572460382,0,astro4,cxta
1.9832612012226905,0,astro4,cxta
1.9670911431593563,0,astro4,cxta
1.9974235123014832,0,astro4,cxta
2.0062575788059673,0,astro4,cxta
1.98068603087249,0,astro4,cxta
1.9867101935654663,0,astro4,cxta
1.991984994314263,0,astro4,cxta
1.947749062315562,0,astro4,cxta
1.9728257598839687,0,astro4,cxta
1.9089653655565293,0,astro4,cxta
1.9462129690253622,0,astro4,cxta
1.9255842298626458,0,astro4,cxta
1.88761644741376,0,astro4,cxta
1.8926891456337782,0,astro4,cxta
1.8804971609680665,0,astro4,cxta
1.837720367768632,0,astro4,cxta
1.7959431824107746,0,astro4,cxta
1.8024990831046988,0,astro4,cxta
1.8572594311806017,0,astro4,cxta
1.8155736532742575,0,astro4,cxta
1.7972946815307378,0,astro4,cxta
1.7666168846329493,0,astro4,cxta
1.7635404076497663,0,astro4,cxta
1.779284310169566,0,astro4,cxta
1.766115269484518,0,astro4,cxta
1.728956522894001,0,astro4,cxta
1.7497034730168064,0,astro4,cxta
1.7034087930107809,0,astro4,cxta
1.664976762452508,0,astro4,cxta
1.6395211508527896,0,astro4,cxta
1.6062228656928692,0,astro4,cxta
1.567365896477358,0,astro4,cxta
1.57034209869041,0,astro4,cxta
1.5437204794570647,0,astro4,cxta
1.502665251300884,0,astro4,cxta
1.4837118520074455,0,astro4,cxta
1.4425641333808252,0,astro4,cxta
1.4289753834000551,0,astro4,cxta
1.4222185895136745,0,astro4,cxta
1.4466200940079494,0,astro4,cxta
1.3884093240759126,0,astro4,cxta
1.3765097773928914,0,astro4,cxta
1.360971303699172,0,astro4,cxta
1.3445035868400796,0,astro4,cxta
1.3026672428776553,0,astro4,cxta
1.3058509245868255,0,astro4,cxta
1.295072288938389,0,astro4,cxta
1.302961280728464,0,astro4,cxta
1.2690045282503306,0,astro4,cxta
1.2751720279633454,0,astro4,cxta
1.2279305266629688,0,astro4,cxta
1.2082715718063517,0,astro4,cxta
1.2201676597230764,0,astro4,cxta
1.20116016739804,0,astro4,cxta
1.1917813523876861,0,astro4,cxta
1.166958067049565,0,astro4,cxta
1.1543157125974732,0,astro4,cxta
1.1618896266887604,0,astro4,cxta
1.1530776728441907,0,astro4,cxta
1.1419286532807607,0,astro4,cxta
1.1833227452648685,0,astro4,cxta
1.2013587592175363,0,astro4,cxta
1.1578799938315314,0,astro4,cxta
1.1314614279763053,0,astro4,cxta
1.1628740180555643,0,astro4,cxta
1.1286061916732961,0,astro4,cxta
1.1698967248374221,0,astro4,cxta
1.2159667467669795,0,astro4,cxta
1.2126818800151276,0,astro4,cxta
1.1924751956429491,0,astro4,cxta
1.1539408822773247,0,astro4,cxta
1.1364408732633193,0,astro4,cxta
1.128558315493653,0,astro4,cxta
1.097046235121781,0,astro4,cxta
1.1163984461969476,0,astro4,cxta
1.0861279665219787,0,astro4,cxta
1.1254912554079919,0,astro4,cxta
1.1109467605779195,0,astro4,cxta
1.1407427470474685,0,astro4,cxta
1.137012721589914,0,astro4,cxta
1.1242651335564415,0,astro4,cxta
1.0846141017572728,0,astro4,cxta
1.0816820243354266,0,astro4,cxta
1.1142538912272222,0,astro4,cxta
1.1167078136463144,0,astro4,cxta
1.0599980948395669,0,astro4,cxta
1.0196859944550452,0,astro4,cxta
1.0313191382499325,0,astro4,cxta
1.0293499299396498,0,astro4,cxta
1.0051517037035251,0,astro4,cxta
1.0309665125438128,0,astro4,cxta
1.0431700615806185,0,astro4,cxta
1.0485850291349605,0,astro4,cxta
1.0495520863159216,0,astro4,cxta
1.0579447366103842,0,astro4,cxta
1.0415487873290996,0,astro4,cxta
1.0279391836784542,0,astro4,cxta
1.0426294036373904,0,astro4,cxta
1.099501802801096,0,astro4,cxta
1.0278738381098143,0,astro4,cxta
1.0206902128519986,0,astro4,cxta
0.9965437291481101,0,astro4,cxta
1.003895917631511,0,astro4,cxta
1.0338020476210674,0,astro4,cxta
1.0134418403770458,0,astro4,cxta
0.9775338524195066,0,astro4,cxta
0.9877539600382477,0,astro4,cxta
0.9839964465806865,0,astro4,cxta
0.9846310558988656,0,astro4,cxta
0.9608010831512438,0,astro4,cxta
0.968663201327055,0,astro4,cxta
0.9627184400700787,0,astro4,cxta
0.9527471550630328,0,astro4,cxta
0.938566169184016,0,astro4,cxta
0.9792140225211236,0,astro4,cxta
0.9452833530100098,0,astro4,cxta
0.9512971598303318,0,astro4,cxta
1.046504728407853,0,astro4,cxta
1.0183846905032967,0,astro4,cxta
1.0050043427448898,0,astro4,cxta
1.0285373069265045,0,astro4,cxta
1.029508556416419,0,astro4,cxta
0.9771533923876998,0,astro4,cxta
0.9982992278800962,0,astro4,cxta
0.9919512489124569,0,astro4,cxta
0.9832931431421881,0,astro4,cxta
0.9937724092842036,0,astro4,cxta
1.0055717782400773,0,astro4,cxta
0.9912493788825705,0,astro4,cxta
0.9631986681726182,0,astro4,cxta
0.9524648040841893,0,astro4,cxta
0.9129733610508914,0,astro4,cxta
0.96072475981572,0,astro4,cxta
0.8995224983909141,0,astro4,cxta
0.8973982905458535,0,astro4,cxta
0.9125611636691633,0,astro4,cxta
0.9107539979189198,0,astro4,cxta
0.9378123815389959,1,astro4,cxta
0.9117369477445922,1,astro4,cxta
0.9163625841466954,1,astro4,cxta
0.9020469910214765,1,astro4,cxta
0.8959230994056924,1,astro4,cxta
0.8661348321720401,1,astro4,cxta
0.9086532036060628,1,astro4,cxta
0.9125451778138178,1,astro4,cxta
0.9244180247330482,1,astro4,cxta
0.9160287325271677,1,astro4,cxta
0.9134821950329053,1,astro4,cxta
0.9301582204266492,1,astro4,cxta
0.9248259795224147,1,astro4,cxta
0.9002793686775181,1,astro4,cxta
0.8812663588528465,1,astro4,cxta
0.9015151384640973,1,astro4,cxta
0.8964617200182631,1,astro4,cxta
0.8834491402676089,1,astro4,cxta
0.90385030200921,1,astro4,cxta
0.9256669437435425,1,astro4,cxta
0.8619115361588077,1,astro4,cxta
0.8941774252224947,1,astro4,cxta
0.8664490968274904,1,astro4,cxta
0.8673497311229296,1,astro4,cxta
0.9062435705207658,1,astro4,cxta
0.8344048761906971,1,astro4,cxta
0.8203113425938311,1,astro4,cxta
0.8573825798170137,1,astro4,cxta
0.834434257808568,1,astro4,cxta
0.8431694223865006,1,astro4,cxta
0.8265752391155717,1,astro4,cxta
0.8249642607302821,1,astro4,cxta
0.8005762022477069,1,astro4,cxta
0.813275772381299,1,astro4,cxta
0.8549136278924978,1,astro4,cxta
0.8425457314864766,1,astro4,cxta
0.8040007244182229,1,astro4,cxta
0.7891930786836702,1,astro4,cxta
0.7877967664561808,1,astro4,cxta
0.7989424312028445,1,astro4,cxta
0.8145760052714075,0,astro4,cxta
0.8566671729539441,0,astro4,cxta
0.8554674859262262,0,astro4,cxta
0.8293149505815113,0,astro4,cxta
0.8408171448461023,0,astro4,cxta
0.8829336540265229,0,astro4,cxta
0.8664985052379502,0,astro4,cxta
0.8501110272061109,0,astro4,cxta
0.8043277553019637,0,astro4,cxta
0.8316721579983175,0,astro4,cxta
0.8442344662409432,0,astro4,cxta
0.8891623213026002,0,astro4,cxta
0.870510388433618,0,astro4,cxta
0.9126625263322685,0,astro4,cxta
0.9467702373261714,0,astro4,cxta
0.9317261341315846,0,astro4,cxta
0.874377296957984,0,astro4,cxta
0.8871376342744138,0,astro4,cxta
0.8790673666167627,0,astro4,cxta
0.853740354399796,0,astro4,cxta
0.8806677042857171,0,astro4,cxta
0.9293873760348212,0,astro4,cxta
0.9129896211246464,0,astro4,cxta
0.8877279665581522,0,astro4,cxta
0.9110160066981406,0,astro4,cxta
0.9469137409013436,0,astro4,cxta
0.9291334851553223,0,astro4,cxta
0.9166817640656401,0,astro4,cxta
0.8785976321963135,0,astro4,cxta
0.8777859617242241,0,astro4,cxta
0.8612766043788997,0,astro4,cxta
0.8428752995229206,0,astro4,cxta
0.8695956952235228,0,astro4,cxta
0.8525485603119948,1,astro4,cxta
0.8520783598771752,1,astro4,cxta
0.8869810002246922,1,astro4,cxta
0.9250627119427058,1,astro4,cxta
0.8624179506347148,1,astro4,cxta
0.8336344374887871,1,astro4,cxta
0.8167675610664981,1,astro4,cxta
0.8074265088610221,1,astro4,cxta
0.8021937272201783,1,astro4,cxta
0.8751082010814096,1,astro4,cxta
0.8513253268644373,1,astro4,cxta
0.8880088524756865,1,astro4,cxta
0.8794881392936155,1,astro4,cxta
0.8792128367573272,1,astro4,cxta
0.8792082741816191,1,astro4,cxta
0.9226152549281137,1,astro4,cxta
0.896104303708959,1,astro4,cxta
0.8748441970294082,1,astro4,cxta
0.8603545355823836,1,astro4,cxta
0.8859420774221664,1,astro4,cxta
0.8981380503844983,1,astro4,cxta
0.8839227048713997,1,astro4,cxta
0.8822741673356499,1,astro4,cxta
0.8153706962866473,1,astro4,cxta
0.865658918959766,1,astro4,cxta
0.8434914093841038,1,astro4,cxta
0.8417483091593071,1,astro4,cxta
0.8160417487154643,1,astro4,cxta
0.8447204398932131,1,astro4,cxta
0.8166022463961922,1,astro4,cxta
0.8749581672044037,1,astro4,cxta
0.834727580486454,0,astro4,cxta
0.8370125899166944,0,astro4,cxta
0.817608263492174,0,astro4,cxta
0.8455172220194987,0,astro4,cxta
0.847558234987287,0,astro4,cxta
0.859451720260028,0,astro4,cxta
0.8088226118085523,0,astro4,cxta
0.8241253834899607,0,astro4,cxta
0.7869415279145482,0,astro4,cxta
0.815829925582681,0,astro4,cxta
0.7965243825519458,0,astro4,cxta
0.8189523024516446,0,astro4,cxta
0.797815761122817,0,astro4,cxta
0.7846392869672136,0,astro4,cxta
0.7960478983935897,0,astro4,cxta
0.7863256605803395,0,astro4,cxta
0.8045465670858934,0,astro4,cxta
0.8455812628590602,0,astro4,cxta
0.8266096077863557,0,astro4,cxta
0.831994091314024,0,astro4,cxta
0.7748636496858597,0,astro4,cxta
0.8411349585628797,0,astro4,cxta
0.8324888351199863,0,astro4,cxta
0.8190069913738154,0,astro4,cxta
0.8173479228597784,0,astro4,cxta
0.8514178839025497,0,astro4,cxta
0.8272198586608596,0,astro4,cxta
0.8405681030530198,0,astro4,cxta
0.8454622358035466,0,astro4,cxta
0.8453987668907089,0,astro4,cxta
0.8307677837832899,0,astro4,cxta
0.8348790807766172,0,astro4,cxta
0.870088301281774,0,astro4,cxta
0.8596884685265305,0,astro4,cxta
0.8416612883959387,0,astro4,cxta
0.8511802795791051,0,astro4,cxta
0.8564329772934034,0,astro4,cxta
0.8286783377730116,0,astro4,cxta
0.8312308995712914,0,astro4,cxta
0.847715217161669,0,astro4,cxta
0.8349661422538525,0,astro4,cxta
0.8634037727138214,0,astro4,cxta
0.8261443838518379,0,astro4,cxta
0.8607064179308824,0,astro4,cxta
0.8880586980182736,0,astro4,cxta
0.9012942378399778,0,astro4,cxta
0.9109805916595735,0,astro4,cxta
0.9485579857807643,0,astro4,cxta
0.9236059630424514,0,astro4,cxta
0.8918304344999002,0,astro4,cxta
0.8880732406475638,0,astro4,cxta
0.8748858836099725,0,astro4,cxta
0.8878596649441983,0,astro4,cxta
0.9687895314307848,0,astro4,cxta
0.9316357465883471,0,astro4,cxta
0.9180809629033243,0,astro4,cxta
0.8776509711917128,0,astro4,cxta
0.8776098822023957,0,astro4,cxta
0.9075399506501661,0,astro4,cxta
0.8574579235911588,0,astro4,cxta
0.8588864749696852,0,astro4,cxta
0.8981444496173667,0,astro4,cxta
0.8716193938953201,0,astro4,cxta
0.882183171774728,0,astro4,cxta
0.9051648787068683,0,astro4,cxta
0.877778781845935,1,astro4,cxta
0.901707684291436,1,astro4,cxta
0.9076294297485296,1,astro4,cxta
0.9204531441958018,1,astro4,cxta
0.9014712199335895,1,astro4,cxta
0.8721799393172109,1,astro4,cxta
0.8512461615202503,1,astro4,cxta
0.9129474357425359,1,astro4,cxta
0.8505356117248564,1,astro4,cxta
0.8552025087850919,1,astro4,cxta
0.8488628220152991,1,astro4,cxta
0.8612231988643951,1,astro4,cxta
0.8514900025754552,1,astro4,cxta
0.8327046615295475,1,astro4,cxta
0.8845563981577969,1,astro4,cxta
0.9175433252807079,1,astro4,cxta
0.9088104682086604,1,astro4,cxta
0.9195509669959772,0,astro4,cxta
0.8925700235267229,0,astro4,cxta
0.87508592082525,0,astro4,cxta
0.8731465675633919,0,astro4,cxta
0.905933611047649,0,astro4,cxta
0.8961460182991431,0,astro4,cxta
0.8806183757698756,0,astro4,cxta
0.8916876569777522,0,astro4,cxta
0.9093452738862554,0,astro4,cxta
0.937314978027305,0,astro4,cxta
0.9078671645218965,0,astro4,cxta
0.9154765260552101,0,astro4,cxta
0.9514362601029188,0,astro4,cxta
0.9976266226904602,0,astro4,cxta
1.0077323712591102,0,astro4,cxta
0.9792543253387384,0,astro4,cxta
1.0032674693277595,0,astro4,cxta
0.896445554360376,0,astro4,cxta
0.9102858099869005,0,astro4,cxta
0.9374422055593967,0,astro4,cxta
0.9299485815636256,0,astro4,cxta
0.9163227550090768,0,astro4,cxta
0.9781445694689741,0,astro4,cxta
0.9705483937234212,0,astro4,cxta
0.9543807166651197,0,astro4,cxta
0.9495605468425188,0,astro4,cxta
0.9708714171256002,0,astro4,cxta
0.9418868451404654,0,astro4,cxta
0.9531242656246323,0,astro4,cxta
0.9544568441156553,0,astro4,cxta
0.9608726389834354,0,astro4,cxta
0.98080093242997,0,astro4,cxta
1.0103474630860108,0,astro4,cxta
1.0328822604736403,0,astro4,cxta
1.0529425395510648,0,astro4,cxta
1.017743002055171,0,astro4,cxta
1.051596287477126,0,astro4,cxta
1.1079549223429703,0,astro4,cxta
1.1240718192126868,0,astro4,cxta
1.0658814695413086,0,astro4,cxta
1.0628656207786873,0,astro4,cxta
1.0401119534343037,0,astro4,cxta
1.0380621220544697,0,astro4,cxta
1.0105650786246905,0,astro4,cxta
1.0503932360652997,0,astro4,cxta
1.0695191911501163,0,astro4,cxta
1.099333458681668,0,astro4,cxta
1.0359782209191766,0,astro4,cxta
1.1310023859267972,0,astro4,cxta
1.126782497029228,0,astro4,cxta
1.1008721560743804,0,astro4,cxta
1.1181563209820462,0,astro4,cxta
1.148096537120006,0,astro4,cxta
1.1129349368277592,0,astro4,cxta
1.136135490152836,0,astro4,cxta
1.174379995242598,0,astro4,cxta
1.1897706329906113,0,astro4,cxta
1.191095619026153,0,astro4,cxta
1.2386154516561492,0,astro4,cxta
1.2049514982754475,0,astro4,cxta
1.1786567353519974,0,astro4,cxta
1.2418742085477426,0,astro4,cxta
1.2127965994780965,0,astro4,cxta
1.248774121036502,0,astro4,cxta
1.1733792829783327,0,astro4,cxta
1.2198004598874481,0,astro4,cxta
1.2473301325596757,0,astro4,cxta
1.2307755376840364,0,astro4,cxta
1.2176841802751592,0,astro4,cxta
1.2267726003318338,0,astro4,cxta
1.2311357865660681,0,astro4,cxta
1.2278722629683598,0,astro4,cxta
1.2443702243584707,0,astro4,cxta
1.2614075050845692,0,astro4,cxta
1.2238909497463573,0,astro4,cxta
1.2497043931903404,0,astro4,cxta
1.2534482795330077,0,astro4,cxta
1.2367122324105466,1,astro4,cxta
1.2919005132148988,1,astro4,cxta
1.2746233439940629,1,astro4,cxta
1.2268622842648618,1,astro4,cxta
1.1984490321442574,1,astro4,cxta
1.236432154137028,1,astro4,cxta
1.1692893245787217,1,astro4,cxta
1.179695646866668,1,astro4,cxta
1.164550231659166,1,astro4,cxta
1.1883011541439064,1,astro4,cxta
1.1408730618064669,1,astro4,cxta
1.117624851051381,1,astro4,cxta
1.099575401951254,1,astro4,cxta
1.0704011309481292,1,astro4,cxta
1.0875708059863542,1,astro4,cxta
1.073140090593823,1,astro4,cxta
1.1151658668348634,1,astro4,cxta
1.1287346541466072,1,astro4,cxta
1.1541673368970995,1,astro4,cxta
1.109642267633485,1,astro4,cxta
1.0757992602063726,1,astro4,cxta
1.0666869486782267,1,astro4,cxta
1.0670996023691992,1,astro4,cxta
1.0753267943661857,1,astro4,cxta
1.0369538256992776,1,astro4,cxta
1.0142226704843404,1,astro4,cxta
0.9889535988577679,0,astro4,cxta
0.9496775002187826,0,astro4,cxta
0.9593803512815877,0,astro4,cxta
0.9296367189775919,0,astro4,cxta
0.9358252151591688,0,astro4,cxta
0.9291194521980228,0,astro4,cxta
0.9628306484355533,0,astro4,cxta
0.9438470914801707,0,astro4,cxta
0.953415987910597,0,astro4,cxta
0.9671483364382181,0,astro4,cxta
0.9757103449366595,0,astro4,cxta
1.0012807716338499,0,astro4,cxta
1.0098191415894837,0,astro4,cxta
1.0039413342571872,0,astro4,cxta
1.0516310270530351,0,astro4,cxta
1.0481870767338264,0,astro4,cxta
1.0264704600987193,0,astro4,cxta
0.9520198200291387,0,astro4,cxta
0.9610841359786712,0,astro4,cxta
0.9738889244323854,0,astro4,cxta
0.9809677095494684,0,astro4,cxta
1.008933227691992,0,astro4,cxta
1.0318638855574565,0,astro4,cxta
1.0107620686713008,0,astro4,cxta
1.0567260265421081,0,astro4,cxta
1.0487161172407788,0,astro4,cxta
1.014733806794001,0,astro4,cxta
1.0134867293490148,0,astro4,cxta
1.0006921904911892,0,astro4,cxta
0.9963289694892463,0,astro4,cxta
0.9937412751616416,0,astro4,cxta
0.9678403771700455,0,astro4,cxta
0.9622085430753923,0,astro4,cxta
0.9457283555303153,0,astro4,cxta
0.9852596144722293,0,astro4,cxta
1.0003920227200815,0,astro4,cxta
0.9821434179973121,0,astro4,cxta
1.0053690916421838,0,astro4,cxta
1.0236418453046374,0,astro4,cxta
1.0246737598316304,0,astro4,cxta
1.0119983719262764,0,astro4,cxta
0.9875926462999657,0,astro4,cxta
0.996671460601968,0,astro4,cxta
1.0194315694228875,0,astro4,cxta
0.9693635129143354,0,astro4,cxta
0.9904838003896563,0,astro4,cxta
0.9994350756790913,0,astro4,cxta
1.026943437876342,0,astro4,cxta
1.046373493865652,0,astro4,cxta
1.0606091274812282,0,astro4,cxta
1.0927163310392287,0,astro4,cxta
1.0945395153025166,0,astro4,cxta
1.1339661257918614,0,astro4,cxta
1.15445405330656,0,astro4,cxta
1.132245731266883,0,astro4,cxta
1.116254893010702,0,astro4,cxta
1.1339137297189152,0,astro4,cxta
1.1347091078870999,0,astro4,cxta
1.127968608195572,0,astro4,cxta
1.1191006870534335,0,astro4,cxta
1.0755690456037013,0,astro4,cxta
1.1204010926157582,0,astro4,cxta
1.1078585465853898,0,astro4,cxta
1.100454076386114,0,astro4,cxta
1.1070785274207813,0,astro4,cxta
1.097141627941083,0,astro4,cxta
1.0798337218720164,0,astro4,cxta
1.1391636333069444,0,astro4,cxta
1.086723411649552,0,astro4,cxta
1.1063975160021746,0,astro4,cxta
1.1051506585468733,0,astro4,cxta
1.120810631429703,0,astro4,cxta
1.1319934841187171,0,astro4,cxta
1.1325000711522935,0,astro4,cxta
1.1601500076230349,0,astro4,cxta
1.1856451199951206,0,astro4,cxta
1.174150072166816,0,astro4,cxta
1.1596781775735594,0,astro4,cxta
1.1516661648983906,0,astro4,cxta
1.1201711827513314,1,astro4,cxta
1.1519866160272225,1,astro4,cxta
1.1070820400636532,1,astro4,cxta
1.1313534883067302,1,astro4,cxta
1.1513659671689052,1,astro4,cxta
1.1057682541440756,1,astro4,cxta
1.0850793555452254,1,astro4,cxta
1.0699780200635427,1,astro4,cxta
1.0754132871692212,1,astro4,cxta
1.074983462571221,1,astro4,cxta
1.0954076256269825,1,astro4,cxta
1.0605115631958892,1,astro4,cxta
1.0566889342945487,1,astro4,cxta
1.0462718039091476,1,astro4,cxta
1.0935908019666,1,astro4,cxta
1.0631046565840794,1,astro4,cxta
1.0412691381098267,1,astro4,cxta
1.0356804441355836,1,astro4,cxta
1.0172919548182298,1,astro4,cxta
0.9927943664651745,1,astro4,cxta
0.996760316004565,1,astro4,cxta
0.982416252149128,1,astro4,cxta
0.9704719151779422,1,astro4,cxta
0.9956449179959627,1,astro4,cxta
0.979486478907278,1,astro4,cxta
0.9365241302477807,1,astro4,cxta
0.9349718637621838,1,astro4,cxta
0.9427321058719402,1,astro4,cxta
0.9718716509492066,1,astro4,cxta
0.9663041238815427,1,astro4,cxta
0.9173339476118065,1,astro4,cxta
0.9294629793829465,0,astro4,cxta
0.957480378425602,0,astro4,cxta
0.9586913254313133,0,astro4,cxta
0.9364233618530584,0,astro4,cxta
0.9440136597716932,0,astro4,cxta
0.9212338736273956,0,astro4,cxta
0.8720911880457629,0,astro4,cxta
0.9294055186067208,0,astro4,cxta
0.9253423006472731,0,astro4,cxta
0.877278253318397,0,astro4,cxta
0.9038935007962934,0,astro4,cxta
0.9143504426492689,0,astro4,cxta
0.8988795236232292,0,astro4,cxta
0.9149215335409826,0,astro4,cxta
0.9182787576572673,0,astro4,cxta
0.9346543348528636,0,astro4,cxta
0.927721970311046,0,astro4,cxta
0.935385560808103,0,astro4,cxta
0.9179612810028148,0,astro4,cxta
0.9275855780499519,0,astro4,cxta
0.9200400512504257,0,astro4,cxta
0.9160464205555682,0,astro4,cxta
0.9439154499193362,0,astro4,cxta
0.9086233342390257,0,astro4,cxta
0.8888113696532596,0,astro4,cxta
0.8631420283076461,0,astro4,cxta
0.8707053955875382,0,astro4,cxta
0.896823809149176,0,astro4,cxta
0.9260391940116234,0,astro4,cxta
0.8950764031340823,0,astro4,cxta
0.86689249833542,0,astro4,cxta
0.8723250569336544,0,astro4,cxta
0.8946481794933433,0,astro4,cxta
0.9104728329018557,0,astro4,cxta
0.9286147976139822,0,astro4,cxta
0.9214043362971142,0,astro4,cxta
0.902844672146122,0,astro4,cxta
0.8660862397840524,0,astro4,cxta
0.8865466845599859,0,astro4,cxta
0.8838828472177657,0,astro4,cxta
0.8998408563738625,0,astro4,cxta
0.8921367695140678,0,astro4,cxta
0.9084200056106532,0,astro4,cxta
0.9283591900675878,0,astro4,cxta
0.9605226584155429,0,astro4,cxta
0.9300040674532271,0,astro4,cxta
0.9377497774723819,0,astro4,cxta
0.9411800781979974,0,astro4,cxta
0.9278665446936167,0,astro4,cxta
0.949899787569099,0,astro4,cxta
0.9362173035032987,0,astro4,cxta
0.9331783843715351,0,astro4,cxta
0.9268817555561932,0,astro4,cxta
0.9174329884692326,0,astro4,cxta
0.8995115400508874,1,astro4,cxta
0.9145437150342296,1,astro4,cxta
0.8643928390415908,1,astro4,cxta
0.9128115178298967,1,astro4,cxta
0.9352914454513586,1,astro4,cxta
0.9295109680868214,1,astro4,cxta
0.9405381594041279,1,astro4,cxta
0.9374132481207762,1,astro4,cxta
0.9398937050339435,1,astro4,cxta
0.9118954683484489,1,astro4,cxta
0.9356213804502566,1,astro4,cxta
0.9357081185762028,1,astro4,cxta
0.9419025089083914,1,astro4,cxta
0.9410834034907709,1,astro4,cxta
0.925566145720185,1,astro4,cxta
0.9457217675288566,1,astro4,cxta
0.9136597275657081,1,astro4,cxta
0.9330962514687344,1,astro4,cxta
0.9053074928366555,1,astro4,cxta
0.9326320663398455,1,astro4,cxta
0.9080934591335533,1,astro4,cxta
0.898026955155025,1,astro4,cxta
0.9314528915844741,1,astro4,cxta
0.91070023578623,1,astro4,cxta
0.9028753111555416,1,astro4,cxta
0.8758911117724566,1,astro4,cxta
0.8843158510372858,1,astro4,cxta
0.8843629211672379,1,astro4,cxta
0.9084656907991829,1,astro4,cxta
0.8693265739118877,1,astro4,cxta
0.8956784793439708,1,astro4,cxta
0.8894527194882547,0,astro4,cxta
0.8824268538472211,0,astro4,cxta
0.9003677438108988,0,astro4,cxta
0.9094407565308583,0,astro4,cxta
0.9349977368724189,0,astro4,cxta
0.9387710993941817,0,astro4,cxta
0.9086106567355645,0,astro4,cxta
0.9317511926575177,0,astro4,cxta
0.9363518648263789,0,astro4,cxta
0.9168489370103111,0,astro4,cxta
0.9141818379670178,0,astro4,cxta
0.879106654189869,0,astro4,cxta
0.8735071049479954,0,astro4,cxta
0.9019284137547708,0,astro4,cxta
0.8677937853564329,0,astro4,cxta
0.8480341046211491,0,astro4,cxta
0.8988396560573266,0,astro4,cxta
0.9477584162427481,0,astro4,cxta
0.9413836670452533,0,astro4,cxta
0.9481867107212948,0,astro4,cxta
0.9616842567327248,0,astro4,cxta
0.9477352256884758,0,astro4,cxta
0.9430897925614449,0,astro4,cxta
0.9384564218759557,0,astro4,cxta
0.9515195207867843,1,astro4,cxta
0.9550674513965327,1,astro4,cxta
0.9444258490068318,1,astro4,cxta
0.9547049210376687,1,astro4,cxta
0.9470155736718986,1,astro4,cxta
0.919377971302617,1,astro4,cxta
0.9266438577954669,1,astro4,cxta
0.8939682326043533,1,astro4,cxta
0.9300670798995875,1,astro4,cxta
0.9779033751193836,1,astro4,cxta
0.9344910362147876,1,astro4,cxta
0.9525294913148503,1,astro4,cxta
0.9474488174013613,1,astro4,cxta
0.9496498819486692,1,astro4,cxta
0.9434594678921984,1,astro4,cxta
0.9420962120280718,1,astro4,cxta
0.9518007348358426,1,astro4,cxta
0.9295294968639412,1,astro4,cxta
0.9413400967659874,1,astro4,cxta
0.9475658051022299,1,astro4,cxta
0.9262822468811642,1,astro4,cxta
0.944820135994644,1,astro4,cxta
0.912806860649967,1,astro4,cxta
0.9084033651733296,1,astro4,cxta
0.9619457630749408,1,astro4,cxta
0.9863129945194209,1,astro4,cxta
0.9679098416587932,1,astro4,cxta
0.9811086796550841,1,astro4,cxta
0.9832811392895293,1,astro4,cxta
0.9586476325541415,1,astro4,cxta
0.9425913125876888,1,astro4,cxta
0.9568370145174144,1,astro4,cxta
0.9306025847324454,1,astro4,cxta
0.9348379866912075,1,astro4,cxta
0.9580194593504159,1,astro4,cxta
0.9616859354448232,1,astro4,cxta
0.9408982877012271,1,astro4,cxta
0.9332776642470229,1,astro4,cxta
0.9662807057986779,1,astro4,cxta
0.9607637042900544,1,astro4,cxta
0.9109389695055677,1,astro4,cxta
0.9988364989721477,1,astro4,cxta
0.9589794783025354,0,astro4,cxta
0.9767872882035049,0,astro4,cxta
0.9793643639003189,0,astro4,cxta
0.9413597795369594,0,astro4,cxta
0.9488028090551777,0,astro4,cxta
0.9948494592336177,0,astro4,cxta
0.9875893529067551,0,astro4,cxta
0.991827500835467,0,astro4,cxta
1.0045847691133654,0,astro4,cxta
1.014487304582189,0,astro4,cxta
0.9789502438941714,0,astro4,cxta
0.9974388610859687,0,astro4,cxta
1.0116429155486,0,astro4,cxta
1.0355678068141532,0,astro4,cxta
0.9773891288092216,0,astro4,cxta
0.9887066422008953,0,astro4,cxta
1.0308457322036808,0,astro4,cxta
1.0455107696741373,0,astro4,cxta
1.060067131900359,0,astro4,cxta
1.0628043301786736,0,astro4,cxta
1.0458980704543797,0,astro4,cxta
1.0497657525587643,0,astro4,cxta
1.083603775766458,0,astro4,cxta
1.095407423889728,0,astro4,cxta
1.087268075880736,0,astro4,cxta
1.1045059654748388,0,astro4,cxta
1.1250342027489801,1,astro4,cxta
1.1147817793613808,1,astro4,cxta
1.090130747813597,1,astro4,cxta
1.1144582990922016,1,astro4,cxta
1.113415349377577,1,astro4,cxta
1.1286102822904012,1,astro4,cxta
1.1291755859711363,1,astro4,cxta
1.1467972054730668,1,astro4,cxta
1.1211007271773463,1,astro4,cxta
1.0973918360623496,1,astro4,cxta
1.0741295272035492,1,astro4,cxta
1.1102656486243616,1,astro4,cxta
1.064703172143115,1,astro4,cxta
1.082375752575858,1,astro4,cxta
1.1086235602322951,1,astro4,cxta
1.1237129818829346,1,astro4,cxta
1.1232029776189396,1,astro4,cxta
1.1337792579409334,1,astro4,cxta
1.125517751864261,1,astro4,cxta
1.139651552546701,1,astro4,cxta
1.1528078210528785,1,astro4,cxta
1.1758264193794192,1,astro4,cxta
1.1580267351915248,1,astro4,cxta
1.1254982796786028,1,astro4,cxta
1.1468500688200904,1,astro4,cxta
1.1735114794326567,1,astro4,cxta
1.1593852202264723,1,astro4,cxta
1.180255003998632,1,astro4,cxta
1.1276226850521103,1,astro4,cxta
1.107640500912778,1,astro4,cxta
1.1294288558627876,1,astro4,cxta
1.1244192870495688,1,astro4,cxta
1.140629574531953,1,astro4,cxta
1.1148893013961083,1,astro4,cxta
1.1399332628003647,1,astro4,cxta
1.1285311325914336,1,astro4,cxta
1.141647554268286,1,astro4,cxta
1.1644892095906427,1,astro4,cxta
1.1616551222449027,1,astro4,cxta
1.139083506458306,1,astro4,cxta
1.159585697516886,1,astro4,cxta
1.1715179825411195,1,astro4,cxta
1.1920448966473334,1,astro4,cxta
1.203389835584246,1,astro4,cxta
1.1914903155490313,1,astro4,cxta
1.1616047932890385,1,astro4,cxta
1.1849135936277981,1,astro4,cxta
1.1579708091616436,1,astro4,cxta
1.1538666676279212,1,astro4,cxta
1.1509854928644165,1,astro4,cxta
1.180965261980761,1,astro4,cxta
1.1811959610277722,1,astro4,cxta
1.171576772721841,1,astro4,cxta
1.1796808767274896,1,astro4,cxta
1.1881780442767498,1,astro4,cxta
1.1548585215781884,1,astro4,cxta
1.1464300191060408,1,astro4,cxta
1.1471818107431104,1,astro4,cxta
1.1507736956096632,1,astro4,cxta
1.1518299435297328,0,astro4,cxta
1.1692862640019561,0,astro4,cxta
1.1611585344040336,0,astro4,cxta
1.1848617561235546,0,astro4,cxta
1.157193745378682,0,astro4,cxta
1.1724983719148865,0,astro4,cxta
1.170678933611391,0,astro4,cxta
1.1926567887952324,0,astro4,cxta
1.1743957358874935,0,astro4,cxta
1.1935815671135965,0,astro4,cxta
1.2298510858667495,0,astro4,cxta
1.2054868561080256,0,astro4,cxta
1.2335684497331396,0,astro4,cxta
1.2370820910835958,0,astro4,cxta
1.2710682006131662,0,astro4,cxta
1.2675189868970478,0,astro4,cxta
1.28384859576808,0,astro4,cxta
1.276071936516937,0,astro4,cxta
1.2783991678050877,0,astro4,cxta
1.2897537345134842,0,astro4,cxta
1.2917098122667596,0,astro4,cxta
1.3165476726137935,0,astro4,cxta
1.317092166661851,0,astro4,cxta
1.2984944917041807,0,astro4,cxta
1.3362233878401804,0,astro4,cxta
1.3082603918865634,0,astro4,cxta
1.3185235159219857,0,astro4,cxta
1.3235982193773423,0,astro4,cxta
1.3529049662107808,0,astro4,cxta
1.3744278799904905,0,astro4,cxta
1.377689989389432,0,astro4,cxta
1.3965106212883207,0,astro4,cxta
1.3928886888809164,0,astro4,cxta
1.3854986834164467,0,astro4,cxta
1.403640078540813,0,astro4,cxta
1.382061073089004,0,astro4,cxta
1.4046398924102732,0,astro4,cxta
1.4638687399794168,0,astro4,cxta
1.4917069198274366,0,astro4,cxta
1.420276138742975,0,astro4,cxta
1.4756182718270099,0,astro4,cxta
1.5558354612960177,0,astro4,cxta
1.5421744874686782,0,astro4,cxta
1.5933106392948517,0,astro4,cxta
1.615420761877487,0,astro4,cxta
1.6424886099262896,0,astro4,cxta
1.638992077213813,0,astro4,cxta
1.6620231721639211,0,astro4,cxta
1.6721583289140893,0,astro4,cxta
1.6556425082194715,0,astro4,cxta
1.6704396083715387,0,astro4,cxta
1.694011828508771,0,astro4,cxta
1.7271234656361183,0,astro4,cxta
1.7661550627042646,0,astro4,cxta
1.777094954286019,0,astro4,cxta
1.839799172211226,0,astro4,cxta
1.8727693267846985,0,astro4,cxta
1.8660647631938247,0,astro4,cxta
1.8954652598643498,0,astro4,cxta
1.9611717508219535,0,astro4,cxta
1.9750809378508325,0,astro4,cxta
1.9729387645752368,0,astro4,cxta
2.030782121368776,0,astro4,cxta
2.0673962039314615,0,astro4,cxta
2.0499897971600833,0,astro4,cxta
2.084907806230455,0,astro4,cxta
2.0803368720345095,0,astro4,cxta
2.081408432863418,0,astro4,cxta
2.1214367057168237,0,astro4,cxta
2.16693550642565,0,astro4,cxta
2.1693935215968585,1,astro4,cxta
2.2082301321318245,1,astro4,cxta
2.2091515889758266,1,astro4,cxta
2.203232661572033,1,astro4,cxta
2.2784741415507654,1,astro4,cxta
2.329225755893016,1,astro4,cxta
2.3369889762194402,1,astro4,cxta
2.4314732342530943,1,astro4,cxta
2.453741049737753,1,astro4,cxta
2.467736183405391,1,astro4,cxta
2.5536165377125486,1,astro4,cxta
2.584287986837988,1,astro4,cxta
2.5763781776537136,1,astro4,cxta
2.56363092819362,0,astro4,cxta
2.540860687968847,0,astro4,cxta
2.5391874737786955,0,astro4,cxta
2.595081546966548,0,astro4,cxta
2.663475303351464,0,astro4,cxta
2.6631971334468534,0,astro4,cxta
2.7258253421709924,0,astro4,cxta
2.77757867891072,0,astro4,cxta
2.776239349978533,0,astro4,cxta
2.8186902838923116,0,astro4,cxta
2.880643817877847,0,astro4,cxta
2.947648154382523,0,astro4,cxta
3.0111787753652424,0,astro4,cxta
3.0581939716812903,0,astro4,cxta
3.0895506357842266,0,astro4,cxta
3.1596423383053027,0,astro4,cxta
3.1751942382204605,0,astro4,cxta
3.202446784910123,0,astro4,cxta
3.259525761148429,0,astro4,cxta
3.309775179004357,0,astro4,cxta
3.3430098000031867,0,astro4,cxta
3.382385932799616,0,astro4,cxta
3.452224137618305,0,astro4,cxta
3.470841262532432,0,astro4,cxta
3.5230921864433022,0,astro4,cxta
3.6066626340444885,0,astro4,cxta
3.737734556542362,0,astro4,cxta
3.831031096284135,0,astro4,cxta
3.838501116866587,0,astro4,cxta
3.871462706794989,0,astro4,cxta
4.004371977515216,0,astro4,cxta
4.031222310710801,0,astro4,cxta
4.082483870948885,0,astro4,cxta
4.1372441050452515,0,astro4,cxta
4.203942665148632,0,astro4,cxta
4.218430290182371,0,astro4,cxta
4.300548242659482,0,astro4,cxta
4.329238534085658,0,astro4,cxta
4.392932670151342,0,astro4,cxta
4.324730740848056,0,astro4,cxta
4.364003056748925,1,astro4,cxta
4.359850717457809,1,astro4,cxta
4.319151004780319,1,astro4,cxta
4.300843601555553,1,astro4,cxta
4.261111304949477,1,astro4,cxta
4.147752434153531,1,astro4,cxta
4.0789206415497175,1,astro4,cxta
3.997972695326149,1,astro4,cxta
3.985117712038184,1,astro4,cxta
3.887683874651108,1,astro4,cxta
3.8032569682915645,1,astro4,cxta
3.726273751285299,1,astro4,cxta
3.602660619104842,1,astro4,cxta
3.559417491383867,1,astro4,cxta
3.4900278487699374,0,astro4,cxta
3.3762688563686756,0,astro4,cxta
3.362538495413563,0,astro4,cxta
3.296819775139285,0,astro4,cxta
3.2497149206449376,0,astro4,cxta
3.128302014567758,0,astro4,cxta
3.041052455893522,0,astro4,cxta
3.0135183798451117,0,astro4,cxta
2.892272911449501,0,astro4,cxta
2.8457376554763547,0,astro4,cxta
2.8203740624485403,0,astro4,cxta
2.7945595943159005,0,astro4,cxta
2.7037225303545696,0,astro4,cxta
2.6534411469034933,0,astro4,cxta
2.6136688327677255,0,astro4,cxta
2.612557755574572,0,astro4,cxta
2.558952742472091,0,astro4,cxta
2.557695747275734,0,astro4,cxta
2.515213767350117,0,astro4,cxta
2.4319553888783036,0,astro4,cxta
2.390834052847698,0,astro4,cxta
2.3396436966293193,0,astro4,cxta
2.307711565732605,0,astro4,cxta
2.24521497468475,0,astro4,cxta
2.231255833073723,0,astro4,cxta
2.2408604445718714,0,astro4,cxta
2.198220281960739,0,astro4,cxta
2.1492413928706116,0,astro4,cxta
2.1428272534051054,0,astro4,cxta
2.179995559974657,0,astro4,cxta
2.1436030238126014,0,astro4,cxta
2.147884052594137,0,astro4,cxta
2.1479539092240363,0,astro4,cxta
2.1015528676881785,0,astro4,cxta
2.0928989403736886,0,astro4,cxta
2.091004145103042,0,astro4,cxta
2.080098972428898,0,astro4,cxta
2.0480592510608946,0,astro4,cxta
2.012126975347006,0,astro4,cxta
2.008380780253988,0,astro4,cxta
1.9998124386539304,0,astro4,cxta
1.991654060805189,0,astro4,cxta
1.988507881614543,0,astro4,cxta
1.954255162340866,0,astro4,cxta
1.9375948115583566,0,astro4,cxta
1.895431911083558,0,astro4,cxta
1.901602271040947,0,astro4,cxta
1.879480424391347,0,astro4,cxta
1.852100601318759,1,astro4,cxta
1.846206584330948,1,astro4,cxta
1.8084183979785105,1,astro4,cxta
1.7502767961529182,1,astro4,cxta
1.7685593137205415,1,astro4,cxta
1.7107538533279143,1,astro4,cxta
1.67910245088278,1,astro4,cxta
1.6821917520332241,1,astro4,cxta
1.6682485440663697,1,astro4,cxta
1.6743864694717832,1,astro4,cxta
1.6441827197698584,1,astro4,cxta
1.6360238755691912,1,astro4,cxta
1.5894210720117206,1,astro4,cxta
1.5237572633896885,1,astro4,cxta
1.5196313636181893,0,astro4,cxta
1.5162658015305825,0,astro4,cxta
1.4774673385120514,0,astro4,cxta
1.4847289724516939,0,astro4,cxta
1.4448346514227655,0,astro4,cxta
1.4162210537024844,0,astro4,cxta
1.388261055523677,0,astro4,cxta
1.439185370546658,0,astro4,cxta
1.4233768571611385,0,astro4,cxta
1.383902962026086,0,astro4,cxta
1.3574490169123175,0,astro4,cxta
1.3879303086595898,0,astro4,cxta
1.3749187286428424,0,astro4,cxta
1.377752298830978,0,astro4,cxta
1.345588265586032,0,astro4,cxta
1.3600523666121456,0,astro4,cxta
1.3226644196199833,0,astro4,cxta
1.314284836850108,0,astro4,cxta
1.3208931720154535,0,astro4,cxta
1.260608209182844,0,astro4,cxta
1.332385668880789,0,astro4,cxta
1.3074602515208373,0,astro4,cxta
1.2704725258954401,0,astro4,cxta
1.2602584251104934,0,astro4,cxta
1.2825460134487139,0,astro4,cxta
1.2257739482478645,0,astro4,cxta
1.2699270670610188,0,astro4,cxta
1.2432342416901936,0,astro4,cxta
1.2059287929627944,0,astro4,cxta
1.2286963656483214,0,astro4,cxta
1.189122668313319,0,astro4,cxta
1.1906680777735137,0,astro4,cxta
1.1880636076494877,0,astro4,cxta
1.1582154087088503,0,astro4,cxta
1.1916653652855684,0,astro4,cxta
1.1885383321361,0,astro4,cxta
1.1846627684435718,0,astro4,cxta
1.1732744221883558,0,astro4,cxta
1.1763097147076509,0,astro4,cxta
1.168521107708182,0,astro4,cxta
1.153248690111252,0,astro4,cxta
1.1276805172883704,0,astro4,cxta
1.138915173873931,0,astro4,cxta
1.121239089809061,0,astro4,cxta
1.1004385902108247,0,astro4,cxta
1.1128323044950756,1,astro4,cxta
1.1376607612615282,1,astro4,cxta
1.1194513933095946,1,astro4,cxta
1.1421237223552,1,astro4,cxta
1.1268692989327704,1,astro4,cxta
1.1337463024751966,1,astro4,cxta
1.1231636188915022,1,astro4,cxta
1.1057251229079144,1,astro4,cxta
1.0952514603076469,1,astro4,cxta
1.1096818977870715,1,astro4,cxta
1.1090098199503717,1,astro4,cxta
1.1243725263298698,1,astro4,cxta
1.078770451773116,1,astro4,cxta
1.0778279680499583,1,astro4,cxta
1.1056431577747055,1,astro4,cxta
1.1030579068381552,1,astro4,cxta
1.0775733892493675,1,astro4,cxta
1.063385283972795,1,astro4,cxta
1.0890001064600408,1,astro4,cxta
1.0494710681730843,1,astro4,cxta
1.0433292992462786,1,astro4,cxta
1.0482556337075828,1,astro4,cxta
1.050685833902529,0,astro4,cxta
1.065090926539482,0,astro4,cxta
1.0560035476454,0,astro4,cxta
1.035539941260246,0,astro4,cxta
1.0502751690068666,0,astro4,cxta
1.0549298279922301,0,astro4,cxta
1.021749340430596,0,astro4,cxta
1.0056382984322363,0,astro4,cxta
1.0176194038344308,0,astro4,cxta
1.0367417952457378,0,astro4,cxta
1.0357661245053904,0,astro4,cxta
0.9725206144015714,0,astro4,cxta
0.9885434006786233,0,astro4,cxta
1.0263845705387302,0,astro4,cxta
1.0638622003359257,0,astro4,cxta
1.0772178040640097,0,astro4,cxta
1.0626921943783618,0,astro4,cxta
1.0735606606468677,0,astro4,cxta
1.0983693794229255,0,astro4,cxta
1.0888414401211224,0,astro4,cxta
1.057378382088374,0,astro4,cxta
1.0689223962746428,0,astro4,cxta
1.0651357308270983,0,astro4,cxta
1.0712823931993354,0,astro4,cxta
1.0808705789013,0,astro4,cxta
1.0798161605678505,0,astro4,cxta
1.0576731117819058,0,astro4,cxta
1.0716081224510863,0,astro4,cxta
1.0552446257030224,0,astro4,cxta
1.049413568697291,0,astro4,cxta
1.0724901636625785,0,astro4,cxta
1.0864871730966916,0,astro4,cxta
1.0514188247344638,0,astro4,cxta
1.0484463022998691,0,astro4,cxta
1.0478926755429816,0,astro4,cxta
1.0729336945347345,0,astro4,cxta
1.0750724849217317,0,astro4,cxta
1.1033899091098225,0,astro4,cxta
1.0797359094977246,0,astro4,cxta
1.0659219340591883,0,astro4,cxta
1.0610406770931167,0,astro4,cxta
1.0780716680370517,0,astro4,cxta
1.0731925290236022,0,astro4,cxta
1.077397179125061,0,astro4,cxta
1.0781709019160928,0,astro4,cxta
1.1271273653759613,0,astro4,cxta
1.1167457721965188,0,astro4,cxta
1.1323866474805562,0,astro4,cxta
1.1045308280095127,0,astro4,cxta
1.124615556403338,0,astro4,cxta
1.1535069352236702,0,astro4,cxta
1.0949116569350408,0,astro4,cxta
1.1156601431669992,0,astro4,cxta
1.1298295828430525,0,astro4,cxta
1.1338563714195318,0,astro4,cxta
1.1057761729035827,0,astro4,cxta
1.1527673022453735,0,astro4,cxta
1.196335137793548,0,astro4,cxta
1.1657744852671839,0,astro4,cxta
1.1419821816437656,0,astro4,cxta
1.1354761709681116,0,astro4,cxta
1.179039428359677,0,astro4,cxta
1.1708914034437967,0,astro4,cxta
1.1656175543207643,0,astro4,cxta
1.148594659371944,0,astro4,cxta
1.1331690468078643,0,astro4,cxta
1.1469050568374044,0,astro4,cxta
1.1196925841346086,0,astro4,cxta
1.1545473018648884,0,astro4,cxta
1.1347564842183708,0,astro4,cxta
1.1602951453442425,0,astro4,cxta
1.124058726218673,0,astro4,cxta
1.112277488500097,0,astro4,cxta
1.1200135225464452,0,astro4,cxta
1.0701526832096617,0,astro4,cxta
1.0805191457606593,0,astro4,cxta
1.087510966080479,0,astro4,cxta
1.0961045844928938,0,astro4,cxta
1.1105661238937343,0,astro4,cxta
1.1169164841932546,0,astro4,cxta
1.1418123214051603,0,astro4,cxta
1.113583058024377,0,astro4,cxta
1.1234407719710513,0,astro4,cxta
1.0961026736777884,0,astro4,cxta
1.1020885811544807,0,astro4,cxta
1.0959394629113972,0,astro4,cxta
1.1586176848399525,0,astro4,cxta
1.1207421778018736,0,astro4,cxta
1.1332200905949534,0,astro4,cxta
1.1089050977517652,0,astro4,cxta
1.098732135580388,0,astro4,cxta
1.1261732536602218,0,astro4,cxta
1.1422771447206967,0,astro4,cxta
1.1488077234012886,0,astro4,cxta
1.1213164771261352,0,astro4,cxta
1.0892196436142458,0,astro4,cxta
1.1023533214410304,0,astro4,cxta
1.0663418654991752,0,astro4,cxta
1.0826548067800597,0,astro4,cxta
1.1048491459315033,0,astro4,cxta
1.1058486225942266,1,astro4,cxta
1.079888142304187,1,astro4,cxta
1.036268583499741,1,astro4,cxta
1.0284345691229828,1,astro4,cxta
1.046855691635333,1,astro4,cxta
1.0387231669231907,1,astro4,cxta
1.0379888988792831,1,astro4,cxta
1.0508860185511413,1,astro4,cxta
1.0686707145122505,1,astro4,cxta
1.0352062916006888,1,astro4,cxta
1.0654263110919888,1,astro4,cxta
1.0263500093348932,1,astro4,cxta
1.0069378135958065,1,astro4,cxta
1.0306645455491672,1,astro4,cxta
1.0658643307986038,1,astro4,cxta
1.054678362067964,1,astro4,cxta
1.055701776503999,1,astro4,cxta
1.037035881110909,1,astro4,cxta
1.00084273009071,1,astro4,cxta
0.9917091280949891,1,astro4,cxta
0.999524811572387,1,astro4,cxta
0.9910003237490154,1,astro4,cxta
0.9929159008232835,1,astro4,cxta
0.9608418953712565,1,astro4,cxta
0.988921834999891,1,astro4,cxta
0.9835530292775481,1,astro4,cxta
1.005895654924079,1,astro4,cxta
1.0289291339823436,1,astro4,cxta
1.0072421728314953,1,astro4,cxta
1.0002133242965936,1,astro4,cxta
0.988857468709376,1,astro4,cxta
0.9661358192094985,1,astro4,cxta
1.0065453288852095,0,astro4,cxta
0.9884454353663664,0,astro4,cxta
0.9747822376756422,0,astro4,cxta
0.9887612505335326,0,astro4,cxta
0.9903728355870327,0,astro4,cxta
0.9564926806275243,0,astro4,cxta
0.9620410652160224,0,astro4,cxta
0.9905425001497926,0,astro4,cxta
0.9739431486883108,0,astro4,cxta
0.9895670457284272,0,astro4,cxta
0.9922356964147585,0,astro4,cxta
0.9601510454619212,0,astro4,cxta
0.967508013112047,0,astro4,cxta
0.9681311880335163,0,astro4,cxta
0.9521797895651788,0,astro4,cxta
0.9781621138029187,0,astro4,cxta
0.9918705663441203,0,astro4,cxta
0.9887799925509535,0,astro4,cxta
0.9723596347300089,0,astro4,cxta
0.9888694335307666,0,astro4,cxta
0.9924955575894946,0,astro4,cxta
0.9993228501651128,0,astro4,cxta
1.0039674284736946,0,astro4,cxta
0.9993851021705344,0,astro4,cxta
0.9989912391466429,1,astro4,cxta
0.9998281010463156,1,astro4,cxta
0.9671936394286694,1,astro4,cxta
0.9428823310703454,1,astro4,cxta
0.9753151960525487,1,astro4,cxta
0.9669961834615006,1,astro4,cxta
0.9590792192960628,1,astro4,cxta
0.9776988890194647,1,astro4,cxta
0.9654937200351602,1,astro4,cxta
0.9808087525748329,1,astro4,cxta
0.978672453639221,1,astro4,cxta
0.9684361433650333,1,astro4,cxta
0.9613948829494716,1,astro4,cxta
0.9649227698841363,1,astro4,cxta
0.9561547282464602,1,astro4,cxta
0.9712938613301217,1,astro4,cxta
0.9780469540626301,1,astro4,cxta
0.9402938151927612,1,astro4,cxta
0.9508894190553563,1,astro4,cxta
0.9184107257296403,1,astro4,cxta
0.9106175222435946,1,astro4,cxta
0.9391897171540389,1,astro4,cxta
0.9758128267706617,1,astro4,cxta
0.9646715130832232,1,astro4,cxta
1.0140938141146398,1,astro4,cxta
0.9677114492240817,1,astro4,cxta
0.9670069956929129,1,astro4,cxta
0.9609183506864647,1,astro4,cxta
0.9138628052002304,1,astro4,cxta
0.9310549550527243,1,astro4,cxta
0.9414947895000684,1,astro4,cxta
0.9350143953219762,1,astro4,cxta
0.9449894897569289,1,astro4,cxta
0.9341081753596913,1,astro4,cxta
0.9594620394706733,1,astro4,cxta
0.920297142687533,1,astro4,cxta
0.9545065982185222,1,astro4,cxta
0.9666397473008989,1,astro4,cxta
0.9553612405188779,1,astro4,cxta
0.9342673993538965,1,astro4,cxta
0.9258189069361069,1,astro4,cxta
0.9797582545667297,1,astro4,cxta
0.9724220073191084,1,astro4,cxta
0.9441537101089057,1,astro4,cxta
0.9337896827688075,1,astro4,cxta
0.8742213222089746,1,astro4,cxta
0.8793633427685205,1,astro4,cxta
0.9450269991513313,1,astro4,cxta
0.945530041722818,1,astro4,cxta
0.9376171233113036,1,astro4,cxta
0.9336668669409502,1,astro4,cxta
0.9392626326336353,1,astro4,cxta
0.914386687567151,1,astro4,cxta
0.9467301295858536,0,astro4,cxta
0.9261832881149017,0,astro4,cxta
0.938172883684511,0,astro4,cxta
0.9246123961314269,0,astro4,cxta
0.9215345680001773,0,astro4,cxta
0.9463193518786658,0,astro4,cxta
0.9480844654207684,0,astro4,cxta
0.9680075642721984,0,astro4,cxta
0.9349969921155495,0,astro4,cxta
0.977795047168432,0,astro4,cxta
0.9514431789717731,0,astro4,cxta
0.9089408017082263,0,astro4,cxta
0.9524169947780475,0,astro4,cxta
0.9451444008450802,0,astro4,cxta
0.9632998193774144,0,astro4,cxta
1.0308995489873949,0,astro4,cxta
1.000407514960322,0,astro4,cxta
1.0167612837091518,0,astro4,cxta
1.0195032247762832,0,astro4,cxta
1.0542476569895707,0,astro4,cxta
1.0110263315804906,0,astro4,cxta
1.037543172997009,0,astro4,cxta
1.0242605320806313,0,astro4,cxta
1.0373597679712305,0,astro4,cxta
1.0499203182291343,0,astro4,cxta
1.04903954635985,0,astro4,cxta
1.02683667816975,0,astro4,cxta
1.0569057972979097,0,astro4,cxta
1.0993911088201638,0,astro4,cxta
1.124348878866641,0,astro4,cxta
1.1173327426650244,0,astro4,cxta
1.1299912672508399,0,astro4,cxta
1.1302298710990089,0,astro4,cxta
1.1048798652438758,0,astro4,cxta
1.1007097980533826,0,astro4,cxta
1.1219885081116796,0,astro4,cxta
1.141577307441996,0,astro4,cxta
1.1564721132821252,0,astro4,cxta
1.2024300504453056,0,astro4,cxta
1.2099347691127587,0,astro4,cxta
1.2053746378363281,0,astro4,cxta
1.1361663828393618,0,astro4,cxta
1.1902048722522165,0,astro4,cxta
1.1932872159352175,0,astro4,cxta
1.208096609952316,0,astro4,cxta
1.2103922477629643,0,astro4,cxta
1.2381752332493943,0,astro4,cxta
1.259779763493149,0,astro4,cxta
1.3038885067532435,0,astro4,cxta
1.2869581375224288,0,astro4,cxta
1.2798974219664265,0,astro4,cxta
1.296969613290822,0,astro4,cxta
1.3319216375216587,0,astro4,cxta
1.3835209654600127,0,astro4,cxta
1.3749043412057282,0,astro4,cxta
1.3929402758560647,0,astro4,cxta
1.3818213081397783,0,astro4,cxta
1.405137121503496,0,astro4,cxta
1.429371528321777,0,astro4,cxta
1.4187378737645593,0,astro4,cxta
1.42477353822455,0,astro4,cxta
1.4560089961735796,0,astro4,cxta
1.4669010444987793,0,astro4,cxta
1.5129444746133174,0,astro4,cxta
1.5401922719080146,0,astro4,cxta
1.6037926409364187,0,astro4,cxta
1.628731546956366,0,astro4,cxta
1.6230059443281815,0,astro4,cxta
1.6204692054273444,0,astro4,cxta
1.608800345520848,0,astro4,cxta
1.61790029124343,0,astro4,cxta
1.6294237695490839,0,astro4,cxta
1.6704995881286087,0,astro4,cxta
1.7042325847570696,0,astro4,cxta
1.6877890264311834,0,astro4,cxta
1.7116524036121539,0,astro4,cxta
1.706732376818978,0,astro4,cxta
1.7029217039593822,0,astro4,cxta
1.7148037801506941,0,astro4,cxta
1.7545951476690196,0,astro4,cxta
1.8051700684981438,0,astro4,cxta
1.8598856083647763,0,astro4,cxta
1.8678396232096848,0,astro4,cxta
1.91337443868896,0,astro4,cxta
1.9634203353414201,0,astro4,cxta
1.9879275151272326,0,astro4,cxta
1.9813205456223915,0,astro4,cxta
2.04483935363626,0,astro4,cxta
2.0468283655907955,0,astro4,cxta
2.0873234320553284,0,astro4,cxta
2.070217074946745,0,astro4,cxta
2.1424529663938805,0,astro4,cxta
2.143742958537183,0,astro4,cxta
2.212166303574838,1,astro4,cxta
2.273066482721375,1,astro4,cxta
2.350120004795346,1,astro4,cxta
2.3361148077596994,1,astro4,cxta
2.3535404413300403,1,astro4,cxta
2.331604641376002,1,astro4,cxta
2.2901958145930994,1,astro4,cxta
2.292777919457101,1,astro4,cxta
2.2152205724432488,1,astro4,cxta
2.24731872635269,1,astro4,cxta
2.189101362518437,1,astro4,cxta
2.1593518462552885,1,astro4,cxta
2.104795670547391,1,astro4,cxta
2.0604733830033517,1,astro4,cxta
2.012318355815202,1,astro4,cxta
2.001671064293592,1,astro4,cxta
1.966622227757888,1,astro4,cxta
1.9124300606156168,1,astro4,cxta
1.9318308902047296,1,astro4,cxta
1.9229480626382958,1,astro4,cxta
1.8908960531981902,1,astro4,cxta
1.83185612193374,1,astro4,cxta
1.8274190542420627,0,astro4,cxta
1.7967672290489582,0,astro4,cxta
1.772665687132865,0,astro4,cxta
1.7288956407499543,0,astro4,cxta
1.7092799317313148,0,astro4,cxta
1.7265779474431475,0,astro4,cxta
1.7043090670825356,0,astro4,cxta
1.658243385141428,0,astro4,cxta
1.6662146011495191,0,astro4,cxta
1.6639091852765653,0,astro4,cxta
1.6427922513871822,0,astro4,cxta
1.6104175836611485,0,astro4,cxta
1.604501376055553,0,astro4,cxta
1.6263283559694592,0,astro4,cxta
1.629794585782751,0,astro4,cxta
1.6323895884148472,0,astro4,cxta
1.5731954451953702,1,astro4,cxta
1.5484209824825546,1,astro4,cxta
1.5579083281431052,1,astro4,cxta
1.530788106065781,1,astro4,cxta
1.5272111927238492,1,astro4,cxta
1.5250015817316245,1,astro4,cxta
1.549401455453909,1,astro4,cxta
1.501953906872625,1,astro4,cxta
1.4337611793882794,1,astro4,cxta
1.4450212049770315,1,astro4,cxta
1.4554362181018785,1,astro4,cxta
1.422793201300388,1,astro4,cxta
1.373805607355734,1,astro4,cxta
1.3889269165125928,1,astro4,cxta
1.3804185680867922,1,astro4,cxta
1.3790006206339152,1,astro4,cxta
1.360657138062727,1,astro4,cxta
1.329502285767611,1,astro4,cxta
1.3004238120293223,1,astro4,cxta
1.2673841606603375,1,astro4,cxta
1.2536205694760099,1,astro4,cxta
1.2434304296263268,1,astro4,cxta
1.2489727678964757,1,astro4,cxta
1.2250067136912581,1,astro4,cxta
1.2003833457795117,1,astro4,cxta
1.169031213999983,1,astro4,cxta
1.1673348646701323,1,astro4,cxta
1.1692375573647986,1,astro4,cxta
1.1467541509528754,1,astro4,cxta
1.1691091665864852,1,astro4,cxta
1.169229823697696,1,astro4,cxta
1.113245806534738,1,astro4,cxta
1.121643709925541,1,astro4,cxta
1.056711125813195,1,astro4,cxta
1.0502414929450286,1,astro4,cxta
1.0648977921532048,1,astro4,cxta
1.0445778808667865,1,astro4,cxta
1.0422700370751825,1,astro4,cxta
1.0145388022034507,1,astro4,cxta
1.0594300396338394,1,astro4,cxta
1.0719665174138284,1,astro4,cxta
0.9952710955955719,1,astro4,cxta
1.011749419723613,1,astro4,cxta
0.9946184966832874,1,astro4,cxta
0.9827052405083786,1,astro4,cxta
0.9913358183287648,1,astro4,cxta
0.9821744495456125,1,astro4,cxta
0.9691656588931199,1,astro4,cxta
0.9120059789021586,1,astro4,cxta
0.9352065558971517,1,astro4,cxta
0.9268289888752779,1,astro4,cxta
0.9104238596287675,1,astro4,cxta
0.8962683405110383,1,astro4,cxta
0.9010909009012575,1,astro4,cxta
0.9011540040734257,1,astro4,cxta
0.8660123842274489,1,astro4,cxta
0.8605226940628029,1,astro4,cxta
0.8485298145719703,1,astro4,cxta
0.8790503638090288,1,astro4,cxta
0.8662288989620319,1,astro4,cxta
0.8675609454604133,1,astro4,cxta
0.8994473303162861,1,astro4,cxta
0.8541343078574984,1,astro4,cxta
0.8514973813253615,1,astro4,cxta
0.8532470363628406,1,astro4,cxta
0.8430929561904156,1,astro4,cxta
0.8532261920018318,1,astro4,cxta
0.8641420225728185,1,astro4,cxta
0.8436239203003505,1,astro4,cxta
0.8510491488084196,1,astro4,cxta
0.855000932056992,1,astro4,cxta
0.8423081889896319,1,astro4,cxta
0.8374180185525778,1,astro4,cxta
0.8144413758544422,1,astro4,cxta
0.8252691058454811,1,astro4,cxta
0.8207971540495049,1,astro4,cxta
0.8057755626417842,1,astro4,cxta
0.8010257892062389,1,astro4,cxta
0.7993465923652577,1,astro4,cxta
0.8080934226864124,1,astro4,cxta
0.8295087432336831,1,astro4,cxta
0.8466675711648723,1,astro4,cxta
0.8410943185006714,1,astro4,cxta
0.8296623193105737,1,astro4,cxta
0.8318970809161751,1,astro4,cxta
0.8157016712020748,1,astro4,cxta
0.8130496980406119,1,astro4,cxta
0.812975827067087,1,astro4,cxta
0.8156570638532517,1,astro4,cxta
0.8062537696644607,1,astro4,cxta
0.8099458466930011,1,astro4,cxta
0.8027269538344282,1,astro4,cxta
0.7654123909861952,1,astro4,cxta
0.8142689271794576,1,astro4,cxta
0.8282662989725139,1,astro4,cxta
0.8238931170305577,1,astro4,cxta
0.8272876474813649,1,astro4,cxta
0.7961510278164189,1,astro4,cxta
0.7725021949238493,1,astro4,cxta
0.7377544802150219,1,astro4,cxta
0.7578912020606803,1,astro4,cxta
0.7837618362841391,1,astro4,cxta
0.8106624053992489,1,astro4,cxta
0.8343411858835811,1,astro4,cxta
0.8281128788808981,1,astro4,cxta
0.7818963891780941,0,astro4,cxta
0.7614148123207352,0,astro4,cxta
0.7663039338405097,0,astro4,cxta
0.7869032120723912,0,astro4,cxta
0.808969661055457,0,astro4,cxta
0.8105184156254117,0,astro4,cxta
0.7683336519871141,0,astro4,cxta
0.771190044978503,0,astro4,cxta
0.8089060628648285,0,astro4,cxta
0.8034463200495867,0,astro4,cxta
0.8327460354173123,0,astro4,cxta
0.8303359357418192,0,astro4,cxta
0.8188843742225904,0,astro4,cxta
0.8134877884376019,0,astro4,cxta
0.8524194678917475,0,astro4,cxta
0.8884775082195285,0,astro4,cxta
0.8607024680188691,0,astro4,cxta
0.8827367481503993,0,astro4,cxta
0.8560686995674939,0,astro4,cxta
0.8662043380156388,0,astro4,cxta
0.8805880774001744,0,astro4,cxta
0.8887026601255233,0,astro4,cxta
0.8973785082103715,0,astro4,cxta
0.9140648959999454,0,astro4,cxta
0.8860017620296404,0,astro4,cxta
0.8479657204741007,0,astro4,cxta
0.8821433432642604,0,astro4,cxta
0.8782759894013507,0,astro4,cxta
0.93618983881417,0,astro4,cxta
0.930134336544584,0,astro4,cxta
0.880527268528808,0,astro4,cxta
0.9067369741635412,0,astro4,cxta
0.9447176130670629,0,astro4,cxta
0.9601258094840122,0,astro4,cxta
0.9544192234804092,0,astro4,cxta
0.9617764285057956,0,astro4,cxta
0.9666273665226682,0,astro4,cxta
1.011339946625551,0,astro4,cxta
1.0269498065436973,0,astro4,cxta
1.0088932600064557,0,astro4,cxta
0.9983565908632227,0,astro4,cxta
1.0364130415597255,0,astro4,cxta
1.0204410686725878,0,astro4,cxta
1.0351902480502875,0,astro4,cxta
1.0627216076122104,0,astro4,cxta
1.0402944457821308,0,astro4,cxta
1.0102414595505051,0,astro4,cxta
0.976180465355431,0,astro4,cxta
0.975241721448449,0,astro4,cxta
1.0198024934041392,0,astro4,cxta
1.0071921835179385,0,astro4,cxta
0.9755591484113001,0,astro4,cxta
0.9909170492433513,0,astro4,cxta
0.9949321291791325,0,astro4,cxta
1.0335023858943813,0,astro4,cxta
1.0029868799506412,0,astro4,cxta
0.9992310329481918,0,astro4,cxta
0.986346493802194,0,astro4,cxta
1.0034696375643504,0,astro4,cxta
1.03430977986587,0,astro4,cxta
1.0564375052335178,0,astro4,cxta
1.0327516256519043,0,astro4,cxta
1.035808528210721,0,astro4,cxta
1.005050814827937,0,astro4,cxta
1.0006419216080766,0,astro4,cxta
1.0003737594305866,0,astro4,cxta
1.0178726378125837,0,astro4,cxta
0.9947221060008071,0,astro4,cxta
1.0057747885007824,0,astro4,cxta
0.9879232174552919,0,astro4,cxta
0.978465309595955,0,astro4,cxta
1.0107260192437562,0,astro4,cxta
0.9954959576336772,1,astro4,cxta
1.0292765157049684,1,astro4,cxta
1.0453715064667812,1,astro4,cxta
0.9827331422554748,1,astro4,cxta
1.0009192284872686,1,astro4,cxta
1.0316110792944309,1,astro4,cxta
1.0325541910288654,1,astro4,cxta
1.0016352733497853,1,astro4,cxta
0.9799754849237665,1,astro4,cxta
0.9954815127845953,1,astro4,cxta
1.0222443913846007,1,astro4,cxta
1.012098264082333,1,astro4,cxta
1.006992547327767,1,astro4,cxta
1.055713719069388,1,astro4,cxta
1.0355200148241832,1,astro4,cxta
1.043026493586018,1,astro4,cxta
1.0458509235982922,1,astro4,cxta
1.033088994688387,1,astro4,cxta
0.9947986107491266,1,astro4,cxta
0.9683504242291646,1,astro4,cxta
0.9803643853302412,1,astro4,cxta
0.9889598856895084,1,astro4,cxta
1.0118814731695376,1,astro4,cxta
0.9355829924766438,1,astro4,cxta
0.916759777190463,1,astro4,cxta
0.9311306506029973,1,astro4,cxta
0.979723441846589,1,astro4,cxta
0.9276576178512524,1,astro4,cxta
0.9506071090040618,1,astro4,cxta
0.9750675150153173,1,astro4,cxta
0.9516534923834307,1,astro4,cxta
0.9724973086594045,1,astro4,cxta
0.945461001804093,1,astro4,cxta
0.9320157379319035,1,astro4,cxta
0.9286948868893882,1,astro4,cxta
0.9491520810190245,1,astro4,cxta
0.9442424522601226,1,astro4,cxta
0.9385172085284939,1,astro4,cxta
0.9232295166125063,1,astro4,cxta
0.9123376271591638,1,astro4,cxta
0.904986437301283,1,astro4,cxta
0.9168102632152849,1,astro4,cxta
0.9185706339436436,1,astro4,cxta
0.9432390831109205,1,astro4,cxta
0.9227780603544501,1,astro4,cxta
0.9390830382654213,0,astro4,cxta
0.9071632385664715,0,astro4,cxta
0.9372600566205258,0,astro4,cxta
0.9508562642152039,0,astro4,cxta
0.9725611769651024,0,astro4,cxta
0.9849482254506627,0,astro4,cxta
0.9675649833644455,0,astro4,cxta
0.9268106960268784,0,astro4,cxta
0.9360757294622286,0,astro4,cxta
0.9210067198210826,0,astro4,cxta
0.9367294855095664,0,astro4,cxta
0.9091209676575405,0,astro4,cxta
0.9583195794757735,0,astro4,cxta
0.957470610897954,0,astro4,cxta
0.9347439502061761,0,astro4,cxta
0.9490805922671256,0,astro4,cxta
0.9333111202722403,0,astro4,cxta
0.934729505268925,0,astro4,cxta
0.9600532429965769,0,astro4,cxta
0.9415374040188855,0,astro4,cxta
0.9606729857939906,0,astro4,cxta
0.9414790203739625,0,astro4,cxta
0.9624158052270175,0,astro4,cxta
0.9322575701075538,0,astro4,cxta
0.9618576451832013,0,astro4,cxta
0.948552007242731,0,astro4,cxta
0.972653574080293,0,astro4,cxta
0.9806080915845903,0,astro4,cxta
0.9590083475619758,0,astro4,cxta
0.9918932118959995,0,astro4,cxta
0.9969673108111718,0,astro4,cxta
0.993303194597642,0,astro4,cxta
0.9952733100214399,0,astro4,cxta
1.0206621940799978,0,astro4,cxta
1.0428609599250815,0,astro4,cxta
1.038104939731773,0,astro4,cxta
1.0433485151871253,0,astro4,cxta
1.0578218041355754,0,astro4,cxta
1.0282571739865274,0,astro4,cxta
1.0300719374393725,0,astro4,cxta
1.057934925561459,0,astro4,cxta
1.0326805572833857,0,astro4,cxta
1.086394340657524,0,astro4,cxta
1.0705910538868784,0,astro4,cxta
1.093797194360932,0,astro4,cxta
1.1302145833586141,0,astro4,cxta
1.1301215108529723,0,astro4,cxta
1.131145186328908,0,astro4,cxta
1.1506855283514674,0,astro4,cxta
1.1291726824216992,0,astro4,cxta
1.1484939677224957,0,astro4,cxta
1.1818191097148991,0,astro4,cxta
1.2052675837646836,0,astro4,cxta
1.2425769587102633,0,astro4,cxta
1.2746197811089104,0,astro4,cxta
1.2878554046832644,0,astro4,cxta
1.262013721344522,0,astro4,cxta
1.2863417258633982,0,astro4,cxta
1.259177840088507,0,astro4,cxta
1.319154829098605,0,astro4,cxta
1.3223388855417992,0,astro4,cxta
1.3277981118605786,0,astro4,cxta
1.3345232985035336,1,astro4,cxta
1.3523252385463345,1,astro4,cxta
1.3540087600187154,1,astro4,cxta
1.384177166977036,1,astro4,cxta
1.3968475735589092,1,astro4,cxta
1.401851787371429,1,astro4,cxta
1.4267762361195604,1,astro4,cxta
1.4426129719078766,1,astro4,cxta
1.4297559159125113,1,astro4,cxta
1.4407518227174776,1,astro4,cxta
1.4420340721774647,1,astro4,cxta
1.4559494158987463,1,astro4,cxta
1.426970898744613,1,astro4,cxta
1.4546431376037938,1,astro4,cxta
1.4502832050415086,1,astro4,cxta
1.4421683816769808,1,astro4,cxta
1.4455602428434762,1,astro4,cxta
1.4322375536546044,1,astro4,cxta
1.437284991695393,1,astro4,cxta
1.436233541350756,1,astro4,cxta
1.4522048938522603,1,astro4,cxta
1.4562959114687841,1,astro4,cxta
1.4765260412294512,1,astro4,cxta
1.454651381521496,1,astro4,cxta
1.4298032181585942,1,astro4,cxta
1.4382747743016155,1,astro4,cxta
1.4746986093613674,1,astro4,cxta
1.5018625471687748,1,astro4,cxta
1.4910994107390136,1,astro4,cxta
1.5317267695300751,1,astro4,cxta
1.5330504439178951,1,astro4,cxta
1.5283038918633127,1,astro4,cxta
1.5564543449326893,1,astro4,cxta
1.5702553820678122,1,astro4,cxta
1.6253241609548417,1,astro4,cxta
1.6110832154652834,1,astro4,cxta
1.6174698809558905,1,astro4,cxta
1.597439315945547,1,astro4,cxta
1.602958581660088,1,astro4,cxta
1.5707959289497702,1,astro4,cxta
1.556029175852071,1,astro4,cxta
1.5653078742172988,1,astro4,cxta
1.5575765902082506,1,astro4,cxta
1.5778702774844962,1,astro4,cxta
1.5563391101341661,0,astro4,cxta
1.5383602992738818,0,astro4,cxta
1.5356833407596908,0,astro4,cxta
1.5491832024407872,0,astro4,cxta
1.5372216647286303,0,astro4,cxta
1.5269471335370328,0,astro4,cxta
1.5605818113380383,0,astro4,cxta
1.5472875447038565,0,astro4,cxta
1.5440565083199789,0,astro4,cxta
1.5736777800145034,0,astro4,cxta
1.5540180037563283,0,astro4,cxta
1.6167171369620874,0,astro4,cxta
1.5886846930825893,0,astro4,cxta
1.6205070269883446,0,astro4,cxta
1.6892068640306117,0,astro4,cxta
1.6756455186683692,0,astro4,cxta
1.6665171550517017,0,astro4,cxta
1.7027111148493728,0,astro4,cxta
1.7065468109411401,0,astro4,cxta
1.6892187411723656,0,astro4,cxta
1.6776504705844488,0,astro4,cxta
1.726715707444334,0,astro4,cxta
1.7314696940322976,0,astro4,cxta
1.7085787753546808,0,astro4,cxta
1.7304830144509056,0,astro4,cxta
1.7368869761540777,0,astro4,cxta
1.7768065512364277,0,astro4,cxta
1.8124516952202994,0,astro4,cxta
1.8034443468222217,0,astro4,cxta
1.8142605486585757,0,astro4,cxta
1.8294236799800698,0,astro4,cxta
1.865127542491849,0,astro4,cxta
1.8959847949897486,0,astro4,cxta
1.9094562214834847,0,astro4,cxta
1.8996307200788345,0,astro4,cxta
1.8901679748621283,0,astro4,cxta
1.9057986302112426,0,astro4,cxta
1.8891778351782609,0,astro4,cxta
1.954762956357661,0,astro4,cxta
1.884850091353804,0,astro4,cxta
1.8806552670570609,0,astro4,cxta
1.9065976271796685,0,astro4,cxta
1.9051643260820765,0,astro4,cxta
1.8949065606015947,0,astro4,cxta
1.907450258184982,0,astro4,cxta
1.8925349227661412,0,astro4,cxta
1.888610313141843,0,astro4,cxta
1.9340972530626894,0,astro4,cxta
1.9327004078439067,0,astro4,cxta
1.8694860427316426,0,astro4,cxta
1.8725179770698086,0,astro4,cxta
1.835893292418718,0,astro4,cxta
1.8714458973342036,0,astro4,cxta
1.855663909987339,0,astro4,cxta
1.789956253078789,0,astro4,cxta
1.7970218001733005,0,astro4,cxta
1.8187476559950102,0,astro4,cxta
1.8014471816021382,0,astro4,cxta
1.8142494946232934,0,astro4,cxta
1.791591293472364,0,astro4,cxta
1.7807025034887092,0,astro4,cxta
1.7654611574928978,0,astro4,cxta
1.6890724465524325,0,astro4,cxta
1.7174358339940496,0,astro4,cxta
1.7246178392518947,0,astro4,cxta
1.696828480126146,0,astro4,cxta
1.6293611438333773,0,astro4,cxta
1.645605161855994,0,astro4,cxta
1.666773934849142,0,astro4,cxta
1.6839719982207757,0,astro4,cxta
1.655615618575868,0,astro4,cxta
1.6419146529441537,0,astro4,cxta
1.6294658069063517,0,astro4,cxta
1.655106503040229,0,astro4,cxta
1.6551484558122327,0,astro4,cxta
1.6763523137054681,0,astro4,cxta
1.662855779790451,0,astro4,cxta
1.6308836086079304,0,astro4,cxta
1.5990298238686578,0,astro4,cxta
1.5355085551251089,0,astro4,cxta
1.4935549822336485,0,astro4,cxta
1.4910612511422545,0,astro4,cxta
1.4841453295109521,0,astro4,cxta
1.4670550362227373,0,astro4,cxta
1.4466706136391274,0,astro4,cxta
1.4594295920430593,0,astro4,cxta
1.4686951231174923,0,astro4,cxta
1.4300377485255977,0,astro4,cxta
1.3743786221165109,0,astro4,cxta
1.3561363302217728,0,astro4,cxta
1.3373770437812231,0,astro4,cxta
1.3133181618341048,0,astro4,cxta
1.2827000763194971,0,astro4,cxta
1.2412421467771557,0,astro4,cxta
1.1681544830959247,0,astro4,cxta
1.243213127230297,0,astro4,cxta
1.2459434501499966,0,astro4,cxta
1.2128101404905454,0,astro4,cxta
1.1880844012376015,0,astro4,cxta
1.1947341889875116,0,astro4,cxta
1.1492729952441088,0,astro4,cxta
1.156316214126225,0,astro4,cxta
1.1539791522184641,0,astro4,cxta
1.1547958585620934,0,astro4,cxta
1.1713917936830953,0,astro4,cxta
1.149318325317685,0,astro4,cxta
1.1166330642139952,0,astro4,cxta
1.128980914498746,0,astro4,cxta
1.1438869290200329,0,astro4,cxta
1.1445330312927038,0,astro4,cxta
1.16485880766605,0,astro4,cxta
1.174898572458464,0,astro4,cxta
1.1559375050589085,0,astro4,cxta
1.1487387450763957,0,astro4,cxta
1.1432968101731085,0,astro4,cxta
1.1282448661754247,0,astro4,cxta
1.1283606660060232,0,astro4,cxta
1.1450025253925464,0,astro4,cxta
1.1215043997852259,0,astro4,cxta
1.1385779972724817,0,astro4,cxta
1.1174927176326377,0,astro4,cxta
1.0799478068106003,0,astro4,cxta
1.0628539660781369,0,astro4,cxta
1.0921218001578705,0,astro4,cxta
1.0639828671180434,0,astro4,cxta
1.0620417340714199,0,astro4,cxta
1.0849354415875752,0,astro4,cxta
1.077460808166546,0,astro4,cxta
1.0727982587093259,0,astro4,cxta
1.0684200042015966,0,astro4,cxta
1.0749920960512998,0,astro4,cxta
1.0431843307540702,0,astro4,cxta
1.0306230853308525,0,astro4,cxta
1.0708910514220749,0,astro4,cxta
1.0378778096820989,0,astro4,cxta
1.0505992124981776,0,astro4,cxta
1.027876476945356,0,astro4,cxta
1.0081372713412884,0,astro4,cxta
1.0186552634747235,0,astro4,cxta
1.043473640005574,0,astro4,cxta
1.0410239394700103,0,astro4,cxta
1.0156331578417985,0,astro4,cxta
1.0369268238439378,0,astro4,cxta
1.056063264529007,0,astro4,cxta
1.024354157979872,0,astro4,cxta
1.067769955862648,0,astro4,cxta
0.9953212978882522,0,astro4,cxta
1.025775125904747,0,astro4,cxta
1.0281905410465277,0,astro4,cxta
0.999187124190665,0,astro4,cxta
1.0168802818096458,0,astro4,cxta
0.9596714113482363,0,astro4,cxta
0.9660653539279347,0,astro4,cxta
1.0036750448391507,0,astro4,cxta
1.0121797950005382,0,astro4,cxta
1.0079508495378013,0,astro4,cxta
0.9851989739710478,0,astro4,cxta
0.9814115677580367,0,astro4,cxta
1.0239287774077763,0,astro4,cxta
1.0012127594673168,0,astro4,cxta
1.0076140132430491,0,astro4,cxta
1.0294716347086588,0,astro4,cxta
1.0050564230255232,0,astro4,cxta
0.9455874368658747,0,astro4,cxta
0.9912806904975406,0,astro4,cxta
0.9760837459072496,0,astro4,cxta
0.9959446724407653,0,astro4,cxta
1.019183560148448,0,astro4,cxta
0.9701677774766753,0,astro4,cxta
0.938923401411417,0,astro4,cxta
0.9556142634265049,1,astro4,cxta
0.9504038540271679,1,astro4,cxta
0.8939952528239714,1,astro4,cxta
0.9318806178301781,1,astro4,cxta
0.918246935593983,1,astro4,cxta
0.9278972823701873,1,astro4,cxta
0.9222202173815974,1,astro4,cxta
0.9074714545018187,1,astro4,cxta
0.9330609309451037,1,astro4,cxta
0.9365599101931794,1,astro4,cxta
0.8862838435391841,1,astro4,cxta
0.9135017734136354,1,astro4,cxta
0.8926762194626033,1,astro4,cxta
0.9177007449184845,1,astro4,cxta
0.9166444253202686,1,astro4,cxta
0.9088394303017202,1,astro4,cxta
0.927326154984787,1,astro4,cxta
0.893212250689079,0,astro4,cxta
0.8955239595173065,0,astro4,cxta
0.9413293937308029,0,astro4,cxta
0.8916033563146968,0,astro4,cxta
0.9029736199241218,0,astro4,cxta
0.8805843085133874,0,astro4,cxta
0.909208021055745,0,astro4,cxta
0.9112113137696624,0,astro4,cxta
0.91247754241339,0,astro4,cxta
0.9070865687022746,0,astro4,cxta
0.9072727546345146,0,astro4,cxta
0.8978116507413167,0,astro4,cxta
0.8923189075276116,0,astro4,cxta
0.9190981768231864,0,astro4,cxta
0.8775567436572097,0,astro4,cxta
0.8763743995587934,0,astro4,cxta
0.8841913220905613,0,astro4,cxta
0.9118000592408423,0,astro4,cxta
0.9048576507535953,0,astro4,cxta
0.902442963287742,0,astro4,cxta
0.9169857128133005,0,astro4,cxta
0.9361301152786555,0,astro4,cxta
0.9034694353538367,0,astro4,cxta
0.882385327449635,0,astro4,cxta
0.8972892187745299,0,astro4,cxta
0.8950204381946135,0,astro4,cxta
0.9166518319791418,0,astro4,cxta
0.919848498217816,0,astro4,cxta
0.9760056189533023,0,astro4,cxta
0.967177099944323,0,astro4,cxta
0.9615042995900274,0,astro4,cxta
0.9674820082019361,0,astro4,cxta
0.9433487345572504,0,astro4,cxta
0.9626381012634616,0,astro4,cxta
0.9716642612310108,0,astro4,cxta
0.9597882561960271,0,astro4,cxta
0.9542084626197695,0,astro4,cxta
0.9315975605708511,0,astro4,cxta
0.9452883210908518,0,astro4,cxta
0.9418895148568337,0,astro4,cxta
0.9631001869535489,0,astro4,cxta
0.9748366357318752,0,astro4,cxta
0.972402602851504,0,astro4,cxta
0.9971402270705115,0,astro4,cxta
0.9962998007934053,0,astro4,cxta
1.0002529405125167,0,astro4,cxta
0.9961716449965645,0,astro4,cxta
0.9964930887404423,0,astro4,cxta
0.9794010406656385,0,astro4,cxta
0.9657278028507652,0,astro4,cxta
0.9569542702005127,0,astro4,cxta
0.9499357858868547,0,astro4,cxta
0.9683211390849045,0,astro4,cxta
0.972033795339977,1,astro4,cxta
0.9444017323041568,1,astro4,cxta
0.9777794672338044,1,astro4,cxta
0.9626038483486445,1,astro4,cxta
0.9713488539357367,1,astro4,cxta
0.9756621787768642,1,astro4,cxta
0.9754692899223126,1,astro4,cxta
0.9786380935545511,1,astro4,cxta
0.9765848465638641,1,astro4,cxta
0.9958435211071367,1,astro4,cxta
0.9194743226419146,1,astro4,cxta
0.9791867709668907,1,astro4,cxta
0.9852696011818556,1,astro4,cxta
0.9523015014187064,1,astro4,cxta
0.9584022320842883,0,astro4,cxta
0.9861599054414023,0,astro4,cxta
0.9641487388615064,0,astro4,cxta
0.9303094658447588,0,astro4,cxta
0.9511697956557054,0,astro4,cxta
0.9304464247650113,0,astro4,cxta
0.9055376673567263,0,astro4,cxta
0.9446983548460927,0,astro4,cxta
0.931312504703022,0,astro4,cxta
0.9749612237613285,0,astro4,cxta
0.9929211358340919,0,astro4,cxta
0.9795626264666821,0,astro4,cxta
1.0147709903688178,0,astro4,cxta
0.9676832437762056,0,astro4,cxta
0.9661249503776747,0,astro4,cxta
0.9236685772083901,0,astro4,cxta
0.9402942943426738,0,astro4,cxta
0.9652503437839435,0,astro4,cxta
0.9771474680353074,0,astro4,cxta
0.9765146515767528,0,astro4,cxta
0.9610227249710702,0,astro4,cxta
0.9681059229742949,0,astro4,cxta
0.9720373495856529,0,astro4,cxta
0.999047688026991,0,astro4,cxta
0.9674750554990635,0,astro4,cxta
0.9666632886303135,0,astro4,cxta
0.9930312318762744,0,astro4,cxta
0.9952692220733024,0,astro4,cxta
0.9951280293087769,0,astro4,cxta
0.9819036567855048,0,astro4,cxta
0.9765779180269865,0,astro4,cxta
0.9811443133645142,0,astro4,cxta
0.9876966599362058,0,astro4,cxta
0.9672479278686533,0,astro4,cxta
0.9804374015577069,0,astro4,cxta
0.9864089294366396,0,astro4,cxta
0.9796911097078979,0,astro4,cxta
0.9647248713965805,0,astro4,cxta
0.974742023263091,0,astro4,cxta
1.003667126222341,0,astro4,cxta
1.0147001164324698,0,astro4,cxta
0.9986856787430758,0,astro4,cxta
1.0196245141863365,0,astro4,cxta
1.0387062659052222,0,astro4,cxta
1.0120836654439207,0,astro4,cxta
1.0042316998310512,0,astro4,cxta
1.0214966727479524,0,astro4,cxta
0.9877542302497171,0,astro4,cxta
1.0047637357536512,0,astro4,cxta
1.070791499673775,0,astro4,cxta
1.0256701649438316,0,astro4,cxta
1.034331061431822,0,astro4,cxta
1.019033490867565,0,astro4,cxta
1.0395130711958511,0,astro4,cxta
1.0207701669188685,0,astro4,cxta
1.0176609344199803,0,astro4,cxta
1.066695092831533,0,astro4,cxta
1.0730667320973764,0,astro4,cxta
1.0909516394992578,0,astro4,cxta
1.090892286849765,0,astro4,cxta
1.1118069216032584,0,astro4,cxta
1.1222288433623686,0,astro4,cxta
1.1184119013547826,0,astro4,cxta
1.1507831011845575,0,astro4,cxta
1.183764127744192,0,astro4,cxta
1.2112825756405554,0,astro4,cxta
1.18218836740623,0,astro4,cxta
1.2154443535186172,0,astro4,cxta
1.2342727620952951,0,astro4,cxta
1.2422788182003837,0,astro4,cxta
1.269837114436076,0,astro4,cxta
1.2694181278477512,0,astro4,cxta
1.2773638889420733,0,astro4,cxta
1.3021760225673427,0,astro4,cxta
1.326688768212267,0,astro4,cxta
1.3186919995675508,0,astro4,cxta
1.3409861778420777,0,astro4,cxta
1.3583061289411222,0,astro4,cxta
1.342950391798597,0,astro4,cxta
1.346692982248386,0,astro4,cxta
1.387434688768016,0,astro4,cxta
1.438015781892715,0,astro4,cxta
1.4436540178695951,0,astro4,cxta
1.4614499042601345,0,astro4,cxta
1.505705058122717,0,astro4,cxta
1.5735163028691486,0,astro4,cxta
1.5519892646799671,0,astro4,cxta
1.607641003965939,0,astro4,cxta
1.6099754847688146,0,astro4,cxta
1.6127050854426292,0,astro4,cxta
1.7135661997881322,0,astro4,cxta
1.7649522965689883,0,astro4,cxta
1.7725211134074896,0,astro4,cxta
1.801928329981255,0,astro4,cxta
1.8236601995211659,0,astro4,cxta
1.9049498106991563,0,astro4,cxta
1.9441057659812184,0,astro4,cxta
1.9756923098982055,0,astro4,cxta
2.0145817434723576,0,astro4,cxta
2.051875424041794,0,astro4,cxta
2.1031508438465454,0,astro4,cxta
2.1168635515323326,0,astro4,cxta
2.164949948453334,0,astro4,cxta
2.2196395319116915,0,astro4,cxta
2.2189850669171687,0,astro4,cxta
2.304287159503525,0,astro4,cxta
2.3329849751729412,0,astro4,cxta
2.3917772008372324,0,astro4,cxta
2.375400673056557,0,astro4,cxta
2.4544209822021275,0,astro4,cxta
2.4468965474191195,0,astro4,cxta
2.4589029010774404,0,astro4,cxta
2.495382902749518,0,astro4,cxta
2.4851184202827823,0,astro4,cxta
2.521303766952979,0,astro4,cxta
2.580160717121889,0,astro4,cxta
2.683019000990755,0,astro4,cxta
2.720130283416395,0,astro4,cxta
2.7197290476499205,1,astro4,cxta
2.7320231426710406,1,astro4,cxta
2.8134653161296264,1,astro4,cxta
2.825836943289041,1,astro4,cxta
2.8438852344911205,1,astro4,cxta
2.877010239799183,1,astro4,cxta
2.8722812714042205,1,astro4,cxta
2.838344339094389,1,astro4,cxta
2.8433536640404338,1,astro4,cxta
2.843509121330818,1,astro4,cxta
2.839960639530447,1,astro4,cxta
2.7549440529316516,1,astro4,cxta
2.727758783722884,1,astro4,cxta
2.746007789056164,1,astro4,cxta
2.7142942970615214,1,astro4,cxta
2.695859390794702,1,astro4,cxta
2.658323220765213,1,astro4,cxta
2.6236847151386393,1,astro4,cxta
2.5576277056649914,1,astro4,cxta
2.5443226972237922,1,astro4,cxta
2.5256134772865404,0,astro4,cxta
2.512140269916357,0,astro4,cxta
2.5098317238273804,0,astro4,cxta
2.4747069200911853,0,astro4,cxta
2.48413354819821,0,astro4,cxta
2.4106589219412866,0,astro4,cxta
2.4238474860509234,0,astro4,cxta
2.3523749734227946,0,astro4,cxta
2.3129633005038435,0,astro4,cxta
2.2839316871009947,0,astro4,cxta
2.2772796780447155,0,astro4,cxta
2.255202504539787,0,astro4,cxta
2.2700315503752138,0,astro4,cxta
2.228266713749021,0,astro4,cxta
2.2674502849980973,0,astro4,cxta
2.2787346783960154,0,astro4,cxta
2.2480280311477094,0,astro4,cxta
2.2316290730818875,0,astro4,cxta
2.2083516071767675,0,astro4,cxta
2.224853833119768,0,astro4,cxta
2.2173104847801235,0,astro4,cxta
2.191040900860861,0,astro4,cxta
2.1904931216528563,0,astro4,cxta
2.176526113632758,0,astro4,cxta
2.1421450549277026,0,astro4,cxta
2.1313973006170714,0,astro4,cxta
2.1690122602378685,0,astro4,cxta
2.163181652568384,0,astro4,cxta
2.1419578433162987,0,astro4,cxta
2.1170138167933295,0,astro4,cxta
2.1067993037850217,0,astro4,cxta
2.1549090722939326,0,astro4,cxta
2.1527120835769042,0,astro4,cxta
2.16384299044146,0,astro4,cxta
2.1466839860350135,0,astro4,cxta
2.162685191662582,0,astro4,cxta
2.220853773534149,0,astro4,cxta
2.170478451527953,0,astro4,cxta
2.1855611549649985,0,astro4,cxta
2.0892724864998744,0,astro4,cxta
2.080289454701771,0,astro4,cxta
2.127024420776857,0,astro4,cxta
2.1309415537930145,0,astro4,cxta
2.1167556041734192,0,astro4,cxta
2.1616616410935263,0,astro4,cxta
2.1859202023408213,0,astro4,cxta
2.2243998115935453,0,astro4,cxta
2.208357536222128,0,astro4,cxta
2.2019698712090285,0,astro4,cxta
2.2299256231720554,0,astro4,cxta
2.2488660308244124,0,astro4,cxta
2.235898257578226,0,astro4,cxta
2.244255306019144,0,astro4,cxta
2.294108629716027,0,astro4,cxta
2.2621548074436957,0,astro4,cxta
2.2561022185809745,0,astro4,cxta
2.2532081063537492,0,astro4,cxta
2.239001604203555,0,astro4,cxta
2.2112979428594888,0,astro4,cxta
2.116882014847093,0,astro4,cxta
2.0949047870359783,0,astro4,cxta
2.098433788724089,0,astro4,cxta
2.053498074784254,0,astro4,cxta
1.9813365982001436,0,astro4,cxta
1.9749384831030836,0,astro4,cxta
1.954122493875449,0,astro4,cxta
1.9213619738681065,0,astro4,cxta
1.9563084320940518,0,astro4,cxta
1.9401198774975952,0,astro4,cxta
1.9177933313602755,0,astro4,cxta
1.9055503983758892,0,astro4,cxta
1.908272140383164,0,astro4,cxta
1.8926540073859224,0,astro4,cxta
1.8620454485860842,0,astro4,cxta
1.8291866296674426,0,astro4,cxta
1.773853315800765,0,astro4,cxta
1.7756732605690102,0,astro4,cxta
1.751182090929245,0,astro4,cxta
1.7419662649982601,0,astro4,cxta
1.725076580845609,0,astro4,cxta
1.680971280899517,0,astro4,cxta
1.6464404528625458,0,astro4,cxta
1.620270359602452,0,astro4,cxta
1.6097913743901464,0,astro4,cxta
1.5794006435048176,0,astro4,cxta
1.6044327540238468,0,astro4,cxta
1.5437852504900633,0,astro4,cxta
1.509462849638889,0,astro4,cxta
1.4844797796070477,0,astro4,cxta
1.5035925866285917,0,astro4,cxta
1.4885589163621402,0,astro4,cxta
1.4453665120935293,0,astro4,cxta
1.4445841080375974,0,astro4,cxta
1.4817513426520363,0,astro4,cxta
1.4372891305426434,0,astro4,cxta
1.3912762178101623,0,astro4,cxta
1.3713501675841921,0,astro4,cxta
1.3342802652799866,0,astro4,cxta
1.3189882453415969,0,astro4,cxta
1.2809366869256544,0,astro4,cxta
1.3211140064016156,0,astro4,cxta
1.3112209196109275,0,astro4,cxta
1.3138097790687595,0,astro4,cxta
1.2851004608937868,0,astro4,cxta
1.2851366793896077,0,astro4,cxta
1.2911588929396407,0,astro4,cxta
1.2531371491610233,0,astro4,cxta
1.253692840849012,0,astro4,cxta
1.2356696578729731,0,astro4,cxta
1.2171358796301979,0,astro4,cxta
1.2076092779746703,0,astro4,cxta
1.2397971891890944,0,astro4,cxta
1.254895134288907,0,astro4,cxta
1.2232380296030405,0,astro4,cxta
1.226309709963811,0,astro4,cxta
1.196425075244814,0,astro4,cxta
1.224410170088917,0,astro4,cxta
1.2101997362253656,0,astro4,cxta
1.1945166478884097,0,astro4,cxta
1.212616601070225,0,astro4,cxta
1.2041180352462306,0,astro4,cxta
1.1447368689372033,0,astro4,cxta
1.1586738308374955,0,astro4,cxta
1.154653804413276,0,astro4,cxta
1.142572298727543,0,astro4,cxta
1.1190301945161418,0,astro4,cxta
1.1084931347954958,0,astro4,cxta
1.120901207593559,0,astro4,cxta
1.0885289840128933,0,astro4,cxta
1.1110327891604386,0,astro4,cxta
1.096029997754948,0,astro4,cxta
1.0661572015306864,0,astro4,cxta
1.0855771749524614,0,astro4,cxta
1.1089312019616164,0,astro4,cxta
1.0811595792067563,0,astro4,cxta
1.0809138956076916,0,astro4,cxta
1.0630841936976216,0,astro4,cxta
1.047220211829779,0,astro4,cxta
1.0689650917704743,0,astro4,cxta
1.0721910402643686,0,astro4,cxta
1.0509275438173484,0,astro4,cxta
1.0689402959706118,0,astro4,cxta
1.0434376240070289,0,astro4,cxta
1.0705031337457789,0,astro4,cxta
1.0694816628480346,0,astro4,cxta
1.0571231513530073,0,astro4,cxta
1.0778171986416403,0,astro4,cxta
1.0849467374350135,0,astro4,cxta
1.0605379524167924,0,astro4,cxta
1.0104851286737335,0,astro4,cxta
0.9889207600583824,0,astro4,cxta
1.009726411397873,0,astro4,cxta
1.0575251666709031,0,astro4,cxta
1.0107942887557284,0,astro4,cxta
1.0244078699053516,0,astro4,cxta
1.0292189711433695,0,astro4,cxta
1.032473174302917,0,astro4,cxta
1.041151048707998,0,astro4,cxta
1.0308641929460287,0,astro4,cxta
1.0575063582827435,0,astro4,cxta
1.0604639468931745,0,astro4,cxta
1.0851491126039325,0,astro4,cxta
1.0668589154768675,0,astro4,cxta
1.0728036656824917,0,astro4,cxta
1.0477368524077573,0,astro4,cxta
1.0460131708345806,0,astro4,cxta
1.0234096775962616,0,astro4,cxta
1.0628871137713132,0,astro4,cxta
1.0333812310897852,0,astro4,cxta
0.9878646949034755,0,astro4,cxta
1.0198006272311184,0,astro4,cxta
1.0350624359035518,0,astro4,cxta
1.106020762006473,0,astro4,cxta
1.088702593211915,0,astro4,cxta
1.0547011813789542,0,astro4,cxta
1.0467960143821262,0,astro4,cxta
1.0348718657719054,0,astro4,cxta
1.0607936626763315,0,astro4,cxta
1.0362772234839968,0,astro4,cxta
1.0159302831020638,0,astro4,cxta
1.0232198476117085,0,astro4,cxta
1.041809018673767,0,astro4,cxta
1.0423944775028007,0,astro4,cxta
1.040799469187598,0,astro4,cxta
1.0575582130786731,0,astro4,cxta
1.0219194185014393,0,astro4,cxta
1.0166793424639482,0,astro4,cxta
1.0162809029915019,0,astro4,cxta
1.021909502614711,0,astro4,cxta
1.041299802146631,0,astro4,cxta
1.036433951235823,0,astro4,cxta
1.0635590636317047,0,astro4,cxta
1.0213884116510998,0,astro4,cxta
1.016079513926514,0,astro4,cxta
1.0038628325457184,0,astro4,cxta
1.013809254855234,0,astro4,cxta
1.040802266687918,0,astro4,cxta
0.9983744794681741,0,astro4,cxta
1.0015169052558703,0,astro4,cxta
0.9909787809456113,0,astro4,cxta
1.012685352210185,0,astro4,cxta
1.0375493795962003,0,astro4,cxta
1.0188789756151397,0,astro4,cxta
1.0277807130380348,0,astro4,cxta
1.0191446859399806,0,astro4,cxta
0.9818922552705869,0,astro4,cxta
1.0089779772833696,0,astro4,cxta
0.987052837830894,0,astro4,cxta
1.0020707993066928,0,astro4,cxta
0.9891450007417074,0,astro4,cxta
0.9923153561264757,0,astro4,cxta
0.9718284063677746,0,astro4,cxta
1.0458566345976381,0,astro4,cxta
1.0398363980375018,0,astro4,cxta
0.9975940068372605,0,astro4,cxta
1.015300014146799,0,astro4,cxta
1.0093921902403828,0,astro4,cxta
0.9903645861923459,0,astro4,cxta
0.9823970327932696,0,astro4,cxta
0.9744395531538619,0,astro4,cxta
0.9826026386195633,0,astro4,cxta
0.9505235295815221,0,astro4,cxta
0.9554775189296323,0,astro4,cxta
0.9876408726824107,0,astro4,cxta
0.9900156594163831,0,astro4,cxta
0.9534683369969158,0,astro4,cxta
0.976471813388806,0,astro4,cxta
0.9702374490954152,0,astro4,cxta
0.9922574299134246,0,astro4,cxta
1.0017302229592653,0,astro4,cxta
1.0106672804761856,0,astro4,cxta
0.9504854003296666,0,astro4,cxta
0.9596460129525922,0,astro4,cxta
0.9898254055899771,0,astro4,cxta
0.9806735043231766,0,astro4,cxta
0.9587874230738374,0,astro4,cxta
0.9750922128181313,0,astro4,cxta
0.9983860026943218,0,astro4,cxta
1.0292335282279355,0,astro4,cxta
1.0336521267579462,0,astro4,cxta
1.04313816994459,0,astro4,cxta
1.0512132064624902,0,astro4,cxta
1.0346777116122907,0,astro4,cxta
1.0402026165325249,0,astro4,cxta
1.026071499314393,0,astro4,cxta
1.0239637418673155,0,astro4,cxta
1.0600457095454887,0,astro4,cxta
1.0902863302897212,0,astro4,cxta
1.0619219130439974,0,astro4,cxta
1.0642364865777978,0,astro4,cxta
1.0542782972489761,0,astro4,cxta
1.0264658289936128,0,astro4,cxta
1.0447806337279781,0,astro4,cxta
1.036022453540884,0,astro4,cxta
1.044802452876316,0,astro4,cxta
1.06996887978444,0,astro4,cxta
1.0470340334386317,0,astro4,cxta
1.0544172720128233,0,astro4,cxta
1.0578689683647917,0,astro4,cxta
1.0523283979367786,0,astro4,cxta
1.0576208971040504,0,astro4,cxta
1.081239420758359,0,astro4,cxta
1.1116653039577145,0,astro4,cxta
1.1131803106127207,0,astro4,cxta
1.121723342611551,0,astro4,cxta
1.1596070295006835,0,astro4,cxta
1.1098593558905163,0,astro4,cxta
1.12204889430614,0,astro4,cxta
1.1243218109214346,0,astro4,cxta
1.1419019844185194,0,astro4,cxta
1.1066157689281944,0,astro4,cxta
1.1095967652640295,0,astro4,cxta
1.1325470664568305,0,astro4,cxta
1.1385684900401527,0,astro4,cxta
1.1389651949093735,0,astro4,cxta
1.120951606621023,0,astro4,cxta
1.1134125014467386,0,astro4,cxta
1.1123022651811945,0,astro4,cxta
1.1092077081810863,0,astro4,cxta
1.1394139042116957,0,astro4,cxta
1.134409608854552,0,astro4,cxta
1.1358977146114342,0,astro4,cxta
1.1372889619404234,0,astro4,cxta
1.1020336224791982,0,astro4,cxta
1.0950555427504276,0,astro4,cxta
1.0870354905795472,0,astro4,cxta
1.1463741440398953,0,astro4,cxta
1.142649234039267,0,astro4,cxta
1.149575670831073,0,astro4,cxta
1.1319373525400733,0,astro4,cxta
1.1599658021373116,0,astro4,cxta
1.1256927654394207,0,astro4,cxta
1.154479541842999,0,astro4,cxta
1.1721413017727729,0,astro4,cxta
1.180637378794319,0,astro4,cxta
1.1270383013624339,0,astro4,cxta
1.1572036443435416,0,astro4,cxta
1.1891110749661171,0,astro4,cxta
1.1812130264147305,0,astro4,cxta
1.1621040597084982,0,astro4,cxta
1.1518589939411303,0,astro4,cxta
1.171925658783716,0,astro4,cxta
1.1857613544823633,0,astro4,cxta
1.125021959796896,1,astro4,cxta
1.1409943452314488,1,astro4,cxta
1.1731026448861925,1,astro4,cxta
1.1986528267083136,1,astro4,cxta
1.1857730145276253,1,astro4,cxta
1.1642186696409282,1,astro4,cxta
1.1358611418763196,1,astro4,cxta
1.1435015542778482,1,astro4,cxta
1.1435686190433512,1,astro4,cxta
1.146311208475186,1,astro4,cxta
1.1583828926774022,1,astro4,cxta
1.1508001964637589,1,astro4,cxta
1.1281459302821892,1,astro4,cxta
1.1304076025297607,1,astro4,cxta
1.1224256227222895,0,astro4,cxta
1.100453381270399,0,astro4,cxta
1.1050696697728624,0,astro4,cxta
1.1036481488439673,0,astro4,cxta
1.1078641928632997,0,astro4,cxta
1.1173851432370518,0,astro4,cxta
1.130070351442067,0,astro4,cxta
1.1142446935189847,0,astro4,cxta
1.1123702196534613,0,astro4,cxta
1.143231881716637,0,astro4,cxta
1.1583063246154124,0,astro4,cxta
1.1151003954530472,0,astro4,cxta
1.1284497472653263,0,astro4,cxta
1.1573300189820324,0,astro4,cxta
1.1358822019472317,0,astro4,cxta
1.1717969558045547,0,astro4,cxta
1.1587270464648716,0,astro4,cxta
1.2218796074701141,0,astro4,cxta
1.2051112986311139,0,astro4,cxta
1.2316366189444847,0,astro4,cxta
1.2416305045659006,0,astro4,cxta
1.2386010179661666,0,astro4,cxta
1.261782689658273,0,astro4,cxta
1.2798866718902888,0,astro4,cxta
1.2895851321425216,0,astro4,cxta
1.3342229267064545,0,astro4,cxta
1.3216756877858575,0,astro4,cxta
1.327445309499933,0,astro4,cxta
1.3186180400556051,0,astro4,cxta
1.319427601687285,0,astro4,cxta
1.309065007959665,0,astro4,cxta
1.349054562139075,0,astro4,cxta
1.3823837622672368,0,astro4,cxta
1.3581251133860368,0,astro4,cxta
1.3627744622951237,0,astro4,cxta
1.4162653083359789,0,astro4,cxta
1.4112832636177728,0,astro4,cxta
1.424353717592485,0,astro4,cxta
1.4664931430262587,0,astro4,cxta
1.4672326979697563,0,astro4,cxta
1.4816421511030236,0,astro4,cxta
1.498156865083833,0,astro4,cxta
1.5193366996959463,0,astro4,cxta
1.5397075045820616,0,astro4,cxta
1.5760487059144326,0,astro4,cxta
1.6106808008659552,0,astro4,cxta
1.664494350468944,0,astro4,cxta
1.6592568293088763,0,astro4,cxta
1.7114555133285283,0,astro4,cxta
1.7784297117620287,0,astro4,cxta
1.8200558913024834,0,astro4,cxta
1.8369740520065074,0,astro4,cxta
1.8914537951206145,0,astro4,cxta
1.879945035049763,0,astro4,cxta
1.8839744835258205,0,astro4,cxta
1.8803747437970812,0,astro4,cxta
1.8875547296051063,0,astro4,cxta
1.9203259659509329,0,astro4,cxta
1.930456701032778,0,astro4,cxta
1.9933749092588935,0,astro4,cxta
2.037175037003576,0,astro4,cxta
2.0538706865014476,0,astro4,cxta
2.0812164278041205,0,astro4,cxta
2.114380116376269,0,astro4,cxta
2.1639886854694694,0,astro4,cxta
2.206170131796576,0,astro4,cxta
2.221129997385005,0,astro4,cxta
2.2844759238801817,0,astro4,cxta
2.3311508842112127,0,astro4,cxta
2.3948149247688195,0,astro4,cxta
2.444488828953194,0,astro4,cxta
2.512349163707547,0,astro4,cxta
2.5005400169379444,0,astro4,cxta
2.5168672345559213,0,astro4,cxta
2.5121151534514214,0,astro4,cxta
2.4974768006433536,0,astro4,cxta
2.5119240951725215,0,astro4,cxta
2.537105285746811,0,astro4,cxta
2.567018122920635,0,astro4,cxta
2.562461137358532,0,astro4,cxta
2.5552970115856453,0,astro4,cxta
2.604846204459074,0,astro4,cxta
2.662608257182986,0,astro4,cxta
2.6858025152585236,0,astro4,cxta
2.7116481206462457,0,astro4,cxta
2.703652731081922,0,astro4,cxta
2.7399061003915275,0,astro4,cxta
2.6958234323459296,0,astro4,cxta
2.7268182850441067,0,astro4,cxta
2.7335380621962244,0,astro4,cxta
2.7125207948862897,0,astro4,cxta
2.6878334675753623,0,astro4,cxta
2.6368776249746544,0,astro4,cxta
2.588710374113215,0,astro4,cxta
2.5372000726152546,0,astro4,cxta
2.478605648210829,0,astro4,cxta
2.462620563440943,0,astro4,cxta
2.4198475009639964,0,astro4,cxta
2.4330399968315928,0,astro4,cxta
2.421089489210788,0,astro4,cxta
2.3853980418850167,0,astro4,cxta
2.3692619615317376,0,astro4,cxta
2.389884493003849,0,astro4,cxta
2.3609341680671103,0,astro4,cxta
2.392888733849753,0,astro4,cxta
2.392663792468612,0,astro4,cxta
2.3416968542461647,0,astro4,cxta
2.3636545640191193,0,astro4,cxta
2.343588036211436,0,astro4,cxta
2.30941867253938,0,astro4,cxta
2.2766644875562796,0,astro4,cxta
2.2942819972605317,0,astro4,cxta
2.2854360671815974,0,astro4,cxta
2.25486332439796,0,astro4,cxta
2.225827821795726,0,astro4,cxta
2.1873380287157853,0,astro4,cxta
2.1729437404007923,0,astro4,cxta
2.157198867444109,0,astro4,cxta
2.1478361145685745,0,astro4,cxta
2.0676727413566756,0,astro4,cxta
2.052034430783195,0,astro4,cxta
2.0259338768924873,0,astro4,cxta
2.0007273263428345,0,astro4,cxta
1.9556344445646614,0,astro4,cxta
1.9148109208560242,0,astro4,cxta
1.900160125454371,0,astro4,cxta
1.9276374174673467,0,astro4,cxta
1.9096801778424197,0,astro4,cxta
1.910449836613643,0,astro4,cxta
1.8963914344701802,0,astro4,cxta
1.8880299291549996,0,astro4,cxta
1.9056688643633648,0,astro4,cxta
1.9235676497295295,0,astro4,cxta
1.8644985027162626,0,astro4,cxta
1.8830774956105285,0,astro4,cxta
1.8920603893198809,0,astro4,cxta
1.8742381524141043,0,astro4,cxta
1.8609869307226923,0,astro4,cxta
1.8355028220926366,0,astro4,cxta
1.836371151238249,0,astro4,cxta
1.8169667448329365,0,astro4,cxta
1.7737101030951916,0,astro4,cxta
1.754295409521969,0,astro4,cxta
1.7500033119840495,0,astro4,cxta
1.6724646479132634,0,astro4,cxta
1.6256580598427923,0,astro4,cxta
1.5777286263856127,0,astro4,cxta
1.5894942051923389,0,astro4,cxta
1.5830452584127133,0,astro4,cxta
1.5476292193791243,0,astro4,cxta
1.52524717666352,0,astro4,cxta
1.5201799689170388,0,astro4,cxta
1.4746196738600996,0,astro4,cxta
1.4973880742301924,0,astro4,cxta
1.4636860123470237,0,astro4,cxta
1.4246259979112101,0,astro4,cxta
1.422441139257788,0,astro4,cxta
1.4115401283316305,0,astro4,cxta
1.3788256488008752,0,astro4,cxta
1.3396327918653959,0,astro4,cxta
1.3187210434024557,0,astro4,cxta
1.309796341814243,0,astro4,cxta
1.335349131702579,0,astro4,cxta
1.2886293735671737,0,astro4,cxta
1.2955719050137928,0,astro4,cxta
1.3016272705976377,0,astro4,cxta
1.3076780260717302,0,astro4,cxta
1.2125462618212444,0,astro4,cxta
1.237670523143871,0,astro4,cxta
1.2321296184089865,0,astro4,cxta
1.22342015417143,0,astro4,cxta
1.212482931549518,0,astro4,cxta
1.2248813714652278,0,astro4,cxta
1.2204204805294052,0,astro4,cxta
1.236844418857114,0,astro4,cxta
1.222116707953776,0,astro4,cxta
1.1909249527814754,0,astro4,cxta
1.179668228327334,0,astro4,cxta
1.171719903991625,0,astro4,cxta
1.1645449339603533,0,astro4,cxta
1.1162651198728555,0,astro4,cxta
1.129257999679662,0,astro4,cxta
1.1559058638549862,0,astro4,cxta
1.1342303084249177,0,astro4,cxta
1.0984155464924088,0,astro4,cxta
1.0970919587489538,0,astro4,cxta
1.096606244513896,0,astro4,cxta
1.130569032338374,0,astro4,cxta
1.10338576345573,0,astro4,cxta
1.1099049093886708,0,astro4,cxta
1.1371513801353081,0,astro4,cxta
1.0827909248111187,0,astro4,cxta
1.0332236467356037,0,astro4,cxta
1.019069241713888,0,astro4,cxta
0.9880390954872277,0,astro4,cxta
0.9793750408542655,0,astro4,cxta
0.9623110872685139,0,astro4,cxta
1.0162670183275337,0,astro4,cxta
1.0454422684393363,0,astro4,cxta
1.0194336943708575,0,astro4,cxta
1.010461082727917,0,astro4,cxta
1.0118912315822548,0,astro4,cxta
1.0236712752311485,0,astro4,cxta
1.0188069941120432,0,astro4,cxta
1.0175463208587994,0,astro4,cxta
0.9958062446951214,0,astro4,cxta
1.0267850780448005,0,astro4,cxta
1.019951297976483,0,astro4,cxta
1.0096088971694874,0,astro4,cxta
1.0105050287897561,0,astro4,cxta
1.0283350877195754,0,astro4,cxta
1.0405657701102224,0,astro4,cxta
1.032100389316976,0,astro4,cxta
1.01165401038448,0,astro4,cxta
1.0023024853888565,0,astro4,cxta
0.9971599994609485,0,astro4,cxta
0.9795635744214646,0,astro4,cxta
0.9941271329048254,0,astro4,cxta
0.978288400109828,0,astro4,cxta
0.9938289994715391,0,astro4,cxta
1.0119828876066115,0,astro4,cxta
0.9955887947411671,0,astro4,cxta
1.0145258483041302,0,astro4,cxta
1.0188051063455617,0,astro4,cxta
1.012953792863144,0,astro4,cxta
1.029920518777617,0,astro4,cxta
1.0632115642624667,0,astro4,cxta
1.0314737407662937,0,astro4,cxta
1.0102091857567679,0,astro4,cxta
1.0060088938264444,0,astro4,cxta
1.0546127774209804,0,astro4,cxta
1.0529091235158927,0,astro4,cxta
0.9909386105525783,0,astro4,cxta
1.009936622920585,0,astro4,cxta
1.0118545268459447,0,astro4,cxta
1.0281673611240045,0,astro4,cxta
1.0231590655131104,0,astro4,cxta
1.0537156940844534,0,astro4,cxta
1.0100238127338195,0,astro4,cxta
1.0096550243178408,0,astro4,cxta
1.0261628030245915,0,astro4,cxta
1.0253093659735606,0,astro4,cxta
1.060425300526897,0,astro4,cxta
1.0309915730550554,0,astro4,cxta
1.066092718328623,0,astro4,cxta
1.0804338931697832,0,astro4,cxta
1.047337093641465,0,astro4,cxta
1.0671580696194976,0,astro4,cxta
1.1120841876807572,0,astro4,cxta
1.0977678641507673,0,astro4,cxta
1.0627236467847176,0,astro4,cxta
1.0707072230264978,0,astro4,cxta
1.0832678530260762,0,astro4,cxta
1.0852135427072622,0,astro4,cxta
1.1159151823612095,0,astro4,cxta
1.1165420240099981,0,astro4,cxta
1.0855124019810607,0,astro4,cxta
1.0504728168945758,0,astro4,cxta
1.0604255488488532,0,astro4,cxta
1.0892992989067365,0,astro4,cxta
1.059047391387799,0,astro4,cxta
1.0426817392280625,0,astro4,cxta
1.0698989447614635,0,astro4,cxta
1.1100326506236369,0,astro4,cxta
1.1174723238799036,0,astro4,cxta
1.1255800144921317,0,astro4,cxta
1.1019328825408627,0,astro4,cxta
1.0705090445784626,0,astro4,cxta
1.1112341548271139,0,astro4,cxta
1.077677209864006,0,astro4,cxta
1.0843653013629053,0,astro4,cxta
1.0916344793613262,0,astro4,cxta
1.0817118764497604,0,astro4,cxta
1.1008816270527377,0,astro4,cxta
1.113063686234714,0,astro4,cxta
1.0939243568156303,0,astro4,cxta
1.0529962268849715,0,astro4,cxta
1.082198999045222,0,astro4,cxta
1.1169683355483173,0,astro4,cxta
1.095014828288633,0,astro4,cxta
1.122494850537166,0,astro4,cxta
1.134616629239044,0,astro4,cxta
1.122411433043721,0,astro4,cxta
1.1459108017340611,0,astro4,cxta
1.1521667370143456,0,astro4,cxta
1.1845357962070795,0,astro4,cxta
1.170153907213519,0,astro4,cxta
1.1727822242200467,0,astro4,cxta
1.1811524351809621,0,astro4,cxta
1.1984933123367978,0,astro4,cxta
1.2281383369448027,0,astro4,cxta
1.220393223536101,0,astro4,cxta
1.27181661065434,0,astro4,cxta
1.2734369937638783,0,astro4,cxta
1.2483282861865657,0,astro4,cxta
1.2730894871318919,0,astro4,cxta
1.2879686090776563,0,astro4,cxta
1.2968541703938077,0,astro4,cxta
1.2998678511463369,0,astro4,cxta
1.2858939629894353,0,astro4,cxta
1.24192873148621,0,astro4,cxta
1.271378413088543,0,astro4,cxta
1.3070226840828174,0,astro4,cxta
1.3255898147914233,0,astro4,cxta
1.3467055883438799,0,astro4,cxta
1.3224496761304958,0,astro4,cxta
1.3384660011616814,0,astro4,cxta
1.338848168488996,0,astro4,cxta
1.3680197220760153,0,astro4,cxta
1.3751723879879143,0,astro4,cxta
1.3817913603513516,0,astro4,cxta
1.3536731565900209,0,astro4,cxta
1.4140291373576261,0,astro4,cxta
1.4636581879375192,0,astro4,cxta
1.4713655599187097,0,astro4,cxta
1.4656765718195228,0,astro4,cxta
1.456359449787307,0,astro4,cxta
1.4519011668742763,0,astro4,cxta
1.4546919473270274,0,astro4,cxta
1.4614173009909122,0,astro4,cxta
1.4850788432856628,0,astro4,cxta
1.4564616821772014,0,astro4,cxta
1.462116473090507,0,astro4,cxta
1.5026183201924996,0,astro4,cxta
1.499286781825163,0,astro4,cxta
1.5149699102423397,0,astro4,cxta
1.5349665013170621,0,astro4,cxta
1.5230533542224507,0,astro4,cxta
1.5460985864241341,0,astro4,cxta
1.550493231502359,0,astro4,cxta
1.5471639665887857,0,astro4,cxta
1.5564955211647387,0,astro4,cxta
1.5450022396502487,0,astro4,cxta
1.5471144298227322,0,astro4,cxta
1.5611110859616912,0,astro4,cxta
1.5765094757759754,0,astro4,cxta
1.6048102660127141,0,astro4,cxta
1.597246033720789,0,astro4,cxta
1.614443861321588,0,astro4,cxta
1.61212817687185,0,astro4,cxta
1.6529321361110598,0,astro4,cxta
1.5888033856448234,0,astro4,cxta
1.5986440893424352,0,astro4,cxta
1.5911627988579466,0,astro4,cxta
1.5901677483957424,0,astro4,cxta
1.6139156430779216,0,astro4,cxta
1.5897681113936284,0,astro4,cxta
1.5985890186833864,0,astro4,cxta
1.6084378433481727,0,astro4,cxta
1.5692593012389493,0,astro4,cxta
1.562041998576175,0,astro4,cxta
1.5331545624094245,0,astro4,cxta
1.5602091569504586,0,astro4,cxta
1.5593751027098124,0,astro4,cxta
1.5459702464354221,0,astro4,cxta
1.5712927297603971,0,astro4,cxta
1.5495094907799434,0,astro4,cxta
1.5019837361524535,0,astro4,cxta
1.563807258565963,0,astro4,cxta
1.4998622083894306,0,astro4,cxta
1.5233241348616668,0,astro4,cxta
1.5149626085945587,0,astro4,cxta
1.5110407811961204,0,astro4,cxta
1.4922402690962915,0,astro4,cxta
1.4474208489788676,0,astro4,cxta
1.4491857581605787,0,astro4,cxta
1.409896889883841,0,astro4,cxta
1.4478071047612788,0,astro4,cxta
1.4647128194110555,0,astro4,cxta
1.4366939538678805,0,astro4,cxta
1.415855124878317,0,astro4,cxta
1.4228472152401803,0,astro4,cxta
1.3784723340836507,0,astro4,cxta
1.4055536346719668,0,astro4,cxta
1.4036138442100998,0,astro4,cxta
1.425678964500752,0,astro4,cxta
1.4180896870424686,0,astro4,cxta
1.3913015261814508,0,astro4,cxta
1.390415704441576,0,astro4,cxta
1.3652261123477918,0,astro4,cxta
1.3794032057382175,0,astro4,cxta
1.3372400919705598,0,astro4,cxta
1.331174317106297,0,astro4,cxta
1.343461444905674,0,astro4,cxta
1.2923779909565067,0,astro4,cxta
1.2764287288200673,0,astro4,cxta
1.2543152529371218,0,astro4,cxta
1.3065101363171874,0,astro4,cxta
1.243816593657977,0,astro4,cxta
1.2066744261851337,0,astro4,cxta
1.1907708255878189,0,astro4,cxta
1.2063858246649417,0,astro4,cxta
1.2033719981852211,0,astro4,cxta
1.1655949328574569,0,astro4,cxta
1.1534041039470262,0,astro4,cxta
1.150765890813595,0,astro4,cxta
1.1456593051822066,0,astro4,cxta
1.1078385586390542,0,astro4,cxta
1.1247567679359527,0,astro4,cxta
1.1198836999447737,0,astro4,cxta
1.1797029314485368,0,astro4,cxta
1.122695501550314,0,astro4,cxta
1.0788948913391943,0,astro4,cxta
1.066036976014912,0,astro4,cxta
1.1052105092180144,0,astro4,cxta
1.1066742913984653,0,astro4,cxta
1.1192442290176008,0,astro4,cxta
1.1282097670227027,0,astro4,cxta
1.1169124886238107,0,astro4,cxta
1.1010111284620239,0,astro4,cxta
1.1198568760275094,0,astro4,cxta
1.1028375827102113,0,astro4,cxta
1.0574508307819126,0,astro4,cxta
1.0542047266696233,0,astro4,cxta
1.0791679779317702,0,astro4,cxta
1.0707848607958061,0,astro4,cxta
1.0789590785254688,0,astro4,cxta
1.0859300595470915,0,astro4,cxta
1.10101702619411,0,astro4,cxta
1.0609415001424225,0,astro4,cxta
1.097161512953602,0,astro4,cxta
1.0690422282393142,0,astro4,cxta
1.046123394074994,0,astro4,cxta
1.0577125252462343,0,astro4,cxta
1.0652190654483447,0,astro4,cxta
1.0745211337948049,0,astro4,cxta
1.0721880762574867,0,astro4,cxta
1.056925552775657,0,astro4,cxta
1.0354635228315991,0,astro4,cxta
1.0372056977158282,0,astro4,cxta
1.0372930336513349,0,astro4,cxta
1.0240622458844095,0,astro4,cxta
1.0485225696963183,1,astro4,cxta
1.0437591594157634,1,astro4,cxta
1.0073694897345102,1,astro4,cxta
1.0139561547435498,1,astro4,cxta
1.003345446543594,1,astro4,cxta
0.9872043110915767,1,astro4,cxta
0.9811723015246339,1,astro4,cxta
0.9509385517673444,1,astro4,cxta
0.9684071935252547,1,astro4,cxta
0.9800025618147206,1,astro4,cxta
0.979499554698772,1,astro4,cxta
0.9643994446052576,1,astro4,cxta
0.9573560010472959,1,astro4,cxta
0.9534939264311838,1,astro4,cxta
0.924328360685208,1,astro4,cxta
0.8913963229304063,1,astro4,cxta
0.9067114511250423,1,astro4,cxta
0.8568102748828886,1,astro4,cxta
0.8631655176579107,0,astro4,cxta
0.8979095094616816,0,astro4,cxta
0.8587342787656383,0,astro4,cxta
0.843894679766886,0,astro4,cxta
0.8516966171779017,0,astro4,cxta
0.8079260209827575,0,astro4,cxta
0.839105163506735,0,astro4,cxta
0.8545913053729212,0,astro4,cxta
0.8437567756151326,0,astro4,cxta
0.8188373929809702,0,astro4,cxta
0.8368683242972883,0,astro4,cxta
0.8075930859426627,0,astro4,cxta
0.8361206965398521,0,astro4,cxta
0.8180067869136392,0,astro4,cxta
0.8398961595351727,0,astro4,cxta
0.8195738632470174,0,astro4,cxta
0.8334425330481703,0,astro4,cxta
0.8178038731652317,0,astro4,cxta
0.821870645081651,0,astro4,cxta
0.7975281838062726,0,astro4,cxta
0.8266670632346612,0,astro4,cxta
0.8206279270119358,0,astro4,cxta
0.8449153686150519,0,astro4,cxta
0.841572124564599,0,astro4,cxta
0.8290754664965099,0,astro4,cxta
0.8315615019874932,0,astro4,cxta
0.8100141500120857,0,astro4,cxta
0.8241173600226019,0,astro4,cxta
0.8185130136961695,0,astro4,cxta
0.8157073284405056,0,astro4,cxta
0.7938410381214345,0,astro4,cxta
0.8622388584990914,0,astro4,cxta
0.8679942189453335,0,astro4,cxta
0.7991775803696798,0,astro4,cxta
0.7979686266311097,0,astro4,cxta
0.831796004147637,0,astro4,cxta
0.849232868596049,0,astro4,cxta
0.8521214231605337,0,astro4,cxta
0.79987545483167,0,astro4,cxta
0.7764440202527686,0,astro4,cxta
0.8666532297689153,0,astro4,cxta
0.8492738295712254,0,astro4,cxta
0.8421672250628045,0,astro4,cxta
0.8161254325421533,0,astro4,cxta
0.8397971358603363,0,astro4,cxta
0.8524608626213943,0,astro4,cxta
0.8692118751441739,1,astro4,cxta
0.900217249884486,1,astro4,cxta
0.846860851783247,1,astro4,cxta
0.8047231498649007,1,astro4,cxta
0.8461741274164891,1,astro4,cxta
0.8274972661429568,1,astro4,cxta
0.8036709776582475,1,astro4,cxta
0.7925387196296487,1,astro4,cxta
0.8369052349907219,1,astro4,cxta
2.7472277244094894,0,astro5,cxta
1.8909221019119822,0,astro5,cxta
1.6919504590946994,0,astro5,cxta
1.6499737715261438,0,astro5,cxta
1.6451445041390886,0,astro5,cxta
1.6593505311112968,0,astro5,cxta
1.6089713912928925,0,astro5,cxta
1.5607336267986098,0,astro5,cxta
1.543831989468835,0,astro5,cxta
1.5586718035615148,0,astro5,cxta
1.4859553631568603,0,astro5,cxta
1.4515864043882891,0,astro5,cxta
1.4714135485753088,0,astro5,cxta
1.4536728427908023,0,astro5,cxta
1.4301310653349029,0,astro5,cxta
1.4625052871898467,0,astro5,cxta
1.425206915379032,0,astro5,cxta
1.369315700204266,0,astro5,cxta
1.3334260601704355,0,astro5,cxta
1.3533634330147137,0,astro5,cxta
1.3410960746823082,0,astro5,cxta
1.277217285833369,0,astro5,cxta
1.2677054085168695,0,astro5,cxta
1.23549853033573,0,astro5,cxta
1.223579105111294,0,astro5,cxta
1.1902483050687398,0,astro5,cxta
1.2046486150685973,0,astro5,cxta
1.1825684665390712,0,astro5,cxta
1.141391970830101,0,astro5,cxta
1.10309279635465,0,astro5,cxta
1.14147222622112,0,astro5,cxta
1.0889815731980341,0,astro5,cxta
1.0854408547025196,0,astro5,cxta
1.0768113749017354,0,astro5,cxta
1.1025387478885829,0,astro5,cxta
1.0868938943451707,0,astro5,cxta
1.0941550655537606,0,astro5,cxta
1.0734723790684433,0,astro5,cxta
1.0302111283426794,0,astro5,cxta
1.0149519718033442,0,astro5,cxta
1.0065398912601515,0,astro5,cxta
1.0578792546279767,0,astro5,cxta
1.0662290780853199,0,astro5,cxta
1.0877453150108833,0,astro5,cxta
1.0215107017375453,0,astro5,cxta
1.0305940530097055,0,astro5,cxta
1.0365677740209442,0,astro5,cxta
1.0364077592412675,0,astro5,cxta
0.9942279136512326,0,astro5,cxta
0.9673223183227893,0,astro5,cxta
0.9396479271735619,0,astro5,cxta
0.9472868662601002,0,astro5,cxta
0.9602301355706241,0,astro5,cxta
0.9243028663709305,0,astro5,cxta
0.914968775290938,0,astro5,cxta
0.8870079091141055,0,astro5,cxta
0.8993998074141737,0,astro5,cxta
0.9038728312710004,0,astro5,cxta
0.9146999934592888,0,astro5,cxta
0.8158404572488815,0,astro5,cxta
0.840975475268993,0,astro5,cxta
0.8043396797458657,0,astro5,cxta
0.8135414774413483,0,astro5,cxta
0.8375964416720575,0,astro5,cxta
0.815368510391925,0,astro5,cxta
0.7663095658881117,0,astro5,cxta
0.7345124644911968,0,astro5,cxta
0.730923954094398,0,astro5,cxta
0.7387222750049616,0,astro5,cxta
0.7615738112517626,0,astro5,cxta
0.7680544783962631,0,astro5,cxta
0.723941590296262,0,astro5,cxta
0.7081924856545543,0,astro5,cxta
0.7201013944247,0,astro5,cxta
0.7084863417876793,0,astro5,cxta
0.7109724657421184,0,astro5,cxta
0.6783744298115405,0,astro5,cxta
0.6809102800767814,0,astro5,cxta
0.6593447666589568,0,astro5,cxta
0.6415387894491306,0,astro5,cxta
0.619853117191351,0,astro5,cxta
0.6029985307466035,0,astro5,cxta
0.6079708806191797,0,astro5,cxta
0.6043696509975968,0,astro5,cxta
0.6361353797200611,0,astro5,cxta
0.649940414641848,0,astro5,cxta
0.6411291454451208,0,astro5,cxta
0.6212699970268016,0,astro5,cxta
0.5978866024135333,0,astro5,cxta
0.560625030790628,0,astro5,cxta
0.5839853208104484,0,astro5,cxta
0.6210477491024742,0,astro5,cxta
0.5953977424619822,0,astro5,cxta
0.6233643223369603,0,astro5,cxta
0.5639138105770112,0,astro5,cxta
0.5323024600784626,0,astro5,cxta
0.5393396973243143,0,astro5,cxta
0.5485248973619057,0,astro5,cxta
0.5612762884588646,0,astro5,cxta
0.5278379087250104,0,astro5,cxta
0.525655831458521,0,astro5,cxta
0.5576757595914253,0,astro5,cxta
0.5051125509521112,0,astro5,cxta
0.5608397400285144,0,astro5,cxta
0.5395966670539456,0,astro5,cxta
0.5424679398348423,0,astro5,cxta
0.551871549990763,0,astro5,cxta
0.5681688409383989,0,astro5,cxta
0.5675458568184876,0,astro5,cxta
0.5278869014380645,0,astro5,cxta
0.5377281796649778,0,astro5,cxta
0.602782176781799,0,astro5,cxta
0.5809126403692368,0,astro5,cxta
0.5747864201270693,1,astro5,cxta
0.6079021381319134,1,astro5,cxta
0.5875587052039911,1,astro5,cxta
0.5888799867952463,1,astro5,cxta
0.5893257888422087,1,astro5,cxta
0.5922215722676697,1,astro5,cxta
0.6261767455308452,1,astro5,cxta
0.6080370483948664,1,astro5,cxta
0.5789038146589656,1,astro5,cxta
0.5504762674557421,1,astro5,cxta
0.560923786485708,1,astro5,cxta
0.5744293150089759,1,astro5,cxta
0.5777793313205035,1,astro5,cxta
0.5723818489087988,1,astro5,cxta
0.567649336735864,1,astro5,cxta
0.6004617036794415,1,astro5,cxta
0.596637651115017,1,astro5,cxta
0.5641627365298749,1,astro5,cxta
0.5747138131244819,1,astro5,cxta
0.5601203621103441,1,astro5,cxta
0.5410616985347577,1,astro5,cxta
0.552297460829778,1,astro5,cxta
0.5365351346034957,1,astro5,cxta
0.5850603998084699,1,astro5,cxta
0.5733805368987948,1,astro5,cxta
0.579634123149532,1,astro5,cxta
0.5816524456398264,1,astro5,cxta
0.574344275504025,1,astro5,cxta
0.5784813864130677,1,astro5,cxta
0.6284482353935418,1,astro5,cxta
0.5772162399614906,1,astro5,cxta
0.6053218711027599,1,astro5,cxta
0.6209901017778093,1,astro5,cxta
0.5915449549635088,1,astro5,cxta
0.5677718234748899,1,astro5,cxta
0.5550851203932085,1,astro5,cxta
0.5958530480637965,1,astro5,cxta
0.6036243666027817,1,astro5,cxta
0.5754562876000714,1,astro5,cxta
0.5962683123197975,1,astro5,cxta
0.5855495345287486,1,astro5,cxta
0.6236636207850221,1,astro5,cxta
0.6046697485191646,1,astro5,cxta
0.6191017979370923,1,astro5,cxta
0.5659869196761288,1,astro5,cxta
0.5691351784680935,1,astro5,cxta
0.5450925916055784,1,astro5,cxta
0.5815496635507944,1,astro5,cxta
0.5495682306633728,1,astro5,cxta
0.5487167497450527,1,astro5,cxta
0.526712460888488,1,astro5,cxta
0.5109655654650914,1,astro5,cxta
0.5244183793318625,1,astro5,cxta
0.5451131620419472,1,astro5,cxta
0.541608672608137,1,astro5,cxta
0.5480643599891263,1,astro5,cxta
0.5478136352285584,1,astro5,cxta
0.5583213402918096,1,astro5,cxta
0.5161492869733088,1,astro5,cxta
0.5293781385460469,1,astro5,cxta
0.5290677554548068,1,astro5,cxta
0.5145961481538166,1,astro5,cxta
0.5197716516115781,1,astro5,cxta
0.5522749136637324,1,astro5,cxta
0.5321912153317004,1,astro5,cxta
0.5015200091776292,1,astro5,cxta
0.5455859609049339,1,astro5,cxta
0.5494283460823948,1,astro5,cxta
0.5301210824972697,1,astro5,cxta
0.4951436818576273,1,astro5,cxta
0.5161535624131102,1,astro5,cxta
0.5386589188479236,1,astro5,cxta
0.5302106477100896,1,astro5,cxta
0.5136610902793747,1,astro5,cxta
0.4903998535124309,1,astro5,cxta
0.4931566390254259,1,astro5,cxta
0.5097498493729343,1,astro5,cxta
0.55397253335152,1,astro5,cxta
0.4888288406898196,1,astro5,cxta
0.5422032235535417,1,astro5,cxta
0.5687536794491982,1,astro5,cxta
0.5266376042399216,1,astro5,cxta
0.5189106158075061,1,astro5,cxta
0.4906503747341962,1,astro5,cxta
0.5117675031119481,1,astro5,cxta
0.5239286517088539,1,astro5,cxta
0.48901073134825424,1,astro5,cxta
0.49018731513078073,1,astro5,cxta
0.511004449717665,1,astro5,cxta
0.5224829117477353,1,astro5,cxta
0.5283446810423467,1,astro5,cxta
0.5150360917502524,1,astro5,cxta
0.49294154658145156,1,astro5,cxta
0.5239581160387186,1,astro5,cxta
0.5199238786584839,1,astro5,cxta
0.561991969176185,1,astro5,cxta
0.535818376291761,1,astro5,cxta
0.5400629427154862,1,astro5,cxta
0.5207594948598007,1,astro5,cxta
0.5057762997328482,1,astro5,cxta
0.5061012703749412,1,astro5,cxta
0.49907175965652895,1,astro5,cxta
0.5018175845577846,1,astro5,cxta
0.5372448970041818,1,astro5,cxta
0.5379553780109447,1,astro5,cxta
0.546373947428281,1,astro5,cxta
0.5705328638402286,1,astro5,cxta
0.5138901932307989,1,astro5,cxta
0.5339197027358703,1,astro5,cxta
0.47669368771111564,1,astro5,cxta
0.5016740962685451,1,astro5,cxta
0.5341491958282378,1,astro5,cxta
0.5318497969350457,0,astro5,cxta
0.5261762285498137,0,astro5,cxta
0.5084268252745222,0,astro5,cxta
0.4807363632582648,0,astro5,cxta
0.524987427536565,0,astro5,cxta
0.5181595055367175,0,astro5,cxta
0.50131605025445,0,astro5,cxta
0.5073900737113469,0,astro5,cxta
0.5520484038999337,0,astro5,cxta
0.5532844587361871,0,astro5,cxta
0.5550455767149204,0,astro5,cxta
0.5331949379511984,0,astro5,cxta
0.5292199779272698,0,astro5,cxta
0.48479297839740576,0,astro5,cxta
0.504763337400499,0,astro5,cxta
0.5562956721586924,0,astro5,cxta
0.5615388717170345,0,astro5,cxta
0.5415569438223206,0,astro5,cxta
0.5311223601211734,0,astro5,cxta
0.4985072106263647,0,astro5,cxta
0.5190044466359484,0,astro5,cxta
0.5354545512903339,0,astro5,cxta
0.5387496462667914,0,astro5,cxta
0.5213885271522768,0,astro5,cxta
0.544452219604596,0,astro5,cxta
0.5282453336149857,0,astro5,cxta
0.5535854039074554,0,astro5,cxta
0.5777100038442257,0,astro5,cxta
0.5543285533011157,0,astro5,cxta
0.5253670479089868,0,astro5,cxta
0.5445717189221914,0,astro5,cxta
0.5387674780240674,0,astro5,cxta
0.5301928189027676,0,astro5,cxta
0.5351831230050289,0,astro5,cxta
0.5389745270984574,0,astro5,cxta
0.5010287426227095,0,astro5,cxta
0.5195565638441746,0,astro5,cxta
0.5248155884984068,0,astro5,cxta
0.5001689203360099,0,astro5,cxta
0.49038608959123053,0,astro5,cxta
0.5419027134948199,0,astro5,cxta
0.5555584110405238,0,astro5,cxta
0.5482185794294901,0,astro5,cxta
0.49983137791597454,0,astro5,cxta
0.5325690528132014,0,astro5,cxta
0.5258074215219144,0,astro5,cxta
0.5560820856414828,0,astro5,cxta
0.5765025261185619,0,astro5,cxta
0.5966778467245509,0,astro5,cxta
0.5651230365586292,0,astro5,cxta
0.5704049225347503,0,astro5,cxta
0.5726211467294724,0,astro5,cxta
0.5443812758117527,0,astro5,cxta
0.5474193123470085,0,astro5,cxta
0.5784536639616332,0,astro5,cxta
0.5742839174827571,0,astro5,cxta
0.6017656278873471,0,astro5,cxta
0.5781537191310809,0,astro5,cxta
0.6227597249517145,0,astro5,cxta
0.6038778262974714,0,astro5,cxta
0.5651220562586768,0,astro5,cxta
0.6053833318743905,0,astro5,cxta
0.6047602733938481,0,astro5,cxta
0.6192391027449481,0,astro5,cxta
0.6685239653253313,0,astro5,cxta
0.6737789753466499,0,astro5,cxta
0.6912800177796199,0,astro5,cxta
0.6591586150076124,0,astro5,cxta
0.6749083020856422,0,astro5,cxta
0.6638808166668277,0,astro5,cxta
0.6029226974367095,0,astro5,cxta
0.6436187740170345,0,astro5,cxta
0.6388211595756282,0,astro5,cxta
0.6589082764882904,0,astro5,cxta
0.6861457084992003,0,astro5,cxta
0.6488868999435641,0,astro5,cxta
0.685618973725709,0,astro5,cxta
0.6894840136453443,0,astro5,cxta
0.6812929452553484,0,astro5,cxta
0.7143883566664793,0,astro5,cxta
0.6656689861326158,0,astro5,cxta
0.6853100662997955,0,astro5,cxta
0.709908038879627,0,astro5,cxta
0.7302881878655475,0,astro5,cxta
0.706861254033064,0,astro5,cxta
0.7059457424814024,0,astro5,cxta
0.7461987659353773,0,astro5,cxta
0.7113061800517364,0,astro5,cxta
0.7762899539378845,0,astro5,cxta
0.7871122384917533,0,astro5,cxta
0.7916045631239305,0,astro5,cxta
0.8380275707825579,0,astro5,cxta
0.8001260122433127,0,astro5,cxta
0.7628381076692785,0,astro5,cxta
0.8132355474315832,0,astro5,cxta
0.8041987756271223,0,astro5,cxta
0.790715946634015,0,astro5,cxta
0.8115265896165673,0,astro5,cxta
0.8491238477518616,0,astro5,cxta
0.8156737818179252,0,astro5,cxta
0.836299922359484,0,astro5,cxta
0.8121515446322013,0,astro5,cxta
0.8199168726820981,0,astro5,cxta
0.8192126620160349,0,astro5,cxta
0.8868530749200302,0,astro5,cxta
0.8926927608310922,0,astro5,cxta
0.8506127964656063,0,astro5,cxta
0.8768793877167137,0,astro5,cxta
0.9221298539912762,0,astro5,cxta
0.9098621605421964,0,astro5,cxta
0.9181344062792629,0,astro5,cxta
0.9301532002263362,0,astro5,cxta
0.9114510309651995,0,astro5,cxta
0.9494233015382461,0,astro5,cxta
1.0290094713980191,0,astro5,cxta
1.0138713042286611,0,astro5,cxta
0.9781702165091332,0,astro5,cxta
0.9977843682937532,0,astro5,cxta
1.056018049287448,0,astro5,cxta
1.0669085797990907,0,astro5,cxta
1.0681434780738874,0,astro5,cxta
1.1125095705011407,0,astro5,cxta
1.1313912438571716,0,astro5,cxta
1.202112644538947,0,astro5,cxta
1.2249539933100588,0,astro5,cxta
1.266342697728153,0,astro5,cxta
1.3188438493240502,0,astro5,cxta
1.3326015452942495,0,astro5,cxta
1.3974384267426194,0,astro5,cxta
1.4074821139273925,0,astro5,cxta
1.4114858384829683,0,astro5,cxta
1.4037558011933666,0,astro5,cxta
1.3989631236975755,0,astro5,cxta
1.4261356773587073,0,astro5,cxta
1.4162048742172182,0,astro5,cxta
1.4513557174975757,0,astro5,cxta
1.4920784091337496,0,astro5,cxta
1.5218963650496382,0,astro5,cxta
1.5251114084388544,0,astro5,cxta
1.5083497389374885,0,astro5,cxta
1.5310962167083084,0,astro5,cxta
1.5725435491209379,0,astro5,cxta
1.5551512904796667,0,astro5,cxta
1.615822582941853,0,astro5,cxta
1.622688456732198,0,astro5,cxta
1.6545990625399416,0,astro5,cxta
1.682857364458852,0,astro5,cxta
1.6565393960338706,0,astro5,cxta
1.6332079206893415,0,astro5,cxta
1.6814198282943509,0,astro5,cxta
1.7521725628530254,0,astro5,cxta
1.7574838240500474,0,astro5,cxta
1.800664607483892,0,astro5,cxta
1.8276647501294085,0,astro5,cxta
1.855742821670122,0,astro5,cxta
1.8740178110767023,0,astro5,cxta
1.883732775656036,0,astro5,cxta
1.8955242331879338,0,astro5,cxta
1.900810078121444,0,astro5,cxta
1.9157399312621566,0,astro5,cxta
1.9151812733997684,0,astro5,cxta
1.907891829597638,0,astro5,cxta
1.9325595226779115,0,astro5,cxta
1.9090414977146941,0,astro5,cxta
1.9153809146086986,0,astro5,cxta
1.8739951153984018,0,astro5,cxta
1.8326302558258263,0,astro5,cxta
1.841626261251655,0,astro5,cxta
1.8497984695717422,0,astro5,cxta
1.9216939955832566,0,astro5,cxta
1.8723515769421002,0,astro5,cxta
1.850680674048631,0,astro5,cxta
1.8159052549880523,0,astro5,cxta
1.7585861497514177,0,astro5,cxta
1.7066056232167117,0,astro5,cxta
1.676166835318033,0,astro5,cxta
1.716880068964288,0,astro5,cxta
1.693762324492624,0,astro5,cxta
1.7016164358743462,0,astro5,cxta
1.699793336657164,0,astro5,cxta
1.708853191577617,0,astro5,cxta
1.6988034346577792,0,astro5,cxta
1.6546923660670907,0,astro5,cxta
1.6592491466179289,0,astro5,cxta
1.6552671053802117,0,astro5,cxta
1.6502616479344645,0,astro5,cxta
1.6841023052305435,0,astro5,cxta
1.650703113872632,0,astro5,cxta
1.7061750310467059,0,astro5,cxta
1.753223578297722,0,astro5,cxta
1.7606934869429878,0,astro5,cxta
1.7933012885824697,0,astro5,cxta
1.8151242554524734,0,astro5,cxta
1.8115307783783854,0,astro5,cxta
1.7164918783068854,0,astro5,cxta
1.7068025767229178,0,astro5,cxta
1.6846650141227886,0,astro5,cxta
1.6517592072406821,0,astro5,cxta
1.6143962501278961,0,astro5,cxta
1.5144762126718956,0,astro5,cxta
1.519015530644991,0,astro5,cxta
1.487052796080261,0,astro5,cxta
1.5134260696760382,0,astro5,cxta
1.466405647744239,0,astro5,cxta
1.4367545618069355,0,astro5,cxta
1.4515597466745138,0,astro5,cxta
1.4416784453325493,0,astro5,cxta
1.473969040894829,1,astro5,cxta
1.409218784224758,1,astro5,cxta
1.4279434178312618,1,astro5,cxta
1.4023319040279167,1,astro5,cxta
1.3897320989167428,1,astro5,cxta
1.3954323303297682,1,astro5,cxta
1.393327075510994,1,astro5,cxta
1.3743669374702627,1,astro5,cxta
1.3269434746111142,1,astro5,cxta
1.2960366665341323,1,astro5,cxta
1.278315687777156,1,astro5,cxta
1.2935097474612274,1,astro5,cxta
1.2478018669262292,1,astro5,cxta
1.2308575416090701,1,astro5,cxta
1.176069353161925,1,astro5,cxta
1.1483469433803943,1,astro5,cxta
1.111165349167149,1,astro5,cxta
1.1090077874040734,1,astro5,cxta
1.0752475805383543,1,astro5,cxta
1.0599518525956322,1,astro5,cxta
1.0801440322044509,1,astro5,cxta
1.0192355197702705,1,astro5,cxta
1.0178823170805003,0,astro5,cxta
0.9885418490751656,0,astro5,cxta
0.9741494706281411,0,astro5,cxta
0.9505303839235076,0,astro5,cxta
0.9527185658025834,0,astro5,cxta
0.9326253456401312,0,astro5,cxta
0.8901522487821839,0,astro5,cxta
0.86571021439043,0,astro5,cxta
0.8937142329729133,0,astro5,cxta
0.8876317090576902,0,astro5,cxta
0.8913861602873523,0,astro5,cxta
0.8670148164250785,0,astro5,cxta
0.8777580589346626,0,astro5,cxta
0.8992819005405727,0,astro5,cxta
0.8395438347946892,0,astro5,cxta
0.800734040149909,0,astro5,cxta
0.7608280306378518,0,astro5,cxta
0.7876940643810094,0,astro5,cxta
0.8071175742590903,0,astro5,cxta
0.7821398260602733,0,astro5,cxta
0.7730890192068333,0,astro5,cxta
0.7874870458775328,0,astro5,cxta
0.8115069113679887,0,astro5,cxta
0.8011068746061102,0,astro5,cxta
0.7901841163289526,0,astro5,cxta
0.8104689935868309,0,astro5,cxta
0.7680366678438143,0,astro5,cxta
0.7540979486508775,0,astro5,cxta
0.7813545063456995,0,astro5,cxta
0.7579176052921207,0,astro5,cxta
0.7398305971935428,0,astro5,cxta
0.7395170517042087,0,astro5,cxta
0.718396053429349,0,astro5,cxta
0.7314592329035784,0,astro5,cxta
0.7661106644453731,0,astro5,cxta
0.6803209001962383,0,astro5,cxta
0.6903255438711376,0,astro5,cxta
0.6812854659978136,0,astro5,cxta
0.6541094443162518,0,astro5,cxta
0.6654148453017541,0,astro5,cxta
0.6555586012245962,0,astro5,cxta
0.6015272388195204,0,astro5,cxta
0.6539053677840823,0,astro5,cxta
0.6275509362461302,0,astro5,cxta
0.5914331715700684,0,astro5,cxta
0.6013906937214294,0,astro5,cxta
0.6133268320173911,0,astro5,cxta
0.6424878339905293,0,astro5,cxta
0.6052712766436146,0,astro5,cxta
0.6080720155463544,0,astro5,cxta
0.6209471057629646,0,astro5,cxta
0.6182172254806494,0,astro5,cxta
0.6258427126226661,0,astro5,cxta
0.6290693512510542,0,astro5,cxta
0.6266807312482852,0,astro5,cxta
0.6508033487085393,0,astro5,cxta
0.6223107362202176,0,astro5,cxta
0.681645395016509,0,astro5,cxta
0.6470190319365633,0,astro5,cxta
0.6566182705243199,0,astro5,cxta
0.6477412857564117,0,astro5,cxta
0.6379990882674799,0,astro5,cxta
0.6096931942198331,0,astro5,cxta
0.6133922448349749,0,astro5,cxta
0.6220733090481645,0,astro5,cxta
0.6542941997531586,0,astro5,cxta
0.649641262969138,0,astro5,cxta
0.5898804849494075,0,astro5,cxta
0.6335883160122872,0,astro5,cxta
0.6381249492746403,0,astro5,cxta
0.5993410196650806,0,astro5,cxta
0.6438138783010927,0,astro5,cxta
0.6774000518461234,0,astro5,cxta
0.6500763896773456,0,astro5,cxta
0.6260233734648143,0,astro5,cxta
0.6484869185805815,0,astro5,cxta
0.6433930636166878,0,astro5,cxta
0.6474427222498462,0,astro5,cxta
0.6353954841924127,0,astro5,cxta
0.6400497283453551,0,astro5,cxta
0.6320526786882353,0,astro5,cxta
0.6031650642574217,0,astro5,cxta
0.6139489403730484,0,astro5,cxta
0.5809899378052522,0,astro5,cxta
0.6208066455581619,0,astro5,cxta
0.6101267040932802,0,astro5,cxta
0.6090101401040058,0,astro5,cxta
0.5958467844790619,0,astro5,cxta
0.603709686331487,1,astro5,cxta
0.6244654238115415,1,astro5,cxta
0.6013397622769522,1,astro5,cxta
0.6244577029086374,1,astro5,cxta
0.658169316357841,1,astro5,cxta
0.6082502443218936,1,astro5,cxta
0.6038131713171636,1,astro5,cxta
0.5895423120159758,1,astro5,cxta
0.596241512536656,1,astro5,cxta
0.5989001355777888,1,astro5,cxta
0.6165391095152504,1,astro5,cxta
0.5896416838632923,1,astro5,cxta
0.5975493052605291,1,astro5,cxta
0.579668566142812,1,astro5,cxta
0.547794011308397,1,astro5,cxta
0.5831248355353188,1,astro5,cxta
0.5923209437838944,1,astro5,cxta
0.5904748239528906,1,astro5,cxta
0.5429366439324582,1,astro5,cxta
0.5792776866404532,1,astro5,cxta
0.5972027435564609,1,astro5,cxta
0.6157270569933072,1,astro5,cxta
0.6417130445749472,1,astro5,cxta
0.635412154902559,1,astro5,cxta
0.5966376889102297,1,astro5,cxta
0.650643869950994,1,astro5,cxta
0.6257386692575061,1,astro5,cxta
0.6122373637210022,1,astro5,cxta
0.6110982717660347,1,astro5,cxta
0.59474587055502,1,astro5,cxta
0.5670043405719666,1,astro5,cxta
0.6159697171428246,1,astro5,cxta
0.6180301255300191,1,astro5,cxta
0.610796143919124,1,astro5,cxta
0.5872870770065843,1,astro5,cxta
0.612198663600087,1,astro5,cxta
0.6092089884822398,1,astro5,cxta
0.6088165199328006,1,astro5,cxta
0.6285179221149901,1,astro5,cxta
0.628391976245044,1,astro5,cxta
0.6661804992529993,1,astro5,cxta
0.5944162277379079,1,astro5,cxta
0.6060053728640775,1,astro5,cxta
0.6302401978363118,1,astro5,cxta
0.6063351287208827,1,astro5,cxta
0.6067671300402704,1,astro5,cxta
0.5892029264341282,1,astro5,cxta
0.5880527841538131,1,astro5,cxta
0.6118001962258754,1,astro5,cxta
0.6016840873373807,1,astro5,cxta
0.6190255324330344,1,astro5,cxta
0.581950922133742,1,astro5,cxta
0.6100582223036027,1,astro5,cxta
0.5981520369807845,1,astro5,cxta
0.5896242436193235,1,astro5,cxta
0.5790425521087271,1,astro5,cxta
0.5628400484680244,1,astro5,cxta
0.5920884194982666,1,astro5,cxta
0.5471875849748044,1,astro5,cxta
0.5580668166554298,0,astro5,cxta
0.5613119044839678,0,astro5,cxta
0.5999290074364642,0,astro5,cxta
0.5633020799996505,0,astro5,cxta
0.5707591725801895,0,astro5,cxta
0.5930290863613871,0,astro5,cxta
0.5752315138157452,0,astro5,cxta
0.5494798403379165,0,astro5,cxta
0.5752206865594759,0,astro5,cxta
0.5651899553926469,0,astro5,cxta
0.5450623060517573,0,astro5,cxta
0.5609962836898,0,astro5,cxta
0.5666190768965598,0,astro5,cxta
0.5793752671129354,0,astro5,cxta
0.5804513278537462,0,astro5,cxta
0.5883273741534899,0,astro5,cxta
0.5688595042677448,0,astro5,cxta
0.5534912697954422,0,astro5,cxta
0.588633297099708,0,astro5,cxta
0.6015924037759394,0,astro5,cxta
0.5795582241824991,0,astro5,cxta
0.5435519995321494,0,astro5,cxta
0.5484020489039746,0,astro5,cxta
0.5491050011522383,0,astro5,cxta
0.5644849366443753,0,astro5,cxta
0.5677682463337421,0,astro5,cxta
0.5238687543960836,0,astro5,cxta
0.5295371298392212,0,astro5,cxta
0.5839313023197173,0,astro5,cxta
0.5683421806812501,1,astro5,cxta
0.5765689100947932,1,astro5,cxta
0.5681161157297512,1,astro5,cxta
0.5923939963256791,1,astro5,cxta
0.5579665855000824,1,astro5,cxta
0.5763173844151621,1,astro5,cxta
0.5497491862891319,1,astro5,cxta
0.5307506438460231,1,astro5,cxta
0.5588454033996256,1,astro5,cxta
0.5706851031735087,1,astro5,cxta
0.5960474491365274,1,astro5,cxta
0.5895318377293163,1,astro5,cxta
0.5320804517546271,1,astro5,cxta
0.5178873364331278,1,astro5,cxta
0.5346102150932054,1,astro5,cxta
0.5398053685037779,1,astro5,cxta
0.5127832077089363,1,astro5,cxta
0.5442107931956175,1,astro5,cxta
0.5845992525879572,1,astro5,cxta
0.5654145813926945,1,astro5,cxta
0.5789672737640605,1,astro5,cxta
0.597875031680773,1,astro5,cxta
0.5603715299417308,1,astro5,cxta
0.5763796454705847,1,astro5,cxta
0.5594653755182126,1,astro5,cxta
0.6042305363345493,1,astro5,cxta
0.5790554501409572,1,astro5,cxta
0.6068847161019015,1,astro5,cxta
0.5871548961975741,1,astro5,cxta
0.5523047367114329,1,astro5,cxta
0.5845285904044433,1,astro5,cxta
0.580313522199448,1,astro5,cxta
0.5884701179184922,1,astro5,cxta
0.6180178391594782,1,astro5,cxta
0.5714901878118887,1,astro5,cxta
0.6193390167060249,1,astro5,cxta
0.5971763071012178,1,astro5,cxta
0.600087990872931,1,astro5,cxta
0.6290942672664811,1,astro5,cxta
0.6589123225696243,1,astro5,cxta
0.6336958800196543,0,astro5,cxta
0.6153759248390697,0,astro5,cxta
0.6076176168872064,0,astro5,cxta
0.6173032572436261,0,astro5,cxta
0.6433540110961438,1,astro5,cxta
0.6460689411115205,1,astro5,cxta
0.6427445194401817,1,astro5,cxta
0.6377420068063159,1,astro5,cxta
0.6409501846743028,1,astro5,cxta
0.5928619954044182,1,astro5,cxta
0.5787873803414548,1,astro5,cxta
0.6026790900688079,1,astro5,cxta
0.5917544275869322,1,astro5,cxta
0.5659406469230642,1,astro5,cxta
0.6381834476301724,1,astro5,cxta
0.593821989086528,1,astro5,cxta
0.6010778146986008,1,astro5,cxta
0.5533213459691068,1,astro5,cxta
0.5721180704707056,1,astro5,cxta
0.5889848966642058,1,astro5,cxta
0.598628906661368,1,astro5,cxta
0.6039622875700396,0,astro5,cxta
0.5622531932076201,0,astro5,cxta
0.5974371015333628,0,astro5,cxta
0.5707455028392653,0,astro5,cxta
0.5735832193432687,0,astro5,cxta
0.5817625269949149,0,astro5,cxta
0.5592889012521388,0,astro5,cxta
0.5544102245300944,0,astro5,cxta
0.5327479723372839,0,astro5,cxta
0.541049459498637,0,astro5,cxta
0.5574008036296949,0,astro5,cxta
0.530229031433665,0,astro5,cxta
0.5908110165190222,0,astro5,cxta
0.57977239808858,0,astro5,cxta
0.5579481299137997,1,astro5,cxta
0.5359594986139922,1,astro5,cxta
0.5309020072649852,1,astro5,cxta
0.5595251966527787,1,astro5,cxta
0.5356280777546963,1,astro5,cxta
0.5094457571221492,1,astro5,cxta
0.5380351743975638,1,astro5,cxta
0.5777632240736919,1,astro5,cxta
0.5346107261002953,1,astro5,cxta
0.5463705339961797,1,astro5,cxta
0.5439343667993018,1,astro5,cxta
0.558476448818524,1,astro5,cxta
0.5809130166632989,1,astro5,cxta
0.5763854497245129,1,astro5,cxta
0.5497960001973883,1,astro5,cxta
0.5463333068197972,1,astro5,cxta
0.5220825374046201,1,astro5,cxta
0.5687140390149601,1,astro5,cxta
0.5940659660044554,1,astro5,cxta
0.5632107013513798,1,astro5,cxta
0.5325105538850179,1,astro5,cxta
0.5686507737259452,1,astro5,cxta
0.5444925160584216,1,astro5,cxta
0.5372117163152428,1,astro5,cxta
0.5010716347978929,1,astro5,cxta
0.5262545847591259,1,astro5,cxta
0.5509170091595291,1,astro5,cxta
0.5407687123922122,1,astro5,cxta
0.5244029332379564,1,astro5,cxta
0.5735183749635029,1,astro5,cxta
0.514356084411416,1,astro5,cxta
0.5263975136660807,1,astro5,cxta
0.524807346827112,1,astro5,cxta
0.5811871353945509,1,astro5,cxta
0.5631346446104308,1,astro5,cxta
0.5943492049848268,1,astro5,cxta
0.6012759887947899,1,astro5,cxta
0.6181726556275428,1,astro5,cxta
0.5671913813139614,1,astro5,cxta
0.5464407604392983,1,astro5,cxta
0.5574754040595711,1,astro5,cxta
0.5922582859613627,1,astro5,cxta
0.5534235556869107,1,astro5,cxta
0.553575291926581,1,astro5,cxta
0.5845991054736596,1,astro5,cxta
0.5676734134480463,1,astro5,cxta
0.5972233115376391,1,astro5,cxta
0.5720738337459517,1,astro5,cxta
0.5409713716799772,1,astro5,cxta
0.5775515358278859,1,astro5,cxta
0.5903502665314972,1,astro5,cxta
0.548159277600629,1,astro5,cxta
0.5687966674972136,1,astro5,cxta
0.5731557443403432,1,astro5,cxta
0.5403589906420676,1,astro5,cxta
0.57346448481433,1,astro5,cxta
0.5644830065918985,1,astro5,cxta
0.5486172124176312,1,astro5,cxta
0.5334752249684418,1,astro5,cxta
0.5450174731977073,1,astro5,cxta
0.5215821930756768,1,astro5,cxta
0.5270631356283055,1,astro5,cxta
0.5231365797479747,1,astro5,cxta
0.5038573308897489,1,astro5,cxta
0.5141595975403451,1,astro5,cxta
0.5084913605937759,1,astro5,cxta
0.5438699873096611,1,astro5,cxta
0.5660457326112576,1,astro5,cxta
0.5506868796690655,1,astro5,cxta
0.5667395472567122,1,astro5,cxta
0.5414055023048887,1,astro5,cxta
0.515272716719366,1,astro5,cxta
0.5358114282409046,1,astro5,cxta
0.5456908154232951,1,astro5,cxta
0.5609390915990412,1,astro5,cxta
0.5772462361236649,1,astro5,cxta
0.5471942415115917,1,astro5,cxta
0.5518817109251795,1,astro5,cxta
0.5472533459665713,1,astro5,cxta
0.5704633559865917,1,astro5,cxta
0.5866275061052011,1,astro5,cxta
0.5981084186380281,1,astro5,cxta
0.5628810107813618,1,astro5,cxta
0.5736384518737654,1,astro5,cxta
0.5458179270935735,1,astro5,cxta
0.5496825394033927,1,astro5,cxta
0.539193357511294,1,astro5,cxta
0.5385721449769563,1,astro5,cxta
0.5281508821958049,1,astro5,cxta
0.5401753149878946,1,astro5,cxta
0.5443638441446034,1,astro5,cxta
0.5706459097853988,1,astro5,cxta
0.5273440812562751,0,astro5,cxta
0.5439155911602666,0,astro5,cxta
0.5088945394782407,0,astro5,cxta
0.5443712428836424,0,astro5,cxta
0.5426231755849812,0,astro5,cxta
0.5334776416580173,0,astro5,cxta
0.5424129740775019,0,astro5,cxta
0.5466647014879054,0,astro5,cxta
0.5610897857775444,0,astro5,cxta
0.5527933892622403,0,astro5,cxta
0.5217172082036086,0,astro5,cxta
0.5011774423017364,0,astro5,cxta
0.5467243033055682,0,astro5,cxta
0.5562264304689218,0,astro5,cxta
0.5898130521321175,0,astro5,cxta
0.553066822928877,0,astro5,cxta
0.5116918162918259,0,astro5,cxta
0.5206736060529588,0,astro5,cxta
0.5117308550991102,0,astro5,cxta
0.5200540406186931,0,astro5,cxta
0.5351877901547857,0,astro5,cxta
0.5353970172984144,0,astro5,cxta
0.5434381085462607,0,astro5,cxta
0.5588125112448229,0,astro5,cxta
0.5841963332832468,0,astro5,cxta
0.6206000750002711,0,astro5,cxta
0.5641189252266274,0,astro5,cxta
0.5485454347509862,0,astro5,cxta
0.5402050338025569,0,astro5,cxta
0.5153052034828575,0,astro5,cxta
0.5838991121417838,0,astro5,cxta
0.5739575518752453,0,astro5,cxta
0.577977538441827,0,astro5,cxta
0.5523146490869986,0,astro5,cxta
0.5398921336610852,0,astro5,cxta
0.5463571144219964,0,astro5,cxta
0.5586024711267811,0,astro5,cxta
0.5639993714358412,0,astro5,cxta
0.5683904115239189,0,astro5,cxta
0.5614271278268053,0,astro5,cxta
0.5926047913924867,0,astro5,cxta
0.5695171087517664,0,astro5,cxta
0.5760356110652809,0,astro5,cxta
0.5794043372841525,0,astro5,cxta
0.6222031936184811,0,astro5,cxta
0.6155479439519099,0,astro5,cxta
0.5884654714090828,0,astro5,cxta
0.5705688125258063,0,astro5,cxta
0.552997028529828,0,astro5,cxta
0.589856839934871,0,astro5,cxta
0.5593172928778216,0,astro5,cxta
0.5800648027943682,0,astro5,cxta
0.6012840265052593,0,astro5,cxta
0.5687110472236997,0,astro5,cxta
0.6526613456570032,0,astro5,cxta
0.6391630819501133,0,astro5,cxta
0.5890240279118506,0,astro5,cxta
0.6395597019001759,0,astro5,cxta
0.6161061666206005,0,astro5,cxta
0.5973796349439014,0,astro5,cxta
0.6515325154501224,0,astro5,cxta
0.6433218451692397,0,astro5,cxta
0.6577659820547516,0,astro5,cxta
0.6846510166100921,0,astro5,cxta
0.7430282231422023,0,astro5,cxta
0.7269068658218966,0,astro5,cxta
0.7416318183573001,0,astro5,cxta
0.6947512197879642,0,astro5,cxta
0.6956728243264289,0,astro5,cxta
0.7380624735255189,0,astro5,cxta
0.7072574867278637,0,astro5,cxta
0.7715314857225579,0,astro5,cxta
0.7348810795348591,0,astro5,cxta
0.7596770710871122,0,astro5,cxta
0.7516350095480725,0,astro5,cxta
0.7551256818470754,1,astro5,cxta
0.8364918790149641,1,astro5,cxta
0.8108306062263391,1,astro5,cxta
0.827000847816591,1,astro5,cxta
0.814880561136077,1,astro5,cxta
0.8251664765177202,1,astro5,cxta
0.833123864686,1,astro5,cxta
0.8907720565467482,1,astro5,cxta
0.8413573590407974,1,astro5,cxta
0.8965213234855353,1,astro5,cxta
0.9289105730864121,1,astro5,cxta
0.9074873323648759,1,astro5,cxta
0.9728877679793396,1,astro5,cxta
0.9804815309298935,1,astro5,cxta
1.0844524650164271,1,astro5,cxta
1.067372739485052,1,astro5,cxta
1.04418966733707,1,astro5,cxta
1.0562050526668458,1,astro5,cxta
1.109025154404107,1,astro5,cxta
1.0851982100777464,1,astro5,cxta
1.0828358786747327,1,astro5,cxta
1.104270486385339,1,astro5,cxta
1.097413670890104,1,astro5,cxta
1.0945081784674586,1,astro5,cxta
1.070612902292453,1,astro5,cxta
1.109851422734158,1,astro5,cxta
1.1350941142669644,1,astro5,cxta
1.1535893440010019,1,astro5,cxta
1.21516782662358,1,astro5,cxta
1.2493457336704883,1,astro5,cxta
1.2321852124716177,1,astro5,cxta
1.2604840774265464,0,astro5,cxta
1.2425357402974675,0,astro5,cxta
1.2691910824452572,0,astro5,cxta
1.2795909112265023,0,astro5,cxta
1.297849676554972,0,astro5,cxta
1.308078388900521,0,astro5,cxta
1.271468580839854,0,astro5,cxta
1.2336408814222037,0,astro5,cxta
1.2794360036253023,0,astro5,cxta
1.2296933146380113,0,astro5,cxta
1.2169278965932073,0,astro5,cxta
1.2211513604175133,0,astro5,cxta
1.1955811384336035,0,astro5,cxta
1.1600983363052884,0,astro5,cxta
1.1258544478011077,0,astro5,cxta
1.1315815910155473,0,astro5,cxta
1.166517625106482,0,astro5,cxta
1.1460451138612164,0,astro5,cxta
1.1114881337280837,0,astro5,cxta
1.062250634972364,0,astro5,cxta
1.058706229453061,0,astro5,cxta
0.9979376275086854,0,astro5,cxta
1.004306304064594,0,astro5,cxta
0.9727938618590929,0,astro5,cxta
0.9546648925637351,0,astro5,cxta
0.930903551318388,0,astro5,cxta
0.922509208910277,0,astro5,cxta
0.8980633046741694,0,astro5,cxta
0.909276017703011,0,astro5,cxta
0.8565208598616444,0,astro5,cxta
0.8156355480994,0,astro5,cxta
0.8045934297774806,0,astro5,cxta
0.8111348978495944,0,astro5,cxta
0.817643983828422,0,astro5,cxta
0.8200038490425572,0,astro5,cxta
0.7973236115140094,0,astro5,cxta
0.7731614796072254,0,astro5,cxta
0.724058816123881,0,astro5,cxta
0.7540394421089698,0,astro5,cxta
0.722305747276242,0,astro5,cxta
0.7320140320548179,0,astro5,cxta
0.6969505116967613,0,astro5,cxta
0.7027078229851195,0,astro5,cxta
0.7544253443002457,0,astro5,cxta
0.7365294814310916,0,astro5,cxta
0.6984735532326981,0,astro5,cxta
0.7151104914638701,0,astro5,cxta
0.71676420258659,0,astro5,cxta
0.6962369721431493,0,astro5,cxta
0.7175896684442894,0,astro5,cxta
0.7697450525913386,0,astro5,cxta
0.7189718788966072,0,astro5,cxta
0.7480475142865799,0,astro5,cxta
0.7116429742136526,0,astro5,cxta
0.6915595646911361,0,astro5,cxta
0.6952819410077038,0,astro5,cxta
0.7321829575570578,0,astro5,cxta
0.7640005906181533,0,astro5,cxta
0.7590832271429125,0,astro5,cxta
0.7764063859533283,0,astro5,cxta
0.7255597082330201,0,astro5,cxta
0.7073011792401884,0,astro5,cxta
0.7124940984121342,0,astro5,cxta
0.7287101111504264,0,astro5,cxta
0.7516583404247632,0,astro5,cxta
0.7468374083907006,0,astro5,cxta
0.74277066617271,0,astro5,cxta
0.7481346679341919,0,astro5,cxta
0.7304434448577315,0,astro5,cxta
0.7333452639068748,0,astro5,cxta
0.7482352894729221,0,astro5,cxta
0.7417668466111156,0,astro5,cxta
0.7560576564755438,1,astro5,cxta
0.7913816648580235,1,astro5,cxta
0.7927642327927776,1,astro5,cxta
0.776005226515091,1,astro5,cxta
0.7865230049297687,1,astro5,cxta
0.7819440406318302,1,astro5,cxta
0.7640160557187625,1,astro5,cxta
0.7667128349426718,1,astro5,cxta
0.7954100336891218,1,astro5,cxta
0.8166459361527686,1,astro5,cxta
0.8031740411352409,1,astro5,cxta
0.8115673931190598,1,astro5,cxta
0.8218202517943143,1,astro5,cxta
0.8284466576692183,1,astro5,cxta
0.8324730747259278,1,astro5,cxta
0.8422077914603884,1,astro5,cxta
0.8484394628656816,1,astro5,cxta
0.8339086299064082,1,astro5,cxta
0.8512975405379494,1,astro5,cxta
0.7900662302008812,1,astro5,cxta
0.77864071965338,1,astro5,cxta
0.8131423565607218,1,astro5,cxta
0.7805797328015887,0,astro5,cxta
0.8104644209047347,0,astro5,cxta
0.8204378274741837,0,astro5,cxta
0.79522174813434,0,astro5,cxta
0.7984629360923744,0,astro5,cxta
0.7890926537671047,0,astro5,cxta
0.8159147137635432,0,astro5,cxta
0.786429391210231,0,astro5,cxta
0.7940000943854361,0,astro5,cxta
0.807088326197735,0,astro5,cxta
0.7946992497079308,0,astro5,cxta
0.8060869235973198,0,astro5,cxta
0.8161763690594077,0,astro5,cxta
0.8308325233754102,0,astro5,cxta
0.7874606890691944,0,astro5,cxta
0.7269856309963221,0,astro5,cxta
0.728734946170155,0,astro5,cxta
0.7460736889472811,0,astro5,cxta
0.7432831409810988,0,astro5,cxta
0.712737834754028,0,astro5,cxta
0.7087912845643294,0,astro5,cxta
0.7056169245919022,0,astro5,cxta
0.7104008742122114,0,astro5,cxta
0.7027506063214467,0,astro5,cxta
0.6770426931164362,0,astro5,cxta
0.6767188416817974,0,astro5,cxta
0.6634469718085446,0,astro5,cxta
0.6685847256105804,0,astro5,cxta
0.6722903819930438,0,astro5,cxta
0.6446367622917472,0,astro5,cxta
0.6501126613368284,0,astro5,cxta
0.641565514346594,0,astro5,cxta
0.6578531348166173,0,astro5,cxta
0.5880923904198817,0,astro5,cxta
0.6379842021399094,0,astro5,cxta
0.6174341944630656,0,astro5,cxta
0.6019270838135304,0,astro5,cxta
0.5989728163694874,0,astro5,cxta
0.5795015722047734,0,astro5,cxta
0.5670631534536095,0,astro5,cxta
0.5413400391929725,0,astro5,cxta
0.5571770312123226,0,astro5,cxta
0.5813020716721805,0,astro5,cxta
0.5796728913011493,0,astro5,cxta
0.5638227043561772,0,astro5,cxta
0.5386203214884179,0,astro5,cxta
0.5570003962239866,0,astro5,cxta
0.5946332681083691,0,astro5,cxta
0.561287959314088,0,astro5,cxta
0.5493089719470384,0,astro5,cxta
0.5503540324289952,0,astro5,cxta
0.5600314649385318,0,astro5,cxta
0.548785242056486,0,astro5,cxta
0.6135673704404614,0,astro5,cxta
0.5546797776580845,0,astro5,cxta
0.5331135362974982,0,astro5,cxta
0.5614362568514994,0,astro5,cxta
0.5615778853204071,0,astro5,cxta
0.5582993050311185,0,astro5,cxta
0.5810808771595538,0,astro5,cxta
0.5833604093129456,0,astro5,cxta
0.5382244052657742,0,astro5,cxta
0.6064394111943442,0,astro5,cxta
0.6080304892469393,0,astro5,cxta
0.6137224418226731,0,astro5,cxta
0.5790117443168241,0,astro5,cxta
0.5923337836984796,0,astro5,cxta
0.575130500335207,0,astro5,cxta
0.5864229757296305,0,astro5,cxta
0.5260877280926846,0,astro5,cxta
0.5500916006490661,0,astro5,cxta
0.5941708054181267,0,astro5,cxta
0.6072352111918285,0,astro5,cxta
0.6004484035047847,0,astro5,cxta
0.5666823407010584,0,astro5,cxta
0.5970023618134085,0,astro5,cxta
0.6070578264336878,0,astro5,cxta
0.5854893944851338,0,astro5,cxta
0.6171589589258512,0,astro5,cxta
0.615105049559148,0,astro5,cxta
0.6108511478009674,0,astro5,cxta
0.6050288300003636,0,astro5,cxta
0.5952308835705072,0,astro5,cxta
0.6090289950433708,0,astro5,cxta
0.5832675819070331,0,astro5,cxta
0.6154593488832355,0,astro5,cxta
0.6701027339767579,0,astro5,cxta
0.6300164407310137,0,astro5,cxta
0.6200256465935087,0,astro5,cxta
0.6291294001084251,0,astro5,cxta
0.6406988115261711,0,astro5,cxta
0.6781393914549403,0,astro5,cxta
0.607068917846225,0,astro5,cxta
0.6382180837756947,0,astro5,cxta
0.6224423030157465,0,astro5,cxta
0.6184926500694293,0,astro5,cxta
0.6260458838779591,0,astro5,cxta
0.6391471340589466,0,astro5,cxta
0.6188018000874954,0,astro5,cxta
0.6107199533469316,0,astro5,cxta
0.6455382399109537,0,astro5,cxta
0.663467457188129,0,astro5,cxta
0.6678649522445866,0,astro5,cxta
0.6736045237502966,0,astro5,cxta
0.7026988534987879,0,astro5,cxta
0.7090686797502108,0,astro5,cxta
0.731819465930218,0,astro5,cxta
0.7006709540268985,0,astro5,cxta
0.708584083581442,0,astro5,cxta
0.7256835270811548,0,astro5,cxta
0.7391462649818094,0,astro5,cxta
0.754430732769812,0,astro5,cxta
0.7502443707538238,0,astro5,cxta
0.762279511152626,0,astro5,cxta
0.7552311016695682,0,astro5,cxta
0.792452811486942,0,astro5,cxta
0.8085993509077349,0,astro5,cxta
0.8248481445289074,0,astro5,cxta
0.8405708974501017,0,astro5,cxta
0.8327499694576531,0,astro5,cxta
0.8289648877787378,0,astro5,cxta
0.8358633285260256,0,astro5,cxta
0.8372707425447351,0,astro5,cxta
0.8579460417127395,0,astro5,cxta
0.8304959473587612,0,astro5,cxta
0.7738912153039801,0,astro5,cxta
0.7582434525182187,0,astro5,cxta
0.7800027728162591,0,astro5,cxta
0.8017019218810506,0,astro5,cxta
0.7440251065826935,0,astro5,cxta
0.7710723828592637,0,astro5,cxta
0.7801978332278187,0,astro5,cxta
0.7703485839630275,0,astro5,cxta
0.7455333773903747,0,astro5,cxta
0.7586531185491862,0,astro5,cxta
0.750060937592851,0,astro5,cxta
0.7391190978070411,0,astro5,cxta
0.7184930379195386,0,astro5,cxta
0.7385374006748011,0,astro5,cxta
0.7341095107070943,0,astro5,cxta
0.754170700110154,0,astro5,cxta
0.7182563995681415,0,astro5,cxta
0.7103029992530925,0,astro5,cxta
0.7307862719218263,0,astro5,cxta
0.7370233587987319,0,astro5,cxta
0.6927399060892849,0,astro5,cxta
0.6966479580919879,0,astro5,cxta
0.6674205121761654,0,astro5,cxta
0.6896384076121094,0,astro5,cxta
0.6487095296423523,0,astro5,cxta
0.6834223428928151,0,astro5,cxta
0.6590770895517161,0,astro5,cxta
0.6355677355222094,0,astro5,cxta
0.6375672308964773,0,astro5,cxta
0.6312567924556145,0,astro5,cxta
0.6657019863433342,0,astro5,cxta
0.6722891306486287,0,astro5,cxta
0.6817268592604863,0,astro5,cxta
0.6431417286656461,0,astro5,cxta
0.6073548953476705,0,astro5,cxta
0.6412531382137766,0,astro5,cxta
0.6564211901794124,0,astro5,cxta
0.6202192662785944,0,astro5,cxta
0.6218607474765713,0,astro5,cxta
0.6258646925784793,0,astro5,cxta
0.6274908864851644,0,astro5,cxta
0.6112727179620306,0,astro5,cxta
0.5969877833470538,0,astro5,cxta
0.6248361024346124,0,astro5,cxta
0.6168118112438813,0,astro5,cxta
0.6017247080672992,0,astro5,cxta
0.5968548822230376,0,astro5,cxta
0.5809387478352181,0,astro5,cxta
0.5832381647241428,0,astro5,cxta
0.5575975333906004,0,astro5,cxta
0.560544229697874,0,astro5,cxta
0.5597617794250623,0,astro5,cxta
0.5653369137418509,0,astro5,cxta
0.5844615703809795,0,astro5,cxta
0.5975351330914951,0,astro5,cxta
0.575967273894982,0,astro5,cxta
0.5553584144816163,0,astro5,cxta
0.5834560028883341,0,astro5,cxta
0.5807788072291353,0,astro5,cxta
0.5609516390185899,0,astro5,cxta
0.5465199914748071,0,astro5,cxta
0.5630408676241496,0,astro5,cxta
0.5271032373553386,0,astro5,cxta
0.547297648390384,0,astro5,cxta
0.5456053947239778,0,astro5,cxta
0.5633298114576756,0,astro5,cxta
0.5520798712097253,0,astro5,cxta
0.52887632456417,0,astro5,cxta
0.5052376039893974,0,astro5,cxta
0.5145833257219562,0,astro5,cxta
0.486183972539673,0,astro5,cxta
0.5209534390294116,0,astro5,cxta
0.5437057676279112,0,astro5,cxta
0.5597437801199628,0,astro5,cxta
0.5384136278072534,0,astro5,cxta
0.5479512785149416,0,astro5,cxta
0.5147923655041328,0,astro5,cxta
0.5322398683064271,0,astro5,cxta
0.5227969660917993,0,astro5,cxta
0.5225836187114089,0,astro5,cxta
0.5357143072793444,0,astro5,cxta
0.5478860373260063,0,astro5,cxta
0.535715663154776,0,astro5,cxta
0.5285188164959171,0,astro5,cxta
0.541656125655091,0,astro5,cxta
0.5271509536469586,0,astro5,cxta
0.5507275477659096,0,astro5,cxta
0.5649973363945985,0,astro5,cxta
0.5723090913499264,0,astro5,cxta
0.5928587940004829,0,astro5,cxta
0.581599222899504,0,astro5,cxta
0.5637554789026666,0,astro5,cxta
0.5784215981737235,0,astro5,cxta
0.6115063768039692,0,astro5,cxta
0.5650085128485405,0,astro5,cxta
0.5664607927936558,0,astro5,cxta
0.6049758071521014,0,astro5,cxta
0.5978064664410757,0,astro5,cxta
0.5655038013194488,0,astro5,cxta
0.5299232078415897,0,astro5,cxta
0.5319209885604202,0,astro5,cxta
0.5276212905405294,0,astro5,cxta
0.5384842500485945,0,astro5,cxta
0.5021635126621462,0,astro5,cxta
0.5041650878612509,0,astro5,cxta
0.5043704295998727,0,astro5,cxta
0.528195917008973,0,astro5,cxta
0.5180290025862595,0,astro5,cxta
0.4969351792613642,0,astro5,cxta
0.5484227219411008,0,astro5,cxta
0.5570348343679823,0,astro5,cxta
0.5576184120578134,0,astro5,cxta
0.5501384477103101,0,astro5,cxta
0.5903360620280947,0,astro5,cxta
0.5732269498909358,0,astro5,cxta
0.5674043108668853,0,astro5,cxta
0.625780764000352,0,astro5,cxta
0.6267840194658734,0,astro5,cxta
0.61092884957203,0,astro5,cxta
0.6088571904529061,0,astro5,cxta
0.581280020735743,0,astro5,cxta
0.6299651176982443,0,astro5,cxta
0.6273802344476584,0,astro5,cxta
0.6134765239097956,0,astro5,cxta
0.5973863123230665,0,astro5,cxta
0.5695106697808953,0,astro5,cxta
0.5924358311176865,0,astro5,cxta
0.568347498067598,0,astro5,cxta
0.580172663521366,0,astro5,cxta
0.5856666308779834,0,astro5,cxta
0.6134489937420897,0,astro5,cxta
0.6052636690672637,0,astro5,cxta
0.6181282769834802,0,astro5,cxta
0.6070582835548767,0,astro5,cxta
0.6103945154456999,0,astro5,cxta
0.6114018705658064,0,astro5,cxta
0.5801693544903646,0,astro5,cxta
0.600548268235219,0,astro5,cxta
0.5767629707008851,0,astro5,cxta
0.5583422151312613,0,astro5,cxta
0.5837860333335891,0,astro5,cxta
0.5820158963606026,0,astro5,cxta
0.5352085062143823,0,astro5,cxta
0.5465595380453698,0,astro5,cxta
0.5470643020693549,0,astro5,cxta
0.5433451330722487,0,astro5,cxta
0.5334563366270801,0,astro5,cxta
0.5526043373655047,0,astro5,cxta
0.5269012884334439,0,astro5,cxta
0.5012464880214103,0,astro5,cxta
0.5240743139471334,0,astro5,cxta
0.5522261250844481,0,astro5,cxta
0.5375355775058009,0,astro5,cxta
0.5224258915831782,0,astro5,cxta
0.518037917806965,0,astro5,cxta
0.5057867346817556,0,astro5,cxta
0.5120262330555797,0,astro5,cxta
0.5306466917306769,0,astro5,cxta
0.5343843114561699,0,astro5,cxta
0.5115673427954682,0,astro5,cxta
0.5036094616543377,0,astro5,cxta
0.5173165380894513,0,astro5,cxta
0.48630456133861577,0,astro5,cxta
0.4908308858709321,0,astro5,cxta
0.5173759629314073,0,astro5,cxta
0.514356228524181,0,astro5,cxta
0.4923587632447049,0,astro5,cxta
0.506927116669812,0,astro5,cxta
0.5471347862370501,0,astro5,cxta
0.5533172143155234,0,astro5,cxta
0.4943507029442391,0,astro5,cxta
0.5616735870456572,0,astro5,cxta
0.5367653543118439,0,astro5,cxta
0.5096807037425028,0,astro5,cxta
0.5342893715626275,0,astro5,cxta
0.4827857874339809,0,astro5,cxta
0.5276930643706634,0,astro5,cxta
0.5134693981510091,0,astro5,cxta
0.49858201698143,0,astro5,cxta
0.5058739383794155,0,astro5,cxta
0.5218836081932416,0,astro5,cxta
0.4919353692727807,0,astro5,cxta
0.49909501666439515,0,astro5,cxta
0.4853018958553418,0,astro5,cxta
0.5254906475316155,0,astro5,cxta
0.5052462417748016,0,astro5,cxta
0.566989400246395,0,astro5,cxta
0.5373847565110079,0,astro5,cxta
0.5057123885698721,0,astro5,cxta
0.5375570810611243,0,astro5,cxta
0.5457694569156317,0,astro5,cxta
0.5416149063073699,0,astro5,cxta
0.5321977338762557,0,astro5,cxta
0.541550289385737,0,astro5,cxta
0.5035258976018022,0,astro5,cxta
0.5298418878965204,0,astro5,cxta
0.5308899396352476,0,astro5,cxta
0.5080326267092575,0,astro5,cxta
0.5228488638876858,0,astro5,cxta
0.53261612013647,0,astro5,cxta
0.5799118041600296,0,astro5,cxta
0.5621905693061604,0,astro5,cxta
0.5399955459559533,0,astro5,cxta
0.5393139173653914,0,astro5,cxta
0.5408784444536152,1,astro5,cxta
0.5557112471522476,1,astro5,cxta
0.5542555973497222,1,astro5,cxta
0.5527829160738948,1,astro5,cxta
0.5415183348180189,1,astro5,cxta
0.5140806484154843,1,astro5,cxta
0.5205255213512137,1,astro5,cxta
0.5492440685349321,1,astro5,cxta
0.5345257523117432,1,astro5,cxta
0.5061468675530065,1,astro5,cxta
0.5039391541196516,1,astro5,cxta
0.5004597631631316,1,astro5,cxta
0.5049553515956275,1,astro5,cxta
0.529681806221214,1,astro5,cxta
0.5252697866101662,1,astro5,cxta
0.5425054522884584,0,astro5,cxta
0.5428904618192087,0,astro5,cxta
0.5303253442004038,0,astro5,cxta
0.5083485329056093,0,astro5,cxta
0.5722821761928885,0,astro5,cxta
0.5455435260857493,0,astro5,cxta
0.5319587448684095,0,astro5,cxta
0.5074813820177597,0,astro5,cxta
0.5313139209789589,0,astro5,cxta
0.5323703541590005,0,astro5,cxta
0.5392089383035595,0,astro5,cxta
0.5542575600342754,0,astro5,cxta
0.5507495954564018,0,astro5,cxta
0.5509374553346088,0,astro5,cxta
0.5304545203332096,0,astro5,cxta
0.534376660690627,1,astro5,cxta
0.5585504237461942,1,astro5,cxta
0.5520346877156613,1,astro5,cxta
0.5327666727104843,1,astro5,cxta
0.5291356301406359,1,astro5,cxta
0.5401919831455239,1,astro5,cxta
0.5375451963707072,1,astro5,cxta
0.598130033735896,1,astro5,cxta
0.5844088700832146,1,astro5,cxta
0.5964614338012844,1,astro5,cxta
0.5967323542093433,1,astro5,cxta
0.5898369892854823,1,astro5,cxta
0.6104553149541639,1,astro5,cxta
0.5533293514163303,1,astro5,cxta
0.5828670235231265,0,astro5,cxta
0.5501831302060247,0,astro5,cxta
0.6155971441330754,0,astro5,cxta
0.6338658519287158,0,astro5,cxta
0.6158881602884264,0,astro5,cxta
0.571394342419888,0,astro5,cxta
0.5842625908110428,1,astro5,cxta
0.60029216534685,1,astro5,cxta
0.6127398601393335,1,astro5,cxta
0.5774404433868439,1,astro5,cxta
0.5962281611738401,1,astro5,cxta
0.5931520132524929,1,astro5,cxta
0.5588172126269211,1,astro5,cxta
0.6131531944058035,1,astro5,cxta
0.5719001541194425,1,astro5,cxta
0.5776510986306993,1,astro5,cxta
0.5526965391023139,1,astro5,cxta
0.5834255376806993,1,astro5,cxta
0.5961771676996498,1,astro5,cxta
0.5745135287677083,1,astro5,cxta
0.581769047967666,1,astro5,cxta
0.5995593288599345,1,astro5,cxta
0.6154814786537326,0,astro5,cxta
0.6176368613489488,0,astro5,cxta
0.6077363117905138,0,astro5,cxta
0.5986112629150887,0,astro5,cxta
0.6240835821442814,0,astro5,cxta
0.594128810912534,0,astro5,cxta
0.6357034774736396,0,astro5,cxta
0.6272265301794292,0,astro5,cxta
0.6332522955742141,0,astro5,cxta
0.6139344308496033,0,astro5,cxta
0.6002678406523625,0,astro5,cxta
0.6509132921316277,0,astro5,cxta
0.6241622982002415,0,astro5,cxta
0.6355926193771041,0,astro5,cxta
0.6293833410591008,0,astro5,cxta
0.6205587462005049,0,astro5,cxta
0.6576124097007089,0,astro5,cxta
0.6998866306415066,0,astro5,cxta
0.6706953940261972,0,astro5,cxta
0.6534233335255631,0,astro5,cxta
0.6624305669075696,0,astro5,cxta
0.672805627171842,0,astro5,cxta
0.6860752280254768,0,astro5,cxta
0.6776552161796963,0,astro5,cxta
0.6433353219465504,0,astro5,cxta
0.6997196421081723,0,astro5,cxta
0.6818405919965372,0,astro5,cxta
0.6880912355846284,0,astro5,cxta
0.674087886299077,1,astro5,cxta
0.6674044986809364,1,astro5,cxta
0.6885705159245358,1,astro5,cxta
0.6443655841724794,1,astro5,cxta
0.6724276287900324,1,astro5,cxta
0.6573168406088848,1,astro5,cxta
0.6836556541396084,1,astro5,cxta
0.6667072691116207,1,astro5,cxta
0.6672428342106702,1,astro5,cxta
0.6628394598217732,1,astro5,cxta
0.6350017434182121,1,astro5,cxta
0.6207035444994116,1,astro5,cxta
0.6138684696307836,1,astro5,cxta
0.6148539794553551,1,astro5,cxta
0.596068230811655,1,astro5,cxta
0.6145244601646689,1,astro5,cxta
0.5979193546267781,1,astro5,cxta
0.627415595176179,1,astro5,cxta
0.6179383013967067,1,astro5,cxta
0.6168047999035994,1,astro5,cxta
0.6167694386825054,1,astro5,cxta
0.5742056486268904,1,astro5,cxta
0.6056142805455054,1,astro5,cxta
0.6502995542331321,1,astro5,cxta
0.6080024659099175,1,astro5,cxta
0.6082234715654559,1,astro5,cxta
0.7039540421382343,1,astro5,cxta
0.6435592023060973,1,astro5,cxta
0.6008056623283431,1,astro5,cxta
0.6310092442195001,1,astro5,cxta
0.6208695773018538,1,astro5,cxta
0.6394385974392807,1,astro5,cxta
0.6102114051035059,1,astro5,cxta
0.6470516218144589,1,astro5,cxta
0.6499807480888886,1,astro5,cxta
0.6264686425663477,1,astro5,cxta
0.6119815917673213,1,astro5,cxta
0.6214790128502545,1,astro5,cxta
0.614095362782275,1,astro5,cxta
0.6034197817669013,1,astro5,cxta
0.6175274573977051,1,astro5,cxta
0.5811473393438548,1,astro5,cxta
0.5860119940101862,1,astro5,cxta
0.5869088598088072,1,astro5,cxta
0.6011127918324399,1,astro5,cxta
0.5828044500693508,1,astro5,cxta
0.5656946845433605,1,astro5,cxta
0.607617987750221,1,astro5,cxta
0.5964144210197894,1,astro5,cxta
0.5821513771576641,1,astro5,cxta
0.5694439265833822,1,astro5,cxta
0.5741346175173512,1,astro5,cxta
0.6172262044340939,1,astro5,cxta
0.6308978432865019,1,astro5,cxta
0.6038719433405806,1,astro5,cxta
0.5892812280120527,1,astro5,cxta
0.5869670268521369,1,astro5,cxta
0.5829717318589356,1,astro5,cxta
0.590879459279883,1,astro5,cxta
0.602320878304223,1,astro5,cxta
0.5822459575974471,1,astro5,cxta
0.5835782277050261,1,astro5,cxta
0.5820624573483145,1,astro5,cxta
0.562533746584254,1,astro5,cxta
0.5664698393836917,1,astro5,cxta
0.6290922484700746,1,astro5,cxta
0.6290409308099527,1,astro5,cxta
0.5939786771062212,1,astro5,cxta
0.5504521149158089,1,astro5,cxta
0.5462444979236187,1,astro5,cxta
0.5862508297712047,1,astro5,cxta
0.5909078983986559,1,astro5,cxta
0.5779360953784769,1,astro5,cxta
0.5948470129314929,1,astro5,cxta
0.5973420125335259,1,astro5,cxta
0.6140314462588617,1,astro5,cxta
0.6019001972824658,1,astro5,cxta
0.5640567963226967,1,astro5,cxta
0.5739242096133031,0,astro5,cxta
0.5737687427317109,0,astro5,cxta
0.595236714114775,0,astro5,cxta
0.5748061001101183,0,astro5,cxta
0.5657201541127445,0,astro5,cxta
0.5768674375288205,0,astro5,cxta
0.5860001352154591,0,astro5,cxta
0.5633798652699771,0,astro5,cxta
0.5536712614341842,0,astro5,cxta
0.5195468211845018,0,astro5,cxta
0.5351776927522796,0,astro5,cxta
0.5387052162857711,0,astro5,cxta
0.5347506858115655,0,astro5,cxta
0.5422223193778389,0,astro5,cxta
0.5798831931515448,0,astro5,cxta
0.5624748741974824,0,astro5,cxta
0.5498256965288174,0,astro5,cxta
0.5529818875750112,0,astro5,cxta
0.5430553322177822,0,astro5,cxta
0.5692104764459682,0,astro5,cxta
0.5560588372839285,0,astro5,cxta
0.5423662503947125,0,astro5,cxta
0.553565974661684,0,astro5,cxta
0.566422497275704,0,astro5,cxta
0.5506114414651083,0,astro5,cxta
0.5502880184058935,0,astro5,cxta
0.5494522850407076,0,astro5,cxta
0.5816464243407286,0,astro5,cxta
0.557545270771219,0,astro5,cxta
0.5805084390863072,1,astro5,cxta
0.5607586790666871,1,astro5,cxta
0.5666984431345864,1,astro5,cxta
0.5663106248556066,1,astro5,cxta
0.5277147378834032,1,astro5,cxta
0.5544706484954793,1,astro5,cxta
0.5642111178701175,1,astro5,cxta
0.5443469532026816,1,astro5,cxta
0.5545583823893377,1,astro5,cxta
0.5595036272187707,1,astro5,cxta
0.4849795675538268,1,astro5,cxta
0.524959389073814,1,astro5,cxta
0.5241088785730014,1,astro5,cxta
0.5405454061766338,1,astro5,cxta
0.5598060634277763,1,astro5,cxta
0.5561475022196614,1,astro5,cxta
0.534527352953034,1,astro5,cxta
0.5428458027046066,1,astro5,cxta
0.5100075839815749,1,astro5,cxta
0.534603011274898,1,astro5,cxta
0.5245700713452933,1,astro5,cxta
0.5371262422749713,1,astro5,cxta
0.5133223860399586,1,astro5,cxta
0.47531854099012033,1,astro5,cxta
0.5576693291614021,1,astro5,cxta
0.5292465261654329,1,astro5,cxta
0.5832544029586331,1,astro5,cxta
0.5959602698942307,1,astro5,cxta
0.5703947408464142,1,astro5,cxta
0.5794536636490134,1,astro5,cxta
0.5809924898308289,1,astro5,cxta
0.582855383881899,1,astro5,cxta
0.5654592347860988,1,astro5,cxta
0.5650101993993375,1,astro5,cxta
0.5729890771575262,1,astro5,cxta
0.5597418710975417,1,astro5,cxta
0.5637620812192454,1,astro5,cxta
0.5505271859927212,1,astro5,cxta
0.612031647040454,0,astro5,cxta
0.610535456619479,0,astro5,cxta
0.5975728193469725,0,astro5,cxta
0.6066747008334457,0,astro5,cxta
0.6116013523101581,0,astro5,cxta
0.6220923188243669,0,astro5,cxta
0.5787658512578654,0,astro5,cxta
0.5653314801966358,0,astro5,cxta
0.5175031415931479,0,astro5,cxta
0.5983830545632144,0,astro5,cxta
0.5786723051033091,0,astro5,cxta
0.6065321102076953,0,astro5,cxta
0.5741240542038273,0,astro5,cxta
0.5603277713197042,0,astro5,cxta
0.5833989647271501,0,astro5,cxta
0.6031863723746907,0,astro5,cxta
0.5980305522936236,0,astro5,cxta
0.6170029776813992,0,astro5,cxta
0.6164280154379943,0,astro5,cxta
0.568692588723004,0,astro5,cxta
0.5292190833856175,0,astro5,cxta
0.5946249764033162,0,astro5,cxta
0.5551629467490996,0,astro5,cxta
0.5113028614698083,0,astro5,cxta
0.5143734482305159,0,astro5,cxta
0.5524876996365379,0,astro5,cxta
0.5487125303153677,0,astro5,cxta
0.5790634037454954,0,astro5,cxta
0.5696870910877334,0,astro5,cxta
0.6100956631673164,0,astro5,cxta
0.59381246444029,0,astro5,cxta
0.5559710656311255,1,astro5,cxta
0.5793915143575327,1,astro5,cxta
0.5351264252623216,1,astro5,cxta
0.5707292598442039,1,astro5,cxta
0.56834152449224,1,astro5,cxta
0.5279129825309765,1,astro5,cxta
0.56474375632438,1,astro5,cxta
0.5484075522974889,1,astro5,cxta
0.5379930995732558,1,astro5,cxta
0.5218294033610661,1,astro5,cxta
0.5809490841368216,1,astro5,cxta
0.5666566560758332,1,astro5,cxta
0.5391760491312783,1,astro5,cxta
0.5336726755207305,1,astro5,cxta
0.5400917577759605,1,astro5,cxta
0.5398394096633388,1,astro5,cxta
0.5466660378272932,1,astro5,cxta
0.5569780458156725,1,astro5,cxta
0.574038235795986,1,astro5,cxta
0.5555067792849424,1,astro5,cxta
0.5750800198492115,1,astro5,cxta
0.5710297567185411,1,astro5,cxta
0.5482175668950332,1,astro5,cxta
0.540338985519614,1,astro5,cxta
0.5578773533678968,1,astro5,cxta
0.53207690305041,1,astro5,cxta
0.5375676458632032,1,astro5,cxta
0.535761549264322,1,astro5,cxta
0.4992876693039033,1,astro5,cxta
0.531122721781737,1,astro5,cxta
0.5297975440464172,1,astro5,cxta
0.5302840586112234,1,astro5,cxta
0.5446751801212341,1,astro5,cxta
0.5327080732576742,1,astro5,cxta
0.529924231754644,1,astro5,cxta
0.5349111612936814,1,astro5,cxta
0.5720329169744249,1,astro5,cxta
0.5297572944838472,1,astro5,cxta
0.5148686018594231,1,astro5,cxta
0.5426811840377532,1,astro5,cxta
0.5623512256261051,1,astro5,cxta
0.5393160064800672,1,astro5,cxta
0.5686682855160798,1,astro5,cxta
0.5890665585185039,1,astro5,cxta
0.5627073230724396,1,astro5,cxta
0.593942348532747,1,astro5,cxta
0.5684546962056825,1,astro5,cxta
0.5722956157859005,1,astro5,cxta
0.5968469791823249,1,astro5,cxta
0.5674626132146362,1,astro5,cxta
0.553129553255113,1,astro5,cxta
0.5652623943892511,0,astro5,cxta
0.545315337805945,0,astro5,cxta
0.5760996207619969,0,astro5,cxta
0.5494653698777744,0,astro5,cxta
0.5562481685066125,0,astro5,cxta
0.5372771128146118,0,astro5,cxta
0.5246293741194326,0,astro5,cxta
0.5378211174920711,0,astro5,cxta
0.5479208974468883,0,astro5,cxta
0.5595146274162495,0,astro5,cxta
0.5280850984054785,0,astro5,cxta
0.5189066551877167,0,astro5,cxta
0.54761860545601,0,astro5,cxta
0.5523999374996692,0,astro5,cxta
0.5471833545411542,0,astro5,cxta
0.5550316960375068,0,astro5,cxta
0.581916900457119,0,astro5,cxta
0.5730618591940626,0,astro5,cxta
0.5873074677535925,0,astro5,cxta
0.5417640436887339,0,astro5,cxta
0.5316327418565023,0,astro5,cxta
0.5333650331554269,0,astro5,cxta
0.5519937578330267,0,astro5,cxta
0.5696120510360075,0,astro5,cxta
0.5428946302113493,0,astro5,cxta
0.5543550401497331,0,astro5,cxta
0.5912948247490166,0,astro5,cxta
0.5215298543596237,0,astro5,cxta
0.5161790075208118,0,astro5,cxta
0.5333898022377139,0,astro5,cxta
0.5445165260844071,0,astro5,cxta
0.5696399087647799,0,astro5,cxta
0.5641568343829146,0,astro5,cxta
0.5757483361868012,0,astro5,cxta
0.5949570956601447,0,astro5,cxta
0.5698014205058602,0,astro5,cxta
0.5340952497050159,0,astro5,cxta
0.5607307978661507,0,astro5,cxta
0.5749239779555683,0,astro5,cxta
0.5632576529521419,0,astro5,cxta
0.571425739168375,0,astro5,cxta
0.5576899009998929,0,astro5,cxta
0.5871491908870335,0,astro5,cxta
0.5561970235727296,0,astro5,cxta
0.5836336880005188,0,astro5,cxta
0.5415930995314021,0,astro5,cxta
0.533639015535954,0,astro5,cxta
0.5436920055193636,0,astro5,cxta
0.5820764776785984,0,astro5,cxta
0.5705591776535996,0,astro5,cxta
0.6137221260043175,0,astro5,cxta
0.6231307374929667,0,astro5,cxta
0.609340775001029,0,astro5,cxta
0.6339183202981542,0,astro5,cxta
0.6119295429542823,0,astro5,cxta
0.593901864580581,0,astro5,cxta
0.6121738934694136,0,astro5,cxta
0.5885675689459008,0,astro5,cxta
0.5941814592918367,0,astro5,cxta
0.5498218964103713,0,astro5,cxta
0.5863968982303276,0,astro5,cxta
0.6137920214634399,0,astro5,cxta
0.6346829739635266,0,astro5,cxta
0.6241958011040988,0,astro5,cxta
0.5915958804663595,0,astro5,cxta
0.6590098962863473,0,astro5,cxta
0.6856571729103481,0,astro5,cxta
0.6593196449068908,0,astro5,cxta
0.6834155927126033,0,astro5,cxta
0.7033029735562888,0,astro5,cxta
0.6749909429845932,0,astro5,cxta
0.7164570085601151,0,astro5,cxta
0.7240344995404395,0,astro5,cxta
0.7741966132590733,0,astro5,cxta
0.8016294136523358,0,astro5,cxta
0.7836110300614071,0,astro5,cxta
0.8316170046152032,0,astro5,cxta
0.843345885221066,0,astro5,cxta
0.8719365803803829,0,astro5,cxta
0.8657507396976738,0,astro5,cxta
0.9065438517539678,0,astro5,cxta
0.9091212002259467,0,astro5,cxta
0.9304520328465867,0,astro5,cxta
0.9516260531594871,0,astro5,cxta
0.9942644092129871,0,astro5,cxta
0.9926534542495851,0,astro5,cxta
1.0316801687174666,0,astro5,cxta
1.0896947303616549,0,astro5,cxta
1.1271982851677,0,astro5,cxta
1.172873156229572,0,astro5,cxta
1.197347995082331,0,astro5,cxta
1.2285609451153017,0,astro5,cxta
1.1889912215078484,0,astro5,cxta
1.1265482380506477,0,astro5,cxta
1.2108693834914592,0,astro5,cxta
1.2314057396004825,0,astro5,cxta
1.2349387711443855,0,astro5,cxta
1.294180613246169,0,astro5,cxta
1.2681722826773505,0,astro5,cxta
1.3310096327082945,0,astro5,cxta
1.442871685067925,0,astro5,cxta
1.439407430764284,0,astro5,cxta
1.4609363797062744,0,astro5,cxta
1.524873082815967,0,astro5,cxta
1.5337431539189668,0,astro5,cxta
1.6044694285022656,0,astro5,cxta
1.6360378362265207,0,astro5,cxta
1.6972037438620806,0,astro5,cxta
1.7630689320096884,0,astro5,cxta
1.8060859042669941,0,astro5,cxta
1.901518736117578,0,astro5,cxta
1.932091337762603,0,astro5,cxta
2.0049894796336196,0,astro5,cxta
2.1326422982437028,0,astro5,cxta
2.205382938793811,0,astro5,cxta
2.2671799711899525,0,astro5,cxta
2.3198541213423085,0,astro5,cxta
2.380562654557562,0,astro5,cxta
2.461829528881905,0,astro5,cxta
2.517358742838358,0,astro5,cxta
2.5308662875235646,0,astro5,cxta
2.5043646046589463,0,astro5,cxta
2.5245933043727864,0,astro5,cxta
2.611406783258068,0,astro5,cxta
2.6889230658277756,0,astro5,cxta
2.725138544788809,0,astro5,cxta
2.6742749211377945,0,astro5,cxta
2.639138730646907,0,astro5,cxta
2.648643799041889,0,astro5,cxta
2.624938681608346,0,astro5,cxta
2.6042537556275676,0,astro5,cxta
2.630524549970569,0,astro5,cxta
2.6678179272996645,0,astro5,cxta
2.6614363698938837,0,astro5,cxta
2.69282086400794,0,astro5,cxta
2.707285176823823,0,astro5,cxta
2.74098740833212,0,astro5,cxta
2.7373287881572335,0,astro5,cxta
2.8200659722653945,0,astro5,cxta
2.844300094684368,0,astro5,cxta
2.881474307583472,0,astro5,cxta
2.836325336775124,0,astro5,cxta
2.898818902269064,0,astro5,cxta
2.888409578233599,0,astro5,cxta
2.83519885120174,0,astro5,cxta
2.7875765883177186,0,astro5,cxta
2.6930960540285156,0,astro5,cxta
2.6460823401021547,0,astro5,cxta
2.5554143741863027,0,astro5,cxta
2.541102004367458,0,astro5,cxta
2.5045684093236273,0,astro5,cxta
2.4595915589102115,0,astro5,cxta
2.409438836706154,0,astro5,cxta
2.3797243031022197,0,astro5,cxta
2.355040551008554,0,astro5,cxta
2.3329900469091305,0,astro5,cxta
2.245522006998068,0,astro5,cxta
2.1899047220721966,0,astro5,cxta
2.1830745230918196,0,astro5,cxta
2.180992825056862,0,astro5,cxta
2.1482227704850927,0,astro5,cxta
2.0809069547292527,0,astro5,cxta
2.0376821621235197,0,astro5,cxta
2.0090938088567563,0,astro5,cxta
2.002757257973126,0,astro5,cxta
1.9401468758204579,0,astro5,cxta
1.936258241952322,0,astro5,cxta
1.9088463325211917,0,astro5,cxta
1.868241927427783,0,astro5,cxta
1.8438920531378864,0,astro5,cxta
1.7958751997666995,0,astro5,cxta
1.7238681161469653,0,astro5,cxta
1.689151285411453,0,astro5,cxta
1.6446337535900393,0,astro5,cxta
1.6296119901648982,0,astro5,cxta
1.571684631596145,0,astro5,cxta
1.5293084803719463,0,astro5,cxta
1.4839264738160896,0,astro5,cxta
1.4532434936236758,0,astro5,cxta
1.4372653887460285,0,astro5,cxta
1.4445363852764137,0,astro5,cxta
1.4269858255445873,0,astro5,cxta
1.4007556124874996,0,astro5,cxta
1.3944374997559048,0,astro5,cxta
1.3653338854690604,0,astro5,cxta
1.3573419948312864,0,astro5,cxta
1.317021036355858,0,astro5,cxta
1.2728560340261836,1,astro5,cxta
1.264332892409892,1,astro5,cxta
1.2345815929604875,1,astro5,cxta
1.2089785805937363,1,astro5,cxta
1.1555965192325426,1,astro5,cxta
1.1405458248148164,1,astro5,cxta
1.1022906661251586,1,astro5,cxta
1.0978742104621804,1,astro5,cxta
1.086455681229857,1,astro5,cxta
1.071037644922385,1,astro5,cxta
1.065942225028767,1,astro5,cxta
1.0778089169081926,1,astro5,cxta
1.0926669826422022,1,astro5,cxta
1.069417763465961,1,astro5,cxta
1.0869838966929712,1,astro5,cxta
1.114142330963341,1,astro5,cxta
1.079210531565726,1,astro5,cxta
1.0549324098515458,1,astro5,cxta
1.070634648999579,1,astro5,cxta
1.0413717635529005,1,astro5,cxta
0.9936117954717955,1,astro5,cxta
0.9505886644816618,1,astro5,cxta
0.9230206344967128,1,astro5,cxta
0.9106024784227288,1,astro5,cxta
0.8581030521434047,1,astro5,cxta
0.8538980689000126,1,astro5,cxta
0.8544594784536335,1,astro5,cxta
0.818044490486901,1,astro5,cxta
0.8051490859827976,1,astro5,cxta
0.7926202031012178,1,astro5,cxta
0.8181418569860865,1,astro5,cxta
0.7744412735179553,1,astro5,cxta
0.7888974077316043,0,astro5,cxta
0.759240176274394,0,astro5,cxta
0.7625337130202122,0,astro5,cxta
0.7415327222632968,0,astro5,cxta
0.7395548916466335,0,astro5,cxta
0.7281403538103902,0,astro5,cxta
0.7009181394981402,0,astro5,cxta
0.7205761560817404,0,astro5,cxta
0.7082692405974513,0,astro5,cxta
0.6872938668145911,0,astro5,cxta
0.6780823092047591,0,astro5,cxta
0.6787848644958296,0,astro5,cxta
0.6599731915879388,0,astro5,cxta
0.6990758756909626,0,astro5,cxta
0.6751537397847092,0,astro5,cxta
0.6353095067451595,0,astro5,cxta
0.6430084672811787,0,astro5,cxta
0.6159842579504973,0,astro5,cxta
0.627360055164588,0,astro5,cxta
0.6208681489335585,0,astro5,cxta
0.6084729222688273,0,astro5,cxta
0.6067848822444957,0,astro5,cxta
0.6165448881842326,0,astro5,cxta
0.6423772879244666,0,astro5,cxta
0.5909877290743653,0,astro5,cxta
0.586413997601175,0,astro5,cxta
0.57034267125438,0,astro5,cxta
0.562746819741632,0,astro5,cxta
0.6078075296468113,0,astro5,cxta
0.57887011268967,0,astro5,cxta
0.5575093575380887,0,astro5,cxta
0.5755078963585398,0,astro5,cxta
0.5362904152502407,0,astro5,cxta
0.5978080975832257,0,astro5,cxta
0.5570119152313816,0,astro5,cxta
0.5978846241189314,0,astro5,cxta
0.5807304712122435,0,astro5,cxta
0.591189245794731,0,astro5,cxta
0.5862600931371204,0,astro5,cxta
0.5808295421180232,0,astro5,cxta
0.5573302341899716,0,astro5,cxta
0.5511746200155934,0,astro5,cxta
0.5612815498779352,0,astro5,cxta
0.5377344229171982,0,astro5,cxta
0.5608513495483991,0,astro5,cxta
0.5466187047275115,0,astro5,cxta
0.5365801771679736,0,astro5,cxta
0.5406039804457995,0,astro5,cxta
0.5236234691777191,0,astro5,cxta
0.5307790273942922,0,astro5,cxta
0.5314391182984007,0,astro5,cxta
0.5210405666598805,0,astro5,cxta
0.550633880491188,0,astro5,cxta
0.5358635729646031,0,astro5,cxta
0.5271952795699162,0,astro5,cxta
0.5692491207694285,0,astro5,cxta
0.5832280007510682,0,astro5,cxta
0.5719735447932727,0,astro5,cxta
0.5492840647663058,0,astro5,cxta
0.5065222639068444,0,astro5,cxta
0.519888744700138,0,astro5,cxta
0.5369031568759391,0,astro5,cxta
0.5590683532724385,0,astro5,cxta
0.568997420454691,0,astro5,cxta
0.5273661911979953,0,astro5,cxta
0.5609343441167455,0,astro5,cxta
0.5624340379442085,0,astro5,cxta
0.5599913464953002,0,astro5,cxta
0.524700606844251,0,astro5,cxta
0.5422945053572903,0,astro5,cxta
0.53522824002415,0,astro5,cxta
0.5567409287414345,0,astro5,cxta
0.5474590500621933,0,astro5,cxta
0.5404204933254875,0,astro5,cxta
0.5670872589361567,0,astro5,cxta
0.5766882910468416,0,astro5,cxta
0.5773200595781424,0,astro5,cxta
0.5918396233417693,0,astro5,cxta
0.5891750736369951,0,astro5,cxta
0.5436662979490459,0,astro5,cxta
0.5641380235466092,0,astro5,cxta
0.5486512319667622,0,astro5,cxta
0.5546334962441833,0,astro5,cxta
0.5915942686930733,0,astro5,cxta
0.617490557534571,0,astro5,cxta
0.5998020781175288,0,astro5,cxta
0.590865528072642,0,astro5,cxta
0.5772843906280948,0,astro5,cxta
0.6031085998626294,0,astro5,cxta
0.6072137639579589,0,astro5,cxta
0.5924100740997515,0,astro5,cxta
0.6111347633287615,0,astro5,cxta
0.5940321723999286,0,astro5,cxta
0.5852038477968287,0,astro5,cxta
0.5822835738432559,0,astro5,cxta
0.5619545829220067,0,astro5,cxta
0.5783820854821768,0,astro5,cxta
0.6097134035325771,0,astro5,cxta
0.5709664973183135,0,astro5,cxta
0.6143957873104445,0,astro5,cxta
0.6060429265662041,0,astro5,cxta
0.5740084721179561,0,astro5,cxta
0.6023647874335444,0,astro5,cxta
0.5948783560208964,0,astro5,cxta
0.5984664991516581,0,astro5,cxta
0.5531162768833006,0,astro5,cxta
0.5557785037744606,0,astro5,cxta
0.6137450244245888,0,astro5,cxta
0.5534291267933128,0,astro5,cxta
0.5746616277832916,0,astro5,cxta
0.6054664058429631,0,astro5,cxta
0.556041952019587,0,astro5,cxta
0.5684969624083435,0,astro5,cxta
0.5554506393736173,0,astro5,cxta
0.6271257270892103,0,astro5,cxta
0.5799635146618234,0,astro5,cxta
0.5728644015588247,0,astro5,cxta
0.5939725370403814,0,astro5,cxta
0.563047998187756,0,astro5,cxta
0.6015062318553497,0,astro5,cxta
0.6013623634354632,0,astro5,cxta
0.5607927023849848,0,astro5,cxta
0.5917904569633294,0,astro5,cxta
0.5889969624848297,0,astro5,cxta
0.5829696717202525,0,astro5,cxta
0.5790590823130823,0,astro5,cxta
0.5667891150998807,0,astro5,cxta
0.5789336014447956,0,astro5,cxta
0.5665607795503379,0,astro5,cxta
0.5775513419111676,0,astro5,cxta
0.5909789672352381,0,astro5,cxta
0.5934877203063288,0,astro5,cxta
0.6221263726013954,0,astro5,cxta
0.6232510820314604,0,astro5,cxta
0.5763607599188563,0,astro5,cxta
0.6040077057739016,0,astro5,cxta
0.5580509914865672,0,astro5,cxta
0.5651409722721241,0,astro5,cxta
0.5764324003023668,0,astro5,cxta
0.6009750401123929,0,astro5,cxta
0.6128612933478255,1,astro5,cxta
0.5764175778635695,1,astro5,cxta
0.5779293741027984,1,astro5,cxta
0.5768430432572681,1,astro5,cxta
0.5932117316281038,1,astro5,cxta
0.613891265229905,1,astro5,cxta
0.6138503125367947,1,astro5,cxta
0.6129021172338424,1,astro5,cxta
0.5741309070735239,1,astro5,cxta
0.6094969389206775,1,astro5,cxta
0.626103084280759,1,astro5,cxta
0.5869079379949401,1,astro5,cxta
0.611507324660775,1,astro5,cxta
0.6014130382618912,1,astro5,cxta
0.5752694772421826,1,astro5,cxta
0.6075065625538948,1,astro5,cxta
0.5956786349358738,1,astro5,cxta
0.5709600276360797,1,astro5,cxta
0.6198492422101517,1,astro5,cxta
0.6352059892114438,1,astro5,cxta
0.5980168851595349,1,astro5,cxta
0.5963912836543261,1,astro5,cxta
0.587673752809691,1,astro5,cxta
0.5925218000237849,1,astro5,cxta
0.6410441987557265,1,astro5,cxta
0.6324568603488125,1,astro5,cxta
0.6063491889327713,1,astro5,cxta
0.641848892010034,1,astro5,cxta
0.6404548321320573,1,astro5,cxta
0.6155053289771019,1,astro5,cxta
0.6053464417816599,1,astro5,cxta
0.6316634372441015,1,astro5,cxta
0.612792758730967,1,astro5,cxta
0.6418464247782968,1,astro5,cxta
0.6409317702464047,1,astro5,cxta
0.628465466687608,1,astro5,cxta
0.608081458669404,1,astro5,cxta
0.6181360880088121,1,astro5,cxta
0.6241521432312496,1,astro5,cxta
0.6274301415312472,1,astro5,cxta
0.5929825363909943,1,astro5,cxta
0.6223546133283904,1,astro5,cxta
0.6200081082318722,1,astro5,cxta
0.6272641241906034,1,astro5,cxta
0.6206104610606964,1,astro5,cxta
0.6401506177469505,1,astro5,cxta
0.6601356957889641,1,astro5,cxta
0.633361854094767,1,astro5,cxta
0.6314917719486464,0,astro5,cxta
0.6302228880607158,0,astro5,cxta
0.5827652680997585,0,astro5,cxta
0.6285954825753037,0,astro5,cxta
0.6274448618194897,0,astro5,cxta
0.6371326451943006,0,astro5,cxta
0.5625941327830271,0,astro5,cxta
0.5639821266649735,0,astro5,cxta
0.554819168086465,0,astro5,cxta
0.605213776748699,0,astro5,cxta
0.5958398156565428,0,astro5,cxta
0.5666768965417234,0,astro5,cxta
0.5766296244403056,0,astro5,cxta
0.6085435657837559,0,astro5,cxta
0.6295792904614419,0,astro5,cxta
0.5941522015356658,0,astro5,cxta
0.6130662080824619,0,astro5,cxta
0.6192923260490756,0,astro5,cxta
0.663114629407048,0,astro5,cxta
0.6509294726790278,0,astro5,cxta
0.6340487262709364,0,astro5,cxta
0.6294373610680942,0,astro5,cxta
0.6506500174243158,0,astro5,cxta
0.6467707546904848,0,astro5,cxta
0.6729368114835342,0,astro5,cxta
0.6598839958514092,0,astro5,cxta
0.623233132408983,0,astro5,cxta
0.6209171544284705,0,astro5,cxta
0.6035511263843911,0,astro5,cxta
0.6245172911304634,0,astro5,cxta
0.64842296740459,0,astro5,cxta
0.6608696186882284,0,astro5,cxta
0.6102426774795341,0,astro5,cxta
0.6552257270369999,0,astro5,cxta
0.6550177027787778,0,astro5,cxta
0.6201753392885502,0,astro5,cxta
0.5952024764148697,0,astro5,cxta
0.615328483089211,0,astro5,cxta
0.6137331441886413,0,astro5,cxta
0.6451852292048761,0,astro5,cxta
0.6091281359834484,0,astro5,cxta
0.5996699772996555,0,astro5,cxta
0.6239293189762378,0,astro5,cxta
0.6071159772702008,0,astro5,cxta
0.586703896449435,0,astro5,cxta
0.5685012565466433,0,astro5,cxta
0.5729753809531112,0,astro5,cxta
0.5815328782996068,0,astro5,cxta
0.5868435882339141,0,astro5,cxta
0.6179067884538262,0,astro5,cxta
0.6028250644352989,0,astro5,cxta
0.5723268449062676,0,astro5,cxta
0.585480245943967,0,astro5,cxta
0.5440566624506631,0,astro5,cxta
0.5912263370737998,0,astro5,cxta
0.5775275458775398,0,astro5,cxta
0.554278625207455,0,astro5,cxta
0.5590490299799,0,astro5,cxta
0.5424009149066183,1,astro5,cxta
0.521241027154597,1,astro5,cxta
0.5293917648544774,1,astro5,cxta
0.5657676999003486,1,astro5,cxta
0.5928085516632922,1,astro5,cxta
0.5477660174187399,1,astro5,cxta
0.5554149820712091,1,astro5,cxta
0.5734285096515985,1,astro5,cxta
0.581575238710836,1,astro5,cxta
0.5858034138488178,1,astro5,cxta
0.5854920196937009,1,astro5,cxta
0.524912388683809,1,astro5,cxta
0.5395578720667832,1,astro5,cxta
0.5666371811937688,1,astro5,cxta
0.5712827029139694,1,astro5,cxta
0.5602243158297772,1,astro5,cxta
0.5518121232019959,1,astro5,cxta
0.5425938937851749,1,astro5,cxta
0.5617137313373265,1,astro5,cxta
0.5993973568203271,1,astro5,cxta
0.5997547473534823,1,astro5,cxta
0.5925038442457123,1,astro5,cxta
0.5984515918165604,1,astro5,cxta
0.5676555130791063,1,astro5,cxta
0.6031425073967699,1,astro5,cxta
0.5798013285028158,1,astro5,cxta
0.6029288834159363,1,astro5,cxta
0.5790490730514659,1,astro5,cxta
0.5938471098881135,1,astro5,cxta
0.5822508403684781,1,astro5,cxta
0.5878118100238852,1,astro5,cxta
0.6084612689598342,1,astro5,cxta
0.5752932278534978,1,astro5,cxta
0.6139827900985804,1,astro5,cxta
0.6101234706735252,1,astro5,cxta
0.5744668108188615,1,astro5,cxta
0.5860070177675416,1,astro5,cxta
0.587455106644052,1,astro5,cxta
0.5798961377252786,1,astro5,cxta
0.6201870305744268,1,astro5,cxta
0.6222260573955146,1,astro5,cxta
0.6424986625001086,1,astro5,cxta
0.6053314334132683,1,astro5,cxta
0.6237039641936493,1,astro5,cxta
0.6022799159264068,1,astro5,cxta
0.641664834108017,1,astro5,cxta
0.6256211578066262,1,astro5,cxta
0.6277746103083713,1,astro5,cxta
0.6527087374770351,1,astro5,cxta
0.6514963852845125,1,astro5,cxta
0.6875588729127485,1,astro5,cxta
0.7194228690213695,1,astro5,cxta
0.7202438766213735,1,astro5,cxta
0.7149248630588627,1,astro5,cxta
0.692473982036096,1,astro5,cxta
0.6448374264032185,1,astro5,cxta
0.670301091070079,1,astro5,cxta
0.6973676599526175,1,astro5,cxta
0.6804877542403552,1,astro5,cxta
0.6694604511276838,1,astro5,cxta
0.6959064210089146,1,astro5,cxta
0.6670745595836355,1,astro5,cxta
0.7118102971426273,1,astro5,cxta
0.6894653566640208,1,astro5,cxta
0.6911386673482968,1,astro5,cxta
0.6911187425665312,1,astro5,cxta
0.6588540707626889,1,astro5,cxta
0.67889391188626,1,astro5,cxta
0.6567336052437172,1,astro5,cxta
0.6405986485337553,1,astro5,cxta
0.6687847613029113,1,astro5,cxta
0.669163542096275,1,astro5,cxta
0.6476616708598949,1,astro5,cxta
0.6501674896898907,1,astro5,cxta
0.5904896210959716,1,astro5,cxta
0.6224398995968888,1,astro5,cxta
0.6323188298898231,1,astro5,cxta
0.639839908975954,1,astro5,cxta
0.6461857844424815,1,astro5,cxta
0.652159348905948,1,astro5,cxta
0.6378963893616061,1,astro5,cxta
0.6782807360041203,1,astro5,cxta
0.6243670233593293,1,astro5,cxta
0.6263615741722919,1,astro5,cxta
0.6268529024307399,1,astro5,cxta
0.6397158597438286,1,astro5,cxta
0.6208851903003687,1,astro5,cxta
0.5750351601869733,1,astro5,cxta
0.5867656153328993,1,astro5,cxta
0.5726641567924499,1,astro5,cxta
0.5655314437548038,1,astro5,cxta
0.5790560887719548,1,astro5,cxta
0.5708168643593656,1,astro5,cxta
0.5519290312618882,1,astro5,cxta
0.5693314916044461,1,astro5,cxta
0.5504015338759338,1,astro5,cxta
0.5361587827485217,1,astro5,cxta
0.5739803372618101,1,astro5,cxta
0.5865644394152248,1,astro5,cxta
0.6029040694147747,1,astro5,cxta
0.5677875862936063,1,astro5,cxta
0.5588210679069611,1,astro5,cxta
0.5794562520400172,1,astro5,cxta
0.5976231923090888,1,astro5,cxta
0.5486674373413636,1,astro5,cxta
0.560371812521241,1,astro5,cxta
0.5360503838032326,1,astro5,cxta
0.5786190990622104,1,astro5,cxta
0.5450186550959605,1,astro5,cxta
0.5390323512584511,1,astro5,cxta
0.5296991834541392,1,astro5,cxta
0.5433446460441126,1,astro5,cxta
0.5307510999092462,1,astro5,cxta
0.52906563085987,1,astro5,cxta
0.5105239514273073,1,astro5,cxta
0.5323300796608139,1,astro5,cxta
0.5278302531393898,1,astro5,cxta
0.5515535500466934,1,astro5,cxta
0.5494208760537203,1,astro5,cxta
0.5478635755203554,1,astro5,cxta
0.5031171404214941,1,astro5,cxta
0.4597982020120356,1,astro5,cxta
0.4900182270725619,1,astro5,cxta
0.5031998727929109,1,astro5,cxta
0.49836452300928685,1,astro5,cxta
0.5231463493258822,1,astro5,cxta
0.5158856404714508,1,astro5,cxta
0.49921293967680136,1,astro5,cxta
0.5008884613514928,1,astro5,cxta
0.5052883124557767,1,astro5,cxta
0.49195808745774006,1,astro5,cxta
0.5053193683593639,1,astro5,cxta
0.5341418196625537,1,astro5,cxta
0.5327328382822359,1,astro5,cxta
0.5099743600719965,1,astro5,cxta
0.5286031570896961,1,astro5,cxta
0.5583515401433423,1,astro5,cxta
0.5190590458926762,1,astro5,cxta
0.49640468487556066,1,astro5,cxta
0.470730168681474,1,astro5,cxta
0.48040793725717773,1,astro5,cxta
0.5073134211816095,1,astro5,cxta
0.5075585935798894,1,astro5,cxta
0.5351406007128057,1,astro5,cxta
0.5448653388232704,1,astro5,cxta
0.5137625404157266,1,astro5,cxta
0.5194616081865542,1,astro5,cxta
0.5045063093206904,1,astro5,cxta
0.4783648012052079,1,astro5,cxta
0.49750112457247764,1,astro5,cxta
0.532950741584476,1,astro5,cxta
0.49692396957153684,1,astro5,cxta
0.5019359445069873,1,astro5,cxta
0.4427213610242925,1,astro5,cxta
0.5092769515573462,1,astro5,cxta
0.5304086994682061,1,astro5,cxta
0.5195034200562937,1,astro5,cxta
0.5032019021856845,1,astro5,cxta
0.5318214637060438,1,astro5,cxta
0.5515849545741537,1,astro5,cxta
0.5527309033276001,1,astro5,cxta
0.5078438119972006,1,astro5,cxta
0.5140667257101272,1,astro5,cxta
0.5575860856339191,1,astro5,cxta
0.5222266615000817,1,astro5,cxta
0.5194411456469908,1,astro5,cxta
0.47787409483856785,1,astro5,cxta
0.5246662412056967,1,astro5,cxta
0.5110606344066834,1,astro5,cxta
0.5421545438154459,1,astro5,cxta
0.5338614412656594,1,astro5,cxta
0.5108387748445695,1,astro5,cxta
0.45121954628546945,1,astro5,cxta
0.5224671028091489,1,astro5,cxta
0.5050749868671895,1,astro5,cxta
0.5010045370827081,1,astro5,cxta
0.5349542760870197,1,astro5,cxta
0.5489218838067877,1,astro5,cxta
0.48615424092287907,1,astro5,cxta
0.4847032205375602,0,astro5,cxta
0.5073392220588888,0,astro5,cxta
0.5241681477810689,0,astro5,cxta
0.4983732721734067,0,astro5,cxta
0.5249516485149414,0,astro5,cxta
0.509170275559046,0,astro5,cxta
0.5104365967424622,0,astro5,cxta
0.4971799499057912,0,astro5,cxta
0.5021702512100326,0,astro5,cxta
0.5012833080384801,0,astro5,cxta
0.5043345341202787,0,astro5,cxta
0.5017160739553355,0,astro5,cxta
0.4779745326786759,0,astro5,cxta
0.49412544056429925,0,astro5,cxta
0.47515385290567963,0,astro5,cxta
0.5308641693466215,0,astro5,cxta
0.5014654104045515,0,astro5,cxta
0.4713527026482443,0,astro5,cxta
0.5207546438393303,0,astro5,cxta
0.5082979115740532,0,astro5,cxta
0.5369775727122399,0,astro5,cxta
0.515527478260677,0,astro5,cxta
0.4717304155678467,0,astro5,cxta
0.4770515224362085,0,astro5,cxta
0.49919759921563,0,astro5,cxta
0.5169613883151447,1,astro5,cxta
0.49794611345676076,1,astro5,cxta
0.5006319525102946,1,astro5,cxta
0.4854087554014953,1,astro5,cxta
0.4856918537590301,1,astro5,cxta
0.47976555660598524,1,astro5,cxta
0.5152109564224497,1,astro5,cxta
0.5280701567502266,1,astro5,cxta
0.46840291018795566,1,astro5,cxta
0.5217712554000433,1,astro5,cxta
0.46802923674937463,1,astro5,cxta
0.5290921888411279,1,astro5,cxta
0.5199153785662906,1,astro5,cxta
0.4927104126942709,1,astro5,cxta
0.4926129077518195,1,astro5,cxta
0.45519604354455095,1,astro5,cxta
0.4934839100051492,1,astro5,cxta
0.5031421846180525,1,astro5,cxta
0.5237006667248733,1,astro5,cxta
0.49362088484430655,1,astro5,cxta
0.49168843022836256,0,astro5,cxta
0.5075871709329915,0,astro5,cxta
0.5161953893497403,0,astro5,cxta
0.535599084866039,0,astro5,cxta
0.5444571049390798,0,astro5,cxta
0.5432488988380084,0,astro5,cxta
0.5298005399884486,1,astro5,cxta
0.5370765340432243,1,astro5,cxta
0.5899753368721453,1,astro5,cxta
0.590628345362826,1,astro5,cxta
0.5607721919901727,1,astro5,cxta
0.5967339362718201,1,astro5,cxta
0.6124914441006896,1,astro5,cxta
0.6267944520418679,1,astro5,cxta
0.6069058758344129,1,astro5,cxta
0.6549745269343225,1,astro5,cxta
0.6537772954445797,1,astro5,cxta
0.6653095176506699,1,astro5,cxta
0.7004789231298788,1,astro5,cxta
0.6699879638643756,1,astro5,cxta
0.6879144174495764,1,astro5,cxta
0.6854114368588943,1,astro5,cxta
0.6610623568268378,1,astro5,cxta
0.6756840436056231,1,astro5,cxta
0.6508197946906016,0,astro5,cxta
0.6449809675381513,0,astro5,cxta
0.6253524472587964,0,astro5,cxta
0.6721900598983389,0,astro5,cxta
0.683055342732493,1,astro5,cxta
0.6783997916202866,1,astro5,cxta
0.6409696804836711,1,astro5,cxta
0.6712479506363139,1,astro5,cxta
0.6762313081281497,1,astro5,cxta
0.6873045981009633,1,astro5,cxta
0.6741079783417752,1,astro5,cxta
0.6422843748487093,1,astro5,cxta
0.6070968763723672,1,astro5,cxta
0.6519643177070269,1,astro5,cxta
0.6365779987579947,1,astro5,cxta
0.6179951568941439,1,astro5,cxta
0.6372947914612065,1,astro5,cxta
0.6479938813218572,1,astro5,cxta
0.6546383638034012,1,astro5,cxta
0.601342160275882,1,astro5,cxta
0.592776734723657,1,astro5,cxta
0.6025438493745021,1,astro5,cxta
0.6103050653690169,1,astro5,cxta
0.6435197567065509,1,astro5,cxta
0.6202876569688129,1,astro5,cxta
0.6609713225885084,1,astro5,cxta
0.632550870100696,1,astro5,cxta
0.6327987968021279,1,astro5,cxta
0.656858130847789,1,astro5,cxta
0.639001703119629,1,astro5,cxta
0.6168377211437605,1,astro5,cxta
0.5695220402025816,1,astro5,cxta
0.6066815107117169,1,astro5,cxta
0.580908774283837,1,astro5,cxta
0.5859828154632197,1,astro5,cxta
0.5525619223967699,1,astro5,cxta
0.5732350540393485,1,astro5,cxta
0.5438410135198244,1,astro5,cxta
0.5769346471545386,1,astro5,cxta
0.5890731975850004,1,astro5,cxta
0.5649395549198728,1,astro5,cxta
0.6189106722584939,1,astro5,cxta
0.5963707257567057,1,astro5,cxta
0.5934974970731055,1,astro5,cxta
0.5546169241782628,1,astro5,cxta
0.5220748225690734,0,astro5,cxta
0.5582130765925843,0,astro5,cxta
0.5794418852479977,0,astro5,cxta
0.5795460753194119,0,astro5,cxta
0.547082300177099,0,astro5,cxta
0.5779807955386355,0,astro5,cxta
0.6018396380238937,0,astro5,cxta
0.5714759671759186,0,astro5,cxta
0.5789261914045741,0,astro5,cxta
0.5459718762998226,0,astro5,cxta
0.5699188243779053,0,astro5,cxta
0.5294798835545753,0,astro5,cxta
0.5338336895388891,0,astro5,cxta
0.5443037982694418,0,astro5,cxta
0.5671375364572598,0,astro5,cxta
0.544916162756037,0,astro5,cxta
0.564567398018027,0,astro5,cxta
0.5118772151849486,0,astro5,cxta
0.5030029530696517,0,astro5,cxta
0.4970448348115249,0,astro5,cxta
0.5306033358978522,0,astro5,cxta
0.518098258094194,0,astro5,cxta
0.5289645490478856,0,astro5,cxta
0.5030875256696131,0,astro5,cxta
0.5275665328534194,0,astro5,cxta
0.5525818783337502,0,astro5,cxta
0.5727104376043876,0,astro5,cxta
0.5058047634541033,0,astro5,cxta
0.49602533699982465,0,astro5,cxta
0.528596697115126,0,astro5,cxta
0.4961100587764148,0,astro5,cxta
0.5210664677465907,0,astro5,cxta
0.5147395101828531,0,astro5,cxta
0.5297801672954249,0,astro5,cxta
0.5009387084377802,0,astro5,cxta
0.495124559650016,0,astro5,cxta
0.521916999740654,0,astro5,cxta
0.5232007702200284,0,astro5,cxta
0.5047620070883372,0,astro5,cxta
0.5026310659189317,0,astro5,cxta
0.4961547183207023,0,astro5,cxta
0.4627481543125496,0,astro5,cxta
0.5020550550085199,0,astro5,cxta
0.46691692207508917,0,astro5,cxta
0.4902143479800178,0,astro5,cxta
0.5050766219149427,0,astro5,cxta
0.5335983727832996,0,astro5,cxta
0.5585335540879166,0,astro5,cxta
0.5514969353918052,0,astro5,cxta
0.5494473519715855,0,astro5,cxta
0.5614685882088319,0,astro5,cxta
0.5498628651034075,0,astro5,cxta
0.5336640740006061,0,astro5,cxta
0.5322386681066523,0,astro5,cxta
0.5507386236762191,0,astro5,cxta
0.5780783710619879,0,astro5,cxta
0.5655686130786024,0,astro5,cxta
0.5501132384060144,0,astro5,cxta
0.5372133411367929,0,astro5,cxta
0.5384570459799124,0,astro5,cxta
0.580003870478244,1,astro5,cxta
0.6105394208582514,1,astro5,cxta
0.6010702371107394,1,astro5,cxta
0.606742283381317,1,astro5,cxta
0.6217685493370443,1,astro5,cxta
0.612918364932201,1,astro5,cxta
0.6109705098978682,1,astro5,cxta
0.6130562339231368,1,astro5,cxta
0.6029129313454146,1,astro5,cxta
0.5921882518495402,1,astro5,cxta
0.6376942043606719,1,astro5,cxta
0.6776416257715769,1,astro5,cxta
0.6799449766368182,1,astro5,cxta
0.6549530081306867,1,astro5,cxta
0.6665613472980969,1,astro5,cxta
0.6611506883778467,1,astro5,cxta
0.6437931606448399,1,astro5,cxta
0.6459014949144154,1,astro5,cxta
0.6623543546638516,1,astro5,cxta
0.6532456663767842,1,astro5,cxta
0.663143852698619,1,astro5,cxta
0.6121989522134595,1,astro5,cxta
0.6285508411728371,1,astro5,cxta
0.6333408106845472,1,astro5,cxta
0.7057203563281733,1,astro5,cxta
0.6931010711494979,1,astro5,cxta
0.6532239754054404,1,astro5,cxta
0.6337807279738285,1,astro5,cxta
0.6491687643647776,1,astro5,cxta
0.6581154238693119,1,astro5,cxta
0.6778377719147745,1,astro5,cxta
0.6344170521264434,1,astro5,cxta
0.6273406248550343,1,astro5,cxta
0.6815469749856214,1,astro5,cxta
0.6874176817311989,1,astro5,cxta
0.675009855815052,1,astro5,cxta
0.6825872998031016,1,astro5,cxta
0.7084005625346794,1,astro5,cxta
0.6629970747216679,1,astro5,cxta
0.6348051573616974,1,astro5,cxta
0.6640621833206943,1,astro5,cxta
0.6932363988271681,1,astro5,cxta
0.6986772322403827,1,astro5,cxta
0.6704921658136699,1,astro5,cxta
0.6694389534475582,1,astro5,cxta
0.6592046254267958,1,astro5,cxta
0.6504286763801935,1,astro5,cxta
0.6239644000264963,1,astro5,cxta
0.6276652389769007,1,astro5,cxta
0.680731783654742,1,astro5,cxta
0.666681293877594,1,astro5,cxta
0.696404738887352,1,astro5,cxta
0.6832600756645024,1,astro5,cxta
0.6717427643849263,1,astro5,cxta
0.6571014555803317,1,astro5,cxta
0.6749218982798756,1,astro5,cxta
0.6925928926733448,1,astro5,cxta
0.6726647059040752,0,astro5,cxta
0.6649474474646183,0,astro5,cxta
0.6750161875594353,0,astro5,cxta
0.6526024027194205,0,astro5,cxta
0.6818035557544997,0,astro5,cxta
0.7108800066407193,0,astro5,cxta
0.664841962991706,0,astro5,cxta
0.6674462964919277,0,astro5,cxta
0.6267089426292274,0,astro5,cxta
0.6131505621512535,0,astro5,cxta
0.6255684718981847,0,astro5,cxta
0.6239865596284159,0,astro5,cxta
0.6426317020058121,0,astro5,cxta
0.644818054223574,0,astro5,cxta
0.6372239133320802,0,astro5,cxta
0.6468616458139091,0,astro5,cxta
0.639580405342859,0,astro5,cxta
0.6475450532400939,0,astro5,cxta
0.5962177476451551,0,astro5,cxta
0.5860536268056127,0,astro5,cxta
0.5884390140100004,0,astro5,cxta
0.6018055896816402,1,astro5,cxta
0.636053593507939,1,astro5,cxta
0.6525443834377561,1,astro5,cxta
0.6294175133302942,1,astro5,cxta
0.6349670993821327,1,astro5,cxta
0.6059488592253972,1,astro5,cxta
0.6143045920179832,1,astro5,cxta
0.5929757348522224,1,astro5,cxta
0.6216375599969861,1,astro5,cxta
0.6037157275827805,1,astro5,cxta
0.6080311544163437,1,astro5,cxta
0.5476121595755686,1,astro5,cxta
0.5605561059410058,1,astro5,cxta
0.5784825713085123,1,astro5,cxta
0.5822502902496153,1,astro5,cxta
0.5791640009392092,1,astro5,cxta
0.528902839976447,0,astro5,cxta
0.5775766545613014,0,astro5,cxta
0.5228970655910747,0,astro5,cxta
0.5191512668688901,0,astro5,cxta
0.5431953054666246,0,astro5,cxta
0.5558743135302405,0,astro5,cxta
0.5256938764183169,1,astro5,cxta
0.5318551841564427,1,astro5,cxta
0.5396157819380565,1,astro5,cxta
0.5249249946808773,1,astro5,cxta
0.5734526773698939,1,astro5,cxta
0.5886125440160753,1,astro5,cxta
0.5515699088171194,1,astro5,cxta
0.548941454997455,1,astro5,cxta
0.5658221957689072,1,astro5,cxta
0.5844587084990213,1,astro5,cxta
0.5953506554746415,1,astro5,cxta
0.6028624551818305,1,astro5,cxta
0.5920303069398448,1,astro5,cxta
0.576274037677323,1,astro5,cxta
0.5848123129449654,1,astro5,cxta
0.5796234541327363,1,astro5,cxta
0.5896333189123535,1,astro5,cxta
0.6164806923971204,1,astro5,cxta
0.5876131458211487,1,astro5,cxta
0.555736014596641,1,astro5,cxta
0.5680332316444021,1,astro5,cxta
0.5807929030399764,1,astro5,cxta
0.5811460672054689,1,astro5,cxta
0.5392146885045799,1,astro5,cxta
0.5370791248510903,1,astro5,cxta
0.5583680659058019,1,astro5,cxta
0.5535034908610477,1,astro5,cxta
0.5419222606121159,1,astro5,cxta
0.5447407146574481,1,astro5,cxta
0.5496822372404572,1,astro5,cxta
0.5613672419237994,1,astro5,cxta
0.580412789314006,1,astro5,cxta
0.5509597867335414,1,astro5,cxta
0.5621801127298811,1,astro5,cxta
0.5634935464610442,1,astro5,cxta
0.5488903955136544,1,astro5,cxta
0.5317165434745726,1,astro5,cxta
0.5554658831293736,1,astro5,cxta
0.5582244577547418,1,astro5,cxta
0.511020678469385,1,astro5,cxta
0.5014346946270232,1,astro5,cxta
0.4919592781591147,1,astro5,cxta
0.5211838478342268,1,astro5,cxta
0.5156259470787599,1,astro5,cxta
0.5032350704701327,1,astro5,cxta
0.5313443793570805,1,astro5,cxta
0.4886358985047444,1,astro5,cxta
0.5306542091556311,1,astro5,cxta
0.5100534436337986,1,astro5,cxta
0.4838612164865499,1,astro5,cxta
0.5342264791207415,1,astro5,cxta
0.5335143484563832,1,astro5,cxta
0.5622885453685478,0,astro5,cxta
0.5459146699375446,0,astro5,cxta
0.5290179093520747,0,astro5,cxta
0.5283872916484535,0,astro5,cxta
0.5376870859252495,0,astro5,cxta
0.5168723022157398,0,astro5,cxta
0.49709238249245946,0,astro5,cxta
0.4918085643118391,0,astro5,cxta
0.5051025270483314,0,astro5,cxta
0.504465048402887,0,astro5,cxta
0.5380205157616231,0,astro5,cxta
0.5490863002026602,0,astro5,cxta
0.5549324168156575,0,astro5,cxta
0.5276772428034545,0,astro5,cxta
0.5382402786371756,0,astro5,cxta
0.5203551978982791,0,astro5,cxta
0.5123043037247381,0,astro5,cxta
0.5319386542443177,0,astro5,cxta
0.5038519104048766,0,astro5,cxta
0.5004021865322283,0,astro5,cxta
0.49803894213904143,0,astro5,cxta
0.48258469667188,0,astro5,cxta
0.48979278080184996,0,astro5,cxta
0.5134813567376842,0,astro5,cxta
0.4822766317669225,0,astro5,cxta
0.49297707798702867,0,astro5,cxta
0.4821599177376002,0,astro5,cxta
0.4918041211866699,0,astro5,cxta
0.5169725082581856,0,astro5,cxta
0.519065683895769,0,astro5,cxta
0.5400012731372313,0,astro5,cxta
0.49166441650270826,0,astro5,cxta
0.4770051453616501,0,astro5,cxta
0.5246185769159869,0,astro5,cxta
0.5553098783940587,0,astro5,cxta
0.5073353597903151,0,astro5,cxta
0.4866511518652341,0,astro5,cxta
0.5138754630015168,0,astro5,cxta
0.4978970732202751,0,astro5,cxta
0.5367275902482618,0,astro5,cxta
0.5409645082900906,0,astro5,cxta
0.5327883573184691,0,astro5,cxta
0.547157268465342,0,astro5,cxta
0.5444820705693026,0,astro5,cxta
0.5263022024187148,0,astro5,cxta
0.4811190221357078,0,astro5,cxta
0.47910912269110467,0,astro5,cxta
0.5162073484970655,1,astro5,cxta
0.5280107027661908,1,astro5,cxta
0.5245689551785058,1,astro5,cxta
0.5178877970630567,1,astro5,cxta
0.5017019565793359,1,astro5,cxta
0.4900196442573949,1,astro5,cxta
0.5276279811516169,1,astro5,cxta
0.5449000715793547,1,astro5,cxta
0.5096981387360809,1,astro5,cxta
0.5296053519418827,1,astro5,cxta
0.5522530694757274,1,astro5,cxta
0.5616678475835336,1,astro5,cxta
0.5712717109688126,1,astro5,cxta
0.5255237654006564,1,astro5,cxta
0.5895745959089936,1,astro5,cxta
0.5846726445915514,1,astro5,cxta
0.6064933269453193,1,astro5,cxta
0.567217533085922,1,astro5,cxta
0.5441221114672458,1,astro5,cxta
0.5885762729659453,1,astro5,cxta
0.6014250752860599,1,astro5,cxta
0.5675886969568862,1,astro5,cxta
0.5472111029340846,1,astro5,cxta
0.5631306063266611,1,astro5,cxta
0.5676033636029617,1,astro5,cxta
0.568560435954377,1,astro5,cxta
0.5556772598092629,1,astro5,cxta
0.5607741051001579,1,astro5,cxta
0.628400340345068,0,astro5,cxta
0.6422557839958394,0,astro5,cxta
0.623382770962869,0,astro5,cxta
0.6415907530203031,0,astro5,cxta
0.6290906449721326,1,astro5,cxta
0.6692739640400818,1,astro5,cxta
0.6628346692132587,1,astro5,cxta
0.6706311118277737,1,astro5,cxta
0.664956575468774,1,astro5,cxta
0.679319960586659,1,astro5,cxta
0.6589750823172549,1,astro5,cxta
0.6437850294113919,1,astro5,cxta
0.6736139424668521,1,astro5,cxta
0.6772581960600889,1,astro5,cxta
0.7168832367984802,1,astro5,cxta
0.7523772032204988,1,astro5,cxta
0.72778059510129,1,astro5,cxta
0.7558821787227589,1,astro5,cxta
0.7296937947550213,1,astro5,cxta
0.7288242586736658,1,astro5,cxta
0.7051026476066925,1,astro5,cxta
0.6996741076697323,1,astro5,cxta
0.6924744877989476,1,astro5,cxta
0.6638573590585328,1,astro5,cxta
0.6744451289111686,1,astro5,cxta
0.6723219867730195,1,astro5,cxta
0.6117749815414706,1,astro5,cxta
0.6540795096199076,1,astro5,cxta
0.6527478899219479,1,astro5,cxta
0.6334132415436518,1,astro5,cxta
0.6347979498434655,1,astro5,cxta
0.6156208042339434,1,astro5,cxta
0.6105684037012917,1,astro5,cxta
0.6381832215228014,1,astro5,cxta
0.6245335023073547,1,astro5,cxta
0.6136288931540954,1,astro5,cxta
0.6417102443574445,1,astro5,cxta
0.6623030330158355,1,astro5,cxta
0.6597911602896042,1,astro5,cxta
0.648699220199447,1,astro5,cxta
0.6256683202160844,1,astro5,cxta
0.5964528682146389,1,astro5,cxta
0.6062825476496139,1,astro5,cxta
0.629144220487206,0,astro5,cxta
0.6444890908697668,0,astro5,cxta
0.625931682746401,0,astro5,cxta
0.5755701736077584,0,astro5,cxta
0.5829669531003306,0,astro5,cxta
0.5904221550224114,0,astro5,cxta
0.613466837348914,0,astro5,cxta
0.5955919361458333,0,astro5,cxta
0.59186146249995,0,astro5,cxta
0.6074303935580668,0,astro5,cxta
0.5973830120234817,0,astro5,cxta
0.5605172494550276,0,astro5,cxta
0.5767627232488207,0,astro5,cxta
0.5679652712363845,0,astro5,cxta
0.6004114027017183,0,astro5,cxta
0.5978268711396241,0,astro5,cxta
0.6085746418746781,0,astro5,cxta
0.6136099888644466,0,astro5,cxta
0.5755479727317404,0,astro5,cxta
0.5992134558020951,1,astro5,cxta
0.5959325096567036,1,astro5,cxta
0.6032428657579737,1,astro5,cxta
0.6074245624133437,1,astro5,cxta
0.5680264765418924,1,astro5,cxta
0.5738211675239047,1,astro5,cxta
0.6066623375453094,1,astro5,cxta
0.5736960410404343,1,astro5,cxta
0.5785192383544054,1,astro5,cxta
0.5507801412873132,1,astro5,cxta
0.5942482027637029,1,astro5,cxta
0.5469686617526244,1,astro5,cxta
0.5316499325529228,1,astro5,cxta
0.5482941616860719,1,astro5,cxta
0.5078570643345004,1,astro5,cxta
0.5418026748539979,1,astro5,cxta
0.5478855947082681,1,astro5,cxta
0.5368637486892536,1,astro5,cxta
0.5521495799916109,1,astro5,cxta
0.5470333600731865,1,astro5,cxta
0.5868682297392026,1,astro5,cxta
0.5691933223198614,1,astro5,cxta
0.5858207275525573,1,astro5,cxta
0.5726199815249841,1,astro5,cxta
0.5374426763494551,1,astro5,cxta
0.5436025102099677,1,astro5,cxta
0.5488958597605483,1,astro5,cxta
0.5618342254879515,1,astro5,cxta
0.582990723663024,1,astro5,cxta
0.5868465428483213,1,astro5,cxta
0.5676915930298517,1,astro5,cxta
0.5503828905215989,1,astro5,cxta
0.5401251510721846,1,astro5,cxta
0.5586000122684255,1,astro5,cxta
0.5652480987974411,1,astro5,cxta
0.6036183482031835,1,astro5,cxta
0.6092154067379991,1,astro5,cxta
0.5827423414978585,1,astro5,cxta
0.5871567262314803,1,astro5,cxta
0.5712117019099856,1,astro5,cxta
0.5982827088738571,1,astro5,cxta
0.5849501185836764,0,astro5,cxta
0.5865949445934616,0,astro5,cxta
0.5962528137832129,0,astro5,cxta
0.5612218289669281,0,astro5,cxta
0.6082841527952099,0,astro5,cxta
0.5929425370006276,0,astro5,cxta
0.6392767457233525,0,astro5,cxta
0.6258647441405022,0,astro5,cxta
0.6206960042394578,0,astro5,cxta
0.5946131626300242,0,astro5,cxta
0.5967615741451561,0,astro5,cxta
0.5828620168603593,0,astro5,cxta
0.6031400230500252,0,astro5,cxta
0.6000217499499442,0,astro5,cxta
0.6105327788987771,0,astro5,cxta
0.609010077186776,0,astro5,cxta
0.6269752731128688,0,astro5,cxta
0.5987906996686931,0,astro5,cxta
0.5811404516722731,0,astro5,cxta
0.5585382168978116,0,astro5,cxta
0.5673839493777638,0,astro5,cxta
0.5962650839215056,0,astro5,cxta
0.5609581834129101,0,astro5,cxta
0.5615295033054394,0,astro5,cxta
0.5417624608796504,0,astro5,cxta
0.5590046979953996,1,astro5,cxta
0.5515200137297488,1,astro5,cxta
0.542974461917294,1,astro5,cxta
0.5477802635378052,1,astro5,cxta
0.5391592384911004,1,astro5,cxta
0.5694027399697964,1,astro5,cxta
0.5306989964969608,1,astro5,cxta
0.513629875543727,1,astro5,cxta
0.5102436987028272,1,astro5,cxta
0.5367322934897575,1,astro5,cxta
0.5598167924948724,1,astro5,cxta
0.5675972963456765,1,astro5,cxta
0.5604553504572365,1,astro5,cxta
0.5519018259156602,1,astro5,cxta
0.5894327021313999,1,astro5,cxta
0.5701250410196528,1,astro5,cxta
0.5688882868837577,1,astro5,cxta
0.5450809361613171,1,astro5,cxta
0.5610013774795953,1,astro5,cxta
0.542556389771841,1,astro5,cxta
0.5292152742411232,0,astro5,cxta
0.5695568707837214,0,astro5,cxta
0.5647987712913154,0,astro5,cxta
0.5729463402287038,0,astro5,cxta
0.5145148747791377,0,astro5,cxta
0.5462669895441101,0,astro5,cxta
0.5688081334021621,0,astro5,cxta
0.613569806050466,0,astro5,cxta
0.5983650231010257,0,astro5,cxta
0.6009705816253058,0,astro5,cxta
0.5699160319565522,1,astro5,cxta
0.5941125295752069,1,astro5,cxta
0.5658604778338433,1,astro5,cxta
0.5910533113050808,1,astro5,cxta
0.5741846747602081,1,astro5,cxta
0.609313894734417,1,astro5,cxta
0.609138066092972,1,astro5,cxta
0.5787436773575376,1,astro5,cxta
0.6413907601490806,1,astro5,cxta
0.6473787764102255,1,astro5,cxta
0.6077618684664131,1,astro5,cxta
0.630575968562682,1,astro5,cxta
0.5892349630680958,1,astro5,cxta
0.6398753167178621,1,astro5,cxta
0.6174861031412168,1,astro5,cxta
0.5783173301080988,1,astro5,cxta
0.5665916468180444,1,astro5,cxta
0.5820141478842495,1,astro5,cxta
0.6199530532589539,1,astro5,cxta
0.6438504669403035,1,astro5,cxta
0.6225995589807326,1,astro5,cxta
0.6048762515197139,1,astro5,cxta
0.5958932772124594,1,astro5,cxta
0.5637903911401297,1,astro5,cxta
0.5445867751910053,1,astro5,cxta
0.5679654762276958,1,astro5,cxta
0.5655755684002721,1,astro5,cxta
0.5879452429790811,1,astro5,cxta
0.5793699315024889,1,astro5,cxta
0.5831418701000225,0,astro5,cxta
0.5522065455643129,0,astro5,cxta
0.5176851949347402,0,astro5,cxta
0.5343348428534492,0,astro5,cxta
0.5193702503793142,0,astro5,cxta
0.5697627554190553,0,astro5,cxta
0.5474858720691087,0,astro5,cxta
0.5689672476665579,0,astro5,cxta
0.5789618634953401,0,astro5,cxta
0.6058546130779313,0,astro5,cxta
0.5922703706337753,0,astro5,cxta
0.5271125404976531,0,astro5,cxta
0.5601903041846439,0,astro5,cxta
0.5569678229480672,0,astro5,cxta
0.565488793537885,0,astro5,cxta
0.5656426892238156,0,astro5,cxta
0.5333149179193116,0,astro5,cxta
0.5510347589424065,0,astro5,cxta
0.5429164520316404,0,astro5,cxta
0.5961477230475585,0,astro5,cxta
0.5541351520508917,0,astro5,cxta
0.5680194101302288,0,astro5,cxta
0.5645222265115057,0,astro5,cxta
0.5583743233600401,0,astro5,cxta
0.5360418220159198,0,astro5,cxta
0.5335298528067808,0,astro5,cxta
0.540022130430586,0,astro5,cxta
0.5272177988802252,0,astro5,cxta
0.5332762826932803,0,astro5,cxta
0.56530662270691,0,astro5,cxta
0.5446221731091647,0,astro5,cxta
0.5244125625487643,0,astro5,cxta
0.5442866233857276,0,astro5,cxta
0.5364227365141003,0,astro5,cxta
0.5428142095129798,0,astro5,cxta
0.4977423083839801,0,astro5,cxta
0.5181648757952676,0,astro5,cxta
0.5159229985470429,1,astro5,cxta
0.4921855940104557,1,astro5,cxta
0.5007471518838622,1,astro5,cxta
0.5225525902304575,1,astro5,cxta
0.501219542561781,1,astro5,cxta
0.49625881755107026,1,astro5,cxta
0.5058471576530397,1,astro5,cxta
0.5067059611744494,1,astro5,cxta
0.5388698481224519,1,astro5,cxta
0.5007984865106673,1,astro5,cxta
0.5360261731481115,1,astro5,cxta
0.5554046355552889,1,astro5,cxta
0.5276458106724032,1,astro5,cxta
0.4988356429561592,1,astro5,cxta
0.5238055717797221,1,astro5,cxta
0.5293480098990511,1,astro5,cxta
0.5603802312555896,1,astro5,cxta
0.5514582833422039,1,astro5,cxta
0.5507027375461357,1,astro5,cxta
0.5364215436315055,1,astro5,cxta
0.566604707789745,1,astro5,cxta
0.5692669741378223,1,astro5,cxta
0.5364003952791239,1,astro5,cxta
0.5635234213711326,1,astro5,cxta
0.5460019664863116,1,astro5,cxta
0.5379641789457147,1,astro5,cxta
0.5563925817857582,0,astro5,cxta
0.5437357427498496,0,astro5,cxta
0.5846823366625833,0,astro5,cxta
0.5459514624563576,0,astro5,cxta
0.5795735918077931,0,astro5,cxta
0.5733719594140383,0,astro5,cxta
0.5832736444498788,0,astro5,cxta
0.55936161918735,0,astro5,cxta
0.5944284532151912,0,astro5,cxta
0.6035989969246686,0,astro5,cxta
0.609201333487015,0,astro5,cxta
0.5784638883187976,0,astro5,cxta
0.5711248818184925,0,astro5,cxta
0.570002864699597,0,astro5,cxta
0.5558383804920857,0,astro5,cxta
0.5318764980988995,0,astro5,cxta
0.5474556493390191,0,astro5,cxta
0.5491258584259585,0,astro5,cxta
0.5608954953168498,0,astro5,cxta
0.5611808352792439,0,astro5,cxta
0.5151509803024735,0,astro5,cxta
0.5391272313223625,0,astro5,cxta
0.5406311806663793,0,astro5,cxta
0.5512253119965694,0,astro5,cxta
0.5412845994433693,1,astro5,cxta
0.5480158697729479,1,astro5,cxta
0.552010145220001,1,astro5,cxta
0.5583690444844183,1,astro5,cxta
0.5280297434041976,1,astro5,cxta
0.527829883385772,1,astro5,cxta
0.5601409085893194,1,astro5,cxta
0.5596792311966204,1,astro5,cxta
0.5693565638761909,1,astro5,cxta
0.571525453216616,1,astro5,cxta
0.560909905870912,1,astro5,cxta
0.5572976459291874,1,astro5,cxta
0.5618721659886101,1,astro5,cxta
0.5482727242532853,1,astro5,cxta
0.5561366575446354,1,astro5,cxta
0.545902261956885,1,astro5,cxta
0.5769755805903182,1,astro5,cxta
0.5692393463295139,1,astro5,cxta
0.5561106920744787,1,astro5,cxta
0.5454140677848761,1,astro5,cxta
0.5401764570388837,1,astro5,cxta
0.5664153820235494,1,astro5,cxta
0.5523473673388942,1,astro5,cxta
0.5584897303172964,1,astro5,cxta
0.5476296022818699,1,astro5,cxta
0.5613897462333539,1,astro5,cxta
0.5272984804049301,1,astro5,cxta
0.5337788400624235,1,astro5,cxta
0.56298816568141,1,astro5,cxta
0.5798277949163172,1,astro5,cxta
0.5676849020728131,1,astro5,cxta
0.5345561622519357,0,astro5,cxta
0.5437642891004613,0,astro5,cxta
0.5843885270415552,0,astro5,cxta
0.6131628281004246,0,astro5,cxta
0.5515904637123862,0,astro5,cxta
0.5548832515822543,0,astro5,cxta
0.5823310598760627,0,astro5,cxta
0.6068117971851712,0,astro5,cxta
0.5540593818779052,0,astro5,cxta
0.5555534979755973,0,astro5,cxta
0.5923494566039365,0,astro5,cxta
0.6196747572460297,0,astro5,cxta
0.5932193843921578,0,astro5,cxta
0.5982518916770991,0,astro5,cxta
0.5695392966659514,0,astro5,cxta
0.5711753793543898,0,astro5,cxta
0.6105134535045763,0,astro5,cxta
0.5901408040094442,0,astro5,cxta
0.5860896921540996,0,astro5,cxta
0.6245000206124832,0,astro5,cxta
0.5844691976740252,0,astro5,cxta
0.5754806305658146,0,astro5,cxta
0.5313286568632936,0,astro5,cxta
0.5822656815863535,0,astro5,cxta
0.6040164678508717,0,astro5,cxta
0.5914547726149758,0,astro5,cxta
0.5572939355225587,0,astro5,cxta
0.5790652163412485,0,astro5,cxta
0.5648870792060235,0,astro5,cxta
0.6028099476222082,1,astro5,cxta
0.568538670420862,1,astro5,cxta
0.5606564639375998,1,astro5,cxta
0.525526468573734,1,astro5,cxta
0.5187943361870877,1,astro5,cxta
0.5488361249562677,1,astro5,cxta
0.5437208694163445,1,astro5,cxta
0.5520554064639563,1,astro5,cxta
0.5367268276866969,1,astro5,cxta
0.5496517837992494,1,astro5,cxta
0.5590681617564364,1,astro5,cxta
0.5288083916254369,1,astro5,cxta
0.549817732343995,1,astro5,cxta
0.516244386141248,1,astro5,cxta
0.5503627554612868,1,astro5,cxta
0.5177635975520195,1,astro5,cxta
0.5245178044686878,1,astro5,cxta
0.5524257426780631,1,astro5,cxta
0.5609525724688387,1,astro5,cxta
0.6072741284710976,1,astro5,cxta
0.5924768835000893,1,astro5,cxta
0.6495032189900948,1,astro5,cxta
0.635076366520664,1,astro5,cxta
0.6648600701434412,1,astro5,cxta
0.6231860850637814,1,astro5,cxta
0.6549825672708613,1,astro5,cxta
0.6209766509818899,1,astro5,cxta
0.6279973513045433,1,astro5,cxta
0.6274644008480149,1,astro5,cxta
0.6308736559280547,1,astro5,cxta
0.6247979279412388,1,astro5,cxta
0.6283432262315833,1,astro5,cxta
0.6315392865618974,1,astro5,cxta
0.6458459373094588,1,astro5,cxta
0.6525970114715474,1,astro5,cxta
0.6333692940660278,1,astro5,cxta
0.6447826171120559,1,astro5,cxta
0.6723482465930432,1,astro5,cxta
0.6697785023229986,1,astro5,cxta
0.6748457161036104,1,astro5,cxta
0.6559042431993524,1,astro5,cxta
0.6526171321497252,1,astro5,cxta
0.6473331844147139,1,astro5,cxta
0.6492363047236871,1,astro5,cxta
0.6589031085288826,1,astro5,cxta
0.6543281800520345,1,astro5,cxta
0.6691193912491781,0,astro5,cxta
0.6675512861452879,0,astro5,cxta
0.6646916986483566,0,astro5,cxta
0.6792511249532075,0,astro5,cxta
0.6829621700729845,1,astro5,cxta
0.6167687792153181,1,astro5,cxta
0.5898197394635981,1,astro5,cxta
0.6058750579764213,1,astro5,cxta
0.6342063790174921,1,astro5,cxta
0.6354335030259336,1,astro5,cxta
0.6066293867764424,1,astro5,cxta
0.6376685623934921,1,astro5,cxta
0.6092060628304247,1,astro5,cxta
0.584046740210832,1,astro5,cxta
0.5999193266857202,1,astro5,cxta
0.6126655136912466,1,astro5,cxta
0.6077968965750684,1,astro5,cxta
0.5893446062397749,1,astro5,cxta
0.6179227058361948,1,astro5,cxta
0.5917930881760725,1,astro5,cxta
0.5991375370601993,1,astro5,cxta
0.5945919953472979,1,astro5,cxta
0.6221284578597543,1,astro5,cxta
0.5754647557341405,1,astro5,cxta
0.5658893760707963,1,astro5,cxta
0.6097229485612652,1,astro5,cxta
0.6036562834536114,1,astro5,cxta
0.6238296305578612,1,astro5,cxta
0.5976413864674974,1,astro5,cxta
0.5890702573103288,1,astro5,cxta
0.5816420964707866,1,astro5,cxta
0.5634606716456854,1,astro5,cxta
0.5787882979050605,1,astro5,cxta
0.56895802932958,1,astro5,cxta
0.6041673865834651,1,astro5,cxta
0.5851887013800796,1,astro5,cxta
0.5925911486156219,1,astro5,cxta
0.5770297522834205,1,astro5,cxta
0.5522370362378705,1,astro5,cxta
0.5554377239059474,1,astro5,cxta
0.5794773757135455,1,astro5,cxta
0.5703684000818942,1,astro5,cxta
0.5676129930400392,1,astro5,cxta
0.5359986617365629,1,astro5,cxta
0.5359419782320791,1,astro5,cxta
0.5689707464431036,1,astro5,cxta
0.5822680756418563,1,astro5,cxta
0.6118246165420134,1,astro5,cxta
0.5577935706940613,1,astro5,cxta
0.5406000587100677,1,astro5,cxta
0.5414853931588329,1,astro5,cxta
0.5711663506210509,1,astro5,cxta
0.5939318799257276,1,astro5,cxta
0.5890828393239657,1,astro5,cxta
0.583609478936614,1,astro5,cxta
0.5711446645930309,1,astro5,cxta
0.5912523668413379,1,astro5,cxta
0.5552189883293445,1,astro5,cxta
0.5760199212845887,1,astro5,cxta
0.5396776311044647,1,astro5,cxta
0.5386035125312162,1,astro5,cxta
0.5502766549855642,1,astro5,cxta
0.5503858960114958,1,astro5,cxta
0.49600886462431126,1,astro5,cxta
0.5738435856464498,1,astro5,cxta
0.5358541613284226,1,astro5,cxta
0.5369234051047057,1,astro5,cxta
0.5305720548088186,1,astro5,cxta
0.5679723370586209,1,astro5,cxta
0.5317215666349779,1,astro5,cxta
0.5570985545287377,1,astro5,cxta
0.5524520475503506,1,astro5,cxta
0.5471884937025949,1,astro5,cxta
0.5634399020547878,1,astro5,cxta
0.5465515278976891,0,astro5,cxta
0.5224372886777674,0,astro5,cxta
0.4933005952666259,0,astro5,cxta
0.5032372777246882,0,astro5,cxta
0.5411121032269484,0,astro5,cxta
0.533436891396528,0,astro5,cxta
0.512835095971153,0,astro5,cxta
0.5301771638063429,0,astro5,cxta
0.5377957844502926,0,astro5,cxta
0.5348111310395604,0,astro5,cxta
0.5326644734300761,0,astro5,cxta
0.5602744004752923,0,astro5,cxta
0.5430461431401191,0,astro5,cxta
0.5429364175026945,0,astro5,cxta
0.5356188078954232,0,astro5,cxta
0.4772270465345354,0,astro5,cxta
0.5369738958665619,0,astro5,cxta
0.5666802873339938,0,astro5,cxta
0.507858707014253,0,astro5,cxta
0.5103181364248739,0,astro5,cxta
0.5439058726999995,0,astro5,cxta
0.5165413311537905,0,astro5,cxta
0.5341586628895546,1,astro5,cxta
0.5283651263824577,1,astro5,cxta
0.5531066312112741,1,astro5,cxta
0.50251434527619,1,astro5,cxta
0.47978254440689855,1,astro5,cxta
0.5443422396175629,1,astro5,cxta
0.5118180948091837,1,astro5,cxta
0.527859862870563,1,astro5,cxta
0.5510624662269694,1,astro5,cxta
0.552330464939078,1,astro5,cxta
0.49222401705567054,1,astro5,cxta
0.5281355427582806,1,astro5,cxta
0.5153195597345457,1,astro5,cxta
0.5152680228759169,1,astro5,cxta
0.5287217848556206,1,astro5,cxta
0.5316923845359233,1,astro5,cxta
0.5087301789908917,1,astro5,cxta
0.5075960802269122,1,astro5,cxta
0.5359629301378483,1,astro5,cxta
0.5429179289995388,1,astro5,cxta
0.5252678937775683,1,astro5,cxta
0.5537255181433633,1,astro5,cxta
0.5559825423873301,1,astro5,cxta
0.5385256764546871,1,astro5,cxta
0.5265475658500218,1,astro5,cxta
0.5257379629803909,1,astro5,cxta
0.5253522388617184,1,astro5,cxta
0.5319928973230303,1,astro5,cxta
0.5291507520216362,1,astro5,cxta
0.5267379710009727,1,astro5,cxta
0.5380142221770807,1,astro5,cxta
0.5626445186168948,1,astro5,cxta
0.5345651332262299,1,astro5,cxta
0.5513894060181458,1,astro5,cxta
0.576051041773878,1,astro5,cxta
0.5292924233373505,1,astro5,cxta
0.5320495358039612,1,astro5,cxta
0.5740287366083517,1,astro5,cxta
0.5686348596825479,1,astro5,cxta
0.55849323326089,1,astro5,cxta
0.5334938818970079,1,astro5,cxta
0.5311496290814054,1,astro5,cxta
0.5026785762504757,1,astro5,cxta
0.50890302274799,1,astro5,cxta
0.5310877483343097,1,astro5,cxta
0.5036338706972187,1,astro5,cxta
0.5262365789853289,1,astro5,cxta
0.5208940925845396,1,astro5,cxta
0.5087815375669956,1,astro5,cxta
0.5056879891233778,1,astro5,cxta
0.5042152924490304,1,astro5,cxta
0.4900975598790502,1,astro5,cxta
0.5333450479672894,1,astro5,cxta
0.542845421327437,1,astro5,cxta
0.5319881098660703,1,astro5,cxta
0.5160131353247612,1,astro5,cxta
0.5263833368666384,1,astro5,cxta
0.5323317174793973,1,astro5,cxta
0.5072119790119004,1,astro5,cxta
0.516976457894412,1,astro5,cxta
0.5514320242746387,1,astro5,cxta
0.5167895165370577,1,astro5,cxta
0.5279411156964299,1,astro5,cxta
0.5518136420538055,1,astro5,cxta
0.547826407052195,1,astro5,cxta
0.5215990928132829,1,astro5,cxta
0.5378383076643602,1,astro5,cxta
0.5010205508009304,1,astro5,cxta
0.4860386985427268,1,astro5,cxta
0.5247463355643325,1,astro5,cxta
0.5377645936461604,1,astro5,cxta
0.5688727397020364,1,astro5,cxta
0.5605581537177496,1,astro5,cxta
0.5436029296717768,1,astro5,cxta
0.5361313370815725,1,astro5,cxta
0.5782016078664667,1,astro5,cxta
0.5845408521612185,1,astro5,cxta
0.5565410749700515,1,astro5,cxta
0.5784864582100495,1,astro5,cxta
0.5753704456162002,1,astro5,cxta
0.5936276119609437,1,astro5,cxta
0.5821215139741633,0,astro5,cxta
0.5435913032522066,0,astro5,cxta
0.6176326914389759,0,astro5,cxta
0.5455001674098934,0,astro5,cxta
0.5552414759663842,0,astro5,cxta
0.5591355401377631,0,astro5,cxta
0.5702405326409214,0,astro5,cxta
0.5661251686351896,0,astro5,cxta
0.5469727932391244,0,astro5,cxta
0.5279173647664397,0,astro5,cxta
0.5479491946662073,0,astro5,cxta
0.5546209835421407,0,astro5,cxta
0.5242583601777712,0,astro5,cxta
0.5528287102854955,0,astro5,cxta
0.5398824864022146,0,astro5,cxta
0.5164027291369476,0,astro5,cxta
0.5566875109560836,0,astro5,cxta
0.5272666499560293,0,astro5,cxta
0.5319034488878496,0,astro5,cxta
0.5585946321730698,0,astro5,cxta
0.566667053512059,0,astro5,cxta
0.5094345667113219,0,astro5,cxta
0.5473689567422648,0,astro5,cxta
0.5354509831744728,0,astro5,cxta
0.536643923606935,0,astro5,cxta
0.5287280763922292,0,astro5,cxta
0.566867928592545,0,astro5,cxta
0.5573597730037173,0,astro5,cxta
0.5456511981519744,0,astro5,cxta
0.5635034331800832,0,astro5,cxta
0.5157102717961949,0,astro5,cxta
0.5271049220877191,0,astro5,cxta
0.5553474524506369,0,astro5,cxta
0.5606966076143404,0,astro5,cxta
0.5337882389272391,0,astro5,cxta
0.533220313207877,0,astro5,cxta
0.5645698325334076,0,astro5,cxta
0.5678036683638813,0,astro5,cxta
0.5541314057924254,0,astro5,cxta
0.5547008270040524,0,astro5,cxta
0.5378618664701125,0,astro5,cxta
0.5351221154093352,0,astro5,cxta
0.5370592533642926,0,astro5,cxta
0.5424504274075664,0,astro5,cxta
0.538906916750226,0,astro5,cxta
0.5220446733307119,0,astro5,cxta
0.5173025859358996,0,astro5,cxta
0.5336745091990296,0,astro5,cxta
0.5379270982996743,0,astro5,cxta
0.5683210061916446,0,astro5,cxta
0.5490418416150821,0,astro5,cxta
0.5300765494542622,0,astro5,cxta
0.5408689815903781,0,astro5,cxta
0.5285793880014911,0,astro5,cxta
1.50212659474963,0,astro6,cxtb
0.9519704289639445,0,astro6,cxtb
0.8846915900097517,0,astro6,cxtb
0.85777606284542,0,astro6,cxtb
0.8569992532830797,0,astro6,cxtb
0.8213090733590745,0,astro6,cxtb
0.8276365422796427,0,astro6,cxtb
0.8345829858729448,0,astro6,cxtb
0.8367401027906842,0,astro6,cxtb
0.8173374905445792,0,astro6,cxtb
0.8238925235643921,0,astro6,cxtb
0.831198917532188,0,astro6,cxtb
0.8331233514877598,0,astro6,cxtb
0.8425452449968338,0,astro6,cxtb
0.8027556000548083,0,astro6,cxtb
0.8385151767127738,0,astro6,cxtb
0.8218314485607264,0,astro6,cxtb
0.8333562967098599,0,astro6,cxtb
0.8198196733478275,0,astro6,cxtb
0.7739141046032808,0,astro6,cxtb
0.7945221331933392,0,astro6,cxtb
0.76725283664266,0,astro6,cxtb
0.7396231348696052,0,astro6,cxtb
0.7319256102851939,0,astro6,cxtb
0.7234964740831176,0,astro6,cxtb
0.7377320245635969,0,astro6,cxtb
0.702927516237611,0,astro6,cxtb
0.6795503693478367,0,astro6,cxtb
0.6843379872205338,0,astro6,cxtb
0.6721945252997142,0,astro6,cxtb
0.6693233929754153,0,astro6,cxtb
0.6583850517336343,0,astro6,cxtb
0.655612555441712,0,astro6,cxtb
0.6490896990678365,0,astro6,cxtb
0.6315061077004646,0,astro6,cxtb
0.6125311605065502,0,astro6,cxtb
0.6066960848568871,0,astro6,cxtb
0.5840731025628353,0,astro6,cxtb
0.5764178246181674,0,astro6,cxtb
0.5460418621334446,0,astro6,cxtb
0.551664473023583,0,astro6,cxtb
0.5363918403787462,0,astro6,cxtb
0.5358099572556141,0,astro6,cxtb
0.5280906649295027,0,astro6,cxtb
0.5400423057384364,0,astro6,cxtb
0.5195492704457424,0,astro6,cxtb
0.5172008118662299,0,astro6,cxtb
0.5031929769417804,0,astro6,cxtb
0.46886843819775437,0,astro6,cxtb
0.4964068305684622,0,astro6,cxtb
0.5256096439991906,0,astro6,cxtb
0.5168274313599075,0,astro6,cxtb
0.5011593766275932,0,astro6,cxtb
0.49480582760131564,0,astro6,cxtb
0.4758867786115464,0,astro6,cxtb
0.4666702787145938,0,astro6,cxtb
0.46058752672513503,0,astro6,cxtb
0.4567509447450921,0,astro6,cxtb
0.46801522051477595,0,astro6,cxtb
0.4675712164361519,0,astro6,cxtb
0.4846381112594043,0,astro6,cxtb
0.45181961282367966,0,astro6,cxtb
0.44211929126223415,0,astro6,cxtb
0.4708461665098185,0,astro6,cxtb
0.49181135188011305,0,astro6,cxtb
0.47380788515954597,0,astro6,cxtb
0.49388780551069067,0,astro6,cxtb
0.4646754559973726,0,astro6,cxtb
0.43520446736265433,0,astro6,cxtb
0.43317611613364365,0,astro6,cxtb
0.46493036753810113,0,astro6,cxtb
0.4620725229027678,0,astro6,cxtb
0.4858416997191901,0,astro6,cxtb
0.479868039311381,0,astro6,cxtb
0.46436037807869196,0,astro6,cxtb
0.46761600484472604,0,astro6,cxtb
0.4589114594771242,0,astro6,cxtb
0.463916337657198,0,astro6,cxtb
0.46027283372275,0,astro6,cxtb
0.4366229448553256,0,astro6,cxtb
0.41524420589543587,0,astro6,cxtb
0.44158502852919596,0,astro6,cxtb
0.42591059304556755,0,astro6,cxtb
0.41391416201730424,0,astro6,cxtb
0.42437745575224045,0,astro6,cxtb
0.42712450345269837,0,astro6,cxtb
0.4182587752783121,0,astro6,cxtb
0.4183257836385979,0,astro6,cxtb
0.39619259703477233,0,astro6,cxtb
0.4201421393675063,0,astro6,cxtb
0.40094588026658673,0,astro6,cxtb
0.38677625586895253,0,astro6,cxtb
0.4048500074247789,0,astro6,cxtb
0.3948908496150686,0,astro6,cxtb
0.38349929872920774,0,astro6,cxtb
0.38883812644655397,0,astro6,cxtb
0.38532406142849923,0,astro6,cxtb
0.3760415888938913,0,astro6,cxtb
0.37969214169161264,0,astro6,cxtb
0.37761319166957713,0,astro6,cxtb
0.37380191259392026,0,astro6,cxtb
0.37988884499025316,0,astro6,cxtb
0.389520369165833,0,astro6,cxtb
0.37346769373964495,0,astro6,cxtb
0.34881365594575,0,astro6,cxtb
0.3639259374676548,0,astro6,cxtb
0.38247950809705905,0,astro6,cxtb
0.34927589907419926,0,astro6,cxtb
0.33211789920927165,0,astro6,cxtb
0.3114281512708024,0,astro6,cxtb
0.30788872728364547,0,astro6,cxtb
0.32410151258741815,0,astro6,cxtb
0.31446138047365246,0,astro6,cxtb
0.31691484349303994,0,astro6,cxtb
0.3163586962217655,0,astro6,cxtb
0.3065018783357127,0,astro6,cxtb
0.30021822174510754,0,astro6,cxtb
0.2885861074262053,0,astro6,cxtb
0.2998349482341471,0,astro6,cxtb
0.2940124368447632,0,astro6,cxtb
0.2811448278301739,0,astro6,cxtb
0.28605085648579504,0,astro6,cxtb
0.28571748449321205,0,astro6,cxtb
0.29294753868721585,0,astro6,cxtb
0.3228714761031663,0,astro6,cxtb
0.2977004081779073,0,astro6,cxtb
0.3115327986560961,0,astro6,cxtb
0.31788915892311415,0,astro6,cxtb
0.31313720344388185,0,astro6,cxtb
0.3154864262823849,0,astro6,cxtb
0.33939132637507413,0,astro6,cxtb
0.3280926718140121,0,astro6,cxtb
0.32736622817190814,0,astro6,cxtb
0.3197199566470373,0,astro6,cxtb
0.31220689723099865,0,astro6,cxtb
0.32910545715353284,0,astro6,cxtb
0.30975778618549016,0,astro6,cxtb
0.3212377825605264,0,astro6,cxtb
0.33225345763837527,0,astro6,cxtb
0.3434896986993435,0,astro6,cxtb
0.3266531846855642,0,astro6,cxtb
0.3371361433979699,0,astro6,cxtb
0.3267467503537039,0,astro6,cxtb
0.341495232952806,0,astro6,cxtb
0.35653258141657324,0,astro6,cxtb
0.3397563947894119,0,astro6,cxtb
0.3584299808377454,0,astro6,cxtb
0.32517273336980596,0,astro6,cxtb
0.3221180067059739,0,astro6,cxtb
0.3187386171036316,0,astro6,cxtb
0.34979492211212576,0,astro6,cxtb
0.31991108480841096,0,astro6,cxtb
0.3388954921856865,0,astro6,cxtb
0.32118143191797044,0,astro6,cxtb
0.348369829799323,0,astro6,cxtb
0.3533539654041407,0,astro6,cxtb
0.3415813830597454,0,astro6,cxtb
0.33717780292621974,0,astro6,cxtb
0.343578841620988,0,astro6,cxtb
0.3202664852567326,0,astro6,cxtb
0.30239782912944846,0,astro6,cxtb
0.319421808562319,0,astro6,cxtb
0.32888471458304264,0,astro6,cxtb
0.32019952603272955,0,astro6,cxtb
0.3248195685088175,0,astro6,cxtb
0.3370200225710257,0,astro6,cxtb
0.32618582210478037,0,astro6,cxtb
0.33047255319213337,0,astro6,cxtb
0.3271633963050642,0,astro6,cxtb
0.3081553493307295,0,astro6,cxtb
0.3102451463230408,0,astro6,cxtb
0.3388624195653038,0,astro6,cxtb
0.31875327599858205,0,astro6,cxtb
0.3321950295455586,0,astro6,cxtb
0.31750220540817986,0,astro6,cxtb
0.2948818610802642,0,astro6,cxtb
0.3104821349016134,0,astro6,cxtb
0.3206571602208985,0,astro6,cxtb
0.3202003521118297,0,astro6,cxtb
0.3111487368965182,0,astro6,cxtb
0.330748328274068,0,astro6,cxtb
0.33440967960128815,0,astro6,cxtb
0.3302967993421869,0,astro6,cxtb
0.3270859217431707,0,astro6,cxtb
0.3424384853615748,0,astro6,cxtb
0.31781054328739455,0,astro6,cxtb
0.29129340405061444,0,astro6,cxtb
0.2996893577999284,0,astro6,cxtb
0.32075054384982693,0,astro6,cxtb
0.3089641884191697,0,astro6,cxtb
0.31461265334250604,0,astro6,cxtb
0.3248295278881879,0,astro6,cxtb
0.3195057281833167,0,astro6,cxtb
0.31287816338964836,0,astro6,cxtb
0.3270245107845838,0,astro6,cxtb
0.31578395661706016,0,astro6,cxtb
0.3082222009337247,0,astro6,cxtb
0.31798747893962376,0,astro6,cxtb
0.30305280134421997,0,astro6,cxtb
0.3148806244662084,0,astro6,cxtb
0.3275380604017426,0,astro6,cxtb
0.3193652383191393,0,astro6,cxtb
0.3181773584177441,0,astro6,cxtb
0.3366183749618354,0,astro6,cxtb
0.3248576185982277,0,astro6,cxtb
0.3068514684478832,0,astro6,cxtb
0.3022783794003613,0,astro6,cxtb
0.3358921199916649,0,astro6,cxtb
0.32019991138628234,0,astro6,cxtb
0.3200195476178499,0,astro6,cxtb
0.31945529466557937,0,astro6,cxtb
0.3220025071817253,0,astro6,cxtb
0.30799709845013273,0,astro6,cxtb
0.3193405005946052,0,astro6,cxtb
0.3149449274039798,0,astro6,cxtb
0.30250459698562104,0,astro6,cxtb
0.32845865415379016,0,astro6,cxtb
0.33854811526877315,0,astro6,cxtb
0.33365890371305384,0,astro6,cxtb
0.34656547215263084,0,astro6,cxtb
0.34213402315401287,0,astro6,cxtb
0.34686204116435637,0,astro6,cxtb
0.3448096372038764,0,astro6,cxtb
0.3268008850695205,0,astro6,cxtb
0.31848530803873015,0,astro6,cxtb
0.3370840231965897,0,astro6,cxtb
0.35901289217257343,0,astro6,cxtb
0.34584851086490453,0,astro6,cxtb
0.33969734274897034,0,astro6,cxtb
0.34285612226419976,0,astro6,cxtb
0.34579407760547864,0,astro6,cxtb
0.3428375933883329,0,astro6,cxtb
0.3331758690368777,0,astro6,cxtb
0.3340752931041624,0,astro6,cxtb
0.3360651995614857,0,astro6,cxtb
0.3393977098201502,0,astro6,cxtb
0.366652874945942,0,astro6,cxtb
0.3626863816414679,0,astro6,cxtb
0.35702900621496814,0,astro6,cxtb
0.34687033151762436,0,astro6,cxtb
0.3340827627309254,0,astro6,cxtb
0.3205982035088233,0,astro6,cxtb
0.3264376272975607,0,astro6,cxtb
0.31609291872884127,0,astro6,cxtb
0.30975804901957815,0,astro6,cxtb
0.29353910910827974,0,astro6,cxtb
0.3024058229242512,0,astro6,cxtb
0.3064705197078691,0,astro6,cxtb
0.303762298697834,0,astro6,cxtb
0.3066460186415865,0,astro6,cxtb
0.31830146828863215,0,astro6,cxtb
0.3442076010711087,0,astro6,cxtb
0.3184801130146384,0,astro6,cxtb
0.30157021135798245,0,astro6,cxtb
0.3056325348785357,0,astro6,cxtb
0.318920571107749,0,astro6,cxtb
0.30023245254584763,0,astro6,cxtb
0.30991737888857274,0,astro6,cxtb
0.31168838180633424,0,astro6,cxtb
0.2914074845575349,0,astro6,cxtb
0.29055128018684706,0,astro6,cxtb
0.3008460844596617,0,astro6,cxtb
0.2935426509195084,0,astro6,cxtb
0.2871294292937327,0,astro6,cxtb
0.31620682262935973,0,astro6,cxtb
0.2982644347149981,0,astro6,cxtb
0.30466603252595614,0,astro6,cxtb
0.3054190625412451,0,astro6,cxtb
0.30418956399854236,0,astro6,cxtb
0.3000710085790253,0,astro6,cxtb
0.2891407838555258,0,astro6,cxtb
0.2963399360377829,0,astro6,cxtb
0.3170705957811782,0,astro6,cxtb
0.31714411254929076,0,astro6,cxtb
0.2967859560415921,0,astro6,cxtb
0.29445484250269316,0,astro6,cxtb
0.29056920945075343,0,astro6,cxtb
0.29749065792890633,0,astro6,cxtb
0.3106441354171543,0,astro6,cxtb
0.30650039556021696,0,astro6,cxtb
0.2955997877907026,0,astro6,cxtb
0.2989725622797444,0,astro6,cxtb
0.29646111498536637,0,astro6,cxtb
0.2834202777855181,0,astro6,cxtb
0.26955693322857194,0,astro6,cxtb
0.29301242332251365,0,astro6,cxtb
0.2783678336722932,0,astro6,cxtb
0.2808432031054365,0,astro6,cxtb
0.28204193007443124,0,astro6,cxtb
0.27913516588604775,0,astro6,cxtb
0.2889409362216482,0,astro6,cxtb
0.28334386193822336,0,astro6,cxtb
0.25112202243943305,0,astro6,cxtb
0.2833432436331273,0,astro6,cxtb
0.28467403753449794,0,astro6,cxtb
0.30729311682486443,0,astro6,cxtb
0.2965463366646331,0,astro6,cxtb
0.28214084279317403,0,astro6,cxtb
0.2881941880006553,0,astro6,cxtb
0.28804495245195244,0,astro6,cxtb
0.29385338989958104,0,astro6,cxtb
0.28132997941820553,0,astro6,cxtb
0.2865898114977083,0,astro6,cxtb
0.292011631883685,0,astro6,cxtb
0.28509718368632797,0,astro6,cxtb
0.2736882463174826,0,astro6,cxtb
0.27758293036702814,0,astro6,cxtb
0.26853709178524965,0,astro6,cxtb
0.28602920914645913,0,astro6,cxtb
0.28557044022524497,0,astro6,cxtb
0.30768417628531824,0,astro6,cxtb
0.30111699564718525,0,astro6,cxtb
0.29272002587085083,0,astro6,cxtb
0.30590237385612573,0,astro6,cxtb
0.29294447537435137,0,astro6,cxtb
0.2859588833269343,0,astro6,cxtb
0.3001082784045941,0,astro6,cxtb
0.2980479708248845,0,astro6,cxtb
0.3090744044100834,0,astro6,cxtb
0.3105060114596119,0,astro6,cxtb
0.2918327525363557,0,astro6,cxtb
0.30515299035317817,0,astro6,cxtb
0.3167499713790678,0,astro6,cxtb
0.32392970792881093,0,astro6,cxtb
0.30355774828325827,0,astro6,cxtb
0.2933176953455457,0,astro6,cxtb
0.3065122693113396,0,astro6,cxtb
0.32615239113259303,0,astro6,cxtb
0.3163148677483834,0,astro6,cxtb
0.29704691728286325,0,astro6,cxtb
0.2789089912116608,0,astro6,cxtb
0.28364887616650114,0,astro6,cxtb
0.2959155551888583,0,astro6,cxtb
0.3198422489254965,0,astro6,cxtb
0.30462662166327537,0,astro6,cxtb
0.3047178467140379,0,astro6,cxtb
0.2907520796248371,0,astro6,cxtb
0.287251022320101,0,astro6,cxtb
0.28918985591775054,0,astro6,cxtb
0.3120371563848455,0,astro6,cxtb
0.332039131012349,0,astro6,cxtb
0.30721863857611176,0,astro6,cxtb
0.29537413719172695,0,astro6,cxtb
0.29341407922076024,0,astro6,cxtb
0.2705178231793746,0,astro6,cxtb
0.26587715227584297,0,astro6,cxtb
0.2932790030403093,0,astro6,cxtb
0.2684512428849359,0,astro6,cxtb
0.26887925445817773,0,astro6,cxtb
0.26492540192757236,0,astro6,cxtb
0.2607979441838034,0,astro6,cxtb
0.2685442307633553,0,astro6,cxtb
0.2632459665314926,0,astro6,cxtb
0.282289073649028,0,astro6,cxtb
0.24346121353192665,0,astro6,cxtb
0.2627083688598909,0,astro6,cxtb
0.26749085981101084,0,astro6,cxtb
0.28741884273058693,0,astro6,cxtb
0.27413799105408254,0,astro6,cxtb
0.2965502925884385,0,astro6,cxtb
0.2699691346859192,0,astro6,cxtb
0.27812364055107364,0,astro6,cxtb
0.26073409756158816,0,astro6,cxtb
0.2922808242904662,0,astro6,cxtb
0.2667159653919604,0,astro6,cxtb
0.2806883828450575,0,astro6,cxtb
0.28573160878873133,0,astro6,cxtb
0.2882389581564132,0,astro6,cxtb
0.2967466631661359,0,astro6,cxtb
0.2654504815800974,0,astro6,cxtb
0.2861444689107734,0,astro6,cxtb
0.2745134275912475,0,astro6,cxtb
0.2865710845423128,0,astro6,cxtb
0.3095254049379749,0,astro6,cxtb
0.29291565505577943,0,astro6,cxtb
0.29835400030638354,0,astro6,cxtb
0.29990974672386295,0,astro6,cxtb
0.29468378758802993,0,astro6,cxtb
0.29452027598764874,0,astro6,cxtb
0.27378668176848897,0,astro6,cxtb
0.28614628000641207,0,astro6,cxtb
0.28059551212057887,0,astro6,cxtb
0.26203035403843566,0,astro6,cxtb
0.28859976388000347,0,astro6,cxtb
0.29590285705454367,0,astro6,cxtb
0.2826017336431347,0,astro6,cxtb
0.2832085266180273,0,astro6,cxtb
0.2815302857586021,0,astro6,cxtb
0.2658839048261721,0,astro6,cxtb
0.2806649943524458,0,astro6,cxtb
0.2911363533350136,0,astro6,cxtb
0.3043132373283773,0,astro6,cxtb
0.2879608038884946,0,astro6,cxtb
0.30015919288873666,0,astro6,cxtb
0.29811038476799956,0,astro6,cxtb
0.3076397977664523,0,astro6,cxtb
0.2786452059247453,0,astro6,cxtb
0.31659848188095274,0,astro6,cxtb
0.29236191886895196,0,astro6,cxtb
0.27143113176717065,0,astro6,cxtb
0.2960196307285521,0,astro6,cxtb
0.29488846859224616,0,astro6,cxtb
0.29620742360205243,0,astro6,cxtb
0.2841783601652852,0,astro6,cxtb
0.26737759825038676,0,astro6,cxtb
0.31021616429104704,0,astro6,cxtb
0.3167453402665767,0,astro6,cxtb
0.3097953833043108,0,astro6,cxtb
0.3034673773125882,0,astro6,cxtb
0.277017959113189,0,astro6,cxtb
0.311812378682906,0,astro6,cxtb
0.3362777248406692,0,astro6,cxtb
0.3202278515312552,0,astro6,cxtb
0.3292144903219368,0,astro6,cxtb
0.3217573831741435,0,astro6,cxtb
0.3441211112056251,0,astro6,cxtb
0.32532749363068303,0,astro6,cxtb
0.33889110727308136,0,astro6,cxtb
0.33870028721113116,0,astro6,cxtb
0.33152550768744526,0,astro6,cxtb
0.3517977365005401,0,astro6,cxtb
0.361106313988936,0,astro6,cxtb
0.3517593262587536,0,astro6,cxtb
0.33407001961158594,0,astro6,cxtb
0.33076129036756213,0,astro6,cxtb
0.33821955526361497,0,astro6,cxtb
0.34191874731296085,0,astro6,cxtb
0.33613250795385236,0,astro6,cxtb
0.32212594190726646,0,astro6,cxtb
0.32252292265446425,0,astro6,cxtb
0.3680133985940079,0,astro6,cxtb
0.3526012681710063,0,astro6,cxtb
0.3288934668366326,0,astro6,cxtb
0.3262928209773248,0,astro6,cxtb
0.327618300735685,0,astro6,cxtb
0.3166530385174094,0,astro6,cxtb
0.31820118108705353,0,astro6,cxtb
0.32971081047382034,0,astro6,cxtb
0.34622529777475214,0,astro6,cxtb
0.34837268651567715,0,astro6,cxtb
0.32111075970929265,0,astro6,cxtb
0.3211413894626473,0,astro6,cxtb
0.33568770001668674,0,astro6,cxtb
0.3423078470016752,0,astro6,cxtb
0.35230350058785237,0,astro6,cxtb
0.3522307906243617,0,astro6,cxtb
0.3652666384120173,0,astro6,cxtb
0.35008403027467044,0,astro6,cxtb
0.3552108383926084,0,astro6,cxtb
0.35163974829863504,0,astro6,cxtb
0.3540994295853684,0,astro6,cxtb
0.35017150650375795,0,astro6,cxtb
0.3296794867922495,0,astro6,cxtb
0.3245175474087901,0,astro6,cxtb
0.3240693335087615,0,astro6,cxtb
0.33871075436866116,0,astro6,cxtb
0.33206839177653663,0,astro6,cxtb
0.32690322429838076,0,astro6,cxtb
0.33273779527476344,0,astro6,cxtb
0.31811254214724255,0,astro6,cxtb
0.3310164509329543,0,astro6,cxtb
0.3125664832965931,0,astro6,cxtb
0.32181875383407,0,astro6,cxtb
0.3139946525254498,0,astro6,cxtb
0.30801877533232674,0,astro6,cxtb
0.34435799856074223,0,astro6,cxtb
0.3164033958857658,0,astro6,cxtb
0.33664736522000155,0,astro6,cxtb
0.3207768482607733,0,astro6,cxtb
0.34092146716530614,0,astro6,cxtb
0.3158051160134361,0,astro6,cxtb
0.3417056721357647,0,astro6,cxtb
0.32853930670156134,0,astro6,cxtb
0.32900443570512766,0,astro6,cxtb
0.33489624525427725,0,astro6,cxtb
0.33771030209075403,0,astro6,cxtb
0.3475778456818349,0,astro6,cxtb
0.3380090766895583,0,astro6,cxtb
0.3556840740322385,0,astro6,cxtb
0.35355949149119825,0,astro6,cxtb
0.3388219810446617,0,astro6,cxtb
0.3135237109767837,0,astro6,cxtb
0.337525135806203,0,astro6,cxtb
0.3397521132360754,0,astro6,cxtb
0.35682275712900413,0,astro6,cxtb
0.35157646247854796,0,astro6,cxtb
0.36184692889418413,0,astro6,cxtb
0.37503526917849894,0,astro6,cxtb
0.36727383056333757,0,astro6,cxtb
0.36421150376901174,0,astro6,cxtb
0.36092724171259283,0,astro6,cxtb
0.3755432242266228,0,astro6,cxtb
0.37046715538708275,0,astro6,cxtb
0.3528583130684279,0,astro6,cxtb
0.3547725972651788,0,astro6,cxtb
0.33662955226312286,0,astro6,cxtb
0.3767261861485148,0,astro6,cxtb
0.3829301360463445,0,astro6,cxtb
0.3928804590975352,0,astro6,cxtb
0.37050078084644067,0,astro6,cxtb
0.37496545304717155,0,astro6,cxtb
0.38955227337349463,0,astro6,cxtb
0.3914624123753376,0,astro6,cxtb
0.40823463620724615,0,astro6,cxtb
0.4100896234837688,0,astro6,cxtb
0.39801595425275127,0,astro6,cxtb
0.3961679254310429,0,astro6,cxtb
0.38388049210675756,0,astro6,cxtb
0.40001480367187653,0,astro6,cxtb
0.4108802407107383,0,astro6,cxtb
0.38160745569264504,0,astro6,cxtb
0.38935431967594614,0,astro6,cxtb
0.3843430790772576,0,astro6,cxtb
0.3769531366709157,0,astro6,cxtb
0.38803637093119375,0,astro6,cxtb
0.38299670526188184,0,astro6,cxtb
0.3770601038965357,0,astro6,cxtb
0.37820462633437824,0,astro6,cxtb
0.36382493957526957,0,astro6,cxtb
0.3554532083805495,0,astro6,cxtb
0.3701834075934135,0,astro6,cxtb
0.3720587115199776,0,astro6,cxtb
0.35246445773815027,0,astro6,cxtb
0.3678012699683007,0,astro6,cxtb
0.37610750144042177,0,astro6,cxtb
0.37821186842141574,0,astro6,cxtb
0.3724471587416244,0,astro6,cxtb
0.3543345583216456,0,astro6,cxtb
0.3491911158966292,0,astro6,cxtb
0.3332060762764182,0,astro6,cxtb
0.3296103874980709,0,astro6,cxtb
0.3257844490323888,0,astro6,cxtb
0.3225963860657481,0,astro6,cxtb
0.3134694294064978,0,astro6,cxtb
0.333443800292242,0,astro6,cxtb
0.3271424127202213,0,astro6,cxtb
0.3491848694748221,0,astro6,cxtb
0.32391357673239574,0,astro6,cxtb
0.32607946046078884,0,astro6,cxtb
0.3428072391372376,0,astro6,cxtb
0.3326747329654479,0,astro6,cxtb
0.3154587253500933,0,astro6,cxtb
0.2960978948145744,0,astro6,cxtb
0.2847006372388641,0,astro6,cxtb
0.33500188480069526,0,astro6,cxtb
0.3114792487151055,0,astro6,cxtb
0.31020886545180126,0,astro6,cxtb
0.3134040886012657,0,astro6,cxtb
0.3026463247501169,0,astro6,cxtb
0.31213665078278513,0,astro6,cxtb
0.2876107371507129,0,astro6,cxtb
0.31234974795338943,0,astro6,cxtb
0.31897137307520285,0,astro6,cxtb
0.29025487031973296,0,astro6,cxtb
0.3148010992139169,0,astro6,cxtb
0.31247234494445997,0,astro6,cxtb
0.30315203608410585,0,astro6,cxtb
0.2954902840622075,0,astro6,cxtb
0.3015752488607,0,astro6,cxtb
0.327869826094622,0,astro6,cxtb
0.34121372759807406,0,astro6,cxtb
0.3324874145252743,0,astro6,cxtb
0.3458632982999791,0,astro6,cxtb
0.32543622987048065,0,astro6,cxtb
0.32951683718536195,0,astro6,cxtb
0.33250315884769305,0,astro6,cxtb
0.3212806916847939,0,astro6,cxtb
0.3423477998626066,0,astro6,cxtb
0.312966825073952,0,astro6,cxtb
0.3309837662794998,0,astro6,cxtb
0.32722319575989184,0,astro6,cxtb
0.32810936863542955,0,astro6,cxtb
0.320360878517491,0,astro6,cxtb
0.3090709254147507,0,astro6,cxtb
0.30227882194714945,0,astro6,cxtb
0.3187965098280527,0,astro6,cxtb
0.3319025067075872,0,astro6,cxtb
0.3401134789062133,0,astro6,cxtb
0.3344130193428371,0,astro6,cxtb
0.34042250685824127,0,astro6,cxtb
0.35841813913613707,0,astro6,cxtb
0.353020659958898,0,astro6,cxtb
0.3699995970084902,0,astro6,cxtb
0.3692798579039007,0,astro6,cxtb
0.3498830198206477,0,astro6,cxtb
0.3348936361704779,0,astro6,cxtb
0.35984585533067504,0,astro6,cxtb
0.3405143893332002,0,astro6,cxtb
0.3394159986296943,0,astro6,cxtb
0.3702433585603552,0,astro6,cxtb
0.33960661675869663,0,astro6,cxtb
0.3168904236421984,0,astro6,cxtb
0.33681174164896266,0,astro6,cxtb
0.3345761015758729,0,astro6,cxtb
0.32553797927422795,0,astro6,cxtb
0.3289468532187394,0,astro6,cxtb
0.3286485376849468,0,astro6,cxtb
0.3517040107854957,0,astro6,cxtb
0.3212081325388169,0,astro6,cxtb
0.36805969157204527,0,astro6,cxtb
0.35364479043575614,0,astro6,cxtb
0.3352542799045863,0,astro6,cxtb
0.3482706696205442,0,astro6,cxtb
0.3424809670940058,0,astro6,cxtb
0.351768928748227,0,astro6,cxtb
0.34004792126173705,0,astro6,cxtb
0.361183269606296,0,astro6,cxtb
0.3415105584557315,0,astro6,cxtb
0.33355023339201306,0,astro6,cxtb
0.34924065313065766,0,astro6,cxtb
0.35275048546110793,0,astro6,cxtb
0.3776731901415578,0,astro6,cxtb
0.34719721956351146,0,astro6,cxtb
0.3275238827056775,0,astro6,cxtb
0.36041099882881067,0,astro6,cxtb
0.34353401664882793,0,astro6,cxtb
0.338331671900196,0,astro6,cxtb
0.34895346510172676,0,astro6,cxtb
0.34606685496151707,0,astro6,cxtb
0.36581615356536434,0,astro6,cxtb
0.36580113483484583,0,astro6,cxtb
0.3474155160251923,0,astro6,cxtb
0.33100298925844385,0,astro6,cxtb
0.33706345053412196,0,astro6,cxtb
0.34703392676855355,0,astro6,cxtb
0.3292166445453405,0,astro6,cxtb
0.3277368358291906,0,astro6,cxtb
0.35539050934059785,0,astro6,cxtb
0.34281145111712813,0,astro6,cxtb
0.324273333151955,0,astro6,cxtb
0.3275590355847523,0,astro6,cxtb
0.3580831285593456,0,astro6,cxtb
0.341216364936329,0,astro6,cxtb
0.3210957592660697,0,astro6,cxtb
0.3447609758557757,0,astro6,cxtb
0.3711857550331725,0,astro6,cxtb
0.3470100752626741,0,astro6,cxtb
0.32605329196657984,0,astro6,cxtb
0.3621001612055367,0,astro6,cxtb
0.3600826423160908,0,astro6,cxtb
0.3392790150134003,0,astro6,cxtb
0.3323922648232968,0,astro6,cxtb
0.3283471654989496,0,astro6,cxtb
0.3303512577170167,0,astro6,cxtb
0.3540656143833332,0,astro6,cxtb
0.3376532718331902,0,astro6,cxtb
0.3423177112118105,0,astro6,cxtb
0.32498029555476055,0,astro6,cxtb
0.32079594983451415,0,astro6,cxtb
0.33494039693797145,0,astro6,cxtb
0.32505547830096976,0,astro6,cxtb
0.3403188437165583,0,astro6,cxtb
0.3260806860824766,0,astro6,cxtb
0.3273885848647075,0,astro6,cxtb
0.34457909600841485,0,astro6,cxtb
0.31095305754122476,0,astro6,cxtb
0.2941622031073777,0,astro6,cxtb
0.31665841236928594,0,astro6,cxtb
0.31166791498562674,0,astro6,cxtb
0.31478229012232056,0,astro6,cxtb
0.30403735302537516,0,astro6,cxtb
0.2949075300613761,0,astro6,cxtb
0.2864555489750423,0,astro6,cxtb
0.2872998317553009,0,astro6,cxtb
0.30453507756791914,0,astro6,cxtb
0.28295043429929667,0,astro6,cxtb
0.2893297665803328,0,astro6,cxtb
0.3099593686221059,0,astro6,cxtb
0.2953278281122568,0,astro6,cxtb
0.3054679154386935,0,astro6,cxtb
0.29993982169863725,0,astro6,cxtb
0.29759880399084765,0,astro6,cxtb
0.31205758063654143,0,astro6,cxtb
0.31926273622543017,0,astro6,cxtb
0.28952789265903245,0,astro6,cxtb
0.27864466602818583,0,astro6,cxtb
0.2784505484996335,0,astro6,cxtb
0.28575430207722463,0,astro6,cxtb
0.28981786439872537,0,astro6,cxtb
0.2827353966552093,0,astro6,cxtb
0.30377942733130125,0,astro6,cxtb
0.318711025452028,0,astro6,cxtb
0.3175217854474118,0,astro6,cxtb
0.3185165382502151,0,astro6,cxtb
0.32697181539890063,0,astro6,cxtb
0.2977836860339587,0,astro6,cxtb
0.2743548820175402,0,astro6,cxtb
0.2680150092858182,0,astro6,cxtb
0.2990622590601348,0,astro6,cxtb
0.3159214219124388,0,astro6,cxtb
0.3133318471448176,0,astro6,cxtb
0.30479263373421056,0,astro6,cxtb
0.3181664739770966,0,astro6,cxtb
0.29913262232487237,0,astro6,cxtb
0.30667085841603337,0,astro6,cxtb
0.2858179729924867,0,astro6,cxtb
0.2987527796008897,0,astro6,cxtb
0.2968481502682403,0,astro6,cxtb
0.292578482425894,0,astro6,cxtb
0.285578492441247,0,astro6,cxtb
0.3078862962828569,0,astro6,cxtb
0.30911768077350726,0,astro6,cxtb
0.29160296574031824,0,astro6,cxtb
0.30755910317450313,0,astro6,cxtb
0.3083264396492276,0,astro6,cxtb
0.30088532629650566,0,astro6,cxtb
0.30281405431513253,0,astro6,cxtb
0.292545491280271,0,astro6,cxtb
0.2968426379990609,0,astro6,cxtb
0.29367358763190643,0,astro6,cxtb
0.2780237618734764,0,astro6,cxtb
0.2849928549448967,0,astro6,cxtb
0.3205496728480962,0,astro6,cxtb
0.3109660656697281,0,astro6,cxtb
0.31186121703949127,0,astro6,cxtb
0.3092085464749125,0,astro6,cxtb
0.30519703376059776,0,astro6,cxtb
0.3123447880491581,0,astro6,cxtb
0.3127420239060116,0,astro6,cxtb
0.31310524650145344,0,astro6,cxtb
0.3130315335242148,0,astro6,cxtb
0.31690625815794554,0,astro6,cxtb
0.30903710749351704,0,astro6,cxtb
0.3070867036473723,0,astro6,cxtb
0.30567178576767895,0,astro6,cxtb
0.3188935672374825,0,astro6,cxtb
0.3135946921238071,0,astro6,cxtb
0.3330347602466989,0,astro6,cxtb
0.3425294046554885,0,astro6,cxtb
0.35093934937945737,0,astro6,cxtb
0.3344619993786233,0,astro6,cxtb
0.3346494260053006,0,astro6,cxtb
0.3296244554254883,0,astro6,cxtb
0.34441990576192627,0,astro6,cxtb
0.33152951233987654,0,astro6,cxtb
0.32457040721072455,0,astro6,cxtb
0.29586175867732556,0,astro6,cxtb
0.28691697993451504,0,astro6,cxtb
0.3288094190554766,0,astro6,cxtb
0.3035708289289303,0,astro6,cxtb
0.2933713731636408,0,astro6,cxtb
0.28846361401972015,0,astro6,cxtb
0.29204857856377825,0,astro6,cxtb
0.2918839588502078,0,astro6,cxtb
0.29724316284837526,0,astro6,cxtb
0.28500479032359505,0,astro6,cxtb
0.2740562055709892,0,astro6,cxtb
0.2980739895848341,0,astro6,cxtb
0.311114294288509,0,astro6,cxtb
0.2954194016396852,0,astro6,cxtb
0.29366742479777486,0,astro6,cxtb
0.2947190777310828,0,astro6,cxtb
0.29759668562727964,0,astro6,cxtb
0.305485300219354,0,astro6,cxtb
0.302972622060426,0,astro6,cxtb
0.27928332761756997,0,astro6,cxtb
0.2835678720765287,0,astro6,cxtb
0.2708119668425951,0,astro6,cxtb
0.29234211716093245,0,astro6,cxtb
0.30497653401752634,0,astro6,cxtb
0.3046434836249137,0,astro6,cxtb
0.30114053481324016,0,astro6,cxtb
0.3096853527888815,0,astro6,cxtb
0.3092380944305152,0,astro6,cxtb
0.3267770940429157,0,astro6,cxtb
0.2943446231821531,0,astro6,cxtb
0.29089030083727796,0,astro6,cxtb
0.27741784830359384,0,astro6,cxtb
0.3035660130769896,0,astro6,cxtb
0.2844170562290736,0,astro6,cxtb
0.2880259320305262,0,astro6,cxtb
0.30065810766941503,0,astro6,cxtb
0.2809698832781942,0,astro6,cxtb
0.2858904153938841,0,astro6,cxtb
0.2924118131489471,0,astro6,cxtb
0.2857039655560631,0,astro6,cxtb
0.2951389022523402,0,astro6,cxtb
0.29464823285790687,0,astro6,cxtb
0.2819417333550847,0,astro6,cxtb
0.28710311782505893,0,astro6,cxtb
0.2722765127169956,0,astro6,cxtb
0.30473569031577724,0,astro6,cxtb
0.2791549828287864,0,astro6,cxtb
0.2914847055134779,0,astro6,cxtb
0.2569559351520257,0,astro6,cxtb
0.30638145903847946,0,astro6,cxtb
0.3120509996085675,0,astro6,cxtb
0.29794326113283126,0,astro6,cxtb
0.29662755227210574,0,astro6,cxtb
0.3013714969762756,0,astro6,cxtb
0.3287879587603912,0,astro6,cxtb
0.31337380979265866,0,astro6,cxtb
0.31593499082792104,0,astro6,cxtb
0.32622358384237965,0,astro6,cxtb
0.3316694425913321,0,astro6,cxtb
0.3332215744883702,0,astro6,cxtb
0.32774981369558054,0,astro6,cxtb
0.30727392564014766,0,astro6,cxtb
0.32244384913220986,0,astro6,cxtb
0.31272969902463704,0,astro6,cxtb
0.30084075252478715,0,astro6,cxtb
0.32681790144535877,0,astro6,cxtb
0.2950126607647145,0,astro6,cxtb
0.3076978071604537,0,astro6,cxtb
0.3105530373843967,0,astro6,cxtb
0.3376006443247527,0,astro6,cxtb
0.34004630375672,0,astro6,cxtb
0.34664203850619546,0,astro6,cxtb
0.3478184724955439,0,astro6,cxtb
0.33890415483084607,0,astro6,cxtb
0.31197670247785897,0,astro6,cxtb
0.3091228988775053,0,astro6,cxtb
0.2927180332621883,0,astro6,cxtb
0.3162847172600866,0,astro6,cxtb
0.31657797667845283,0,astro6,cxtb
0.3304070713122561,0,astro6,cxtb
0.30993342176968997,0,astro6,cxtb
0.31908045609971897,0,astro6,cxtb
0.321661841816697,0,astro6,cxtb
0.3098016821555103,0,astro6,cxtb
0.32671514498856696,0,astro6,cxtb
0.32779231491377225,0,astro6,cxtb
0.31543194312918943,0,astro6,cxtb
0.3193568795308024,0,astro6,cxtb
0.3219158533078196,0,astro6,cxtb
0.3280312365735061,0,astro6,cxtb
0.3137668169997499,0,astro6,cxtb
0.32500950900124626,0,astro6,cxtb
0.3422107339030346,0,astro6,cxtb
0.33090789546510685,0,astro6,cxtb
0.3370903844027537,0,astro6,cxtb
0.3485218879574716,0,astro6,cxtb
0.33568622834555234,0,astro6,cxtb
0.3469602378034478,0,astro6,cxtb
0.34838824543480934,0,astro6,cxtb
0.3534870838619975,0,astro6,cxtb
0.3562575690492698,0,astro6,cxtb
0.3493309149792303,0,astro6,cxtb
0.32763117678690495,0,astro6,cxtb
0.3353535046235401,0,astro6,cxtb
0.3418520968288979,0,astro6,cxtb
0.37965027963652415,0,astro6,cxtb
0.34156672981451003,0,astro6,cxtb
0.3711757566811869,0,astro6,cxtb
0.383560327413284,0,astro6,cxtb
0.4058846991661289,0,astro6,cxtb
0.3783243160998919,0,astro6,cxtb
0.38864934424662767,0,astro6,cxtb
0.3783798764701628,0,astro6,cxtb
0.3991104637325933,0,astro6,cxtb
0.3998570315240796,0,astro6,cxtb
0.39644720302111264,0,astro6,cxtb
0.41379283112515863,0,astro6,cxtb
0.4321118450467033,0,astro6,cxtb
0.415258871507548,0,astro6,cxtb
0.41589043727740616,0,astro6,cxtb
0.42377681589471966,0,astro6,cxtb
0.4226550973478275,0,astro6,cxtb
0.4479438534432345,0,astro6,cxtb
0.4285099817561793,0,astro6,cxtb
0.40739112943747696,0,astro6,cxtb
0.4098017661056883,0,astro6,cxtb
0.4070570157733529,0,astro6,cxtb
0.4259890280414702,0,astro6,cxtb
0.432050079731538,0,astro6,cxtb
0.43090489312190283,0,astro6,cxtb
0.4302463290637406,0,astro6,cxtb
0.4284557975055626,0,astro6,cxtb
0.434554523450589,0,astro6,cxtb
0.41308742520883374,0,astro6,cxtb
0.4045187655763139,0,astro6,cxtb
0.4247626169012323,0,astro6,cxtb
0.43797448012182655,0,astro6,cxtb
0.4256345968960562,0,astro6,cxtb
0.41578762170594397,0,astro6,cxtb
0.44448747566003244,0,astro6,cxtb
0.4392946177209212,0,astro6,cxtb
0.4383798396396896,0,astro6,cxtb
0.43627474686409107,0,astro6,cxtb
0.4342728575132421,0,astro6,cxtb
0.4113754909827818,0,astro6,cxtb
0.39520985943390646,0,astro6,cxtb
0.40728127098554373,0,astro6,cxtb
0.4143135261527638,0,astro6,cxtb
0.4231139993983709,0,astro6,cxtb
0.43611456656321973,0,astro6,cxtb
0.4102837358940557,0,astro6,cxtb
0.4302551400097917,0,astro6,cxtb
0.4457610649743188,0,astro6,cxtb
0.4228894812149974,0,astro6,cxtb
0.39789630304914175,0,astro6,cxtb
0.42344653144270783,0,astro6,cxtb
0.3957871370103264,0,astro6,cxtb
0.4000994183285977,0,astro6,cxtb
0.4103571193454953,0,astro6,cxtb
0.377803768240679,0,astro6,cxtb
0.39479781074358844,0,astro6,cxtb
0.36660220235815805,0,astro6,cxtb
0.3768358817284279,0,astro6,cxtb
0.3760054572467546,0,astro6,cxtb
0.35410336663876363,0,astro6,cxtb
0.3480574872143775,0,astro6,cxtb
0.34215167941599284,0,astro6,cxtb
0.36286090271548915,0,astro6,cxtb
0.3354024707787627,0,astro6,cxtb
0.3275923083006372,0,astro6,cxtb
0.3267069743884491,0,astro6,cxtb
0.3606239956643572,0,astro6,cxtb
0.3434504215330193,0,astro6,cxtb
0.3126251786061296,0,astro6,cxtb
0.34070055724358983,0,astro6,cxtb
0.3378630274162138,0,astro6,cxtb
0.3147689020499651,0,astro6,cxtb
0.325613739779165,0,astro6,cxtb
0.334306357166366,0,astro6,cxtb
0.3073184423812167,0,astro6,cxtb
0.3234896134455748,0,astro6,cxtb
0.3442935090497932,0,astro6,cxtb
0.33566971265634077,0,astro6,cxtb
0.30641353724933656,0,astro6,cxtb
0.3275322670511994,0,astro6,cxtb
0.3006101170012876,0,astro6,cxtb
0.3213154455206533,0,astro6,cxtb
0.32321960916690207,0,astro6,cxtb
0.33180244133960834,0,astro6,cxtb
0.34070566154914467,0,astro6,cxtb
0.32911353324462633,0,astro6,cxtb
0.32879411739871767,0,astro6,cxtb
0.3220988117018697,0,astro6,cxtb
0.3109159860083077,0,astro6,cxtb
0.3387737217591213,0,astro6,cxtb
0.33600596015048756,0,astro6,cxtb
0.3022937114118791,0,astro6,cxtb
0.3235074346930597,0,astro6,cxtb
0.329715352968196,0,astro6,cxtb
0.33257227894996094,0,astro6,cxtb
0.32618358314344953,0,astro6,cxtb
0.34355937625520205,0,astro6,cxtb
0.3246311285772286,0,astro6,cxtb
0.33569240429205405,0,astro6,cxtb
0.3332205639018275,0,astro6,cxtb
0.330137100752011,0,astro6,cxtb
0.3164533818628368,0,astro6,cxtb
0.30823540091404084,0,astro6,cxtb
0.31783511206037623,0,astro6,cxtb
0.3062400180553362,0,astro6,cxtb
0.30239972632512496,0,astro6,cxtb
0.30983835815522615,0,astro6,cxtb
0.30667353851470963,0,astro6,cxtb
0.2959431796349862,0,astro6,cxtb
0.2841158795407634,0,astro6,cxtb
0.3111220991362421,0,astro6,cxtb
0.3173219203715102,0,astro6,cxtb
0.32771923515896956,0,astro6,cxtb
0.2907016734495454,0,astro6,cxtb
0.2951947650410977,0,astro6,cxtb
0.3375165068128812,0,astro6,cxtb
0.32047718213205384,0,astro6,cxtb
0.3263067261457296,0,astro6,cxtb
0.3086211499279152,0,astro6,cxtb
0.3371470596730534,0,astro6,cxtb
0.3268050388089984,0,astro6,cxtb
0.3255910749847686,0,astro6,cxtb
0.31848631324154,0,astro6,cxtb
0.30713725337124226,0,astro6,cxtb
0.3284407714606231,0,astro6,cxtb
0.30922437176440093,0,astro6,cxtb
0.30782602771862505,0,astro6,cxtb
0.30984931660975756,0,astro6,cxtb
0.3005464207448381,0,astro6,cxtb
0.304618397680704,0,astro6,cxtb
0.29789276340040616,0,astro6,cxtb
0.31440579425329623,0,astro6,cxtb
0.3055842035122913,0,astro6,cxtb
0.3289428334548931,0,astro6,cxtb
0.2946296289684345,0,astro6,cxtb
0.30255023030593925,0,astro6,cxtb
0.27910832856305773,0,astro6,cxtb
0.27953048060508245,0,astro6,cxtb
0.26296185525158045,0,astro6,cxtb
0.29352740400060057,0,astro6,cxtb
0.2772973394199014,0,astro6,cxtb
0.277798041325985,0,astro6,cxtb
0.29883327207069355,0,astro6,cxtb
0.287016428979104,0,astro6,cxtb
0.2784652684805624,0,astro6,cxtb
0.2662945812016275,0,astro6,cxtb
0.2680922545319191,0,astro6,cxtb
0.28332066732470007,0,astro6,cxtb
0.24648460751529283,0,astro6,cxtb
0.2633934909555679,0,astro6,cxtb
0.2845022592768627,0,astro6,cxtb
0.26962070200569144,0,astro6,cxtb
0.27462686930517816,0,astro6,cxtb
0.26232527574532727,0,astro6,cxtb
0.27485094979352237,0,astro6,cxtb
0.2782167770574393,0,astro6,cxtb
0.2887895125782637,0,astro6,cxtb
0.28518917845971864,0,astro6,cxtb
0.29379479078539034,0,astro6,cxtb
0.2902192077967766,0,astro6,cxtb
0.29387327740891944,0,astro6,cxtb
0.2844390958499483,0,astro6,cxtb
0.3135069259415422,0,astro6,cxtb
0.2964960075133297,0,astro6,cxtb
0.3160688126905407,0,astro6,cxtb
0.30912416519195196,0,astro6,cxtb
0.30738474025263113,0,astro6,cxtb
0.30392601499377003,0,astro6,cxtb
0.3251075045348347,0,astro6,cxtb
0.3004077008360741,0,astro6,cxtb
0.31924242464810515,0,astro6,cxtb
0.34035096299369316,0,astro6,cxtb
0.32010278216762883,0,astro6,cxtb
0.315124618254747,0,astro6,cxtb
0.31958362102638344,0,astro6,cxtb
0.31395171717803616,0,astro6,cxtb
0.30201142944889003,0,astro6,cxtb
0.3021217469244833,0,astro6,cxtb
0.27956500232667186,0,astro6,cxtb
0.2891304469337132,0,astro6,cxtb
0.28690354584099564,0,astro6,cxtb
0.2967124127773531,0,astro6,cxtb
0.30176156274859295,0,astro6,cxtb
0.302480358779253,0,astro6,cxtb
0.3141089541914656,0,astro6,cxtb
0.2926301196407602,0,astro6,cxtb
0.2888003956384883,0,astro6,cxtb
0.293194350041354,0,astro6,cxtb
0.29536466454729354,0,astro6,cxtb
0.2809830798893879,0,astro6,cxtb
0.29091958771041904,0,astro6,cxtb
0.2996192333223953,0,astro6,cxtb
0.30513399341815106,0,astro6,cxtb
0.30309019492885175,0,astro6,cxtb
0.3047261957870769,0,astro6,cxtb
0.2946026233637848,0,astro6,cxtb
0.2952294745225859,0,astro6,cxtb
0.3092173693938853,0,astro6,cxtb
0.3079047198028817,0,astro6,cxtb
0.31257227730149684,0,astro6,cxtb
0.3181732089921093,0,astro6,cxtb
0.32002862143660027,0,astro6,cxtb
0.30650084249487025,0,astro6,cxtb
0.30164481270461235,0,astro6,cxtb
0.30188245567272626,0,astro6,cxtb
0.29968063277835194,0,astro6,cxtb
0.29745120652785706,0,astro6,cxtb
0.3147924108397424,0,astro6,cxtb
0.3101506786101849,0,astro6,cxtb
0.3202702141369216,0,astro6,cxtb
0.31296913868876575,0,astro6,cxtb
0.29197417734337566,0,astro6,cxtb
0.31594723144086645,0,astro6,cxtb
0.31375569649608037,0,astro6,cxtb
0.30561523042357963,0,astro6,cxtb
0.3241851001037122,0,astro6,cxtb
0.33911651690691724,0,astro6,cxtb
0.33744852686816956,0,astro6,cxtb
0.3179620510335077,0,astro6,cxtb
0.30822364803403735,0,astro6,cxtb
0.31802207757941825,0,astro6,cxtb
0.3207708723128207,0,astro6,cxtb
0.3351105133277507,0,astro6,cxtb
0.32522158949749136,0,astro6,cxtb
0.3186732632017897,0,astro6,cxtb
0.298093800026123,0,astro6,cxtb
0.3135163745876032,0,astro6,cxtb
0.3176367070577361,0,astro6,cxtb
0.299322841779659,0,astro6,cxtb
0.29789714393460864,0,astro6,cxtb
0.29720661029458106,0,astro6,cxtb
0.31556386791034635,0,astro6,cxtb
0.3307390632406947,0,astro6,cxtb
0.311575057116909,0,astro6,cxtb
0.30098078227608543,0,astro6,cxtb
0.2937642392230617,0,astro6,cxtb
0.3044325753754342,0,astro6,cxtb
0.28236934631199384,0,astro6,cxtb
0.29989348062690235,0,astro6,cxtb
0.3003681761909006,0,astro6,cxtb
0.2953747099383033,0,astro6,cxtb
0.27973566584651943,0,astro6,cxtb
0.2685120209854083,0,astro6,cxtb
0.27333018252693503,0,astro6,cxtb
0.28516902614016076,0,astro6,cxtb
0.2588003819441863,0,astro6,cxtb
0.2617063962110968,0,astro6,cxtb
0.2891463808287777,0,astro6,cxtb
0.27495589714669755,0,astro6,cxtb
0.2838064671777295,0,astro6,cxtb
0.2887536980622496,0,astro6,cxtb
0.29657852719373895,0,astro6,cxtb
0.2978780843739341,0,astro6,cxtb
0.28924217849748907,0,astro6,cxtb
0.2879087047974239,0,astro6,cxtb
0.3015963228802936,0,astro6,cxtb
0.2897300976312975,0,astro6,cxtb
0.2819913136806026,0,astro6,cxtb
0.2891190805927117,0,astro6,cxtb
0.2688357152883059,0,astro6,cxtb
0.27645096596108076,0,astro6,cxtb
0.24909093354573103,0,astro6,cxtb
0.2646070574765996,0,astro6,cxtb
0.28660518143516023,0,astro6,cxtb
0.2800372073533429,0,astro6,cxtb
0.2941167347818665,0,astro6,cxtb
0.2820626429530637,0,astro6,cxtb
0.2788437493936774,0,astro6,cxtb
0.3022425164147519,0,astro6,cxtb
0.2996153890569004,0,astro6,cxtb
0.2745233794687338,0,astro6,cxtb
0.2892529462810082,0,astro6,cxtb
0.30041258730633114,0,astro6,cxtb
0.32255925696192816,0,astro6,cxtb
0.3017297191827068,0,astro6,cxtb
0.30053900937109146,0,astro6,cxtb
0.29779306475047346,0,astro6,cxtb
0.3004651101809011,0,astro6,cxtb
0.29808844042615973,0,astro6,cxtb
0.29169390161769154,0,astro6,cxtb
0.3175367544352888,0,astro6,cxtb
0.29606460359507075,0,astro6,cxtb
0.272241682892924,0,astro6,cxtb
0.2887349878235802,0,astro6,cxtb
0.2849226826139601,0,astro6,cxtb
0.2991064270035398,0,astro6,cxtb
0.2775774599727218,0,astro6,cxtb
0.27548865620870633,0,astro6,cxtb
0.302693334174878,0,astro6,cxtb
0.30075336667537916,0,astro6,cxtb
0.27711720323231176,0,astro6,cxtb
0.2794125457409279,0,astro6,cxtb
0.2605346841829301,0,astro6,cxtb
0.28828300420600184,0,astro6,cxtb
0.26714421212131406,0,astro6,cxtb
0.2749147704398326,0,astro6,cxtb
0.2810446221437575,0,astro6,cxtb
0.28293831706758715,0,astro6,cxtb
0.2659063956976718,0,astro6,cxtb
0.2707631471497799,0,astro6,cxtb
0.26173139182992744,0,astro6,cxtb
0.28281800218690595,0,astro6,cxtb
0.24576427472543352,0,astro6,cxtb
0.23787185645530537,0,astro6,cxtb
0.2693917481862586,0,astro6,cxtb
0.2558477238415353,0,astro6,cxtb
0.29685039349005143,0,astro6,cxtb
0.2985072280775876,0,astro6,cxtb
0.2557948340677781,0,astro6,cxtb
0.2652145366356701,0,astro6,cxtb
0.28255715621285465,0,astro6,cxtb
0.28201307029132056,0,astro6,cxtb
0.2880369479495667,0,astro6,cxtb
0.2690249952382349,0,astro6,cxtb
0.27182669227237216,0,astro6,cxtb
0.3062836613471837,0,astro6,cxtb
0.3170169521721358,0,astro6,cxtb
0.3138783252238338,0,astro6,cxtb
0.3032118105915203,0,astro6,cxtb
0.2967117103213013,0,astro6,cxtb
0.3045475705556832,0,astro6,cxtb
0.2893056496435765,0,astro6,cxtb
0.30502997968633105,0,astro6,cxtb
0.3064000784524149,0,astro6,cxtb
0.30457585420163613,0,astro6,cxtb
0.30135794000408067,0,astro6,cxtb
0.3417460826511034,0,astro6,cxtb
0.3352979645878384,0,astro6,cxtb
0.33725358852453136,0,astro6,cxtb
0.33052989152035367,0,astro6,cxtb
0.3250942632121146,0,astro6,cxtb
0.34806457751940345,0,astro6,cxtb
0.3475300587370955,0,astro6,cxtb
0.3648164786297918,0,astro6,cxtb
0.32157685676505054,0,astro6,cxtb
0.32664357238324043,0,astro6,cxtb
0.3284718190903504,0,astro6,cxtb
0.32685966695978014,0,astro6,cxtb
0.33288490928539827,0,astro6,cxtb
0.32859328175551983,0,astro6,cxtb
0.336263072700269,0,astro6,cxtb
0.3318921341710717,0,astro6,cxtb
0.3327841626940099,0,astro6,cxtb
0.31729804647858706,0,astro6,cxtb
0.30785650633549844,0,astro6,cxtb
0.3306655931519649,0,astro6,cxtb
0.31430540969730225,0,astro6,cxtb
0.31508616710453535,0,astro6,cxtb
0.30563188956161247,0,astro6,cxtb
0.2821022257442044,0,astro6,cxtb
0.3175050812960808,0,astro6,cxtb
0.31933898992001486,0,astro6,cxtb
0.30646927204837543,0,astro6,cxtb
0.2877930155364113,0,astro6,cxtb
0.29163750630050456,0,astro6,cxtb
0.28755167745181764,0,astro6,cxtb
0.2994113738345769,0,astro6,cxtb
0.3311027826510352,0,astro6,cxtb
0.3130940778499489,0,astro6,cxtb
0.3182136853329763,0,astro6,cxtb
0.3133319899123742,0,astro6,cxtb
0.3039831016586776,0,astro6,cxtb
0.3063547453470354,0,astro6,cxtb
0.2904724854413082,0,astro6,cxtb
0.29511296921390373,0,astro6,cxtb
0.3069387786652073,0,astro6,cxtb
0.2828577246381257,0,astro6,cxtb
0.30469364342643024,0,astro6,cxtb
0.3120182636740407,0,astro6,cxtb
0.33616125131192287,0,astro6,cxtb
0.3068173630541041,0,astro6,cxtb
0.30301394304547924,0,astro6,cxtb
0.32632588845120736,0,astro6,cxtb
0.32918719483028114,0,astro6,cxtb
0.30955286233444457,0,astro6,cxtb
0.3192315259019704,0,astro6,cxtb
0.3299215026570016,0,astro6,cxtb
0.31584594679608047,0,astro6,cxtb
0.3106646796924956,0,astro6,cxtb
0.30439473053661403,0,astro6,cxtb
0.3007545377926552,0,astro6,cxtb
0.3099837952386843,0,astro6,cxtb
0.316361921709311,0,astro6,cxtb
0.30395775659532204,0,astro6,cxtb
0.3160952138149556,0,astro6,cxtb
0.31236492848564407,0,astro6,cxtb
0.3143185597508165,0,astro6,cxtb
0.30046332316515606,0,astro6,cxtb
0.32180740140471875,0,astro6,cxtb
0.3149640456003424,0,astro6,cxtb
0.3185316880062327,0,astro6,cxtb
0.3431425924360283,0,astro6,cxtb
0.3454849951139779,0,astro6,cxtb
0.34351238684812924,0,astro6,cxtb
0.33412074800935493,0,astro6,cxtb
0.3315448208789461,0,astro6,cxtb
0.3305099136586387,0,astro6,cxtb
0.34085443424934425,0,astro6,cxtb
0.31866773254165415,0,astro6,cxtb
0.30814087393153156,0,astro6,cxtb
0.31242141709491006,0,astro6,cxtb
0.3036201544069711,0,astro6,cxtb
0.31044613549719935,0,astro6,cxtb
0.2826607496447523,0,astro6,cxtb
0.30699475976652957,0,astro6,cxtb
0.3083680014901771,0,astro6,cxtb
0.2933650467224289,0,astro6,cxtb
0.29267816155759485,0,astro6,cxtb
0.3101361332220957,0,astro6,cxtb
0.2779064886119644,0,astro6,cxtb
0.2894529923914667,0,astro6,cxtb
0.3024967128630423,0,astro6,cxtb
0.30102627064284193,0,astro6,cxtb
0.3147364174835508,0,astro6,cxtb
0.31241262799916836,0,astro6,cxtb
0.3151901614923908,0,astro6,cxtb
0.3329782814139048,0,astro6,cxtb
0.3393146301362399,0,astro6,cxtb
0.3246822904328178,0,astro6,cxtb
0.34995336090326457,0,astro6,cxtb
0.354652069251831,0,astro6,cxtb
0.3405797207982472,0,astro6,cxtb
0.33705571186408334,0,astro6,cxtb
0.34289976024354324,0,astro6,cxtb
0.35753369599350976,0,astro6,cxtb
0.3633012063936023,0,astro6,cxtb
0.37585759518681566,0,astro6,cxtb
0.36712681539035186,0,astro6,cxtb
0.37306626325421555,0,astro6,cxtb
0.3542202423031518,0,astro6,cxtb
0.3612198921470917,0,astro6,cxtb
0.3601097351444271,0,astro6,cxtb
0.37533376690314396,0,astro6,cxtb
0.3813383380160021,0,astro6,cxtb
0.3808419824501925,0,astro6,cxtb
0.3732172589711925,0,astro6,cxtb
0.3582764693944779,0,astro6,cxtb
0.3634521576783125,0,astro6,cxtb
0.3770571125244923,0,astro6,cxtb
0.3725003331905583,0,astro6,cxtb
0.35350640037623493,0,astro6,cxtb
0.35423839908929616,0,astro6,cxtb
0.3521365811020711,0,astro6,cxtb
0.3524443732539593,0,astro6,cxtb
0.35787216431659913,0,astro6,cxtb
0.3709124119144046,0,astro6,cxtb
0.35735275621206386,0,astro6,cxtb
0.362534496926396,0,astro6,cxtb
0.36800246452789054,0,astro6,cxtb
0.3322364754813442,0,astro6,cxtb
0.33393482685954945,0,astro6,cxtb
0.322724495953233,0,astro6,cxtb
0.35758367599973434,0,astro6,cxtb
0.3183578542690777,0,astro6,cxtb
0.32051205221000145,0,astro6,cxtb
0.3121642779231398,0,astro6,cxtb
0.3175067818874666,0,astro6,cxtb
0.33774202572637524,0,astro6,cxtb
0.3273509056213034,0,astro6,cxtb
0.3189349755781636,0,astro6,cxtb
0.31807784433615804,0,astro6,cxtb
0.3370563172961657,0,astro6,cxtb
0.31826777544348367,0,astro6,cxtb
0.3368013584777804,0,astro6,cxtb
0.3454988066071931,0,astro6,cxtb
0.3105672765250117,0,astro6,cxtb
0.3105411304073246,0,astro6,cxtb
0.3330800714514794,0,astro6,cxtb
0.31945452570511634,0,astro6,cxtb
0.36396035819586964,0,astro6,cxtb
0.3539788693417006,0,astro6,cxtb
0.31662365362602285,0,astro6,cxtb
0.33369073266837995,0,astro6,cxtb
0.32525411655108755,0,astro6,cxtb
0.33645320714033594,0,astro6,cxtb
0.32860621587677713,0,astro6,cxtb
0.30795169219993135,0,astro6,cxtb
0.3308012284237319,0,astro6,cxtb
0.31894891088134286,0,astro6,cxtb
0.32653345128989747,0,astro6,cxtb
0.33622551135302825,0,astro6,cxtb
0.35583793797828206,0,astro6,cxtb
0.3369995146958541,0,astro6,cxtb
0.3314315123724266,0,astro6,cxtb
0.327819616814918,0,astro6,cxtb
0.3207619779248336,0,astro6,cxtb
0.34348356693369403,0,astro6,cxtb
0.3285494427249967,0,astro6,cxtb
0.31484715523771695,0,astro6,cxtb
0.31006430401643714,0,astro6,cxtb
0.32171460945840835,0,astro6,cxtb
0.3298010434453757,0,astro6,cxtb
0.29742117598727025,0,astro6,cxtb
0.30208994276213424,0,astro6,cxtb
0.31637192273004994,0,astro6,cxtb
0.29540272825124,0,astro6,cxtb
0.31295850147475485,0,astro6,cxtb
0.33252708978974516,0,astro6,cxtb
0.3405687561853222,0,astro6,cxtb
0.33507648931533923,0,astro6,cxtb
0.30134159992909815,0,astro6,cxtb
0.3363214138820964,0,astro6,cxtb
0.3172443578866319,0,astro6,cxtb
0.30597033724600076,0,astro6,cxtb
0.3347171872118252,0,astro6,cxtb
0.28165515052835105,0,astro6,cxtb
0.30765556212250184,0,astro6,cxtb
0.30676257651290423,0,astro6,cxtb
0.30661452285440227,0,astro6,cxtb
0.29748689255022037,0,astro6,cxtb
0.29760350830817783,0,astro6,cxtb
0.2977910100540423,0,astro6,cxtb
0.29905254130388986,0,astro6,cxtb
0.30888461827802544,0,astro6,cxtb
0.278941224988482,0,astro6,cxtb
0.29187025427087104,0,astro6,cxtb
0.29589428916694505,0,astro6,cxtb
0.28296082917027127,0,astro6,cxtb
0.2786480653977819,0,astro6,cxtb
0.31835354706693214,0,astro6,cxtb
0.30186069102038354,0,astro6,cxtb
0.3001909569389204,0,astro6,cxtb
0.31406915685850156,0,astro6,cxtb
0.3144536552111213,0,astro6,cxtb
0.32431290377971755,0,astro6,cxtb
0.3029742743306773,0,astro6,cxtb
0.32072374169041684,0,astro6,cxtb
0.29270393823850405,0,astro6,cxtb
0.2954037873175828,0,astro6,cxtb
0.3267391439996093,0,astro6,cxtb
0.3393421532583228,0,astro6,cxtb
0.3307369652311061,0,astro6,cxtb
0.32777034906284896,0,astro6,cxtb
0.33188302489147703,0,astro6,cxtb
0.31789567957676895,0,astro6,cxtb
0.3181118790070508,0,astro6,cxtb
0.3487483557071554,0,astro6,cxtb
0.3338353297755667,0,astro6,cxtb
0.33693228341102954,0,astro6,cxtb
0.3016051649528189,0,astro6,cxtb
0.3065671597161866,0,astro6,cxtb
0.31245367269942725,0,astro6,cxtb
0.33623489663072864,0,astro6,cxtb
0.32873122338241556,0,astro6,cxtb
0.3470886417619252,0,astro6,cxtb
0.3363136217214171,0,astro6,cxtb
0.3298191838943777,0,astro6,cxtb
0.33386390490466117,0,astro6,cxtb
0.33883527783098377,0,astro6,cxtb
0.3022140660784758,0,astro6,cxtb
0.29075429697628574,0,astro6,cxtb
0.29688930448579837,0,astro6,cxtb
0.3098414172425523,0,astro6,cxtb
0.30138401866014275,0,astro6,cxtb
0.2878888616645692,0,astro6,cxtb
0.3061284114660418,0,astro6,cxtb
0.34318379298369966,0,astro6,cxtb
0.3271581870179192,0,astro6,cxtb
0.3020733589085806,0,astro6,cxtb
0.29359712056225457,0,astro6,cxtb
0.3047266370161081,0,astro6,cxtb
0.3403070901152788,0,astro6,cxtb
0.3162937756660961,0,astro6,cxtb
0.32659657334899045,0,astro6,cxtb
0.32454125668620226,0,astro6,cxtb
0.3431236562780193,0,astro6,cxtb
0.3206209952872535,0,astro6,cxtb
0.31488920555586836,0,astro6,cxtb
0.32042092909943354,0,astro6,cxtb
0.3160391353057916,0,astro6,cxtb
0.34649161612833534,0,astro6,cxtb
0.32182748674460293,0,astro6,cxtb
0.3061155657123717,0,astro6,cxtb
0.3432068797610836,0,astro6,cxtb
0.3325053592506177,0,astro6,cxtb
0.3071298351817982,0,astro6,cxtb
0.2831491040480684,0,astro6,cxtb
0.30028429271055057,0,astro6,cxtb
0.30220634974417676,0,astro6,cxtb
0.30325305360166016,0,astro6,cxtb
0.32630910833256693,0,astro6,cxtb
0.3170161931944356,0,astro6,cxtb
0.3143369778437307,0,astro6,cxtb
0.29525181072244056,0,astro6,cxtb
0.2923905410740487,0,astro6,cxtb
0.2980179018367748,0,astro6,cxtb
0.2838659038383505,0,astro6,cxtb
0.2922796399610777,0,astro6,cxtb
0.30012318946044925,0,astro6,cxtb
0.3267433063065516,0,astro6,cxtb
0.33065136366208336,0,astro6,cxtb
0.3486308765391878,0,astro6,cxtb
0.3268094715118596,0,astro6,cxtb
0.324016009474428,0,astro6,cxtb
0.3176859556477775,0,astro6,cxtb
0.30594053370848306,0,astro6,cxtb
0.3244860463099198,0,astro6,cxtb
0.3417306249638231,0,astro6,cxtb
0.3156972795709259,0,astro6,cxtb
0.30056697977723146,0,astro6,cxtb
0.31037393401955604,0,astro6,cxtb
0.3317688601247478,0,astro6,cxtb
0.3316477808764764,0,astro6,cxtb
0.3515653155355167,0,astro6,cxtb
0.31865600418016626,0,astro6,cxtb
0.33474003106510297,0,astro6,cxtb
0.3455194756436428,0,astro6,cxtb
0.3465495755659116,0,astro6,cxtb
0.36221786439032133,0,astro6,cxtb
0.34461387849031266,0,astro6,cxtb
0.3448351410710541,0,astro6,cxtb
0.33880468652136564,0,astro6,cxtb
0.3461828192513721,0,astro6,cxtb
0.3432248037286508,0,astro6,cxtb
0.33794154037162305,0,astro6,cxtb
0.3279496908884838,0,astro6,cxtb
0.35107848398574887,0,astro6,cxtb
0.37014224836997367,0,astro6,cxtb
0.3751368754829959,0,astro6,cxtb
0.38229806846594294,0,astro6,cxtb
0.3607003591735794,0,astro6,cxtb
0.37124698479772367,0,astro6,cxtb
0.37701322881595506,0,astro6,cxtb
0.3862132598585428,0,astro6,cxtb
0.36072651373630943,0,astro6,cxtb
0.35996419553142706,0,astro6,cxtb
0.38472138718014226,0,astro6,cxtb
0.3776267805926291,0,astro6,cxtb
0.3970121579302618,0,astro6,cxtb
0.37292727083305316,0,astro6,cxtb
0.3863845301933895,0,astro6,cxtb
0.4034505667468152,0,astro6,cxtb
0.4173882403822367,0,astro6,cxtb
0.41672872800678384,0,astro6,cxtb
0.37574175908088403,0,astro6,cxtb
0.3964986852457378,0,astro6,cxtb
0.4028701566511422,0,astro6,cxtb
0.4271651789686374,0,astro6,cxtb
0.40733754577718034,0,astro6,cxtb
0.41265659284314427,0,astro6,cxtb
0.4155396081448924,0,astro6,cxtb
0.41245522050804173,0,astro6,cxtb
0.4219550368180274,0,astro6,cxtb
0.37118340137840505,0,astro6,cxtb
0.39104642536052947,0,astro6,cxtb
0.4065752517814503,0,astro6,cxtb
0.4090238612866403,0,astro6,cxtb
0.42321839346127244,0,astro6,cxtb
0.4293839099967256,0,astro6,cxtb
0.4194826853481636,0,astro6,cxtb
0.42454373577019694,0,astro6,cxtb
0.4246754217043632,0,astro6,cxtb
0.4224266781118387,0,astro6,cxtb
0.4004490017084733,0,astro6,cxtb
0.4138598354854224,0,astro6,cxtb
0.42004743208952233,0,astro6,cxtb
0.4203295739298369,0,astro6,cxtb
0.41611211673260873,0,astro6,cxtb
0.42401288413625476,0,astro6,cxtb
0.4209915642994662,0,astro6,cxtb
0.40420640503735966,0,astro6,cxtb
0.3951629869736392,0,astro6,cxtb
0.4001706099249887,0,astro6,cxtb
0.4083669330246925,0,astro6,cxtb
0.43514120132353945,0,astro6,cxtb
0.436001644126017,0,astro6,cxtb
0.40988790197499536,0,astro6,cxtb
0.42013842275613833,0,astro6,cxtb
0.39545007762982093,0,astro6,cxtb
0.4221534184771401,0,astro6,cxtb
0.3927793867945564,0,astro6,cxtb
0.38810936704406773,0,astro6,cxtb
0.38644375267390313,0,astro6,cxtb
0.416949978776405,0,astro6,cxtb
0.41893178866874414,0,astro6,cxtb
0.45579309464315326,0,astro6,cxtb
0.4638887264230947,0,astro6,cxtb
0.4831230944359807,0,astro6,cxtb
0.46630558834197655,0,astro6,cxtb
0.47586141681663907,0,astro6,cxtb
0.47738429161015716,0,astro6,cxtb
0.4902166641209029,0,astro6,cxtb
0.4826030903466831,0,astro6,cxtb
0.4957979311125371,0,astro6,cxtb
0.4936103578414954,0,astro6,cxtb
0.5073911813775025,0,astro6,cxtb
0.479891870481997,0,astro6,cxtb
0.47303646457386406,0,astro6,cxtb
0.4956716413600384,0,astro6,cxtb
0.5114251406956454,0,astro6,cxtb
0.5160480882778987,0,astro6,cxtb
0.5079402109772253,0,astro6,cxtb
0.4935700122233485,0,astro6,cxtb
0.5078874726884172,0,astro6,cxtb
0.5037990646340628,0,astro6,cxtb
0.4912710385504185,0,astro6,cxtb
0.48970211411466713,0,astro6,cxtb
0.5003946044253433,0,astro6,cxtb
0.48504805827728925,0,astro6,cxtb
0.5020576091100658,0,astro6,cxtb
0.5079455381563063,0,astro6,cxtb
0.49865093990330756,0,astro6,cxtb
0.4909798039173468,0,astro6,cxtb
0.496758091660375,0,astro6,cxtb
0.4816712276465649,0,astro6,cxtb
0.4660204003328326,0,astro6,cxtb
0.48101480549119635,0,astro6,cxtb
0.45294983242761244,0,astro6,cxtb
0.4578047107293149,0,astro6,cxtb
0.48585736798158563,0,astro6,cxtb
0.49701340883762557,0,astro6,cxtb
0.47394727546063586,0,astro6,cxtb
0.46151863569768065,0,astro6,cxtb
0.44885188935275255,0,astro6,cxtb
0.44906872913125223,0,astro6,cxtb
0.4366907385851651,0,astro6,cxtb
0.416008863710413,0,astro6,cxtb
0.4293361674754195,0,astro6,cxtb
0.442855853581912,0,astro6,cxtb
0.44671640487619235,0,astro6,cxtb
0.443327734699712,0,astro6,cxtb
0.42211975386852096,0,astro6,cxtb
0.4358416322458098,0,astro6,cxtb
0.41869014339807253,0,astro6,cxtb
0.3979121339754149,0,astro6,cxtb
0.4025122889885355,0,astro6,cxtb
0.3753153129500178,0,astro6,cxtb
0.34662074957136246,0,astro6,cxtb
0.3591840893871878,0,astro6,cxtb
0.39205243521773475,0,astro6,cxtb
0.3942359911505167,0,astro6,cxtb
0.41412050005370615,0,astro6,cxtb
0.4021313077554189,0,astro6,cxtb
0.36391537592947826,0,astro6,cxtb
0.37437376294745933,0,astro6,cxtb
0.40482531245428016,0,astro6,cxtb
0.3886838124231396,0,astro6,cxtb
0.384353227254881,0,astro6,cxtb
0.3903925975875455,0,astro6,cxtb
0.3643313449193727,0,astro6,cxtb
0.3578005081092186,0,astro6,cxtb
0.3796747688076829,0,astro6,cxtb
0.38205746099825777,0,astro6,cxtb
0.3672636143214484,0,astro6,cxtb
0.3847061397650934,0,astro6,cxtb
0.3667462557776297,0,astro6,cxtb
0.3479713097454502,0,astro6,cxtb
0.3247496264250442,0,astro6,cxtb
0.33329696750459037,0,astro6,cxtb
0.35400825788408835,0,astro6,cxtb
0.3515014439073765,0,astro6,cxtb
0.3592528857156406,0,astro6,cxtb
0.3249836216058777,0,astro6,cxtb
0.3395239096856822,0,astro6,cxtb
0.3203416757036218,0,astro6,cxtb
0.328625374193414,0,astro6,cxtb
0.3210754867457037,0,astro6,cxtb
0.30825712715969417,0,astro6,cxtb
0.29612097840877405,0,astro6,cxtb
0.30514258280680634,0,astro6,cxtb
0.3176506735687595,0,astro6,cxtb
0.3155207920586998,0,astro6,cxtb
0.31542563501027293,0,astro6,cxtb
0.2974893377637237,0,astro6,cxtb
0.3189739838984099,0,astro6,cxtb
0.3403301402887555,0,astro6,cxtb
0.3261059030222815,0,astro6,cxtb
0.3233855974577967,0,astro6,cxtb
0.31032591516214664,0,astro6,cxtb
0.31349491928145096,0,astro6,cxtb
0.302024564915437,0,astro6,cxtb
0.31252525290804023,0,astro6,cxtb
0.3284774293014031,0,astro6,cxtb
0.3170625908718587,0,astro6,cxtb
0.30321419495342655,0,astro6,cxtb
0.32022387511191547,0,astro6,cxtb
0.32378516750228004,0,astro6,cxtb
0.31890733110118913,0,astro6,cxtb
0.32449273542906604,0,astro6,cxtb
0.282341948869269,0,astro6,cxtb
0.29574238862656366,0,astro6,cxtb
0.2776265219829741,0,astro6,cxtb
0.2721199152324236,0,astro6,cxtb
0.2894550239363445,0,astro6,cxtb
0.281870835419622,0,astro6,cxtb
0.2877509720675953,0,astro6,cxtb
0.31429781439412086,0,astro6,cxtb
0.3035637257576897,0,astro6,cxtb
0.31279907871896845,0,astro6,cxtb
0.31206712461941966,0,astro6,cxtb
0.3166042427553191,0,astro6,cxtb
0.2804390400570467,0,astro6,cxtb
0.28375737174115173,0,astro6,cxtb
0.2850333797201839,0,astro6,cxtb
0.2980945002203733,0,astro6,cxtb
0.29827719276734255,0,astro6,cxtb
0.3053500993192166,0,astro6,cxtb
0.3276185133064162,0,astro6,cxtb
0.31147340526992856,0,astro6,cxtb
0.3118997284759453,0,astro6,cxtb
0.2953949983490008,0,astro6,cxtb
0.32088233779381176,0,astro6,cxtb
0.319450666490314,0,astro6,cxtb
0.31472380413819023,0,astro6,cxtb
0.3051965695384816,0,astro6,cxtb
0.29744031901174556,0,astro6,cxtb
0.2763801369386563,0,astro6,cxtb
0.28769131919945956,0,astro6,cxtb
0.3030527353998708,0,astro6,cxtb
0.3069086282738033,0,astro6,cxtb
0.3195202430151881,0,astro6,cxtb
0.31546945989518893,0,astro6,cxtb
0.2974788604076672,0,astro6,cxtb
0.31252120720419013,0,astro6,cxtb
0.3132193419144061,0,astro6,cxtb
0.30783052292544555,0,astro6,cxtb
0.3060346943353387,0,astro6,cxtb
0.3210171715979634,0,astro6,cxtb
0.3196061537303113,0,astro6,cxtb
0.31459113289145146,0,astro6,cxtb
0.3267826367863851,0,astro6,cxtb
0.3173759484091187,0,astro6,cxtb
0.29688873786958764,0,astro6,cxtb
0.295829061461465,0,astro6,cxtb
0.33298832518294486,0,astro6,cxtb
0.34416391485238457,0,astro6,cxtb
0.3502734863280812,0,astro6,cxtb
0.3159089401733703,0,astro6,cxtb
0.3039545273636379,0,astro6,cxtb
0.29805007842592063,0,astro6,cxtb
0.3138723698864212,0,astro6,cxtb
0.32153473389213283,0,astro6,cxtb
0.32780683046329506,0,astro6,cxtb
0.340135394422224,0,astro6,cxtb
0.32891269121860406,0,astro6,cxtb
0.33964818670336755,0,astro6,cxtb
0.32284117412494884,0,astro6,cxtb
0.31040100704653245,0,astro6,cxtb
0.31853498574774874,0,astro6,cxtb
0.3155259991958899,0,astro6,cxtb
0.31677237490491966,0,astro6,cxtb
0.317723309463944,0,astro6,cxtb
0.3311858262175612,0,astro6,cxtb
0.322585551858029,0,astro6,cxtb
0.2936009715982942,0,astro6,cxtb
0.2970382789578609,0,astro6,cxtb
0.30937092308372477,0,astro6,cxtb
0.31417409665248347,0,astro6,cxtb
0.3000842432725584,0,astro6,cxtb
0.3173607647083222,0,astro6,cxtb
0.2896202779755696,0,astro6,cxtb
0.30146318994607435,0,astro6,cxtb
0.281588199460093,0,astro6,cxtb
0.2831721846839107,0,astro6,cxtb
0.26597166787409443,0,astro6,cxtb
0.2833882752116498,0,astro6,cxtb
0.30970085026190075,0,astro6,cxtb
0.27312594992184214,0,astro6,cxtb
0.269623015226623,0,astro6,cxtb
0.2957271052112434,0,astro6,cxtb
0.30799719413227483,0,astro6,cxtb
0.30639647406237785,0,astro6,cxtb
0.2873885524004615,0,astro6,cxtb
0.30184917555358254,0,astro6,cxtb
0.26971744363570754,0,astro6,cxtb
0.28009913677191184,0,astro6,cxtb
0.2851082847074486,0,astro6,cxtb
0.3151503196801502,0,astro6,cxtb
0.2974871314662377,0,astro6,cxtb
0.30574090251822994,0,astro6,cxtb
0.33865263878271207,0,astro6,cxtb
0.35086411089355285,0,astro6,cxtb
0.32350757212222475,0,astro6,cxtb
0.3245755691840132,0,astro6,cxtb
0.34176495470976576,0,astro6,cxtb
0.35543708264034185,0,astro6,cxtb
0.34873006978433435,0,astro6,cxtb
0.32664656752856164,0,astro6,cxtb
0.32680394976146937,0,astro6,cxtb
0.3257149521491268,0,astro6,cxtb
0.3276921923507485,0,astro6,cxtb
0.3188922229437233,0,astro6,cxtb
0.302119883451398,0,astro6,cxtb
0.28547787221815796,0,astro6,cxtb
0.28113161862826885,0,astro6,cxtb
0.2724320300981386,0,astro6,cxtb
0.2770513557909481,0,astro6,cxtb
0.2994724402774977,0,astro6,cxtb
0.2856100644276486,0,astro6,cxtb
0.27904713279093374,0,astro6,cxtb
0.295722922546324,0,astro6,cxtb
0.2830011481277765,0,astro6,cxtb
0.29977372468392816,0,astro6,cxtb
0.2871915257837632,0,astro6,cxtb
0.30306650907680777,0,astro6,cxtb
0.28911198126079557,0,astro6,cxtb
0.2969795848710316,0,astro6,cxtb
0.28394523600319105,0,astro6,cxtb
0.30546170500381153,0,astro6,cxtb
0.2973501289835831,0,astro6,cxtb
0.33849872155008115,0,astro6,cxtb
0.3448158696125884,0,astro6,cxtb
0.36296650208619935,0,astro6,cxtb
0.34445053828137523,0,astro6,cxtb
0.3426009587446669,0,astro6,cxtb
0.3609627913430308,0,astro6,cxtb
0.35085215643160694,0,astro6,cxtb
0.3785547665041326,0,astro6,cxtb
0.36954794274041675,0,astro6,cxtb
0.37991793786683636,0,astro6,cxtb
0.3817285407256321,0,astro6,cxtb
0.41269168645543697,0,astro6,cxtb
0.4061272127482599,0,astro6,cxtb
0.3910010986412255,0,astro6,cxtb
0.420520626925379,0,astro6,cxtb
0.43747418664366466,0,astro6,cxtb
0.4278722555323522,0,astro6,cxtb
0.41381490428176965,0,astro6,cxtb
0.4121363482565633,0,astro6,cxtb
0.42474586396226166,0,astro6,cxtb
0.4093241815796476,0,astro6,cxtb
0.4344534363623382,0,astro6,cxtb
0.4142888349121556,0,astro6,cxtb
0.4309435876331546,0,astro6,cxtb
0.4235708576135139,0,astro6,cxtb
0.4359635386649803,0,astro6,cxtb
0.41469723126014885,0,astro6,cxtb
0.3916895993595453,0,astro6,cxtb
0.3875424740572112,0,astro6,cxtb
0.38804526821810975,0,astro6,cxtb
0.38750267515627745,0,astro6,cxtb
0.37133662615567553,0,astro6,cxtb
0.3548315729646547,0,astro6,cxtb
0.32873943857386806,0,astro6,cxtb
0.331912126237455,0,astro6,cxtb
0.32021769171455605,0,astro6,cxtb
0.29532161598577855,0,astro6,cxtb
0.3063930892842863,0,astro6,cxtb
0.3023418939380351,0,astro6,cxtb
0.28959947443804346,0,astro6,cxtb
0.31322356013785685,0,astro6,cxtb
0.2851773417303923,0,astro6,cxtb
0.2713693756128966,0,astro6,cxtb
0.2656782431005771,0,astro6,cxtb
0.29324963320198427,0,astro6,cxtb
0.2734252082557913,0,astro6,cxtb
0.2652997580154152,0,astro6,cxtb
0.2661597159939221,0,astro6,cxtb
0.27812335491903495,0,astro6,cxtb
0.28618415558608173,0,astro6,cxtb
0.28933894015779027,0,astro6,cxtb
0.25989606502798146,0,astro6,cxtb
0.2897270879541198,0,astro6,cxtb
0.28709914551293714,0,astro6,cxtb
0.29030067278632965,0,astro6,cxtb
0.27969441870891937,0,astro6,cxtb
0.2752723607448002,0,astro6,cxtb
0.26859349793537596,0,astro6,cxtb
0.2667412276269045,0,astro6,cxtb
0.26509691120591616,0,astro6,cxtb
0.2618316480823865,0,astro6,cxtb
0.27252329117628904,0,astro6,cxtb
0.2598540398497763,0,astro6,cxtb
0.2740942673884288,0,astro6,cxtb
0.2602555347430822,0,astro6,cxtb
0.27247119248864726,0,astro6,cxtb
0.2911832835688759,0,astro6,cxtb
0.2623357045746179,0,astro6,cxtb
0.25046719320702043,0,astro6,cxtb
0.2803508826892345,0,astro6,cxtb
0.2830273903157668,0,astro6,cxtb
0.27655382501976344,0,astro6,cxtb
0.2668339734999444,0,astro6,cxtb
0.24752543690521062,0,astro6,cxtb
0.24848657738049468,0,astro6,cxtb
0.27135905487360357,0,astro6,cxtb
0.29307206541479,0,astro6,cxtb
0.2732774845210283,0,astro6,cxtb
0.2726295412619744,0,astro6,cxtb
0.2806458995792617,0,astro6,cxtb
0.25877029384889016,0,astro6,cxtb
0.2666482930144338,0,astro6,cxtb
0.27766717572816607,0,astro6,cxtb
0.26830180643632856,0,astro6,cxtb
0.296739018301463,0,astro6,cxtb
0.29357495071122097,0,astro6,cxtb
0.27779246161156584,0,astro6,cxtb
0.2789364542643629,0,astro6,cxtb
0.25877939901173036,0,astro6,cxtb
0.29326734873019944,0,astro6,cxtb
0.25875776012046114,0,astro6,cxtb
0.29809161236615866,0,astro6,cxtb
0.2920067628535371,0,astro6,cxtb
0.2770321767121119,0,astro6,cxtb
0.29241525853605954,0,astro6,cxtb
0.28977080054073745,0,astro6,cxtb
0.2970253932290449,0,astro6,cxtb
0.2827267539675858,0,astro6,cxtb
0.27858971799807997,0,astro6,cxtb
0.2797103283274744,0,astro6,cxtb
0.2971488176795654,0,astro6,cxtb
0.27720379100290354,0,astro6,cxtb
0.2767607069135513,0,astro6,cxtb
0.273755641292071,0,astro6,cxtb
0.26869719560804634,0,astro6,cxtb
0.26384413185557803,0,astro6,cxtb
0.27628066781204186,0,astro6,cxtb
0.2929691729144309,0,astro6,cxtb
0.28122839359158197,0,astro6,cxtb
0.2981367588472461,0,astro6,cxtb
0.2941876996182672,0,astro6,cxtb
0.28487318681379264,0,astro6,cxtb
0.28723127558108114,0,astro6,cxtb
0.29952488485706624,0,astro6,cxtb
0.3115877392471303,0,astro6,cxtb
0.29930883388238905,0,astro6,cxtb
0.2933511140565438,0,astro6,cxtb
0.29404853603383085,0,astro6,cxtb
0.32306545843805007,0,astro6,cxtb
0.3044754230148589,0,astro6,cxtb
0.304144705880824,0,astro6,cxtb
0.3168138102547987,0,astro6,cxtb
0.30176381788388656,0,astro6,cxtb
0.31937307941748083,0,astro6,cxtb
0.3027350296773951,0,astro6,cxtb
0.31278462806622226,0,astro6,cxtb
0.3050694621512199,0,astro6,cxtb
0.3251495372023165,0,astro6,cxtb
0.3107438810631322,0,astro6,cxtb
0.31249510394340824,0,astro6,cxtb
0.3128825012377132,0,astro6,cxtb
0.2844782076058722,0,astro6,cxtb
0.31124183517108284,0,astro6,cxtb
0.30375269151902584,0,astro6,cxtb
0.27918674595818416,0,astro6,cxtb
0.30987674491698797,0,astro6,cxtb
0.3045083661556679,0,astro6,cxtb
0.32063750705033583,0,astro6,cxtb
0.305849929081055,0,astro6,cxtb
0.29737656190622036,0,astro6,cxtb
0.3018565162704618,0,astro6,cxtb
0.32439845023733926,0,astro6,cxtb
0.33172262127154295,0,astro6,cxtb
0.32603349408428994,0,astro6,cxtb
0.34084291893944607,0,astro6,cxtb
0.3260484741644166,0,astro6,cxtb
0.32449059843117006,0,astro6,cxtb
0.32231770261473325,0,astro6,cxtb
0.33858922495917104,0,astro6,cxtb
0.3192509585221466,0,astro6,cxtb
0.313702623587936,0,astro6,cxtb
0.31066342126975416,0,astro6,cxtb
0.3164161001261815,0,astro6,cxtb
0.3135018956606146,0,astro6,cxtb
0.3239543016759966,0,astro6,cxtb
0.3102564181241262,0,astro6,cxtb
0.31210621083600876,0,astro6,cxtb
0.315148276687745,0,astro6,cxtb
0.3158365495553575,0,astro6,cxtb
0.2999444498405217,0,astro6,cxtb
0.3036899450305486,0,astro6,cxtb
0.2616257169699415,0,astro6,cxtb
0.2890130526000568,0,astro6,cxtb
0.33301544305100855,0,astro6,cxtb
0.3039784446692526,0,astro6,cxtb
0.28531009633385046,0,astro6,cxtb
0.2944736910364693,0,astro6,cxtb
0.2962449898257634,0,astro6,cxtb
0.31607229279016263,0,astro6,cxtb
0.3170086228204574,0,astro6,cxtb
0.30190027176110296,0,astro6,cxtb
0.29867888907961626,0,astro6,cxtb
0.28492869934796855,0,astro6,cxtb
0.3035898294567775,0,astro6,cxtb
0.32813687056964164,0,astro6,cxtb
0.3124841164092587,0,astro6,cxtb
0.3174412698912169,0,astro6,cxtb
0.32098005923933026,0,astro6,cxtb
0.2995177490800704,0,astro6,cxtb
0.2796341773385125,0,astro6,cxtb
0.29057137682811746,0,astro6,cxtb
0.286495684059349,0,astro6,cxtb
0.28447973856094283,0,astro6,cxtb
0.28260153003333793,0,astro6,cxtb
0.2907162470131293,0,astro6,cxtb
0.2908541285524816,0,astro6,cxtb
0.2950513186877341,0,astro6,cxtb
0.2675149829309088,0,astro6,cxtb
0.2851686117729428,0,astro6,cxtb
0.3015604130292342,0,astro6,cxtb
0.317085132937623,0,astro6,cxtb
0.28681862483467147,0,astro6,cxtb
0.28460292578985186,0,astro6,cxtb
0.2718860656084049,0,astro6,cxtb
0.27418560050080926,0,astro6,cxtb
0.2836975172725432,0,astro6,cxtb
0.2812013600516183,0,astro6,cxtb
0.29669551098275565,0,astro6,cxtb
0.28882746657847774,0,astro6,cxtb
0.28581827536802107,0,astro6,cxtb
0.31460420272106754,0,astro6,cxtb
0.31554918025863693,0,astro6,cxtb
0.30213839569890916,0,astro6,cxtb
0.30882706659277886,0,astro6,cxtb
0.31989584610613436,0,astro6,cxtb
0.2967963597212629,0,astro6,cxtb
0.3055289636546496,0,astro6,cxtb
0.30476060019678336,0,astro6,cxtb
0.3244203675895163,0,astro6,cxtb
0.2782094315622558,0,astro6,cxtb
0.30736223314350786,0,astro6,cxtb
0.30296881290416416,0,astro6,cxtb
0.2987938661754565,0,astro6,cxtb
0.27906510564023373,0,astro6,cxtb
0.2767388632415102,0,astro6,cxtb
0.3213362617529785,0,astro6,cxtb
0.30927589630063973,0,astro6,cxtb
0.2756236561810187,0,astro6,cxtb
0.27715196430484573,0,astro6,cxtb
0.2767133345253026,0,astro6,cxtb
0.26844509623783136,0,astro6,cxtb
0.27273611788473556,0,astro6,cxtb
0.2959907490713592,0,astro6,cxtb
0.3183816427568842,0,astro6,cxtb
0.31174660542578386,0,astro6,cxtb
0.29220599170023753,0,astro6,cxtb
0.2893073183196821,0,astro6,cxtb
0.29752561923947185,0,astro6,cxtb
0.30813728444578303,0,astro6,cxtb
0.3227935125244075,0,astro6,cxtb
0.33410062672993324,0,astro6,cxtb
0.30242129354251307,0,astro6,cxtb
0.3272010150432199,0,astro6,cxtb
0.32507501802528144,0,astro6,cxtb
0.33431171566572887,0,astro6,cxtb
0.3431440184860702,0,astro6,cxtb
0.33989114815240357,0,astro6,cxtb
0.33664923815101283,0,astro6,cxtb
0.32791066100754895,0,astro6,cxtb
0.3272949266746067,0,astro6,cxtb
0.3137615987962053,0,astro6,cxtb
0.32139437052825753,0,astro6,cxtb
0.3228522870212183,0,astro6,cxtb
0.3076876000040268,0,astro6,cxtb
0.3261197493849587,0,astro6,cxtb
0.32980780790384107,0,astro6,cxtb
0.3162197233004395,0,astro6,cxtb
0.3210038868874822,0,astro6,cxtb
0.33756746285134537,0,astro6,cxtb
0.3223541714290641,0,astro6,cxtb
0.32644273168001775,0,astro6,cxtb
0.30305173089892534,0,astro6,cxtb
0.3061761288635781,0,astro6,cxtb
0.3119630808236055,0,astro6,cxtb
0.3125207039437885,0,astro6,cxtb
0.3147471197440782,0,astro6,cxtb
0.3027114374685043,0,astro6,cxtb
0.2858423114604015,0,astro6,cxtb
0.319576238395995,0,astro6,cxtb
0.29984190184273074,0,astro6,cxtb
0.3101996178167033,0,astro6,cxtb
0.2900289494420786,0,astro6,cxtb
0.2967376946110247,0,astro6,cxtb
0.31166378970202613,0,astro6,cxtb
0.307776166248463,0,astro6,cxtb
0.28935625949378274,0,astro6,cxtb
0.3098280288562058,0,astro6,cxtb
0.2889365542358489,0,astro6,cxtb
0.2850690726243678,0,astro6,cxtb
0.3202309968235457,0,astro6,cxtb
0.3064197535247178,0,astro6,cxtb
0.30472157385787224,0,astro6,cxtb
0.3055380512089995,0,astro6,cxtb
0.287516441248878,0,astro6,cxtb
0.2979169814349793,0,astro6,cxtb
0.2874756427887145,0,astro6,cxtb
0.274260913480745,0,astro6,cxtb
0.2942608643618738,0,astro6,cxtb
0.2943472394070959,0,astro6,cxtb
0.2969128021608597,0,astro6,cxtb
0.29275358694946746,0,astro6,cxtb
0.2929919198654801,0,astro6,cxtb
0.29885912532043674,0,astro6,cxtb
0.27607599440454034,0,astro6,cxtb
0.2790410743957829,0,astro6,cxtb
0.2989746687507028,0,astro6,cxtb
0.27574473803284866,0,astro6,cxtb
0.277443139245629,0,astro6,cxtb
0.2810503059194917,0,astro6,cxtb
0.2764743095422543,0,astro6,cxtb
0.29516481646238596,0,astro6,cxtb
0.28117161620265446,0,astro6,cxtb
0.3013051716027779,0,astro6,cxtb
0.31098244881321,0,astro6,cxtb
0.30849912708157856,0,astro6,cxtb
0.3131397634323954,0,astro6,cxtb
0.2921008551444817,0,astro6,cxtb
0.29113393950522415,0,astro6,cxtb
0.31293333704874576,0,astro6,cxtb
0.3367013744173056,0,astro6,cxtb
0.30922360458919473,0,astro6,cxtb
0.28697040440433885,0,astro6,cxtb
0.3235605902257526,0,astro6,cxtb
0.3257375750087053,0,astro6,cxtb
0.32483911131961196,0,astro6,cxtb
0.34085935399519396,0,astro6,cxtb
0.33999401866105994,0,astro6,cxtb
0.34021496973019805,0,astro6,cxtb
0.3661214439504586,0,astro6,cxtb
0.3698905208450509,0,astro6,cxtb
0.3535854755099299,0,astro6,cxtb
0.3504868591625206,0,astro6,cxtb
0.362330302058728,0,astro6,cxtb
0.36562654226479924,0,astro6,cxtb
0.34604655692636704,0,astro6,cxtb
0.3668086567608995,0,astro6,cxtb
0.3276198242688176,0,astro6,cxtb
0.31390232223737724,0,astro6,cxtb
0.32306171966738806,0,astro6,cxtb
0.30635826809650096,0,astro6,cxtb
0.30807966342157034,0,astro6,cxtb
0.3057422624102605,0,astro6,cxtb
0.3062259797056436,0,astro6,cxtb
0.3009267485688232,0,astro6,cxtb
0.3006752855554667,0,astro6,cxtb
0.2868663075142683,0,astro6,cxtb
0.31312322284369504,0,astro6,cxtb
0.3263172240742318,0,astro6,cxtb
0.3350101762607782,0,astro6,cxtb
0.31269966973961166,0,astro6,cxtb
0.30460545858026855,0,astro6,cxtb
0.31285108442897314,0,astro6,cxtb
0.30272272651035415,0,astro6,cxtb
0.31949811994678795,0,astro6,cxtb
0.3142423852732166,0,astro6,cxtb
0.3000386169722512,0,astro6,cxtb
0.29660324098177043,0,astro6,cxtb
0.2648537734009848,0,astro6,cxtb
0.2970054674605765,0,astro6,cxtb
0.2979482969973279,0,astro6,cxtb
0.28659720081702034,0,astro6,cxtb
0.29535073050415184,0,astro6,cxtb
0.28415004694786966,0,astro6,cxtb
0.2851498053250646,0,astro6,cxtb
0.28506758931558196,0,astro6,cxtb
0.29659174964114493,0,astro6,cxtb
0.2951639047976376,0,astro6,cxtb
0.3188060978222439,0,astro6,cxtb
0.33298458359686983,0,astro6,cxtb
0.2950426579314478,0,astro6,cxtb
0.27977250371246926,0,astro6,cxtb
0.2699632935902518,0,astro6,cxtb
0.2813417347365774,0,astro6,cxtb
0.28140742838826466,0,astro6,cxtb
0.26987239448305406,0,astro6,cxtb
0.27061055805615203,0,astro6,cxtb
0.2576324445820008,0,astro6,cxtb
0.28522943913572424,0,astro6,cxtb
0.29272732872541657,0,astro6,cxtb
0.29497013146258283,0,astro6,cxtb
0.3036633711930367,0,astro6,cxtb
0.2905588456594703,0,astro6,cxtb
0.3033619701656238,0,astro6,cxtb
0.29983653553140094,0,astro6,cxtb
0.27146451513466474,0,astro6,cxtb
0.2860684406449285,0,astro6,cxtb
0.2904931922530416,0,astro6,cxtb
0.29010524439118845,0,astro6,cxtb
0.28283494456750835,0,astro6,cxtb
0.26228493689189336,0,astro6,cxtb
0.27701472166140423,0,astro6,cxtb
0.2920945863419035,0,astro6,cxtb
0.287081731271893,0,astro6,cxtb
0.28429400611228894,0,astro6,cxtb
0.2713599174497049,0,astro6,cxtb
0.2702164498412879,0,astro6,cxtb
0.27983690286125384,0,astro6,cxtb
0.2826051246934744,0,astro6,cxtb
0.27906406091933567,0,astro6,cxtb
0.27725586778327604,0,astro6,cxtb
0.29123723030933507,0,astro6,cxtb
0.2923433531044089,0,astro6,cxtb
0.2873696327571191,0,astro6,cxtb
0.29552258435915646,0,astro6,cxtb
0.2770265076213612,0,astro6,cxtb
0.2856741770618167,0,astro6,cxtb
0.28544276416243314,0,astro6,cxtb
0.28850103493460216,0,astro6,cxtb
0.315084499416379,0,astro6,cxtb
0.2986102404137422,0,astro6,cxtb
0.2823227587408037,0,astro6,cxtb
0.30999382383372587,0,astro6,cxtb
0.286927353230107,0,astro6,cxtb
0.32932747801192025,0,astro6,cxtb
0.29367113929755495,0,astro6,cxtb
0.30517070036081445,0,astro6,cxtb
0.29465575187768,0,astro6,cxtb
0.2919026790341373,0,astro6,cxtb
0.28685963019847416,0,astro6,cxtb
0.27803035631405976,0,astro6,cxtb
0.28145638317021415,0,astro6,cxtb
0.29233024922198186,0,astro6,cxtb
0.29368744836057753,0,astro6,cxtb
0.2849095501337483,0,astro6,cxtb
0.28104643744602636,0,astro6,cxtb
0.27214660690141385,0,astro6,cxtb
0.27472148005657776,0,astro6,cxtb
0.259831196304086,0,astro6,cxtb
0.2773673513505626,0,astro6,cxtb
0.29318764899385463,0,astro6,cxtb
0.2993248864848078,0,astro6,cxtb
0.291495686766291,0,astro6,cxtb
0.2802656585320058,0,astro6,cxtb
0.28850877188197643,0,astro6,cxtb
0.274542058006952,0,astro6,cxtb
0.285440263545394,0,astro6,cxtb
0.28339695626768896,0,astro6,cxtb
0.29379921528586506,0,astro6,cxtb
0.30368477053919984,0,astro6,cxtb
0.3025018828149877,0,astro6,cxtb
0.30307780493827763,0,astro6,cxtb
0.337824765164677,0,astro6,cxtb
0.29116463892079825,0,astro6,cxtb
0.2946056418105625,0,astro6,cxtb
0.2881252317711344,0,astro6,cxtb
0.2887150111533649,0,astro6,cxtb
0.28768857379632545,0,astro6,cxtb
0.30658433996163115,0,astro6,cxtb
0.29687423336051694,0,astro6,cxtb
0.2796373210263381,0,astro6,cxtb
0.29547549330846984,0,astro6,cxtb
0.28042612519721277,0,astro6,cxtb
0.26906797648239567,0,astro6,cxtb
0.2817490208791018,0,astro6,cxtb
0.27480259055132605,0,astro6,cxtb
0.292448065615486,0,astro6,cxtb
0.2653319611245296,0,astro6,cxtb
0.26270788662969413,0,astro6,cxtb
0.26510624135572136,0,astro6,cxtb
0.27134795216251695,0,astro6,cxtb
0.2820477213192758,0,astro6,cxtb
0.28795187148891577,0,astro6,cxtb
0.31077339951849225,0,astro6,cxtb
0.2993114779745823,0,astro6,cxtb
0.30286020569364747,0,astro6,cxtb
0.26581250308912324,0,astro6,cxtb
0.27806217950592377,0,astro6,cxtb
0.28461734584798387,0,astro6,cxtb
0.2832838989419671,0,astro6,cxtb
0.2654396631047802,0,astro6,cxtb
0.25075131341206597,0,astro6,cxtb
0.28727316458165564,0,astro6,cxtb
0.2583498456070995,0,astro6,cxtb
0.2825582566348961,0,astro6,cxtb
0.2803904203425928,0,astro6,cxtb
0.27666544323578857,0,astro6,cxtb
0.26754094842395215,0,astro6,cxtb
0.2760286672118918,0,astro6,cxtb
0.28131282485888665,0,astro6,cxtb
0.2875763664781395,0,astro6,cxtb
0.26628964663482185,0,astro6,cxtb
0.29289112002756607,0,astro6,cxtb
0.2823775430069362,0,astro6,cxtb
0.2532196710631696,0,astro6,cxtb
0.2808691325004369,0,astro6,cxtb
0.27328874222812644,0,astro6,cxtb
0.2664807941526683,0,astro6,cxtb
0.26956060710895474,0,astro6,cxtb
0.24151440486209966,0,astro6,cxtb
0.2690772785922935,0,astro6,cxtb
0.28050266341122904,0,astro6,cxtb
0.2747070630122276,0,astro6,cxtb
0.28302177016302044,0,astro6,cxtb
0.2643390345020275,0,astro6,cxtb
0.2688386133849788,0,astro6,cxtb
0.2712038941169991,0,astro6,cxtb
0.27297499642861095,0,astro6,cxtb
0.2766989238998227,0,astro6,cxtb
0.2824663934104384,0,astro6,cxtb
0.28441344549086395,0,astro6,cxtb
0.3198799268586521,0,astro6,cxtb
0.2869187217798294,0,astro6,cxtb
0.3142284860127428,0,astro6,cxtb
0.30583019429322195,0,astro6,cxtb
0.29406562243414913,0,astro6,cxtb
0.2818802223829971,0,astro6,cxtb
0.2792846941045342,0,astro6,cxtb
0.2946860537865799,0,astro6,cxtb
0.2987631019755956,0,astro6,cxtb
0.2789047224093919,0,astro6,cxtb
0.309404662092315,0,astro6,cxtb
0.32069575153441054,0,astro6,cxtb
0.30292637979174175,0,astro6,cxtb
0.28511802747669773,0,astro6,cxtb
0.2768400622268829,0,astro6,cxtb
0.2916960901302718,0,astro6,cxtb
0.2843096847282875,0,astro6,cxtb
0.299470411784334,0,astro6,cxtb
0.3122647189400755,0,astro6,cxtb
0.28393681793543923,0,astro6,cxtb
0.2702973347373131,0,astro6,cxtb
0.2779872261702684,0,astro6,cxtb
0.273013744720895,0,astro6,cxtb
0.2903303185541908,0,astro6,cxtb
0.29433624911574235,0,astro6,cxtb
0.2899613981113445,0,astro6,cxtb
0.2874459179024886,0,astro6,cxtb
0.30387939527997715,0,astro6,cxtb
0.3038437240551602,0,astro6,cxtb
0.30580287690609237,0,astro6,cxtb
0.2832796925193618,0,astro6,cxtb
0.282028985253115,0,astro6,cxtb
0.28879709830514305,0,astro6,cxtb
0.26866349466952455,0,astro6,cxtb
0.2737561618747472,0,astro6,cxtb
0.25786436225726445,0,astro6,cxtb
0.25579801831153826,0,astro6,cxtb
0.2777359679306683,0,astro6,cxtb
0.28938212757223647,0,astro6,cxtb
0.2849293693198632,0,astro6,cxtb
0.28851067779103695,0,astro6,cxtb
0.28093115845245203,0,astro6,cxtb
0.30914428232586716,0,astro6,cxtb
0.2858804147924998,0,astro6,cxtb
0.28034488554413745,0,astro6,cxtb
0.2798970527766361,0,astro6,cxtb
0.2727597773860581,0,astro6,cxtb
0.2695992317522421,0,astro6,cxtb
0.27886451740970963,0,astro6,cxtb
0.27437098340252947,0,astro6,cxtb
0.27196677778946543,0,astro6,cxtb
0.26782368414566154,0,astro6,cxtb
0.2834016949692318,0,astro6,cxtb
0.2814632139792609,0,astro6,cxtb
0.2620350973435824,0,astro6,cxtb
0.26921012097242303,0,astro6,cxtb
0.29422109962128473,0,astro6,cxtb
0.2873441468657278,0,astro6,cxtb
0.28924499066548637,0,astro6,cxtb
0.29329496032652996,0,astro6,cxtb
0.2692240732599197,0,astro6,cxtb
0.27097959393384846,0,astro6,cxtb
0.27256789190602926,0,astro6,cxtb
0.27336934478711344,0,astro6,cxtb
0.27764665437577785,0,astro6,cxtb
0.2590117227766954,0,astro6,cxtb
0.26271333044038087,0,astro6,cxtb
0.25364537571385953,0,astro6,cxtb
0.2950294498900843,0,astro6,cxtb
0.27946801023862483,0,astro6,cxtb
0.2586015113561442,0,astro6,cxtb
0.2699944289757095,0,astro6,cxtb
0.27845836596061596,0,astro6,cxtb
0.2821165676919659,0,astro6,cxtb
0.2672602656258855,0,astro6,cxtb
0.28027124621787164,0,astro6,cxtb
0.2810929248320012,0,astro6,cxtb
0.27932528441825094,0,astro6,cxtb
0.30695604602097953,0,astro6,cxtb
0.2961314734272214,0,astro6,cxtb
0.2899271456342932,0,astro6,cxtb
0.2950719046638847,0,astro6,cxtb
0.2726071081271209,0,astro6,cxtb
0.27984510891551717,0,astro6,cxtb
0.2933103711898628,0,astro6,cxtb
0.2617848122719784,0,astro6,cxtb
0.29124132799010327,0,astro6,cxtb
0.3079370819438129,0,astro6,cxtb
0.29471222096516814,0,astro6,cxtb
0.31603567721097997,0,astro6,cxtb
0.2866900373256152,0,astro6,cxtb
0.28535843388115695,0,astro6,cxtb
0.295943903192354,0,astro6,cxtb
0.29493050334740173,0,astro6,cxtb
0.3066161592067225,0,astro6,cxtb
0.2928777060844488,0,astro6,cxtb
0.30374352331581345,0,astro6,cxtb
0.2946838527410106,0,astro6,cxtb
0.29112134595339945,0,astro6,cxtb
0.2948136602312615,0,astro6,cxtb
0.2954905228345539,0,astro6,cxtb
0.267213157015991,0,astro6,cxtb
0.2892667101393219,0,astro6,cxtb
0.2889331092584952,0,astro6,cxtb
0.2922275729831007,0,astro6,cxtb
0.2855315679014246,0,astro6,cxtb
0.2924986518359745,0,astro6,cxtb
0.28485277125870934,0,astro6,cxtb
0.2875858186458864,0,astro6,cxtb
0.2877554329317972,0,astro6,cxtb
0.30085070701989874,0,astro6,cxtb
0.2805308802435576,0,astro6,cxtb
0.3030527336264462,0,astro6,cxtb
0.30604876222209115,0,astro6,cxtb
0.30088331768772886,0,astro6,cxtb
0.29968817822099786,0,astro6,cxtb
0.2799609748017242,0,astro6,cxtb
0.2920748065463877,0,astro6,cxtb
0.28479430855388377,0,astro6,cxtb
0.28830619455408957,0,astro6,cxtb
0.2814388224443013,0,astro6,cxtb
0.29094540557690113,0,astro6,cxtb
0.2826817545494902,0,astro6,cxtb
0.2541138075887432,0,astro6,cxtb
0.2847219074881199,0,astro6,cxtb
0.2759044189633723,0,astro6,cxtb
0.2837512358059402,0,astro6,cxtb
0.2884892820603891,0,astro6,cxtb
0.295256086589473,0,astro6,cxtb
0.2852980402004769,0,astro6,cxtb
0.3125514146166788,0,astro6,cxtb
0.296784107958839,0,astro6,cxtb
0.26947185854594424,0,astro6,cxtb
0.2756982484408239,0,astro6,cxtb
0.30664414786605787,0,astro6,cxtb
0.28480607617110937,0,astro6,cxtb
0.2942637930667237,0,astro6,cxtb
0.2874660000848877,0,astro6,cxtb
0.2876487307326452,0,astro6,cxtb
0.261190314068082,0,astro6,cxtb
0.2704938792640922,0,astro6,cxtb
0.26506621767217253,0,astro6,cxtb
0.26364386075914303,0,astro6,cxtb
0.30012265661912024,0,astro6,cxtb
0.29856990359261254,0,astro6,cxtb
0.28107297537759557,0,astro6,cxtb
0.2861458901968546,0,astro6,cxtb
0.292332809365572,0,astro6,cxtb
0.3092244541093267,0,astro6,cxtb
0.30953388502266604,0,astro6,cxtb
0.2684218209072122,0,astro6,cxtb
0.25788681963109994,0,astro6,cxtb
0.2903641040260716,0,astro6,cxtb
0.26999604124130117,0,astro6,cxtb
0.2663768033758832,0,astro6,cxtb
0.2525814325826952,0,astro6,cxtb
0.24447840050089797,0,astro6,cxtb
0.24709500095483744,0,astro6,cxtb
0.24439483079513416,0,astro6,cxtb
0.25941558615339205,0,astro6,cxtb
0.28553978051960827,0,astro6,cxtb
0.2644107287824219,0,astro6,cxtb
0.24594281544966234,0,astro6,cxtb
0.2561497450155801,0,astro6,cxtb
0.27549754962204603,0,astro6,cxtb
0.27197680354753256,0,astro6,cxtb
0.2765616534914862,0,astro6,cxtb
0.27099158614422736,0,astro6,cxtb
0.24655263418798126,0,astro6,cxtb
0.25670971740926307,0,astro6,cxtb
0.25350218229842586,0,astro6,cxtb
0.26537714029529635,0,astro6,cxtb
0.2681384737634916,0,astro6,cxtb
0.2569715796968645,0,astro6,cxtb
0.2692316235647745,0,astro6,cxtb
0.26808043430271217,0,astro6,cxtb
0.27407582398896096,0,astro6,cxtb
0.28215190659832873,0,astro6,cxtb
0.3028085659420908,0,astro6,cxtb
0.2813690638210752,0,astro6,cxtb
0.3102853294951018,0,astro6,cxtb
0.30939092530471757,0,astro6,cxtb
0.2897968061794959,0,astro6,cxtb
0.29768942774248097,0,astro6,cxtb
0.282003189808482,0,astro6,cxtb
0.2684159976370053,0,astro6,cxtb
0.25537166213124635,0,astro6,cxtb
0.2887442914734927,0,astro6,cxtb
0.2802500782917563,0,astro6,cxtb
0.25589430897946785,0,astro6,cxtb
0.2778567225531109,0,astro6,cxtb
0.252705230883179,0,astro6,cxtb
0.26647769565393686,0,astro6,cxtb
0.2732437671349994,0,astro6,cxtb
0.2720198914782186,0,astro6,cxtb
0.27822307773048743,0,astro6,cxtb
0.294421519525142,0,astro6,cxtb
0.2974730845032126,0,astro6,cxtb
0.28344929370831834,0,astro6,cxtb
0.2791634654560277,0,astro6,cxtb
0.27832505004142155,0,astro6,cxtb
0.28824839197374374,0,astro6,cxtb
0.3058958518565749,0,astro6,cxtb
0.3225282624133354,0,astro6,cxtb
0.3326734586793542,0,astro6,cxtb
0.31696854069809216,0,astro6,cxtb
0.2919800316005836,0,astro6,cxtb
0.30460772703929895,0,astro6,cxtb
0.31441873696878997,0,astro6,cxtb
0.312876066717658,0,astro6,cxtb
0.3109448201578986,0,astro6,cxtb
0.316293874967408,0,astro6,cxtb
0.31186276356992654,0,astro6,cxtb
0.3153908855706096,0,astro6,cxtb
0.30705437130914576,0,astro6,cxtb
0.2857057092778539,0,astro6,cxtb
0.297145745049121,0,astro6,cxtb
0.2911326250983371,0,astro6,cxtb
0.28390724762082015,0,astro6,cxtb
0.2642422196266466,0,astro6,cxtb
0.28228928640366235,0,astro6,cxtb
0.27820638417695787,0,astro6,cxtb
0.29992640469469645,0,astro6,cxtb
0.2816987464641236,0,astro6,cxtb
0.2915882552941973,0,astro6,cxtb
0.30574510914022307,0,astro6,cxtb
0.27657338921672037,0,astro6,cxtb
0.29513689877921834,0,astro6,cxtb
0.28283479770276815,0,astro6,cxtb
0.25009236391628575,0,astro6,cxtb
0.2758563867527222,0,astro6,cxtb
0.2874321278557548,0,astro6,cxtb
0.26720892820903885,0,astro6,cxtb
0.24988731000830455,0,astro6,cxtb
0.25665413108611995,0,astro6,cxtb
0.2725769641866587,0,astro6,cxtb
0.25722261141469427,0,astro6,cxtb
0.2777292460603865,0,astro6,cxtb
0.26626245241043667,0,astro6,cxtb
0.26917701829305457,0,astro6,cxtb
0.2606670412540461,0,astro6,cxtb
0.25459644813296534,0,astro6,cxtb
0.2489601274544881,0,astro6,cxtb
0.2639660191269694,0,astro6,cxtb
0.281132261770329,0,astro6,cxtb
0.2584255658786403,0,astro6,cxtb
0.26174235085891256,0,astro6,cxtb
0.24554341537268262,0,astro6,cxtb
0.27785291206081825,0,astro6,cxtb
0.2857485476236479,0,astro6,cxtb
0.25440629648023033,0,astro6,cxtb
0.27095625302907805,0,astro6,cxtb
0.2609881020735139,0,astro6,cxtb
0.24960822683828787,0,astro6,cxtb
0.23602029986881884,0,astro6,cxtb
0.24830925667272097,0,astro6,cxtb
0.26762322428552354,0,astro6,cxtb
0.25899577960847237,0,astro6,cxtb
0.25628244981662607,0,astro6,cxtb
0.2803204438104094,0,astro6,cxtb
0.29364685933350554,0,astro6,cxtb
0.2673601803269187,0,astro6,cxtb
0.2727546710680408,0,astro6,cxtb
0.27326557215135255,0,astro6,cxtb
0.27180387212570356,0,astro6,cxtb
0.2789657061488435,0,astro6,cxtb
0.2931940021296521,0,astro6,cxtb
0.2718709086043317,0,astro6,cxtb
0.27714750014956374,0,astro6,cxtb
0.27150622461704876,0,astro6,cxtb
0.2899133331059975,0,astro6,cxtb
0.3156425696550716,0,astro6,cxtb
0.29663292051456214,0,astro6,cxtb
0.29518120463523195,0,astro6,cxtb
0.30542690610956036,0,astro6,cxtb
0.30369040677501224,0,astro6,cxtb
0.295653902291651,0,astro6,cxtb
0.30793757083658685,0,astro6,cxtb
0.32017686420551356,0,astro6,cxtb
0.301162655542286,0,astro6,cxtb
0.30588074811617816,0,astro6,cxtb
0.32153520372201727,0,astro6,cxtb
0.31216822549353945,0,astro6,cxtb
0.32444311459927444,0,astro6,cxtb
0.3235952384120398,0,astro6,cxtb
0.3119515446664671,0,astro6,cxtb
0.31028978514245,0,astro6,cxtb
0.3237519879535531,0,astro6,cxtb
0.3041176156627823,0,astro6,cxtb
0.2982848094282734,0,astro6,cxtb
0.3044683313729879,0,astro6,cxtb
0.2991812744688311,0,astro6,cxtb
0.29753436571668984,0,astro6,cxtb
0.27822431251541785,0,astro6,cxtb
0.27479440413444206,0,astro6,cxtb
0.3081934680664736,0,astro6,cxtb
0.3050917020366975,0,astro6,cxtb
0.2968899185884491,0,astro6,cxtb
0.2978842258491776,0,astro6,cxtb
0.2982794307393327,0,astro6,cxtb
0.3308105859248705,0,astro6,cxtb
0.30933077959181954,0,astro6,cxtb
0.3137574415714415,0,astro6,cxtb
0.32260339063614507,0,astro6,cxtb
0.2943479766645054,0,astro6,cxtb
0.3112280137613344,0,astro6,cxtb
0.3021205575816038,0,astro6,cxtb
0.2799906541033118,0,astro6,cxtb
0.29220257803750926,0,astro6,cxtb
0.295789472646022,0,astro6,cxtb
0.27505418128604464,0,astro6,cxtb
0.29953046110746884,0,astro6,cxtb
0.3041863523131493,0,astro6,cxtb
0.30552648706571645,0,astro6,cxtb
0.28920444832408093,0,astro6,cxtb
0.3061017732603786,0,astro6,cxtb
0.30084908091375046,0,astro6,cxtb
0.31740448998648413,0,astro6,cxtb
0.3022680792978758,0,astro6,cxtb
0.32426965377256484,0,astro6,cxtb
0.3010461096647955,0,astro6,cxtb
0.30797670215244466,0,astro6,cxtb
0.33111306997563966,0,astro6,cxtb
0.3344096500661595,0,astro6,cxtb
0.3134688540778628,0,astro6,cxtb
0.3050758018353367,0,astro6,cxtb
0.2955987382452022,0,astro6,cxtb
0.3027761774433026,0,astro6,cxtb
0.300283097124049,0,astro6,cxtb
0.3047875737544779,0,astro6,cxtb
0.30144741496241834,0,astro6,cxtb
0.30376395363976477,0,astro6,cxtb
0.3051857208826356,0,astro6,cxtb
0.29363716554963065,0,astro6,cxtb
0.29622421439819735,0,astro6,cxtb
0.3012312019881038,0,astro6,cxtb
0.29575322979371194,0,astro6,cxtb
0.3176939879555131,0,astro6,cxtb
0.29778452004186234,0,astro6,cxtb
0.3033704483152854,0,astro6,cxtb
0.31735107554870845,0,astro6,cxtb
0.2963943884374209,0,astro6,cxtb
0.301567969640466,0,astro6,cxtb
0.29707790423004793,0,astro6,cxtb
0.3189452271498605,0,astro6,cxtb
0.324784214388238,0,astro6,cxtb
0.31417387403182706,0,astro6,cxtb
0.32943297626739054,0,astro6,cxtb
0.2950007936675595,0,astro6,cxtb
0.31859447387737055,0,astro6,cxtb
0.3010290788398629,0,astro6,cxtb
0.33069248508593424,0,astro6,cxtb
0.31414210202880083,0,astro6,cxtb
0.30128858844668277,0,astro6,cxtb
0.32859059083831615,0,astro6,cxtb
0.30824458670902144,0,astro6,cxtb
0.313010455388038,0,astro6,cxtb
0.3060537694188198,0,astro6,cxtb
0.3054193463821687,0,astro6,cxtb
0.30324426614180705,0,astro6,cxtb
0.3035134668026594,0,astro6,cxtb
0.29945070922136346,0,astro6,cxtb
0.3242106234688481,0,astro6,cxtb
0.34231244584114173,0,astro6,cxtb
0.34276681182637936,0,astro6,cxtb
0.3026514518912812,0,astro6,cxtb
0.28733630224217166,0,astro6,cxtb
0.28817085939462334,0,astro6,cxtb
0.32149066375289265,0,astro6,cxtb
0.3290844289243615,0,astro6,cxtb
0.3173619344281618,0,astro6,cxtb
0.3349193069802337,0,astro6,cxtb
0.3050037092263265,0,astro6,cxtb
0.29915345312007907,0,astro6,cxtb
0.30836867107924965,0,astro6,cxtb
0.3262731866291488,0,astro6,cxtb
0.31322528865852006,0,astro6,cxtb
0.3274431352612415,0,astro6,cxtb
0.3204372113357545,0,astro6,cxtb
0.32774025444607086,0,astro6,cxtb
0.31667693860840984,0,astro6,cxtb
0.3210159087246043,0,astro6,cxtb
0.3442486892855484,0,astro6,cxtb
0.29616740045402024,0,astro6,cxtb
0.3198473538739616,0,astro6,cxtb
0.30356182873268445,0,astro6,cxtb
0.3313660175623337,0,astro6,cxtb
0.3227131386081147,0,astro6,cxtb
0.32369681198344075,0,astro6,cxtb
0.323349734302832,0,astro6,cxtb
0.32048461679379464,0,astro6,cxtb
0.32269633178469886,0,astro6,cxtb
0.3097796151566695,0,astro6,cxtb
0.29887645568749827,0,astro6,cxtb
0.29047023691538854,0,astro6,cxtb
0.3197974343303257,0,astro6,cxtb
0.29053698878755896,0,astro6,cxtb
0.30678114413083174,0,astro6,cxtb
0.2950503478023484,0,astro6,cxtb
0.29616369690114264,0,astro6,cxtb
0.3094062588004711,0,astro6,cxtb
0.2911933666006187,0,astro6,cxtb
0.3078917167637407,0,astro6,cxtb
0.2925888297595853,0,astro6,cxtb
0.3244136864522808,0,astro6,cxtb
0.3070180688784473,0,astro6,cxtb
0.31064939664202035,0,astro6,cxtb
0.3167666868130325,0,astro6,cxtb
0.2930650710936751,0,astro6,cxtb
0.3023391335054169,0,astro6,cxtb
0.28140439648391724,0,astro6,cxtb
0.31123331030053547,0,astro6,cxtb
0.2949879442708649,0,astro6,cxtb
0.3332941503914271,0,astro6,cxtb
0.3414424317812067,0,astro6,cxtb
0.33174773698335464,0,astro6,cxtb
0.329384422472016,0,astro6,cxtb
0.34226322280060334,0,astro6,cxtb
0.36406037180712014,0,astro6,cxtb
0.3779876670658293,0,astro6,cxtb
0.35965075044837136,0,astro6,cxtb
0.35702685157069736,0,astro6,cxtb
0.3634149076494188,0,astro6,cxtb
0.37530307433161475,0,astro6,cxtb
0.37928115488058994,0,astro6,cxtb
0.3865077848674322,0,astro6,cxtb
0.39005928980652604,0,astro6,cxtb
0.42528516126133437,0,astro6,cxtb
0.3689629491915264,0,astro6,cxtb
0.3605302553319218,0,astro6,cxtb
0.3725687613696837,0,astro6,cxtb
0.38037445007443427,0,astro6,cxtb
0.38069811189205255,0,astro6,cxtb
0.3768618682017818,0,astro6,cxtb
0.3814698895622252,0,astro6,cxtb
0.3837492095674645,0,astro6,cxtb
0.38117445990625515,0,astro6,cxtb
0.3783801130960261,0,astro6,cxtb
0.38840534513495134,0,astro6,cxtb
0.3730698719591286,0,astro6,cxtb
0.41317097405322994,0,astro6,cxtb
0.40452120095853566,0,astro6,cxtb
0.38490160477839236,0,astro6,cxtb
0.4004116184071546,0,astro6,cxtb
0.3979554667343507,0,astro6,cxtb
0.39008798047780874,0,astro6,cxtb
0.39234797940525395,0,astro6,cxtb
0.3643571275191485,0,astro6,cxtb
0.38154688512374907,0,astro6,cxtb
0.4053913367087134,0,astro6,cxtb
0.41149433900605886,0,astro6,cxtb
0.4189767628112267,0,astro6,cxtb
0.397079625782481,0,astro6,cxtb
0.4194241327272997,0,astro6,cxtb
0.41740454156770745,0,astro6,cxtb
0.39902986685655273,0,astro6,cxtb
0.39622194495743,0,astro6,cxtb
0.45049957766995935,0,astro6,cxtb
0.4419311001895295,0,astro6,cxtb
0.4104493334034401,0,astro6,cxtb
0.42139591714742597,0,astro6,cxtb
0.3938924093566532,0,astro6,cxtb
0.3915989679538379,0,astro6,cxtb
0.41680521808639415,0,astro6,cxtb
0.41177943664063704,0,astro6,cxtb
0.39798102635140786,0,astro6,cxtb
0.419481134377235,0,astro6,cxtb
0.38519640144876405,0,astro6,cxtb
0.37531080201835376,0,astro6,cxtb
0.38902106310000645,0,astro6,cxtb
0.3986830192852858,0,astro6,cxtb
0.3881812610674611,0,astro6,cxtb
0.40374264758938144,0,astro6,cxtb
0.3811313090197164,0,astro6,cxtb
0.3601244107862097,0,astro6,cxtb
0.3789962392602578,0,astro6,cxtb
0.3501507476771389,0,astro6,cxtb
0.3577950406229564,0,astro6,cxtb
0.3375274526647283,0,astro6,cxtb
0.36127191678816045,0,astro6,cxtb
0.3573270853794318,0,astro6,cxtb
0.37721670795069356,0,astro6,cxtb
0.36035054704668146,0,astro6,cxtb
0.3466349551629383,0,astro6,cxtb
0.3341561885785202,0,astro6,cxtb
0.33412854290729227,0,astro6,cxtb
0.3618437540367258,0,astro6,cxtb
0.3830681857471272,0,astro6,cxtb
0.3581713013501949,0,astro6,cxtb
0.3720542340829235,0,astro6,cxtb
0.3537909351864723,0,astro6,cxtb
0.3343599582898812,0,astro6,cxtb
0.3476207749870379,0,astro6,cxtb
0.37403340556174464,0,astro6,cxtb
0.35620857170736536,0,astro6,cxtb
0.3343293416180423,0,astro6,cxtb
0.31081113972351343,0,astro6,cxtb
0.33398241495595976,0,astro6,cxtb
0.3277698250989758,0,astro6,cxtb
0.30449584862609297,0,astro6,cxtb
0.3134567632456572,0,astro6,cxtb
0.30239702803154805,0,astro6,cxtb
0.33717271766172724,0,astro6,cxtb
0.35237718867646417,0,astro6,cxtb
0.3266784308705601,0,astro6,cxtb
0.3154866626405475,0,astro6,cxtb
0.30972822587275256,0,astro6,cxtb
0.2976106988409915,0,astro6,cxtb
0.32401081254552755,0,astro6,cxtb
0.32023528606935275,0,astro6,cxtb
0.32076512802645496,0,astro6,cxtb
0.30443459351904467,0,astro6,cxtb
0.31861330059155873,0,astro6,cxtb
0.3255956004952319,0,astro6,cxtb
0.33683606738236704,0,astro6,cxtb
0.3183542673430516,0,astro6,cxtb
0.3250843707432101,0,astro6,cxtb
0.32311721584464653,0,astro6,cxtb
0.31395482815644477,0,astro6,cxtb
0.30051152578465345,0,astro6,cxtb
0.30379000138686435,0,astro6,cxtb
0.30842409848250407,0,astro6,cxtb
0.31967252818109787,0,astro6,cxtb
0.2879807843409516,0,astro6,cxtb
0.30521784074732206,0,astro6,cxtb
0.3032879099501242,0,astro6,cxtb
0.31638401560937873,0,astro6,cxtb
0.3435408669369817,0,astro6,cxtb
0.33051523325863086,0,astro6,cxtb
0.3429702414658624,0,astro6,cxtb
0.32799637534050397,0,astro6,cxtb
0.3308187012650799,0,astro6,cxtb
0.31957556898217987,0,astro6,cxtb
0.32822714758378435,0,astro6,cxtb
0.3155814548445456,0,astro6,cxtb
0.3174745514080315,0,astro6,cxtb
0.3094084889363741,0,astro6,cxtb
0.3338121494860141,0,astro6,cxtb
0.33224869891169645,0,astro6,cxtb
0.35320715007491993,0,astro6,cxtb
0.3352968749173729,0,astro6,cxtb
0.3037776675843251,0,astro6,cxtb
0.30966284726763293,0,astro6,cxtb
0.31677444838396096,0,astro6,cxtb
0.32173288879565287,0,astro6,cxtb
0.33609431333847944,0,astro6,cxtb
0.3187704696891148,0,astro6,cxtb
0.3106677233667364,0,astro6,cxtb
0.30672475342077915,0,astro6,cxtb
0.3003048442967106,0,astro6,cxtb
0.305960032134124,0,astro6,cxtb
0.286371071565911,0,astro6,cxtb
0.2917151551239768,0,astro6,cxtb
0.27543611173842203,0,astro6,cxtb
0.2750722427119189,0,astro6,cxtb
0.2955267337027412,0,astro6,cxtb
0.28458260407465447,0,astro6,cxtb
0.28312257555261905,0,astro6,cxtb
0.30077063475532667,0,astro6,cxtb
0.30304312301927755,0,astro6,cxtb
0.2967299819107791,0,astro6,cxtb
0.2657237672468056,0,astro6,cxtb
0.2519612448713746,0,astro6,cxtb
0.2485034765630125,0,astro6,cxtb
0.26357647531979117,0,astro6,cxtb
0.26075220180093966,0,astro6,cxtb
0.2394897067526948,0,astro6,cxtb
0.25669824461977553,0,astro6,cxtb
0.24649406484983807,0,astro6,cxtb
0.2787554096546884,0,astro6,cxtb
0.2552767647779646,0,astro6,cxtb
0.27206005774302494,0,astro6,cxtb
0.28228837332662676,0,astro6,cxtb
0.2900177977748511,0,astro6,cxtb
0.2827172088168163,0,astro6,cxtb
0.25959603833148587,0,astro6,cxtb
0.26732368866688405,0,astro6,cxtb
0.2728990920025264,0,astro6,cxtb
0.26642032848203706,0,astro6,cxtb
0.26324077367299004,0,astro6,cxtb
0.25896627344083045,0,astro6,cxtb
0.28457939751470895,0,astro6,cxtb
0.287664097254408,0,astro6,cxtb
0.29242824722335115,0,astro6,cxtb
0.26441604236353816,0,astro6,cxtb
0.2634617149608329,0,astro6,cxtb
0.26162911967838826,0,astro6,cxtb
0.263975079565249,0,astro6,cxtb
0.2742108484263605,0,astro6,cxtb
0.2743444431452278,0,astro6,cxtb
0.26262539653938766,0,astro6,cxtb
0.24208330867692365,0,astro6,cxtb
0.25953056867614166,0,astro6,cxtb
0.2743583304207526,0,astro6,cxtb
0.2826578687012002,0,astro6,cxtb
0.27378430374388135,0,astro6,cxtb
0.2583632980527536,0,astro6,cxtb
0.27931421916445753,0,astro6,cxtb
0.26172564768952555,0,astro6,cxtb
0.25955699670816446,0,astro6,cxtb
0.260765393576291,0,astro6,cxtb
0.2742742860492818,0,astro6,cxtb
0.285559453404903,0,astro6,cxtb
0.2728718249712813,0,astro6,cxtb
0.26311536678214753,0,astro6,cxtb
0.25226665560068423,0,astro6,cxtb
0.28080227680654823,0,astro6,cxtb
0.2981093819377129,0,astro6,cxtb
0.2857066680504972,0,astro6,cxtb
0.2679587532205249,0,astro6,cxtb
0.2925267676351349,0,astro6,cxtb
0.2719897528298344,0,astro6,cxtb
0.27268937871037197,0,astro6,cxtb
0.27604772156946444,0,astro6,cxtb
0.2615216704992385,0,astro6,cxtb
0.2804862416273132,0,astro6,cxtb
0.28987324051386604,0,astro6,cxtb
0.27800789357501426,0,astro6,cxtb
0.2665681951274446,0,astro6,cxtb
0.2561997199744538,0,astro6,cxtb
0.2950732157668338,0,astro6,cxtb
0.27064239257633443,0,astro6,cxtb
0.2770703985595902,0,astro6,cxtb
0.26857668209516256,0,astro6,cxtb
0.27022865272572466,0,astro6,cxtb
0.24962205534877005,0,astro6,cxtb
0.26360116683208434,0,astro6,cxtb
0.25474729138143487,0,astro6,cxtb
0.26912180182834544,0,astro6,cxtb
0.27095391302384253,0,astro6,cxtb
0.26534275031828425,0,astro6,cxtb
0.28602578433913983,0,astro6,cxtb
0.255588733395641,0,astro6,cxtb
0.24724500979099628,0,astro6,cxtb
0.2784136442769735,0,astro6,cxtb
0.2981615569042552,0,astro6,cxtb
0.27018084707824713,0,astro6,cxtb
0.28160621383417045,0,astro6,cxtb
0.26204661854615285,0,astro6,cxtb
0.2685021938011283,0,astro6,cxtb
0.27740390838760987,0,astro6,cxtb
0.290391536895505,0,astro6,cxtb
0.29142401214844216,0,astro6,cxtb
0.27783577040115903,0,astro6,cxtb
0.2902137051983183,0,astro6,cxtb
0.28363237465788865,0,astro6,cxtb
0.29219611478809887,0,astro6,cxtb
0.30108517598134354,0,astro6,cxtb
0.30059142301074193,0,astro6,cxtb
0.3079602069293109,0,astro6,cxtb
0.3065400349297686,0,astro6,cxtb
0.29649105332647835,0,astro6,cxtb
0.278129923350368,0,astro6,cxtb
0.28503415489032374,0,astro6,cxtb
0.27746185256859945,0,astro6,cxtb
0.2874676162074531,0,astro6,cxtb
0.28978735527729527,0,astro6,cxtb
0.27518613140061465,0,astro6,cxtb
0.2791510686037955,0,astro6,cxtb
0.26942455130424925,0,astro6,cxtb
0.26957921830583526,0,astro6,cxtb
0.27516044838963205,0,astro6,cxtb
0.2712206510995845,0,astro6,cxtb
0.2815406196839734,0,astro6,cxtb
0.28039193299073634,0,astro6,cxtb
0.27300461204244303,0,astro6,cxtb
0.26606989945870424,0,astro6,cxtb
0.2821256540588839,0,astro6,cxtb
0.2767270531168852,0,astro6,cxtb
0.29902199412838526,0,astro6,cxtb
0.3016660260478673,0,astro6,cxtb
0.28967725158325147,0,astro6,cxtb
0.29907518486132617,0,astro6,cxtb
0.30563653473987185,0,astro6,cxtb
0.29649061723458014,0,astro6,cxtb
0.3163415428000735,0,astro6,cxtb
0.31059759459156394,0,astro6,cxtb
0.32163102609216193,0,astro6,cxtb
0.32079490977413155,0,astro6,cxtb
0.3244174454865823,0,astro6,cxtb
0.3205728009658761,0,astro6,cxtb
0.30725748419627846,0,astro6,cxtb
0.30904185032465264,0,astro6,cxtb
0.3062917218930597,0,astro6,cxtb
0.3139528004047487,0,astro6,cxtb
0.29971163531519734,0,astro6,cxtb
0.30574998631021766,0,astro6,cxtb
0.29166001642885486,0,astro6,cxtb
0.2933389769514782,0,astro6,cxtb
0.2892316426545405,0,astro6,cxtb
0.29425953257235615,0,astro6,cxtb
0.290714274350604,0,astro6,cxtb
0.3104573201106696,0,astro6,cxtb
0.2925511211358332,0,astro6,cxtb
0.30051728511217013,0,astro6,cxtb
0.27417952584539695,0,astro6,cxtb
0.28076690487706957,0,astro6,cxtb
0.2889101611234834,0,astro6,cxtb
0.2913927034173289,0,astro6,cxtb
0.3044992136278628,0,astro6,cxtb
0.28837773048251497,0,astro6,cxtb
0.2655757919393541,0,astro6,cxtb
0.28648427457011966,0,astro6,cxtb
0.28869597207228853,0,astro6,cxtb
0.27693389240523986,0,astro6,cxtb
0.26422131150085415,0,astro6,cxtb
0.2742908873221911,0,astro6,cxtb
0.2893566404677845,0,astro6,cxtb
0.3178894053653522,0,astro6,cxtb
0.3342368057613177,0,astro6,cxtb
0.3239577943793933,0,astro6,cxtb
0.3318474349083818,0,astro6,cxtb
0.32462259359380274,0,astro6,cxtb
0.3233246446704729,0,astro6,cxtb
0.32821236729216574,0,astro6,cxtb
0.32946388522256015,0,astro6,cxtb
0.3426901332757981,0,astro6,cxtb
0.36667925643905325,0,astro6,cxtb
0.33314511998761276,0,astro6,cxtb
0.36098593253952443,0,astro6,cxtb
0.3333871082637138,0,astro6,cxtb
0.33361801907853084,0,astro6,cxtb
0.327632337766663,0,astro6,cxtb
0.3328505431434895,0,astro6,cxtb
0.3447098220903213,0,astro6,cxtb
0.34330245871687054,0,astro6,cxtb
0.34409075005076106,0,astro6,cxtb
0.349153253721372,0,astro6,cxtb
0.36595275251576664,0,astro6,cxtb
0.3600391791805472,0,astro6,cxtb
0.3317720679033093,0,astro6,cxtb
0.3276469255129545,0,astro6,cxtb
0.3110908760290947,0,astro6,cxtb
0.32972077144755024,0,astro6,cxtb
0.32790578144480786,0,astro6,cxtb
0.3173356172495759,0,astro6,cxtb
0.3184017953628559,0,astro6,cxtb
0.33094843112259137,0,astro6,cxtb
0.30088984261487134,0,astro6,cxtb
0.28577274524780305,0,astro6,cxtb
0.2912406607922711,0,astro6,cxtb
0.2894514217445974,0,astro6,cxtb
0.295087739792353,0,astro6,cxtb
0.30989749950399764,0,astro6,cxtb
0.31274355640505713,0,astro6,cxtb
0.2960789616496066,0,astro6,cxtb
0.31315024840551575,0,astro6,cxtb
0.29459288722010624,0,astro6,cxtb
0.2857681294489694,0,astro6,cxtb
0.31262508354201385,0,astro6,cxtb
0.2906089621116839,0,astro6,cxtb
0.2864123175320645,0,astro6,cxtb
0.2930171433358418,0,astro6,cxtb
0.2778214303562419,0,astro6,cxtb
0.2465500455147337,0,astro6,cxtb
0.28114658479931337,0,astro6,cxtb
0.30268122113424345,0,astro6,cxtb
0.27616011049523154,0,astro6,cxtb
0.27498677710754493,0,astro6,cxtb
0.2930878127159674,0,astro6,cxtb
0.2930370565653719,0,astro6,cxtb
0.2971036157882792,0,astro6,cxtb
0.28937283328547536,0,astro6,cxtb
0.27615894509979455,0,astro6,cxtb
0.30640366093991656,0,astro6,cxtb
0.31233171441002294,0,astro6,cxtb
0.33602541736818564,0,astro6,cxtb
0.31309817282383173,0,astro6,cxtb
0.30193185759537217,0,astro6,cxtb
0.3076877213650173,0,astro6,cxtb
0.3135841154617051,0,astro6,cxtb
0.319519618933018,0,astro6,cxtb
0.31062360126239374,0,astro6,cxtb
0.30555780296775903,0,astro6,cxtb
0.3524813449436847,0,astro6,cxtb
0.3265676598495836,0,astro6,cxtb
0.3105408086028765,0,astro6,cxtb
0.3193256632019263,0,astro6,cxtb
0.32674423775106465,0,astro6,cxtb
0.3295789517614963,0,astro6,cxtb
0.34340768977753605,0,astro6,cxtb
0.31450389573907406,0,astro6,cxtb
0.29792143671248905,0,astro6,cxtb
0.3084861718411707,0,astro6,cxtb
0.35318044661380416,0,astro6,cxtb
0.32347963355935877,0,astro6,cxtb
0.3231832194939519,0,astro6,cxtb
0.3053854096032206,0,astro6,cxtb
0.33937462420294334,0,astro6,cxtb
0.3506655972033586,0,astro6,cxtb
0.3737709206814506,0,astro6,cxtb
0.3317360863309375,0,astro6,cxtb
0.3293324992871673,0,astro6,cxtb
0.31469690189508503,0,astro6,cxtb
0.3344817080745243,0,astro6,cxtb
0.3178854734821191,0,astro6,cxtb
0.32333808075440623,0,astro6,cxtb
0.3252411561259234,0,astro6,cxtb
0.34591509216104965,0,astro6,cxtb
0.3551732155028062,0,astro6,cxtb
0.35750981785193914,0,astro6,cxtb
0.3488212761546839,0,astro6,cxtb
0.3598616741802843,0,astro6,cxtb
0.34370326611837226,0,astro6,cxtb
0.3244774319380453,0,astro6,cxtb
0.3601059086067602,0,astro6,cxtb
0.3679339892431838,0,astro6,cxtb
0.35806572219232946,0,astro6,cxtb
0.3574700819208806,0,astro6,cxtb
0.35632725344790805,0,astro6,cxtb
0.32285819966448653,0,astro6,cxtb
0.3440611025947496,0,astro6,cxtb
0.33715723862420327,0,astro6,cxtb
0.34497825457125625,0,astro6,cxtb
0.3350673121815573,0,astro6,cxtb
0.3627835165795388,0,astro6,cxtb
0.33820980080956087,0,astro6,cxtb
0.3384553512038038,0,astro6,cxtb
0.3537600916360832,0,astro6,cxtb
0.36425554140235705,0,astro6,cxtb
0.34310189446131595,0,astro6,cxtb
0.33536962863114816,0,astro6,cxtb
0.3356872840599694,0,astro6,cxtb
0.36102446412762207,0,astro6,cxtb
0.3424227136781152,0,astro6,cxtb
0.3228624491085451,0,astro6,cxtb
0.3076246903434602,0,astro6,cxtb
0.3491629530947578,0,astro6,cxtb
0.34520163672313947,0,astro6,cxtb
0.355748618415851,0,astro6,cxtb
0.312346893747803,0,astro6,cxtb
0.3093134607823091,0,astro6,cxtb
0.32390348784697154,0,astro6,cxtb
0.3315371212882216,0,astro6,cxtb
0.3364704867698318,0,astro6,cxtb
0.34031057968889133,0,astro6,cxtb
0.33203786716911315,0,astro6,cxtb
0.31750025913871105,0,astro6,cxtb
0.32250819252325524,0,astro6,cxtb
0.321068339738239,0,astro6,cxtb
0.3214259402673349,0,astro6,cxtb
0.3441572174384531,0,astro6,cxtb
0.34869772202655824,0,astro6,cxtb
0.3409863375149201,0,astro6,cxtb
0.32629647723923755,0,astro6,cxtb
0.33641302210116014,0,astro6,cxtb
0.33608289635833066,0,astro6,cxtb
0.3099964750475467,0,astro6,cxtb
0.32326909623832284,0,astro6,cxtb
0.3138189369927957,0,astro6,cxtb
0.3211884817074874,0,astro6,cxtb
0.32620941508911816,0,astro6,cxtb
0.33670758788193433,0,astro6,cxtb
0.30008220567752375,0,astro6,cxtb
0.3209243249612812,0,astro6,cxtb
0.3039238127789545,0,astro6,cxtb
0.29758847815522294,0,astro6,cxtb
0.3136265756201971,0,astro6,cxtb
0.30530863754493803,0,astro6,cxtb
0.34173602177137713,0,astro6,cxtb
0.30442756354100825,0,astro6,cxtb
0.33368890378933264,0,astro6,cxtb
0.3174277028675493,0,astro6,cxtb
0.3104343547744092,0,astro6,cxtb
0.30256891595047414,0,astro6,cxtb
0.2989781448171466,0,astro6,cxtb
0.3255712031543108,0,astro6,cxtb
0.30062549936871685,0,astro6,cxtb
0.3031987980135782,0,astro6,cxtb
0.31917565286694655,0,astro6,cxtb
0.3058044970190064,0,astro6,cxtb
0.31973018339856013,0,astro6,cxtb
0.3023841818644933,0,astro6,cxtb
0.3017124673706159,0,astro6,cxtb
0.2982453766519565,0,astro6,cxtb
0.2849002674527915,0,astro6,cxtb
0.28031262027714826,0,astro6,cxtb
0.28172325945244836,0,astro6,cxtb
0.2943215256119991,0,astro6,cxtb
0.27904684657317874,0,astro6,cxtb
0.2847617984705606,0,astro6,cxtb
0.27562380570833556,0,astro6,cxtb
0.30549663636266966,0,astro6,cxtb
0.28581321691208694,0,astro6,cxtb
0.27592880354526883,0,astro6,cxtb
0.26971127100079145,0,astro6,cxtb
0.2795038714055033,0,astro6,cxtb
0.2960688854122305,0,astro6,cxtb
0.2827787441313743,0,astro6,cxtb
0.2672394808011748,0,astro6,cxtb
0.25186345700783636,0,astro6,cxtb
0.2510067303496434,0,astro6,cxtb
0.26412795177982223,0,astro6,cxtb
0.26751850131146954,0,astro6,cxtb
0.28642571287316304,0,astro6,cxtb
0.2995867812168921,0,astro6,cxtb
0.27583301240315583,0,astro6,cxtb
0.2781651188794081,0,astro6,cxtb
0.2770087071161823,0,astro6,cxtb
0.269665422215769,0,astro6,cxtb
0.27741568009030176,0,astro6,cxtb
0.29241145076088826,0,astro6,cxtb
0.304333079847788,0,astro6,cxtb
0.29245809519490495,0,astro6,cxtb
0.31533431928982414,0,astro6,cxtb
0.30904772828644395,0,astro6,cxtb
0.2862772198203486,0,astro6,cxtb
0.27043893708637196,0,astro6,cxtb
0.28956152456004286,0,astro6,cxtb
0.2961754240062476,0,astro6,cxtb
0.3032011120792416,0,astro6,cxtb
0.3128438599534034,0,astro6,cxtb
0.31130118326899964,0,astro6,cxtb
0.29766748428475265,0,astro6,cxtb
0.28654627525241666,0,astro6,cxtb
0.2964551310837079,0,astro6,cxtb
0.2821834801218607,0,astro6,cxtb
0.2908530714777611,0,astro6,cxtb
0.2753054555238286,0,astro6,cxtb
0.27425772866968606,0,astro6,cxtb
0.25579640731002473,0,astro6,cxtb
0.29001288517589874,0,astro6,cxtb
0.2655696070521763,0,astro6,cxtb
0.2826301675409463,0,astro6,cxtb
0.28333572671385954,0,astro6,cxtb
0.2807634742722859,0,astro6,cxtb
0.26824754438360743,0,astro6,cxtb
0.282804505082059,0,astro6,cxtb
0.27262119782812594,0,astro6,cxtb
0.2675818406204838,0,astro6,cxtb
0.2726678787359204,0,astro6,cxtb
0.25544185553071713,0,astro6,cxtb
0.264694853924425,0,astro6,cxtb
0.2673186271955303,0,astro6,cxtb
0.26833107955022456,0,astro6,cxtb
0.2687772008607893,0,astro6,cxtb
0.26676251044273874,0,astro6,cxtb
0.29949070313007226,0,astro6,cxtb
0.28405469508636705,0,astro6,cxtb
0.2826970014867668,0,astro6,cxtb
0.2528460160363965,0,astro6,cxtb
0.27018533032380315,0,astro6,cxtb
0.26265692542636865,0,astro6,cxtb
0.2852810551534771,0,astro6,cxtb
0.29347031690060393,0,astro6,cxtb
0.2731212121051514,0,astro6,cxtb
0.25628657195627447,0,astro6,cxtb
0.262749669811549,0,astro6,cxtb
0.26192659822076814,0,astro6,cxtb
0.2639183479296733,0,astro6,cxtb
0.2615527669776951,0,astro6,cxtb
0.2536047272258815,0,astro6,cxtb
0.25323190952209557,0,astro6,cxtb
0.27877555419464123,0,astro6,cxtb
0.2796641989918766,0,astro6,cxtb
0.26001982347503944,0,astro6,cxtb
0.25987600742898576,0,astro6,cxtb
0.2608945965626286,0,astro6,cxtb
0.28358783632349094,0,astro6,cxtb
0.26555680125865827,0,astro6,cxtb
0.24825289889033803,0,astro6,cxtb
0.2677153761764709,0,astro6,cxtb
0.26672116547222674,0,astro6,cxtb
0.269179605739393,0,astro6,cxtb
0.2525937490917473,0,astro6,cxtb
0.24483342421697846,0,astro6,cxtb
0.2663741820648171,0,astro6,cxtb
0.2800199462743428,0,astro6,cxtb
0.2800510125772136,0,astro6,cxtb
0.2751715321971985,0,astro6,cxtb
0.2635523562513894,0,astro6,cxtb
0.2776335334760118,0,astro6,cxtb
0.2673581027846696,0,astro6,cxtb
0.2726746490083464,0,astro6,cxtb
0.2807014420126261,0,astro6,cxtb
0.28498476543012974,0,astro6,cxtb
0.29404691959022977,0,astro6,cxtb
0.2928656536166722,0,astro6,cxtb
0.2934127858146288,0,astro6,cxtb
0.27685802845439145,0,astro6,cxtb
0.278755803459769,0,astro6,cxtb
0.28213197738055534,0,astro6,cxtb
0.28065369454364986,0,astro6,cxtb
0.28226283780485567,0,astro6,cxtb
0.2882672455496643,0,astro6,cxtb
0.28546725381972754,0,astro6,cxtb
0.29439397816839813,0,astro6,cxtb
0.2750187315738806,0,astro6,cxtb
0.2844402113473603,0,astro6,cxtb
0.29576301067851757,0,astro6,cxtb
0.27748936557785675,0,astro6,cxtb
0.3015207222582993,0,astro6,cxtb
0.3042333210590155,0,astro6,cxtb
0.2935514476602901,0,astro6,cxtb
0.2997644690531175,0,astro6,cxtb
0.2861891870433078,0,astro6,cxtb
0.30817683344250973,0,astro6,cxtb
0.32859000194548343,0,astro6,cxtb
0.32079951761140274,0,astro6,cxtb
0.2866554650181226,0,astro6,cxtb
0.2783389460691031,0,astro6,cxtb
0.2876443258965596,0,astro6,cxtb
0.28393770146044733,0,astro6,cxtb
0.2867697185246953,0,astro6,cxtb
0.29462087143672133,0,astro6,cxtb
0.3061464128756815,0,astro6,cxtb
0.28775143189857394,0,astro6,cxtb
0.28613288657674757,0,astro6,cxtb
0.2910183687424825,0,astro6,cxtb
0.2648488917286205,0,astro6,cxtb
0.32285572682635943,0,astro6,cxtb
0.28164516356512903,0,astro6,cxtb
0.3017173694976902,0,astro6,cxtb
0.29218349909044583,0,astro6,cxtb
0.3058609872230839,0,astro6,cxtb
0.3047818990314202,0,astro6,cxtb
0.3127530128039144,0,astro6,cxtb
0.3153148259491556,0,astro6,cxtb
0.29804982510092004,0,astro6,cxtb
0.28582454666818913,0,astro6,cxtb
0.29395184064755575,0,astro6,cxtb
0.2801753477578062,0,astro6,cxtb
0.3033193879661957,0,astro6,cxtb
0.30037243875249336,0,astro6,cxtb
0.28934567543291634,0,astro6,cxtb
0.3142300226779881,0,astro6,cxtb
0.2986160250477411,0,astro6,cxtb
0.2921737060042943,0,astro6,cxtb
0.2785662433310841,0,astro6,cxtb
0.27999835808181267,0,astro6,cxtb
0.2866081053417116,0,astro6,cxtb
0.28189124347268474,0,astro6,cxtb
0.2688978812075732,0,astro6,cxtb
0.27329678634977267,0,astro6,cxtb
0.276249466879267,0,astro6,cxtb
0.26328277833353947,0,astro6,cxtb
0.28504085454809364,0,astro6,cxtb
0.284650109484602,0,astro6,cxtb
0.2903077909871384,0,astro6,cxtb
0.3017259650478531,0,astro6,cxtb
0.2701661760501485,0,astro6,cxtb
0.28813317827138696,0,astro6,cxtb
0.28511420858582626,0,astro6,cxtb
0.2903925588328053,0,astro6,cxtb
0.2934353222347858,0,astro6,cxtb
0.29040860394087253,0,astro6,cxtb
0.30872970946502676,0,astro6,cxtb
0.3192203018217142,0,astro6,cxtb
0.3171927603744521,0,astro6,cxtb
0.31790739485726033,0,astro6,cxtb
0.2937575901196684,0,astro6,cxtb
0.30196346472117797,0,astro6,cxtb
0.31565457664051966,0,astro6,cxtb
0.3261957910689529,0,astro6,cxtb
0.3046483321698655,0,astro6,cxtb
0.2977144345424986,0,astro6,cxtb
0.3209744630714103,0,astro6,cxtb
0.31303622816360754,0,astro6,cxtb
0.3112622348302412,0,astro6,cxtb
0.3067820693013185,0,astro6,cxtb
0.3069447809794066,0,astro6,cxtb
0.32912027008310624,0,astro6,cxtb
0.30877548244210984,0,astro6,cxtb
0.2906390678655004,0,astro6,cxtb
0.28350977484608364,0,astro6,cxtb
0.2721985106685857,0,astro6,cxtb
0.2944646150330365,0,astro6,cxtb
0.29960836573995875,0,astro6,cxtb
0.27365295738112555,0,astro6,cxtb
0.26832465413938644,0,astro6,cxtb
0.3037513385243905,0,astro6,cxtb
0.28628909431583077,0,astro6,cxtb
0.27384951485939013,0,astro6,cxtb
0.28510859432781305,0,astro6,cxtb
0.2557172562963801,0,astro6,cxtb
0.26659914660397255,0,astro6,cxtb
0.26792027294196163,0,astro6,cxtb
0.2783122143486581,0,astro6,cxtb
0.29787554521012066,0,astro6,cxtb
0.29611106600762116,0,astro6,cxtb
0.290124535559684,0,astro6,cxtb
0.2823843114655358,0,astro6,cxtb
1.8664060051654083,0,astro7,cxtb
1.2637359141767557,0,astro7,cxtb
1.146684952259364,0,astro7,cxtb
1.104778030470748,0,astro7,cxtb
1.073954278170655,0,astro7,cxtb
1.081012767913543,0,astro7,cxtb
1.0743589621086287,0,astro7,cxtb
1.0798417991533455,0,astro7,cxtb
1.073028421797617,0,astro7,cxtb
1.0792394280016533,0,astro7,cxtb
1.0647790063118068,0,astro7,cxtb
1.0457688511928351,0,astro7,cxtb
1.0086665245686164,0,astro7,cxtb
1.010646044374813,0,astro7,cxtb
0.9694755512845936,0,astro7,cxtb
0.9724368098206935,0,astro7,cxtb
0.9551253228421203,0,astro7,cxtb
0.9675269050807939,0,astro7,cxtb
0.948086736345778,0,astro7,cxtb
0.9610205419062291,0,astro7,cxtb
0.989144265121257,0,astro7,cxtb
0.9960688053237989,0,astro7,cxtb
0.9968787829224536,0,astro7,cxtb
0.9572592444813547,0,astro7,cxtb
0.930961724616154,0,astro7,cxtb
0.889602239035504,0,astro7,cxtb
0.8780881502282664,0,astro7,cxtb
0.8813827069243759,0,astro7,cxtb
0.8500032903386162,0,astro7,cxtb
0.8650869191974877,0,astro7,cxtb
0.8455596772648181,0,astro7,cxtb
0.8191287393931596,0,astro7,cxtb
0.8186535617243917,0,astro7,cxtb
0.7873205473467229,0,astro7,cxtb
0.8011020151601452,0,astro7,cxtb
0.8047335337095434,0,astro7,cxtb
0.7709849320388854,0,astro7,cxtb
0.7407469353628664,0,astro7,cxtb
0.7448068188461553,0,astro7,cxtb
0.7210635577760613,0,astro7,cxtb
0.6805581509636939,0,astro7,cxtb
0.6816294597183624,0,astro7,cxtb
0.6491751612297264,0,astro7,cxtb
0.6480703706512387,0,astro7,cxtb
0.6327690454169986,0,astro7,cxtb
0.6152125694971472,0,astro7,cxtb
0.6105907750195342,0,astro7,cxtb
0.6365865833153689,0,astro7,cxtb
0.645487311919804,0,astro7,cxtb
0.6308858539113973,0,astro7,cxtb
0.6168847211250876,0,astro7,cxtb
0.6017957320704114,0,astro7,cxtb
0.5863654549938374,0,astro7,cxtb
0.5957780351597346,0,astro7,cxtb
0.587578169303773,0,astro7,cxtb
0.5907852204666557,0,astro7,cxtb
0.5599046383328095,0,astro7,cxtb
0.5561829486861274,0,astro7,cxtb
0.5417304871981438,0,astro7,cxtb
0.5410607258453096,0,astro7,cxtb
0.5531101015654457,0,astro7,cxtb
0.5515012378840751,0,astro7,cxtb
0.5387373379605043,0,astro7,cxtb
0.5525292292612111,0,astro7,cxtb
0.5426866999491016,0,astro7,cxtb
0.5295998531584027,0,astro7,cxtb
0.5117048987922962,0,astro7,cxtb
0.5130793436586559,0,astro7,cxtb
0.5040147995142258,0,astro7,cxtb
0.49916696537022415,0,astro7,cxtb
0.4904714625845007,0,astro7,cxtb
0.4884847805861846,0,astro7,cxtb
0.4924148987176654,0,astro7,cxtb
0.4852606456699245,0,astro7,cxtb
0.5226597945518655,0,astro7,cxtb
0.5130477755584267,0,astro7,cxtb
0.49827151512977097,0,astro7,cxtb
0.5282422669303299,0,astro7,cxtb
0.518436710998331,0,astro7,cxtb
0.5308215981768074,0,astro7,cxtb
0.5109931505611084,0,astro7,cxtb
0.5351007428373439,0,astro7,cxtb
0.5467843085930714,0,astro7,cxtb
0.5509402707330334,0,astro7,cxtb
0.5555045778799911,0,astro7,cxtb
0.566899871118105,0,astro7,cxtb
0.5988100047190406,0,astro7,cxtb
0.5550822035068207,0,astro7,cxtb
0.5507927822821,0,astro7,cxtb
0.526347185665068,0,astro7,cxtb
0.5159247180210486,0,astro7,cxtb
0.49663189796847473,0,astro7,cxtb
0.4993712843075946,0,astro7,cxtb
0.4896397447663832,0,astro7,cxtb
0.49581050595772,0,astro7,cxtb
0.48803134111464513,0,astro7,cxtb
0.4604505115628101,0,astro7,cxtb
0.4690130450427539,0,astro7,cxtb
0.44278524462334734,0,astro7,cxtb
0.45761189642539835,0,astro7,cxtb
0.45447079191687034,0,astro7,cxtb
0.4493166566068498,0,astro7,cxtb
0.48844369932617704,0,astro7,cxtb
0.4526099675674706,0,astro7,cxtb
0.44683348473401724,0,astro7,cxtb
0.43721545863553496,0,astro7,cxtb
0.4279414114263547,0,astro7,cxtb
0.39419159310869906,0,astro7,cxtb
0.4156449330985098,0,astro7,cxtb
0.3956781140892459,0,astro7,cxtb
0.39833835585254185,0,astro7,cxtb
0.3691599052113669,0,astro7,cxtb
0.3915975748260175,0,astro7,cxtb
0.3988989977465904,0,astro7,cxtb
0.3820385555247233,0,astro7,cxtb
0.37322131934772185,0,astro7,cxtb
0.3740284189999292,0,astro7,cxtb
0.3628907364161564,0,astro7,cxtb
0.3605441833262538,0,astro7,cxtb
0.338894231772276,0,astro7,cxtb
0.3510746308621981,0,astro7,cxtb
0.3298607818605406,0,astro7,cxtb
0.3653532732774837,0,astro7,cxtb
0.3678861380117921,0,astro7,cxtb
0.38280964205547086,0,astro7,cxtb
0.3693037225860821,0,astro7,cxtb
0.3649509325047295,0,astro7,cxtb
0.3709527821406404,0,astro7,cxtb
0.3430501345834344,0,astro7,cxtb
0.3522060083909958,0,astro7,cxtb
0.3463969010879269,0,astro7,cxtb
0.34252353161260124,0,astro7,cxtb
0.30323176859162226,0,astro7,cxtb
0.35184104419867185,0,astro7,cxtb
0.34936831868013046,0,astro7,cxtb
0.34163897017181194,0,astro7,cxtb
0.3561529751402641,0,astro7,cxtb
0.3233666215149074,0,astro7,cxtb
0.3368586458528119,0,astro7,cxtb
0.3402233743799451,0,astro7,cxtb
0.3291253649005348,0,astro7,cxtb
0.33476499982524793,0,astro7,cxtb
0.34046911309979877,0,astro7,cxtb
0.3376841992931675,0,astro7,cxtb
0.3331001348688465,0,astro7,cxtb
0.34670835478910755,0,astro7,cxtb
0.3504126798260439,0,astro7,cxtb
0.2995864651337858,0,astro7,cxtb
0.3236517306421405,0,astro7,cxtb
0.3054854920916083,0,astro7,cxtb
0.30218782147306716,0,astro7,cxtb
0.3137783871601515,0,astro7,cxtb
0.316926000619656,0,astro7,cxtb
0.3116386749706479,0,astro7,cxtb
0.3300781303096177,0,astro7,cxtb
0.3148737268250672,0,astro7,cxtb
0.33773910265154494,0,astro7,cxtb
0.34010721052169485,0,astro7,cxtb
0.3387399316441849,0,astro7,cxtb
0.33752203230593125,0,astro7,cxtb
0.3708362928085349,0,astro7,cxtb
0.3463398104025329,0,astro7,cxtb
0.36100887745942434,0,astro7,cxtb
0.348973859548491,0,astro7,cxtb
0.3464196439233055,0,astro7,cxtb
0.34244417033046015,0,astro7,cxtb
0.3369632393301241,0,astro7,cxtb
0.3549291432181862,0,astro7,cxtb
0.3449013595892479,0,astro7,cxtb
0.33215086766525,0,astro7,cxtb
0.35158664880328344,0,astro7,cxtb
0.37161548383620807,0,astro7,cxtb
0.3727676610334214,0,astro7,cxtb
0.35327512750558776,0,astro7,cxtb
0.3246166502378927,0,astro7,cxtb
0.3520883530626798,0,astro7,cxtb
0.34161909235054705,0,astro7,cxtb
0.3229257592624612,0,astro7,cxtb
0.32976119597339304,0,astro7,cxtb
0.3452767529607948,0,astro7,cxtb
0.3325068565286883,0,astro7,cxtb
0.33726417023839794,0,astro7,cxtb
0.384001922609795,0,astro7,cxtb
0.381853738818612,0,astro7,cxtb
0.37001916701257026,0,astro7,cxtb
0.35562831649745547,0,astro7,cxtb
0.3363587003101685,0,astro7,cxtb
0.33539273193193936,0,astro7,cxtb
0.34035195852216804,0,astro7,cxtb
0.3471636063526383,0,astro7,cxtb
0.35350384788770733,0,astro7,cxtb
0.36295981471870703,0,astro7,cxtb
0.3576159044934264,0,astro7,cxtb
0.31672276725363746,0,astro7,cxtb
0.3266234015816616,0,astro7,cxtb
0.32919326934835336,0,astro7,cxtb
0.33233675135398055,0,astro7,cxtb
0.34022563156299757,0,astro7,cxtb
0.34641705757993274,0,astro7,cxtb
0.3577311316883396,0,astro7,cxtb
0.3460043868176932,0,astro7,cxtb
0.33601931735575413,0,astro7,cxtb
0.35623634645054936,0,astro7,cxtb
0.3468949466783273,0,astro7,cxtb
0.32207536127857167,0,astro7,cxtb
0.32660223022296253,0,astro7,cxtb
0.32988705187135575,0,astro7,cxtb
0.3280374506901115,0,astro7,cxtb
0.3140586266776375,0,astro7,cxtb
0.3063465619723579,0,astro7,cxtb
0.3320714499672829,0,astro7,cxtb
0.33876370911112696,0,astro7,cxtb
0.35519863368492843,0,astro7,cxtb
0.33211718924032907,0,astro7,cxtb
0.33101051968165385,0,astro7,cxtb
0.33171625010162076,0,astro7,cxtb
0.32407650495774487,0,astro7,cxtb
0.35939991150629275,0,astro7,cxtb
0.35983820507474584,0,astro7,cxtb
0.3306457770576687,0,astro7,cxtb
0.31131314895262097,0,astro7,cxtb
0.30707439928592356,0,astro7,cxtb
0.3288457229080306,0,astro7,cxtb
0.3092599121824781,0,astro7,cxtb
0.343552859215649,0,astro7,cxtb
0.3134841777632473,0,astro7,cxtb
0.3109198341387054,0,astro7,cxtb
0.2806721101726381,0,astro7,cxtb
0.3190143299661965,0,astro7,cxtb
0.32162315755460863,0,astro7,cxtb
0.31939193919157594,0,astro7,cxtb
0.33331778879037277,0,astro7,cxtb
0.335920086696608,0,astro7,cxtb
0.34345544503173125,0,astro7,cxtb
0.3019883966387119,0,astro7,cxtb
0.3213756434203176,0,astro7,cxtb
0.3142844913346789,0,astro7,cxtb
0.33033916474860153,0,astro7,cxtb
0.338042761227983,0,astro7,cxtb
0.3366042517429089,0,astro7,cxtb
0.308417808372684,0,astro7,cxtb
0.32573055512249355,0,astro7,cxtb
0.31478373408373606,0,astro7,cxtb
0.31402380898004206,0,astro7,cxtb
0.3126476700089622,0,astro7,cxtb
0.32178194548719863,0,astro7,cxtb
0.3144305263214763,0,astro7,cxtb
0.2998702376897139,0,astro7,cxtb
0.2740314282859356,0,astro7,cxtb
0.2822250224767025,0,astro7,cxtb
0.32333306888113533,0,astro7,cxtb
0.306037497353774,0,astro7,cxtb
0.2923571593121414,0,astro7,cxtb
0.33221747261615575,0,astro7,cxtb
0.3327843750818641,0,astro7,cxtb
0.3302060770022624,0,astro7,cxtb
0.3403228481159262,0,astro7,cxtb
0.3221120662114782,0,astro7,cxtb
0.32548044507867685,0,astro7,cxtb
0.3177876806549581,0,astro7,cxtb
0.2898299141827751,0,astro7,cxtb
0.29266852561626777,0,astro7,cxtb
0.3116054243620545,0,astro7,cxtb
0.31644345878718655,0,astro7,cxtb
0.34405674617799026,0,astro7,cxtb
0.32556645566828,0,astro7,cxtb
0.32799363056680486,0,astro7,cxtb
0.3280146406860944,0,astro7,cxtb
0.32085747066357845,0,astro7,cxtb
0.31539414983764597,0,astro7,cxtb
0.3050709299194878,0,astro7,cxtb
0.34579495136431065,0,astro7,cxtb
0.32378245779680914,0,astro7,cxtb
0.3372160227242378,0,astro7,cxtb
0.33632785767469026,0,astro7,cxtb
0.3341313358397257,0,astro7,cxtb
0.32967432232891775,0,astro7,cxtb
0.3167754799073617,0,astro7,cxtb
0.3155718698138165,0,astro7,cxtb
0.33584261343883753,0,astro7,cxtb
0.3387978928175894,0,astro7,cxtb
0.32144206193714625,0,astro7,cxtb
0.3295221581968289,0,astro7,cxtb
0.3271551247405607,0,astro7,cxtb
0.32585360831559035,0,astro7,cxtb
0.3292141659841349,0,astro7,cxtb
0.3103531945860204,0,astro7,cxtb
0.3614842366435575,0,astro7,cxtb
0.3366083793181203,0,astro7,cxtb
0.35167570753434635,0,astro7,cxtb
0.3220045697307462,0,astro7,cxtb
0.3623515450987326,0,astro7,cxtb
0.3569662963664383,0,astro7,cxtb
0.37002984339550493,0,astro7,cxtb
0.3541245708057256,0,astro7,cxtb
0.34925236531443393,0,astro7,cxtb
0.3456792970897111,0,astro7,cxtb
0.3383202651272956,0,astro7,cxtb
0.37158018412835947,0,astro7,cxtb
0.36708933760394724,0,astro7,cxtb
0.3929681431655139,0,astro7,cxtb
0.3985968093952125,0,astro7,cxtb
0.3937253764288446,0,astro7,cxtb
0.3709582397854056,0,astro7,cxtb
0.4013744986678292,0,astro7,cxtb
0.3882396293232913,0,astro7,cxtb
0.378160737698619,0,astro7,cxtb
0.3698765428798321,0,astro7,cxtb
0.3691234699422313,0,astro7,cxtb
0.35800743368792437,0,astro7,cxtb
0.3890151590352109,0,astro7,cxtb
0.38967297269764944,0,astro7,cxtb
0.3802981733955717,0,astro7,cxtb
0.3815350130850711,0,astro7,cxtb
0.38701972619977343,0,astro7,cxtb
0.3951956787634015,0,astro7,cxtb
0.3903825403036695,0,astro7,cxtb
0.395989888345786,0,astro7,cxtb
0.3661088225325521,0,astro7,cxtb
0.39364258419309434,0,astro7,cxtb
0.3846977814602751,0,astro7,cxtb
0.39947218024439296,0,astro7,cxtb
0.42915486686218457,0,astro7,cxtb
0.4278662541824043,0,astro7,cxtb
0.4197031363809065,0,astro7,cxtb
0.4132953593731999,0,astro7,cxtb
0.40891225228364403,0,astro7,cxtb
0.4357146242422003,0,astro7,cxtb
0.4251175555485842,0,astro7,cxtb
0.4167998185940465,0,astro7,cxtb
0.39870335621368014,0,astro7,cxtb
0.43244717730897636,0,astro7,cxtb
0.4353867001589209,0,astro7,cxtb
0.42755696665093684,0,astro7,cxtb
0.4171845643851409,0,astro7,cxtb
0.38874435581363787,0,astro7,cxtb
0.41034917049462594,0,astro7,cxtb
0.4183685285969995,0,astro7,cxtb
0.4273734029438738,0,astro7,cxtb
0.4139317776003501,0,astro7,cxtb
0.42198005917720055,0,astro7,cxtb
0.4280923583940879,0,astro7,cxtb
0.42388295840973106,0,astro7,cxtb
0.4382427574637477,0,astro7,cxtb
0.44553621785844255,0,astro7,cxtb
0.43735521535656624,0,astro7,cxtb
0.4286630404562728,0,astro7,cxtb
0.44018541828291013,0,astro7,cxtb
0.44727743684253746,0,astro7,cxtb
0.4672623569414455,0,astro7,cxtb
0.4720604376944783,0,astro7,cxtb
0.499186708058097,0,astro7,cxtb
0.5071938877008831,0,astro7,cxtb
0.4949328062642916,0,astro7,cxtb
0.48702846176439163,0,astro7,cxtb
0.481838276970469,0,astro7,cxtb
0.4959362164445307,0,astro7,cxtb
0.5052600073510763,0,astro7,cxtb
0.4891431943221387,0,astro7,cxtb
0.48436361387057425,0,astro7,cxtb
0.4766973883285813,0,astro7,cxtb
0.4686361440733299,0,astro7,cxtb
0.4746595263345005,0,astro7,cxtb
0.475816957019086,0,astro7,cxtb
0.4616486356798397,0,astro7,cxtb
0.4444009065243191,0,astro7,cxtb
0.42494974396815444,0,astro7,cxtb
0.48270789864284386,0,astro7,cxtb
0.5031470616043887,0,astro7,cxtb
0.4803604882515533,0,astro7,cxtb
0.4815526178745911,0,astro7,cxtb
0.5126699070691625,0,astro7,cxtb
0.5011711129388483,0,astro7,cxtb
0.4992985109795794,0,astro7,cxtb
0.4832815484648686,0,astro7,cxtb
0.5021621058859517,0,astro7,cxtb
0.5074106943044697,0,astro7,cxtb
0.5159470785503514,0,astro7,cxtb
0.5094187841751511,0,astro7,cxtb
0.5189955752084434,0,astro7,cxtb
0.5332365528377705,0,astro7,cxtb
0.5282598278045038,0,astro7,cxtb
0.5054188154753819,0,astro7,cxtb
0.4913294745041204,0,astro7,cxtb
0.5534214892376934,0,astro7,cxtb
0.5432816017756891,0,astro7,cxtb
0.5575812207513188,0,astro7,cxtb
0.5691688012735606,0,astro7,cxtb
0.5752141885508314,0,astro7,cxtb
0.5962257669655927,0,astro7,cxtb
0.6069966033374407,0,astro7,cxtb
0.6165240613723653,0,astro7,cxtb
0.6168398653909768,0,astro7,cxtb
0.5953370157896443,0,astro7,cxtb
0.6238318467026356,0,astro7,cxtb
0.6274240736783044,0,astro7,cxtb
0.6140039260521606,0,astro7,cxtb
0.6080609832693468,0,astro7,cxtb
0.5978275235110756,0,astro7,cxtb
0.5874659264283316,0,astro7,cxtb
0.6114399116505325,0,astro7,cxtb
0.6203245814807681,0,astro7,cxtb
0.6126138444823406,0,astro7,cxtb
0.599744461158163,0,astro7,cxtb
0.6078371523000307,0,astro7,cxtb
0.6201389688808261,0,astro7,cxtb
0.6210976025412313,0,astro7,cxtb
0.6214287009340129,0,astro7,cxtb
0.6140074677721514,0,astro7,cxtb
0.5980504272239892,0,astro7,cxtb
0.6126936866295989,0,astro7,cxtb
0.6042232069344936,0,astro7,cxtb
0.6259293494069341,0,astro7,cxtb
0.6378657755069105,0,astro7,cxtb
0.6286479375023732,0,astro7,cxtb
0.6349708775020776,0,astro7,cxtb
0.6597703356760938,0,astro7,cxtb
0.6301661836427287,0,astro7,cxtb
0.6077846260114588,0,astro7,cxtb
0.6083754918024872,0,astro7,cxtb
0.6051719072806452,0,astro7,cxtb
0.6094822453422292,0,astro7,cxtb
0.6232437387174083,0,astro7,cxtb
0.632316809107966,0,astro7,cxtb
0.6467334899513838,0,astro7,cxtb
0.6483588850645654,0,astro7,cxtb
0.6616611737447817,0,astro7,cxtb
0.6736323938685181,0,astro7,cxtb
0.6388914359450556,0,astro7,cxtb
0.6497217633880592,0,astro7,cxtb
0.6723902134443012,0,astro7,cxtb
0.6584476105338297,0,astro7,cxtb
0.6597076807312571,0,astro7,cxtb
0.6750572066306185,0,astro7,cxtb
0.6736805196197496,0,astro7,cxtb
0.6994595678167584,0,astro7,cxtb
0.6782301854434816,0,astro7,cxtb
0.675984660758208,0,astro7,cxtb
0.6790945187643034,0,astro7,cxtb
0.6838651543253652,0,astro7,cxtb
0.669970387380969,0,astro7,cxtb
0.6701224627106791,0,astro7,cxtb
0.6809390204990169,0,astro7,cxtb
0.6661349204309289,0,astro7,cxtb
0.6715206670343862,0,astro7,cxtb
0.6888159255795692,0,astro7,cxtb
0.652377192437407,0,astro7,cxtb
0.6493088387884413,0,astro7,cxtb
0.6396182392173064,0,astro7,cxtb
0.605310460261963,0,astro7,cxtb
0.59457482754899,0,astro7,cxtb
0.6195864026500846,0,astro7,cxtb
0.6247830818560497,0,astro7,cxtb
0.6016589081270574,0,astro7,cxtb
0.5722678017382012,0,astro7,cxtb
0.5897610183514679,0,astro7,cxtb
0.5959224667168757,0,astro7,cxtb
0.6219324674180534,0,astro7,cxtb
0.6199409316433464,0,astro7,cxtb
0.5762320014466317,0,astro7,cxtb
0.5502088781396406,0,astro7,cxtb
0.5716962065850394,0,astro7,cxtb
0.550392569129461,0,astro7,cxtb
0.5326671629315426,0,astro7,cxtb
0.5309972976881969,0,astro7,cxtb
0.5116359773779495,0,astro7,cxtb
0.5304809912148853,0,astro7,cxtb
0.5150865226818196,0,astro7,cxtb
0.5186195425850876,0,astro7,cxtb
0.5030640029194228,0,astro7,cxtb
0.48193690248526283,0,astro7,cxtb
0.4599970298457302,0,astro7,cxtb
0.4662570421684359,0,astro7,cxtb
0.45695455297968224,0,astro7,cxtb
0.4221816494249511,0,astro7,cxtb
0.42548891982684667,0,astro7,cxtb
0.442353485730597,0,astro7,cxtb
0.443901876024816,0,astro7,cxtb
0.4370429186375543,0,astro7,cxtb
0.4316985585226691,0,astro7,cxtb
0.42242988635341383,0,astro7,cxtb
0.44528560989531873,0,astro7,cxtb
0.4324643539121445,0,astro7,cxtb
0.4177958070509939,0,astro7,cxtb
0.40962996729878437,0,astro7,cxtb
0.4179168117974254,0,astro7,cxtb
0.41228088180693523,0,astro7,cxtb
0.40803695006442053,0,astro7,cxtb
0.4095218968743952,0,astro7,cxtb
0.42604647836869963,0,astro7,cxtb
0.42289780257300397,0,astro7,cxtb
0.3885722700603731,0,astro7,cxtb
0.4099992968409946,0,astro7,cxtb
0.3882069119169268,0,astro7,cxtb
0.35987672445137964,0,astro7,cxtb
0.35989476905790757,0,astro7,cxtb
0.37951538890205466,0,astro7,cxtb
0.3821350474058052,0,astro7,cxtb
0.3767084980184262,0,astro7,cxtb
0.3757128634541557,0,astro7,cxtb
0.36868011832996406,0,astro7,cxtb
0.3773104747517112,0,astro7,cxtb
0.38153799047742387,0,astro7,cxtb
0.37383096779532343,0,astro7,cxtb
0.3873763660660529,0,astro7,cxtb
0.369239044154925,0,astro7,cxtb
0.37998206783649613,0,astro7,cxtb
0.35627802298533234,0,astro7,cxtb
0.3456500570804529,0,astro7,cxtb
0.36632430822255424,0,astro7,cxtb
0.3737073583414565,0,astro7,cxtb
0.37719061157445816,0,astro7,cxtb
0.3653136678686296,0,astro7,cxtb
0.359047310115726,0,astro7,cxtb
0.34042284624013885,0,astro7,cxtb
0.33301811714646046,0,astro7,cxtb
0.3443913556134115,0,astro7,cxtb
0.32890722372085485,0,astro7,cxtb
0.3007425011142019,0,astro7,cxtb
0.3353768614429851,0,astro7,cxtb
0.34737304866852275,0,astro7,cxtb
0.3506338363045364,0,astro7,cxtb
0.3438898444199567,0,astro7,cxtb
0.34222988409504806,0,astro7,cxtb
0.37047049776751295,0,astro7,cxtb
0.3465527760986228,0,astro7,cxtb
0.33538083345569053,0,astro7,cxtb
0.3349545830036256,0,astro7,cxtb
0.3635353820815082,0,astro7,cxtb
0.33578070652295733,0,astro7,cxtb
0.33830043770852203,0,astro7,cxtb
0.35374160370233054,0,astro7,cxtb
0.3345350108703822,0,astro7,cxtb
0.3524354565411394,0,astro7,cxtb
0.3785644162237951,0,astro7,cxtb
0.3695408445628434,0,astro7,cxtb
0.3642382113968509,0,astro7,cxtb
0.3623264155351441,0,astro7,cxtb
0.3682012017400154,0,astro7,cxtb
0.3474276396457661,0,astro7,cxtb
0.34077448477634303,0,astro7,cxtb
0.34590291787368926,0,astro7,cxtb
0.36405568902611973,0,astro7,cxtb
0.35003152858165115,0,astro7,cxtb
0.3381128678389733,0,astro7,cxtb
0.3647548326530335,0,astro7,cxtb
0.3897762083124746,0,astro7,cxtb
0.3726527730102196,0,astro7,cxtb
0.3845789483147818,0,astro7,cxtb
0.3635637589718369,0,astro7,cxtb
0.3695976040260081,0,astro7,cxtb
0.362421630346388,0,astro7,cxtb
0.35875220638390753,0,astro7,cxtb
0.36467393527977815,0,astro7,cxtb
0.35146889378985424,0,astro7,cxtb
0.35395057345525255,0,astro7,cxtb
0.36042709168416626,0,astro7,cxtb
0.37093669015284975,0,astro7,cxtb
0.37367157617191626,0,astro7,cxtb
0.42716718119547653,0,astro7,cxtb
0.40757935051376787,0,astro7,cxtb
0.3810691423376456,0,astro7,cxtb
0.34549987766008966,0,astro7,cxtb
0.3586436557809683,0,astro7,cxtb
0.38876548174492365,0,astro7,cxtb
0.36402593858411625,0,astro7,cxtb
0.36965801859895403,0,astro7,cxtb
0.39297129823481947,0,astro7,cxtb
0.37420805700750465,0,astro7,cxtb
0.37258723769732827,0,astro7,cxtb
0.3499962827651959,0,astro7,cxtb
0.3623646868579835,0,astro7,cxtb
0.3655110926592145,0,astro7,cxtb
0.33938717844143046,0,astro7,cxtb
0.34000960139754366,0,astro7,cxtb
0.38274984066797474,0,astro7,cxtb
0.3924368547146746,0,astro7,cxtb
0.38770036931684326,0,astro7,cxtb
0.3652504900036309,0,astro7,cxtb
0.3456674293622736,0,astro7,cxtb
0.3920247590300606,0,astro7,cxtb
0.3569650006087316,0,astro7,cxtb
0.36921338395534775,0,astro7,cxtb
0.37247367590591535,0,astro7,cxtb
0.369272962994096,0,astro7,cxtb
0.364874847975485,0,astro7,cxtb
0.3655554674136782,0,astro7,cxtb
0.3414794750646114,0,astro7,cxtb
0.3375359276041472,0,astro7,cxtb
0.328196782862894,0,astro7,cxtb
0.3373119617984574,0,astro7,cxtb
0.33967902973478287,0,astro7,cxtb
0.3368601429907455,0,astro7,cxtb
0.34338286187776235,0,astro7,cxtb
0.3298583584340456,0,astro7,cxtb
0.3319295938482137,0,astro7,cxtb
0.3177330744961143,0,astro7,cxtb
0.3310908283783867,0,astro7,cxtb
0.33302879859804424,0,astro7,cxtb
0.36033747436555286,0,astro7,cxtb
0.36817555911436206,0,astro7,cxtb
0.3270181725944901,0,astro7,cxtb
0.34328317625977217,0,astro7,cxtb
0.35935649160047006,0,astro7,cxtb
0.35862951502698487,0,astro7,cxtb
0.3484747434978264,0,astro7,cxtb
0.37032978016836193,0,astro7,cxtb
0.35524634305913183,0,astro7,cxtb
0.3412254516948298,0,astro7,cxtb
0.3505633703728441,0,astro7,cxtb
0.357952390703673,0,astro7,cxtb
0.3797830661116843,0,astro7,cxtb
0.36032945542837064,0,astro7,cxtb
0.3766538305128946,0,astro7,cxtb
0.37204600149931577,0,astro7,cxtb
0.3620335274534579,0,astro7,cxtb
0.3575381607867573,0,astro7,cxtb
0.3422297317283472,0,astro7,cxtb
0.3784353700435211,0,astro7,cxtb
0.3871917122393706,0,astro7,cxtb
0.3696462090513201,0,astro7,cxtb
0.36909598280826866,0,astro7,cxtb
0.361958764080163,0,astro7,cxtb
0.3543145532000007,0,astro7,cxtb
0.3744189029918292,0,astro7,cxtb
0.38589514327593094,0,astro7,cxtb
0.3583236106625923,0,astro7,cxtb
0.38428813768286807,0,astro7,cxtb
0.3640527160708607,0,astro7,cxtb
0.4026219202788312,0,astro7,cxtb
0.3743950938867385,0,astro7,cxtb
0.36339329073908344,0,astro7,cxtb
0.3815113602844753,0,astro7,cxtb
0.3953880569557771,0,astro7,cxtb
0.3972722789330635,0,astro7,cxtb
0.3794734027425135,0,astro7,cxtb
0.39127471137391107,0,astro7,cxtb
0.4119211021296959,0,astro7,cxtb
0.37654014626833626,0,astro7,cxtb
0.41849595208609197,0,astro7,cxtb
0.42300250975355436,0,astro7,cxtb
0.41844042663881553,0,astro7,cxtb
0.4336183900700436,0,astro7,cxtb
0.3865322461141295,0,astro7,cxtb
0.38721961569268576,0,astro7,cxtb
0.3877023321583438,0,astro7,cxtb
0.3992888782998796,0,astro7,cxtb
0.3946790463681498,0,astro7,cxtb
0.383847258007864,0,astro7,cxtb
0.38502098544799673,0,astro7,cxtb
0.3597457002008192,0,astro7,cxtb
0.3925772488762439,0,astro7,cxtb
0.3855995774832217,0,astro7,cxtb
0.40365204856222814,0,astro7,cxtb
0.39256856598653006,0,astro7,cxtb
0.3930480732488053,0,astro7,cxtb
0.4010040923663096,0,astro7,cxtb
0.4102538514590048,0,astro7,cxtb
0.42311096473204307,0,astro7,cxtb
0.42685444401843115,0,astro7,cxtb
0.3830090100602473,0,astro7,cxtb
0.38913715358109563,0,astro7,cxtb
0.41179220195538047,0,astro7,cxtb
0.40088157043422734,0,astro7,cxtb
0.39237044452787784,0,astro7,cxtb
0.36299470013052937,0,astro7,cxtb
0.3675995365292549,0,astro7,cxtb
0.36353752303939346,0,astro7,cxtb
0.371557705732683,0,astro7,cxtb
0.37617496307946163,0,astro7,cxtb
0.36431889407298373,0,astro7,cxtb
0.36294697698605766,0,astro7,cxtb
0.38196478221403674,0,astro7,cxtb
0.3948475368726179,0,astro7,cxtb
0.3854256628427752,0,astro7,cxtb
0.4193210847981772,0,astro7,cxtb
0.41199609836384377,0,astro7,cxtb
0.39682491134425185,0,astro7,cxtb
0.40269601428219187,0,astro7,cxtb
0.3851519949215328,0,astro7,cxtb
0.3897499593635101,0,astro7,cxtb
0.41101677300176653,0,astro7,cxtb
0.423700873707429,0,astro7,cxtb
0.43502093157987526,0,astro7,cxtb
0.4146250424125249,0,astro7,cxtb
0.40029147175882285,0,astro7,cxtb
0.4228094866356712,0,astro7,cxtb
0.43542929702057764,0,astro7,cxtb
0.3995386883797497,0,astro7,cxtb
0.4371303196974097,0,astro7,cxtb
0.4412304273318962,0,astro7,cxtb
0.4570434138448138,0,astro7,cxtb
0.4407739877919922,0,astro7,cxtb
0.4429342325188541,0,astro7,cxtb
0.43928178691009234,0,astro7,cxtb
0.43965756639259823,0,astro7,cxtb
0.43845941906433045,0,astro7,cxtb
0.4194813071964412,0,astro7,cxtb
0.4049825754549935,0,astro7,cxtb
0.40985415330659714,0,astro7,cxtb
0.4222034139634051,0,astro7,cxtb
0.436177860831839,0,astro7,cxtb
0.3937119109719037,0,astro7,cxtb
0.3830599919901067,0,astro7,cxtb
0.39038525462719575,0,astro7,cxtb
0.41147355648064743,0,astro7,cxtb
0.4023469110817243,0,astro7,cxtb
0.3879535943956275,0,astro7,cxtb
0.4078195486432073,0,astro7,cxtb
0.4041010075929512,0,astro7,cxtb
0.4222709467418667,0,astro7,cxtb
0.43924902758143664,0,astro7,cxtb
0.41394494405923404,0,astro7,cxtb
0.4078012056354477,0,astro7,cxtb
0.408234823928205,0,astro7,cxtb
0.40536534035884325,0,astro7,cxtb
0.4107282885773447,0,astro7,cxtb
0.40846872253605987,0,astro7,cxtb
0.3866813804056549,0,astro7,cxtb
0.39703288620939076,0,astro7,cxtb
0.38851769466454583,0,astro7,cxtb
0.40686556624516274,0,astro7,cxtb
0.39414393082924803,0,astro7,cxtb
0.3792832696220694,1,astro7,cxtb
0.40265046752524414,1,astro7,cxtb
0.3989264146089444,1,astro7,cxtb
0.44147859440269943,1,astro7,cxtb
0.44502928702342787,1,astro7,cxtb
0.4524406666664082,1,astro7,cxtb
0.4306894069963717,1,astro7,cxtb
0.43908089365414227,1,astro7,cxtb
0.4394888876322445,1,astro7,cxtb
0.44412850479242144,1,astro7,cxtb
0.45640304898410844,1,astro7,cxtb
0.456732937361246,1,astro7,cxtb
0.4715601320953805,1,astro7,cxtb
0.47757520718194973,1,astro7,cxtb
0.45845504999320763,1,astro7,cxtb
0.4869922706933458,1,astro7,cxtb
0.4919338215586427,1,astro7,cxtb
0.4892316534874352,1,astro7,cxtb
0.4754558955409116,1,astro7,cxtb
0.49419787971237134,1,astro7,cxtb
0.5054245601245877,1,astro7,cxtb
0.5018050035333619,1,astro7,cxtb
0.49575338926303447,1,astro7,cxtb
0.4955551578559489,1,astro7,cxtb
0.5077473611725415,1,astro7,cxtb
0.5027261146415737,1,astro7,cxtb
0.5136295025247383,1,astro7,cxtb
0.5103877140105834,1,astro7,cxtb
0.5193102094668112,1,astro7,cxtb
0.49364862017650707,1,astro7,cxtb
0.4877624672702404,1,astro7,cxtb
0.49755545327346057,1,astro7,cxtb
0.49127181118962326,1,astro7,cxtb
0.4792035059521651,1,astro7,cxtb
0.4758004771665669,1,astro7,cxtb
0.4891883501525881,1,astro7,cxtb
0.49730964256274907,1,astro7,cxtb
0.49858420470120546,1,astro7,cxtb
0.5065168003809369,1,astro7,cxtb
0.47721448419957135,1,astro7,cxtb
0.45852116626252715,0,astro7,cxtb
0.46807721295437893,0,astro7,cxtb
0.45280144774305375,0,astro7,cxtb
0.43784181291900665,0,astro7,cxtb
0.43833410085428587,0,astro7,cxtb
0.4220117776746087,0,astro7,cxtb
0.42929542184103486,0,astro7,cxtb
0.44984770434268917,0,astro7,cxtb
0.4403135693520812,0,astro7,cxtb
0.4396661150743119,0,astro7,cxtb
0.426032112098965,0,astro7,cxtb
0.4208979126031121,0,astro7,cxtb
0.3949944572014782,0,astro7,cxtb
0.4095322695913573,0,astro7,cxtb
0.3948694613568198,0,astro7,cxtb
0.3951364895989103,0,astro7,cxtb
0.40767822431296075,1,astro7,cxtb
0.4062765862724711,1,astro7,cxtb
0.4055794145205486,1,astro7,cxtb
0.4162674164556265,1,astro7,cxtb
0.40334507026100724,1,astro7,cxtb
0.40413137919023434,1,astro7,cxtb
0.3862753394403244,1,astro7,cxtb
0.39908442008595485,1,astro7,cxtb
0.38296162013231816,1,astro7,cxtb
0.3768521447302511,1,astro7,cxtb
0.3582590207616317,1,astro7,cxtb
0.3640949762977583,1,astro7,cxtb
0.3638909371791205,1,astro7,cxtb
0.3571459519794892,1,astro7,cxtb
0.3242151737934081,1,astro7,cxtb
0.3358980664325339,1,astro7,cxtb
0.3371543059367958,1,astro7,cxtb
0.3568952033233963,1,astro7,cxtb
0.3597131264082001,1,astro7,cxtb
0.3914828939416552,1,astro7,cxtb
0.3719845484206722,1,astro7,cxtb
0.36286658181618314,1,astro7,cxtb
0.34675370727801397,1,astro7,cxtb
0.35427900839193105,1,astro7,cxtb
0.37594877333680704,1,astro7,cxtb
0.36117606530610685,1,astro7,cxtb
0.34462841078435713,1,astro7,cxtb
0.33884912146032325,1,astro7,cxtb
0.3371051102171893,1,astro7,cxtb
0.34178847653102107,1,astro7,cxtb
0.33180756328970873,1,astro7,cxtb
0.34421080203837967,1,astro7,cxtb
0.35274674571681713,1,astro7,cxtb
0.3748812827808415,1,astro7,cxtb
0.35654647813959056,1,astro7,cxtb
0.3749946913198944,1,astro7,cxtb
0.3557325117152634,1,astro7,cxtb
0.36506996976311473,1,astro7,cxtb
0.3621124789361503,1,astro7,cxtb
0.35837974184616506,1,astro7,cxtb
0.34579336391564985,1,astro7,cxtb
0.35494050359545226,1,astro7,cxtb
0.3361742875590514,1,astro7,cxtb
0.3416872713179136,1,astro7,cxtb
0.34254581595176287,1,astro7,cxtb
0.34077877146004987,1,astro7,cxtb
0.35796591490943774,1,astro7,cxtb
0.3505619699913086,1,astro7,cxtb
0.3491341573369946,1,astro7,cxtb
0.33214184287889426,0,astro7,cxtb
0.3467899303479773,0,astro7,cxtb
0.31792578703602525,0,astro7,cxtb
0.33828206677791156,0,astro7,cxtb
0.34378566144863504,0,astro7,cxtb
0.3322657710697966,0,astro7,cxtb
0.32191998610753836,0,astro7,cxtb
0.3418363644779297,0,astro7,cxtb
0.32737153293149257,0,astro7,cxtb
0.3114952196860095,0,astro7,cxtb
0.3172091461845524,0,astro7,cxtb
0.3231090303940094,0,astro7,cxtb
0.32259749451787345,0,astro7,cxtb
0.30537228790485915,0,astro7,cxtb
0.3165178209961864,0,astro7,cxtb
0.3006385462520724,0,astro7,cxtb
0.29854289122793376,0,astro7,cxtb
0.304068404850923,0,astro7,cxtb
0.32409125899187546,0,astro7,cxtb
0.31534752522663817,0,astro7,cxtb
0.3129829425433966,0,astro7,cxtb
0.30098422760159316,0,astro7,cxtb
0.31342259989175053,0,astro7,cxtb
0.3242103007162637,0,astro7,cxtb
0.3183899071351129,0,astro7,cxtb
0.31567619508255934,0,astro7,cxtb
0.31085905489871685,0,astro7,cxtb
0.3069517996046495,0,astro7,cxtb
0.31384742545003613,0,astro7,cxtb
0.2949337976355073,0,astro7,cxtb
0.3033747005105788,0,astro7,cxtb
0.2932734480255501,0,astro7,cxtb
0.30968012610606654,0,astro7,cxtb
0.300839309768918,0,astro7,cxtb
0.2954580353122955,0,astro7,cxtb
0.3308201605209275,0,astro7,cxtb
0.3125894398515056,0,astro7,cxtb
0.3150742252992351,0,astro7,cxtb
0.29512204649199847,0,astro7,cxtb
0.3195525671914342,0,astro7,cxtb
0.3296766315131588,0,astro7,cxtb
0.32329461187970904,0,astro7,cxtb
0.3164492435084901,0,astro7,cxtb
0.3270366815070329,0,astro7,cxtb
0.3509447058072529,0,astro7,cxtb
0.3092046915605624,0,astro7,cxtb
0.3132044721949526,0,astro7,cxtb
0.3283147291903573,0,astro7,cxtb
0.33791240586444565,0,astro7,cxtb
0.34121469762757084,0,astro7,cxtb
0.3355319614213786,0,astro7,cxtb
0.34357270194173356,0,astro7,cxtb
0.3487745960463275,0,astro7,cxtb
0.356365041994064,0,astro7,cxtb
0.3571229380816484,0,astro7,cxtb
0.3704129438658549,0,astro7,cxtb
0.3652322228520873,0,astro7,cxtb
0.3313056462301705,0,astro7,cxtb
0.3304599172374342,0,astro7,cxtb
0.35240649848946515,0,astro7,cxtb
0.3379288580219209,0,astro7,cxtb
0.31829389839336936,0,astro7,cxtb
0.31503568503072044,0,astro7,cxtb
0.3449219825035034,0,astro7,cxtb
0.3587092575697759,0,astro7,cxtb
0.36065619205466637,0,astro7,cxtb
0.3420198038732773,0,astro7,cxtb
0.3681096367282257,0,astro7,cxtb
0.35016404261860173,0,astro7,cxtb
0.3278397641939197,0,astro7,cxtb
0.37987547918306436,0,astro7,cxtb
0.34311190105334877,0,astro7,cxtb
0.3654124896195151,0,astro7,cxtb
0.34318550038493667,0,astro7,cxtb
0.35779185128715674,0,astro7,cxtb
0.33480614436552286,0,astro7,cxtb
0.3816460245550394,0,astro7,cxtb
0.3599601044746838,0,astro7,cxtb
0.3328582327637295,0,astro7,cxtb
0.364158264095358,0,astro7,cxtb
0.33031396774338384,0,astro7,cxtb
0.3277795298993134,0,astro7,cxtb
0.3303413810791369,0,astro7,cxtb
0.33765562093526713,0,astro7,cxtb
0.35649864967054135,0,astro7,cxtb
0.3686779589826931,0,astro7,cxtb
0.35810297794409235,0,astro7,cxtb
0.3515583821430421,0,astro7,cxtb
0.357473728720365,0,astro7,cxtb
0.36235669013969257,0,astro7,cxtb
0.339089022046024,0,astro7,cxtb
0.32519775232391124,0,astro7,cxtb
0.3331295351780578,0,astro7,cxtb
0.3365935478993217,0,astro7,cxtb
0.3699713192854253,0,astro7,cxtb
0.3633418468760117,0,astro7,cxtb
0.3475313239637569,0,astro7,cxtb
0.3600778605451628,0,astro7,cxtb
0.36676328855866663,0,astro7,cxtb
0.3556962570064697,0,astro7,cxtb
0.36499410429879375,0,astro7,cxtb
0.3940703146975637,0,astro7,cxtb
0.4086736772566608,0,astro7,cxtb
0.4138416887673964,0,astro7,cxtb
0.39552278382678274,0,astro7,cxtb
0.41249171131433604,0,astro7,cxtb
0.41428967284683377,0,astro7,cxtb
0.39391456333952257,0,astro7,cxtb
0.39043228847194283,0,astro7,cxtb
0.4002518866968217,0,astro7,cxtb
0.38687521015266263,0,astro7,cxtb
0.4127115422285611,0,astro7,cxtb
0.41319329414401057,0,astro7,cxtb
0.433649481546386,0,astro7,cxtb
0.44404103943187323,0,astro7,cxtb
0.4408126218136513,0,astro7,cxtb
0.42358788902494443,0,astro7,cxtb
0.4218067964117757,0,astro7,cxtb
0.4251205660382049,0,astro7,cxtb
0.4207910602334309,0,astro7,cxtb
0.4237031631765166,0,astro7,cxtb
0.42482044503094984,0,astro7,cxtb
0.4009022310322379,0,astro7,cxtb
0.38827498434094887,0,astro7,cxtb
0.39551136913062174,0,astro7,cxtb
0.39731718408955385,0,astro7,cxtb
0.3953878197693568,0,astro7,cxtb
0.4004499394453024,0,astro7,cxtb
0.4278517739693468,0,astro7,cxtb
0.41470788122517843,0,astro7,cxtb
0.3973557229417031,0,astro7,cxtb
0.4069279893047794,0,astro7,cxtb
0.4154662337249036,0,astro7,cxtb
0.417142133698536,0,astro7,cxtb
0.40769798195448353,0,astro7,cxtb
0.4051198341787537,0,astro7,cxtb
0.41807997808249764,0,astro7,cxtb
0.41392398114941886,0,astro7,cxtb
0.4104988412394593,0,astro7,cxtb
0.4078819875413913,0,astro7,cxtb
0.44596389606946985,0,astro7,cxtb
0.43291730615630614,0,astro7,cxtb
0.41953202982807275,0,astro7,cxtb
0.4386324483835153,0,astro7,cxtb
0.45508336227003354,0,astro7,cxtb
0.48755400231764146,0,astro7,cxtb
0.47558222331869193,0,astro7,cxtb
0.45364036564884924,0,astro7,cxtb
0.45080208268373106,0,astro7,cxtb
0.496939633587114,0,astro7,cxtb
0.4925614807549591,0,astro7,cxtb
0.5145299760490036,0,astro7,cxtb
0.5057287235530579,0,astro7,cxtb
0.47722143113155735,0,astro7,cxtb
0.4864673654586805,0,astro7,cxtb
0.46975095015209994,0,astro7,cxtb
0.4958505084687235,0,astro7,cxtb
0.5030943715016609,0,astro7,cxtb
0.5063555903374163,0,astro7,cxtb
0.5266582378343714,0,astro7,cxtb
0.5307178514313969,0,astro7,cxtb
0.5155320712899212,0,astro7,cxtb
0.5220768370474467,0,astro7,cxtb
0.5221282109134728,0,astro7,cxtb
0.5064546631619585,0,astro7,cxtb
0.5019751084490034,0,astro7,cxtb
0.5301006432224613,0,astro7,cxtb
0.5377652571389512,0,astro7,cxtb
0.5329227189489842,0,astro7,cxtb
0.5084305789591089,0,astro7,cxtb
0.5048389690062574,0,astro7,cxtb
0.5169269302419198,0,astro7,cxtb
0.5157448547229448,0,astro7,cxtb
0.5195099395309511,0,astro7,cxtb
0.537404695589901,0,astro7,cxtb
0.5326486351472793,0,astro7,cxtb
0.5329403350639593,0,astro7,cxtb
0.5541571660633771,0,astro7,cxtb
0.5679634152598088,0,astro7,cxtb
0.5828310666528068,0,astro7,cxtb
0.5891905800561374,0,astro7,cxtb
0.5627782475196722,0,astro7,cxtb
0.5505171771334495,0,astro7,cxtb
0.5717685703881896,0,astro7,cxtb
0.5880094569014158,0,astro7,cxtb
0.585480361301967,0,astro7,cxtb
0.5603384460666133,1,astro7,cxtb
0.5933988961616424,1,astro7,cxtb
0.5700374693000629,1,astro7,cxtb
0.5911032433526746,1,astro7,cxtb
0.572862024699824,1,astro7,cxtb
0.5829882078357266,1,astro7,cxtb
0.5883101763438465,1,astro7,cxtb
0.5784568858409375,1,astro7,cxtb
0.5703267906254923,1,astro7,cxtb
0.5780856379973849,1,astro7,cxtb
0.5793889474589492,1,astro7,cxtb
0.5866813005058262,1,astro7,cxtb
0.5975661672611386,1,astro7,cxtb
0.6013889973145237,1,astro7,cxtb
0.5620973429553626,1,astro7,cxtb
0.5401804732764083,1,astro7,cxtb
0.5579063232830727,1,astro7,cxtb
0.5692349490152427,1,astro7,cxtb
0.5615897509684792,1,astro7,cxtb
0.5735294125502436,0,astro7,cxtb
0.5705303043378724,0,astro7,cxtb
0.5725709125142299,0,astro7,cxtb
0.5808699146701197,0,astro7,cxtb
0.5515617811970598,0,astro7,cxtb
0.5594557966029046,0,astro7,cxtb
0.5854939511681873,0,astro7,cxtb
0.5725374125856604,0,astro7,cxtb
0.5820893487366116,0,astro7,cxtb
0.596731814010726,0,astro7,cxtb
0.5714586475522724,0,astro7,cxtb
0.5723570461839864,0,astro7,cxtb
0.5790656957649275,0,astro7,cxtb
0.5691212952126065,0,astro7,cxtb
0.5595434441126863,0,astro7,cxtb
0.5491891230588387,0,astro7,cxtb
0.5791749509462054,0,astro7,cxtb
0.6009066604039002,0,astro7,cxtb
0.5946473468812425,0,astro7,cxtb
0.5877664456277815,0,astro7,cxtb
0.5930244877240443,0,astro7,cxtb
0.6025771263755849,0,astro7,cxtb
0.5925623899068381,0,astro7,cxtb
0.594126976000971,0,astro7,cxtb
0.5843306948322267,0,astro7,cxtb
0.5483328784559904,0,astro7,cxtb
0.568118228421981,0,astro7,cxtb
0.561090877592904,0,astro7,cxtb
0.5403248572036479,0,astro7,cxtb
0.5621308960358472,0,astro7,cxtb
0.5700091932465268,0,astro7,cxtb
0.5545677787397663,0,astro7,cxtb
0.5567975268794049,0,astro7,cxtb
0.5302808264980998,0,astro7,cxtb
0.531556410303984,0,astro7,cxtb
0.5604085590462665,0,astro7,cxtb
0.5292626363154551,0,astro7,cxtb
0.5517230887831092,0,astro7,cxtb
0.5331393299386407,0,astro7,cxtb
0.5078213848609271,0,astro7,cxtb
0.5274191223610204,0,astro7,cxtb
0.54751616663427,0,astro7,cxtb
0.5330780222772125,0,astro7,cxtb
0.5102225103547756,0,astro7,cxtb
0.5355055267259565,0,astro7,cxtb
0.48682485182334795,0,astro7,cxtb
0.4781378477120392,0,astro7,cxtb
0.49972256334206,0,astro7,cxtb
0.47939475526440156,0,astro7,cxtb
0.504586517936297,0,astro7,cxtb
0.5084964275773807,0,astro7,cxtb
0.4997592082929456,0,astro7,cxtb
0.47467016386429584,0,astro7,cxtb
0.48558188648017586,0,astro7,cxtb
0.48667010195666405,0,astro7,cxtb
0.4811758630581194,0,astro7,cxtb
0.49181509299489795,0,astro7,cxtb
0.5071026530730119,0,astro7,cxtb
0.5169525224785562,0,astro7,cxtb
0.5067423489648281,0,astro7,cxtb
0.5297611625765899,0,astro7,cxtb
0.5108802673524275,0,astro7,cxtb
0.5046466203174885,0,astro7,cxtb
0.5046966389338754,0,astro7,cxtb
0.4926844978042419,0,astro7,cxtb
0.5217255592963645,0,astro7,cxtb
0.505535709396152,0,astro7,cxtb
0.5246556620725273,0,astro7,cxtb
0.49847416922430043,0,astro7,cxtb
0.5172769237002276,0,astro7,cxtb
0.49806185493428123,0,astro7,cxtb
0.48689410281958606,0,astro7,cxtb
0.5035789409251483,0,astro7,cxtb
0.48651775520806445,0,astro7,cxtb
0.5051216753131631,0,astro7,cxtb
0.499430312948327,0,astro7,cxtb
0.5181999570432562,0,astro7,cxtb
0.5248326945352868,0,astro7,cxtb
0.5283144047988902,0,astro7,cxtb
0.5160331900258388,0,astro7,cxtb
0.4897541590006468,0,astro7,cxtb
0.4891060166779951,0,astro7,cxtb
0.5025408755034395,0,astro7,cxtb
0.48898035620063335,0,astro7,cxtb
0.4877248310193835,0,astro7,cxtb
0.5081075803207316,0,astro7,cxtb
0.479954942356558,0,astro7,cxtb
0.4852101880211804,0,astro7,cxtb
0.4877013446695575,0,astro7,cxtb
0.47055405838313374,0,astro7,cxtb
0.4711298936969008,0,astro7,cxtb
0.48708087106718956,0,astro7,cxtb
0.4931220266604033,0,astro7,cxtb
0.4687160436970632,0,astro7,cxtb
0.47663490887753857,0,astro7,cxtb
0.5106827096541852,0,astro7,cxtb
0.47935011915996134,0,astro7,cxtb
0.5092758659812395,0,astro7,cxtb
0.5109696107791037,0,astro7,cxtb
0.5350590968324354,0,astro7,cxtb
0.5374660267747986,0,astro7,cxtb
0.513280263858952,0,astro7,cxtb
0.5203421850138441,0,astro7,cxtb
0.5334685153797327,0,astro7,cxtb
0.5260720258296295,0,astro7,cxtb
0.49171445212431864,0,astro7,cxtb
0.509079742594121,0,astro7,cxtb
0.5246375395181821,0,astro7,cxtb
0.5109110723229742,0,astro7,cxtb
0.5139818412065393,0,astro7,cxtb
0.5276235342334119,0,astro7,cxtb
0.5269256093069604,0,astro7,cxtb
0.517308353390033,0,astro7,cxtb
0.5377634847485504,0,astro7,cxtb
0.5445869046626048,0,astro7,cxtb
0.5553455075479348,0,astro7,cxtb
0.5865010357933098,0,astro7,cxtb
0.5439860657867387,0,astro7,cxtb
0.5593174990546744,0,astro7,cxtb
0.5669596722039479,0,astro7,cxtb
0.5619314073514124,0,astro7,cxtb
0.5436715930638545,0,astro7,cxtb
0.5534991605429154,0,astro7,cxtb
0.5330052495899087,0,astro7,cxtb
0.5597394251401261,0,astro7,cxtb
0.5822807553589868,0,astro7,cxtb
0.5697034017928277,0,astro7,cxtb
0.567410530970185,0,astro7,cxtb
0.5538456374813246,0,astro7,cxtb
0.5523591483976512,0,astro7,cxtb
0.5517213497625163,0,astro7,cxtb
0.5365916844136494,0,astro7,cxtb
0.5227811079158905,0,astro7,cxtb
0.5457283442215041,0,astro7,cxtb
0.5455050769395826,0,astro7,cxtb
0.5251007796703427,0,astro7,cxtb
0.5404706250499626,0,astro7,cxtb
0.5466023526196504,0,astro7,cxtb
0.5414474961784513,0,astro7,cxtb
0.5475804905410475,0,astro7,cxtb
0.5443401457431685,0,astro7,cxtb
0.5515172432813892,0,astro7,cxtb
0.5552930285886541,0,astro7,cxtb
0.558522875180157,0,astro7,cxtb
0.5773193595886565,0,astro7,cxtb
0.5772889206552325,0,astro7,cxtb
0.599844030604825,0,astro7,cxtb
0.5711265191711097,0,astro7,cxtb
0.5926160650312368,0,astro7,cxtb
0.6038348781023297,0,astro7,cxtb
0.6013178703917039,0,astro7,cxtb
0.6205816614258495,0,astro7,cxtb
0.6489881276796255,0,astro7,cxtb
0.658493136754167,0,astro7,cxtb
0.6760344501030445,0,astro7,cxtb
0.6736594442671886,0,astro7,cxtb
0.6925565028532117,0,astro7,cxtb
0.7082940427655885,0,astro7,cxtb
0.7355797240246893,0,astro7,cxtb
0.7677046898317392,0,astro7,cxtb
0.7279511245158649,0,astro7,cxtb
0.7433513349957839,0,astro7,cxtb
0.7360597474366406,0,astro7,cxtb
0.7375212639500017,0,astro7,cxtb
0.7591958472194552,0,astro7,cxtb
0.7426300531827134,0,astro7,cxtb
0.7534502131304858,0,astro7,cxtb
0.794534321737097,0,astro7,cxtb
0.7944160679819413,0,astro7,cxtb
0.805535802130697,0,astro7,cxtb
0.8203560677615531,0,astro7,cxtb
0.8191646353268469,0,astro7,cxtb
0.8312965683450462,0,astro7,cxtb
0.7970133595513968,0,astro7,cxtb
0.8113561866873883,0,astro7,cxtb
0.8315534547555137,0,astro7,cxtb
0.8454542040465743,0,astro7,cxtb
0.8522754216763503,0,astro7,cxtb
0.8521231421577121,0,astro7,cxtb
0.872788728415348,0,astro7,cxtb
0.8575264146189334,0,astro7,cxtb
0.8440805943198559,0,astro7,cxtb
0.8328632605268239,0,astro7,cxtb
0.8205014574327539,0,astro7,cxtb
0.8348271165567391,0,astro7,cxtb
0.8320279373835643,0,astro7,cxtb
0.8176401114081798,0,astro7,cxtb
0.8312274841675634,0,astro7,cxtb
0.843457022452707,0,astro7,cxtb
0.85884426769259,0,astro7,cxtb
0.8601892051688933,0,astro7,cxtb
0.8812941737406628,0,astro7,cxtb
0.8786139453774924,0,astro7,cxtb
0.8662431676488876,0,astro7,cxtb
0.8342560532745733,0,astro7,cxtb
0.8515390658013309,0,astro7,cxtb
0.8254023809348533,0,astro7,cxtb
0.8413458571889175,0,astro7,cxtb
0.8504255613975595,0,astro7,cxtb
0.8355179898530039,0,astro7,cxtb
0.8616328893492186,0,astro7,cxtb
0.8537229143407168,0,astro7,cxtb
0.8319467753466973,0,astro7,cxtb
0.8325334958974869,0,astro7,cxtb
0.8125043407672068,0,astro7,cxtb
0.8014145336042682,0,astro7,cxtb
0.8093713008173409,0,astro7,cxtb
0.7852845688365797,0,astro7,cxtb
0.7611898861667972,0,astro7,cxtb
0.763841584220304,0,astro7,cxtb
0.7461803264250628,0,astro7,cxtb
0.7504457726942217,0,astro7,cxtb
0.7253360659979026,0,astro7,cxtb
0.7428124371783105,0,astro7,cxtb
0.7497284321789758,0,astro7,cxtb
0.7451496069857645,0,astro7,cxtb
0.7499240613294168,0,astro7,cxtb
0.7513317873376028,0,astro7,cxtb
0.7708992056279143,0,astro7,cxtb
0.7223124987721934,0,astro7,cxtb
0.7210297658390773,0,astro7,cxtb
0.7010594571315555,0,astro7,cxtb
0.687618633271661,0,astro7,cxtb
0.677083187066805,0,astro7,cxtb
0.6569936714801756,0,astro7,cxtb
0.6481242169902144,0,astro7,cxtb
0.6244297110878905,0,astro7,cxtb
0.6655185324464177,0,astro7,cxtb
0.6546763276565164,0,astro7,cxtb
0.6384618712238475,0,astro7,cxtb
0.6208656231072485,0,astro7,cxtb
0.6387391558855849,0,astro7,cxtb
0.6207878940055668,0,astro7,cxtb
0.6151626937163369,0,astro7,cxtb
0.6145703958708101,0,astro7,cxtb
0.595514100969408,0,astro7,cxtb
0.5886083508441896,0,astro7,cxtb
0.6002086043705381,0,astro7,cxtb
0.5937822791085786,0,astro7,cxtb
0.5936258549486612,0,astro7,cxtb
0.5888666843262594,0,astro7,cxtb
0.5925743894023316,0,astro7,cxtb
0.609376082803472,0,astro7,cxtb
0.6054305820894217,0,astro7,cxtb
0.5994445453400455,0,astro7,cxtb
0.6061679618982213,0,astro7,cxtb
0.6015922859132324,0,astro7,cxtb
0.5996157712933965,0,astro7,cxtb
0.5917945431894686,0,astro7,cxtb
0.5981635677151914,0,astro7,cxtb
0.5648548262211441,0,astro7,cxtb
0.5772012336992772,0,astro7,cxtb
0.5568920231477755,0,astro7,cxtb
0.5366559031739271,0,astro7,cxtb
0.5368567109363556,0,astro7,cxtb
0.5461823629701882,0,astro7,cxtb
0.5278304616679472,0,astro7,cxtb
0.5454074903882176,0,astro7,cxtb
0.537937126489495,0,astro7,cxtb
0.5256696348100607,0,astro7,cxtb
0.5239025527899555,0,astro7,cxtb
0.5411338619900774,0,astro7,cxtb
0.5514885494432613,0,astro7,cxtb
0.5239208323413851,0,astro7,cxtb
0.5048060169059784,0,astro7,cxtb
0.4719194888776631,0,astro7,cxtb
0.4659155688041158,0,astro7,cxtb
0.48628850991919664,0,astro7,cxtb
0.4732291071813309,0,astro7,cxtb
0.5037660145449803,0,astro7,cxtb
0.4930483927767628,0,astro7,cxtb
0.46699609857782326,0,astro7,cxtb
0.4475625477333352,0,astro7,cxtb
0.44598155617839064,0,astro7,cxtb
0.4486982253128809,0,astro7,cxtb
0.46848747414727016,0,astro7,cxtb
0.4539870417020182,0,astro7,cxtb
0.45536585698233295,0,astro7,cxtb
0.4577652100284983,0,astro7,cxtb
0.4410008853331681,0,astro7,cxtb
0.42936796792518184,0,astro7,cxtb
0.44882281034945753,0,astro7,cxtb
0.4390605407753439,0,astro7,cxtb
0.4558714201527991,0,astro7,cxtb
0.4664439366637227,0,astro7,cxtb
0.4566850908288621,0,astro7,cxtb
0.43039741721229435,0,astro7,cxtb
0.41688866150216464,0,astro7,cxtb
0.4215717610627473,0,astro7,cxtb
0.4252741816624574,0,astro7,cxtb
0.42523097687602424,0,astro7,cxtb
0.4547422436580921,0,astro7,cxtb
0.4331530994518978,0,astro7,cxtb
0.45233645593491917,0,astro7,cxtb
0.4483070905899895,0,astro7,cxtb
0.44430545143053707,0,astro7,cxtb
0.4442755196124392,0,astro7,cxtb
0.4398673075969616,0,astro7,cxtb
0.4365324151199788,0,astro7,cxtb
0.4253137059352355,0,astro7,cxtb
0.43454016310170224,0,astro7,cxtb
0.43673670276977467,0,astro7,cxtb
0.4207433069681355,0,astro7,cxtb
0.4275246208969741,0,astro7,cxtb
0.42376152574988357,0,astro7,cxtb
0.4019052026165361,0,astro7,cxtb
0.41887792880262187,0,astro7,cxtb
0.4161054087092184,0,astro7,cxtb
0.439151878873449,0,astro7,cxtb
0.4103058322122123,0,astro7,cxtb
0.41708600689580794,0,astro7,cxtb
0.41906317677134153,0,astro7,cxtb
0.40634162236469623,0,astro7,cxtb
0.42236197848171386,0,astro7,cxtb
0.4292067679855636,0,astro7,cxtb
0.4179857162579167,0,astro7,cxtb
0.42448555402970306,0,astro7,cxtb
0.4097039681992253,0,astro7,cxtb
0.41485758475342216,0,astro7,cxtb
0.42805745638707443,0,astro7,cxtb
0.4347861373439199,0,astro7,cxtb
0.4046334165764779,0,astro7,cxtb
0.3995942743906301,0,astro7,cxtb
0.41437267186833937,0,astro7,cxtb
0.41917290847176353,0,astro7,cxtb
0.42696072704248456,0,astro7,cxtb
0.3987361782889014,0,astro7,cxtb
0.4100151921409402,0,astro7,cxtb
0.4234335317187926,0,astro7,cxtb
0.42969474610691855,0,astro7,cxtb
0.4255082725130119,0,astro7,cxtb
0.39991067575818695,0,astro7,cxtb
0.39919639082073566,0,astro7,cxtb
0.39863874945081057,0,astro7,cxtb
0.4213764918972701,0,astro7,cxtb
0.386301689892149,0,astro7,cxtb
0.3833048784277126,0,astro7,cxtb
0.3798650775818196,0,astro7,cxtb
0.43327519746439863,0,astro7,cxtb
0.4095827081320297,0,astro7,cxtb
0.39449664274775004,0,astro7,cxtb
0.38613449695448476,0,astro7,cxtb
0.3973896992025918,0,astro7,cxtb
0.3944330944766108,0,astro7,cxtb
0.40979819238852844,0,astro7,cxtb
0.39220544518618544,0,astro7,cxtb
0.4193259948479648,0,astro7,cxtb
0.43077820669942574,0,astro7,cxtb
0.42607725078237874,0,astro7,cxtb
0.3980848820777851,0,astro7,cxtb
0.44412728115036737,0,astro7,cxtb
0.4463010190770101,0,astro7,cxtb
0.4312598258703186,0,astro7,cxtb
0.4426358607160133,0,astro7,cxtb
0.4276110624348484,0,astro7,cxtb
0.4335519467585312,0,astro7,cxtb
0.4220100960776717,0,astro7,cxtb
0.4027887407666559,0,astro7,cxtb
0.41854787599272075,0,astro7,cxtb
0.42296921394950626,0,astro7,cxtb
0.4260453487294638,0,astro7,cxtb
0.4175343625813195,0,astro7,cxtb
0.4255471691942432,0,astro7,cxtb
0.4132239850932406,0,astro7,cxtb
0.42217899963671013,0,astro7,cxtb
0.447873270292806,0,astro7,cxtb
0.40401157168855806,0,astro7,cxtb
0.39516161699445934,0,astro7,cxtb
0.39743750231257,0,astro7,cxtb
0.3663278332800127,0,astro7,cxtb
0.3619812600719659,0,astro7,cxtb
0.3816499306349385,0,astro7,cxtb
0.3992078964232284,0,astro7,cxtb
0.39371531151743444,0,astro7,cxtb
0.37069707787264444,0,astro7,cxtb
0.38386163873486356,0,astro7,cxtb
0.39268300582749943,0,astro7,cxtb
0.3890031598949437,0,astro7,cxtb
0.391067856703776,0,astro7,cxtb
0.39409449106957745,0,astro7,cxtb
0.39457319107143096,0,astro7,cxtb
0.3855534563656163,0,astro7,cxtb
0.3627339362595219,0,astro7,cxtb
0.3762094468089654,0,astro7,cxtb
0.37733015840262846,0,astro7,cxtb
0.37248787141710304,0,astro7,cxtb
0.41039770280995946,0,astro7,cxtb
0.3922960714790285,0,astro7,cxtb
0.3737471085249833,0,astro7,cxtb
0.39603875943973904,0,astro7,cxtb
0.3762195040698531,0,astro7,cxtb
0.39227551373458275,0,astro7,cxtb
0.37167556299653476,0,astro7,cxtb
0.3748030627676177,0,astro7,cxtb
0.38205292329080387,0,astro7,cxtb
0.39025739558016664,0,astro7,cxtb
0.39810953935712484,0,astro7,cxtb
0.39845357197343484,0,astro7,cxtb
0.3889404864517778,0,astro7,cxtb
0.3835769650534835,0,astro7,cxtb
0.3714061414808901,0,astro7,cxtb
0.3790014759878655,0,astro7,cxtb
0.3754292033270665,0,astro7,cxtb
0.36085616413964344,0,astro7,cxtb
0.38094358305888654,0,astro7,cxtb
0.38565399342780526,0,astro7,cxtb
0.39846003971575983,0,astro7,cxtb
0.39019006243075893,0,astro7,cxtb
0.36577576786578603,0,astro7,cxtb
0.36266581198006814,0,astro7,cxtb
0.360888943658318,0,astro7,cxtb
0.3607885497035958,0,astro7,cxtb
0.3666364876855937,0,astro7,cxtb
0.37318548503319837,0,astro7,cxtb
0.38041697579434786,0,astro7,cxtb
0.39399780047879895,0,astro7,cxtb
0.37234122457086655,0,astro7,cxtb
0.3928822248317528,0,astro7,cxtb
0.37848078060871276,0,astro7,cxtb
0.3740477638435562,0,astro7,cxtb
0.36640039200932817,0,astro7,cxtb
0.3657372729608298,0,astro7,cxtb
0.362313213203429,0,astro7,cxtb
0.3595126241430905,0,astro7,cxtb
0.3777596966976187,0,astro7,cxtb
0.36022069210136304,0,astro7,cxtb
0.34818639794887296,0,astro7,cxtb
0.37647429039468294,0,astro7,cxtb
0.3763317539021516,0,astro7,cxtb
0.36025118239345627,0,astro7,cxtb
0.3589019088471145,0,astro7,cxtb
0.37538134437120757,0,astro7,cxtb
0.34581986312484014,0,astro7,cxtb
0.38285246821639035,0,astro7,cxtb
0.384493124744974,0,astro7,cxtb
0.36677590660110676,0,astro7,cxtb
0.3618061101734691,0,astro7,cxtb
0.3738679747413808,0,astro7,cxtb
0.3835883127729174,0,astro7,cxtb
0.3605297092708636,0,astro7,cxtb
0.3246467994039931,0,astro7,cxtb
0.3494156332184977,0,astro7,cxtb
0.36220011355949416,0,astro7,cxtb
0.3516012084541087,0,astro7,cxtb
0.3758962766823422,0,astro7,cxtb
0.38462703566470346,0,astro7,cxtb
0.4065762157122212,0,astro7,cxtb
0.4063187902981063,0,astro7,cxtb
0.37720763455969797,0,astro7,cxtb
0.35441501258242436,0,astro7,cxtb
0.3902140433764911,0,astro7,cxtb
0.3911002099785587,0,astro7,cxtb
0.36592160202112767,0,astro7,cxtb
0.34677071233615314,0,astro7,cxtb
0.35050071230660296,0,astro7,cxtb
0.3793372696071918,0,astro7,cxtb
0.3878793716380816,0,astro7,cxtb
0.37909550883072085,0,astro7,cxtb
0.34442414697970825,0,astro7,cxtb
0.3732737252093282,0,astro7,cxtb
0.3716022608134544,0,astro7,cxtb
0.3415199442195831,0,astro7,cxtb
0.3407559960104606,0,astro7,cxtb
0.33299233998915917,0,astro7,cxtb
0.3418840700449959,0,astro7,cxtb
0.3501530268640807,0,astro7,cxtb
0.3469095011203493,0,astro7,cxtb
0.33668621067422216,0,astro7,cxtb
0.3291632854971677,0,astro7,cxtb
0.3503794454172646,0,astro7,cxtb
0.357508290253867,1,astro7,cxtb
0.32636685056962045,1,astro7,cxtb
0.3175757213228497,1,astro7,cxtb
0.30924428822152616,1,astro7,cxtb
0.3174512412383345,1,astro7,cxtb
0.30112938804568723,1,astro7,cxtb
0.3239313090099853,1,astro7,cxtb
0.2977448908449895,1,astro7,cxtb
0.31146931550435103,1,astro7,cxtb
0.3379418728559389,1,astro7,cxtb
0.3703697633958708,1,astro7,cxtb
0.3472745684746168,1,astro7,cxtb
0.3254931227772692,1,astro7,cxtb
0.31399204925146174,1,astro7,cxtb
0.2885967841327021,0,astro7,cxtb
0.33661951808866325,0,astro7,cxtb
0.32054428113197725,0,astro7,cxtb
0.3209053510008235,0,astro7,cxtb
0.32586447343152664,0,astro7,cxtb
0.3277323024564612,0,astro7,cxtb
0.34102712661898726,0,astro7,cxtb
0.3397919094305801,0,astro7,cxtb
0.31820824144119636,0,astro7,cxtb
0.30360326470976673,0,astro7,cxtb
0.3194505458015413,0,astro7,cxtb
0.32048940691372124,0,astro7,cxtb
0.30795877868956445,0,astro7,cxtb
0.3287500050327107,0,astro7,cxtb
0.32127350303582625,0,astro7,cxtb
0.33830431693353613,0,astro7,cxtb
0.3257819626428741,0,astro7,cxtb
0.31063306901819904,0,astro7,cxtb
0.3036390699448028,0,astro7,cxtb
0.31090649676842086,0,astro7,cxtb
0.32197676387819085,0,astro7,cxtb
0.3249953610928767,0,astro7,cxtb
0.3445824535551791,0,astro7,cxtb
0.3134873382806533,0,astro7,cxtb
0.31471321515430506,0,astro7,cxtb
0.31999598159408393,0,astro7,cxtb
0.3448680558103756,0,astro7,cxtb
0.32675046452440193,0,astro7,cxtb
0.3354371944480345,0,astro7,cxtb
0.350477884737801,0,astro7,cxtb
0.34669314866075074,0,astro7,cxtb
0.3534115395085178,0,astro7,cxtb
0.3604362301690183,0,astro7,cxtb
0.3272164325816086,0,astro7,cxtb
0.373284769523981,0,astro7,cxtb
0.361027383930008,0,astro7,cxtb
0.3619626852181935,0,astro7,cxtb
0.35352194953906146,0,astro7,cxtb
0.355516516223174,0,astro7,cxtb
0.34408521283284005,0,astro7,cxtb
0.3329237186515974,0,astro7,cxtb
0.34197776639733507,0,astro7,cxtb
0.3437501884093889,0,astro7,cxtb
0.3511171300198173,0,astro7,cxtb
0.3374898094750465,0,astro7,cxtb
0.3493467726852366,0,astro7,cxtb
0.37394634316923564,0,astro7,cxtb
0.36316621446395425,0,astro7,cxtb
0.37655949493672786,0,astro7,cxtb
0.36206497181828606,0,astro7,cxtb
0.35015609846478407,0,astro7,cxtb
0.35432885752936855,0,astro7,cxtb
0.36971148617234734,0,astro7,cxtb
0.3563272377508721,0,astro7,cxtb
0.3573938218609961,0,astro7,cxtb
0.34083505517716434,0,astro7,cxtb
0.32496061894596795,0,astro7,cxtb
0.32664099753698767,0,astro7,cxtb
0.35498319260766953,0,astro7,cxtb
0.37045132184728796,0,astro7,cxtb
0.35346793706027535,0,astro7,cxtb
0.3611753480546918,0,astro7,cxtb
0.3550245446033533,0,astro7,cxtb
0.3659691637387366,0,astro7,cxtb
0.3636666751664793,0,astro7,cxtb
0.34195639562142127,0,astro7,cxtb
0.34625070528691354,0,astro7,cxtb
0.38202195447879966,0,astro7,cxtb
0.37274048164328377,0,astro7,cxtb
0.38682741420649336,0,astro7,cxtb
0.3591973856295596,0,astro7,cxtb
0.35714128896587705,0,astro7,cxtb
0.36015699464773737,0,astro7,cxtb
0.34673353579947924,0,astro7,cxtb
0.3794919257847413,0,astro7,cxtb
0.3942131236152215,0,astro7,cxtb
0.3845340276097737,0,astro7,cxtb
0.39154767609006524,0,astro7,cxtb
0.36000747668084054,0,astro7,cxtb
0.34948196667508297,0,astro7,cxtb
0.34246079763511733,0,astro7,cxtb
0.34180067084221716,0,astro7,cxtb
0.3672343323607724,0,astro7,cxtb
0.35530536603729557,0,astro7,cxtb
0.36524341666511223,0,astro7,cxtb
0.37406261740692853,0,astro7,cxtb
0.37083844837654695,0,astro7,cxtb
0.3539297108858545,0,astro7,cxtb
0.3508149546556435,0,astro7,cxtb
0.3609181337603833,0,astro7,cxtb
0.37137074103549333,0,astro7,cxtb
0.36900326446109094,0,astro7,cxtb
0.3888010254242558,0,astro7,cxtb
0.38236067434672594,0,astro7,cxtb
0.3884008785118188,0,astro7,cxtb
0.3770630107445675,0,astro7,cxtb
0.4102381810003145,0,astro7,cxtb
0.4415379800195553,0,astro7,cxtb
0.45986095576596103,0,astro7,cxtb
0.46108518064909576,0,astro7,cxtb
0.47354927153597076,0,astro7,cxtb
0.4473765096173711,0,astro7,cxtb
0.45806909870871987,0,astro7,cxtb
0.4519032822887616,0,astro7,cxtb
0.4646072752339158,1,astro7,cxtb
0.4504524009138025,1,astro7,cxtb
0.467641021881088,1,astro7,cxtb
0.4906130210839117,1,astro7,cxtb
0.4729361913671384,1,astro7,cxtb
0.48186484079547937,1,astro7,cxtb
0.4620966400302691,1,astro7,cxtb
0.4510384928179533,1,astro7,cxtb
0.4632668949885263,1,astro7,cxtb
0.46436734483387454,1,astro7,cxtb
0.40514909166627444,1,astro7,cxtb
0.42584871303448607,1,astro7,cxtb
0.4242778259322622,1,astro7,cxtb
0.42748199266415715,1,astro7,cxtb
0.41766899194803553,1,astro7,cxtb
0.4350298286054182,1,astro7,cxtb
0.4205062473222403,1,astro7,cxtb
0.40214137456787674,1,astro7,cxtb
0.4093809467733668,1,astro7,cxtb
0.4266391142545771,1,astro7,cxtb
0.4077270707003245,1,astro7,cxtb
0.42215171633655113,1,astro7,cxtb
0.44470899152504556,1,astro7,cxtb
0.40889179989723085,1,astro7,cxtb
0.3954047748435354,1,astro7,cxtb
0.41370937785009587,1,astro7,cxtb
0.4052556157930532,1,astro7,cxtb
0.3774890107216635,1,astro7,cxtb
0.38727265836659563,1,astro7,cxtb
0.37908100047479126,1,astro7,cxtb
0.38959133142490693,1,astro7,cxtb
0.3780764747472599,1,astro7,cxtb
0.3670212617285981,1,astro7,cxtb
0.3765789059708716,0,astro7,cxtb
0.3847723647495217,0,astro7,cxtb
0.3723760113475915,0,astro7,cxtb
0.39477206735389275,0,astro7,cxtb
0.3680006116284988,0,astro7,cxtb
0.34845028852075177,0,astro7,cxtb
0.3491090630797321,0,astro7,cxtb
0.37189905943052265,0,astro7,cxtb
0.35125401578263943,0,astro7,cxtb
0.35598331794545857,0,astro7,cxtb
0.35533150785554046,0,astro7,cxtb
0.3653502498392681,0,astro7,cxtb
0.3740595989790447,0,astro7,cxtb
0.34309366911859046,0,astro7,cxtb
0.3489811058791728,0,astro7,cxtb
0.3711522287955307,0,astro7,cxtb
0.35774786134388165,0,astro7,cxtb
0.34903362795283294,0,astro7,cxtb
0.3447933736510634,0,astro7,cxtb
0.35144742043397365,0,astro7,cxtb
0.35219310949997246,0,astro7,cxtb
0.34060004068645094,0,astro7,cxtb
0.3421382800263434,0,astro7,cxtb
0.3700162664326559,0,astro7,cxtb
0.37524619439337664,0,astro7,cxtb
0.372373720928535,0,astro7,cxtb
0.37606784132368637,0,astro7,cxtb
0.3611089113746507,0,astro7,cxtb
0.37200417002262653,0,astro7,cxtb
0.37392664101764345,0,astro7,cxtb
0.3723445838448099,0,astro7,cxtb
0.3748198364128597,0,astro7,cxtb
0.37435792788368794,0,astro7,cxtb
0.3925445671780992,0,astro7,cxtb
0.38345485595235823,0,astro7,cxtb
0.38674953849188626,0,astro7,cxtb
0.38371073466810596,0,astro7,cxtb
0.3837019785666237,0,astro7,cxtb
0.3421238816874807,0,astro7,cxtb
0.36931929836664895,0,astro7,cxtb
0.375042356784377,0,astro7,cxtb
0.3760774056079277,0,astro7,cxtb
0.4001596260379825,0,astro7,cxtb
0.38385872470278,0,astro7,cxtb
0.40490500340165075,0,astro7,cxtb
0.3823675770358686,0,astro7,cxtb
0.41022363454111554,0,astro7,cxtb
0.3571368446312478,0,astro7,cxtb
0.3213152190890932,0,astro7,cxtb
0.3550990181354292,0,astro7,cxtb
0.36936862558565886,1,astro7,cxtb
0.3635604916098296,1,astro7,cxtb
0.33397498478918664,1,astro7,cxtb
0.3569062016019902,1,astro7,cxtb
0.3587352813603101,1,astro7,cxtb
0.36573549566904084,1,astro7,cxtb
0.3602801124334135,1,astro7,cxtb
0.35235625904248213,1,astro7,cxtb
0.3681953839340657,1,astro7,cxtb
0.36763077422040435,1,astro7,cxtb
0.3554170034453311,1,astro7,cxtb
0.3559112719124356,1,astro7,cxtb
0.3390010359834236,1,astro7,cxtb
0.3263511143566395,1,astro7,cxtb
0.3599453307398307,1,astro7,cxtb
0.37073538880207846,1,astro7,cxtb
0.3326487365003421,1,astro7,cxtb
0.3318769910300473,1,astro7,cxtb
0.33985584646753003,1,astro7,cxtb
0.3447618943635113,1,astro7,cxtb
0.37239285713542625,1,astro7,cxtb
0.32853191355836237,0,astro7,cxtb
0.33531693823293945,0,astro7,cxtb
0.33226036820299687,0,astro7,cxtb
0.3342966772103811,0,astro7,cxtb
0.331876196421691,0,astro7,cxtb
0.35664028380137613,0,astro7,cxtb
0.36274580106217386,0,astro7,cxtb
0.3510275119421652,0,astro7,cxtb
0.3447029269686824,0,astro7,cxtb
0.3432807106282683,0,astro7,cxtb
0.34884826153800674,0,astro7,cxtb
0.31695309444175906,0,astro7,cxtb
0.33430377268405154,0,astro7,cxtb
0.32286067980695926,0,astro7,cxtb
0.29987167068536513,0,astro7,cxtb
0.3251040216178763,0,astro7,cxtb
0.33149929282943597,0,astro7,cxtb
0.3114663663783344,0,astro7,cxtb
0.32051917331377533,0,astro7,cxtb
0.3256885664226732,0,astro7,cxtb
0.3071896793154891,0,astro7,cxtb
0.32610122420424037,0,astro7,cxtb
0.3258754872359458,0,astro7,cxtb
0.3250820834184048,0,astro7,cxtb
0.32011061597225055,0,astro7,cxtb
0.3263830886201714,0,astro7,cxtb
0.33015687113604225,0,astro7,cxtb
0.33589975582153164,0,astro7,cxtb
0.3388095109832163,0,astro7,cxtb
0.3190258347970682,0,astro7,cxtb
0.3097968566653593,0,astro7,cxtb
0.31344280466655433,0,astro7,cxtb
0.3170393004270891,0,astro7,cxtb
0.33314455499841555,0,astro7,cxtb
0.28251811320999404,0,astro7,cxtb
0.30186724764647477,0,astro7,cxtb
0.3228764590603948,0,astro7,cxtb
0.31782758379133996,0,astro7,cxtb
0.30874395448429454,0,astro7,cxtb
0.3030548615813203,0,astro7,cxtb
0.2999836013502557,0,astro7,cxtb
0.3079768902048421,0,astro7,cxtb
0.33983670200980237,0,astro7,cxtb
0.31539038417770926,0,astro7,cxtb
0.32716580513094345,1,astro7,cxtb
0.3431592050935122,1,astro7,cxtb
0.29711396951066404,1,astro7,cxtb
0.307571961718903,1,astro7,cxtb
0.29586811767005394,1,astro7,cxtb
0.29820035768554376,1,astro7,cxtb
0.32342150006103926,1,astro7,cxtb
0.3199062224522966,1,astro7,cxtb
0.3075539601659527,1,astro7,cxtb
0.3204133743440241,1,astro7,cxtb
0.32970593813739807,1,astro7,cxtb
0.3147407360143837,1,astro7,cxtb
0.31572424200267724,1,astro7,cxtb
0.32918910745262,1,astro7,cxtb
0.33061060367671724,1,astro7,cxtb
0.3280034050465963,1,astro7,cxtb
0.3309211600252732,1,astro7,cxtb
0.3492105575826066,1,astro7,cxtb
0.3290201166912224,1,astro7,cxtb
0.3215820367857781,1,astro7,cxtb
0.3158928782475935,1,astro7,cxtb
0.3010647844138371,1,astro7,cxtb
0.32530927647384367,1,astro7,cxtb
0.30019646629891833,1,astro7,cxtb
0.29622870101931187,1,astro7,cxtb
0.3069609515217904,1,astro7,cxtb
0.29142183058104165,1,astro7,cxtb
0.3014983308232351,1,astro7,cxtb
0.2944861710828076,1,astro7,cxtb
0.3041890221567719,1,astro7,cxtb
0.3189709238720892,1,astro7,cxtb
0.291817211852782,1,astro7,cxtb
0.3110225623592206,1,astro7,cxtb
0.324020459264522,1,astro7,cxtb
0.29754995904536086,1,astro7,cxtb
0.27913461275469775,1,astro7,cxtb
0.28458796790973656,1,astro7,cxtb
0.290078768146181,1,astro7,cxtb
0.2963408332014916,1,astro7,cxtb
0.29485465198598904,1,astro7,cxtb
0.30310270107170095,1,astro7,cxtb
0.29851044203486143,1,astro7,cxtb
0.28873627533546725,1,astro7,cxtb
0.28716885789431407,1,astro7,cxtb
0.29512444552022216,1,astro7,cxtb
0.29803466080300806,1,astro7,cxtb
0.2782826125549115,1,astro7,cxtb
0.28897691645222373,1,astro7,cxtb
0.3159364669660783,1,astro7,cxtb
0.2993441427819812,1,astro7,cxtb
0.2803649317799402,1,astro7,cxtb
0.2712864665393085,1,astro7,cxtb
0.2668632113589675,1,astro7,cxtb
0.2610561121275846,1,astro7,cxtb
0.2834194649374992,1,astro7,cxtb
0.29061875766593526,1,astro7,cxtb
0.29137164805553273,1,astro7,cxtb
0.30140114429921777,1,astro7,cxtb
0.28939845023869826,1,astro7,cxtb
0.2890777415519857,1,astro7,cxtb
0.29877201586030677,1,astro7,cxtb
0.3219210257360107,1,astro7,cxtb
0.32379149264671336,1,astro7,cxtb
0.30337353276542867,1,astro7,cxtb
0.28564820370860716,1,astro7,cxtb
0.2930753590810525,1,astro7,cxtb
0.32698580963318824,1,astro7,cxtb
0.31250344654336104,1,astro7,cxtb
0.29798098586427507,1,astro7,cxtb
0.2926863046565065,1,astro7,cxtb
0.27957791409316446,0,astro7,cxtb
0.3025686294884167,0,astro7,cxtb
0.2732437206532546,0,astro7,cxtb
0.2860890228342326,0,astro7,cxtb
0.28466218490970097,0,astro7,cxtb
0.29781040791185864,0,astro7,cxtb
0.31563739308437827,0,astro7,cxtb
0.31351386833588446,0,astro7,cxtb
0.32736813975115303,0,astro7,cxtb
0.31368106882430297,0,astro7,cxtb
0.3108077776870563,0,astro7,cxtb
0.2948992476133519,0,astro7,cxtb
0.30150978343757795,0,astro7,cxtb
0.29653952461837807,0,astro7,cxtb
0.2993857989559857,0,astro7,cxtb
0.31211290048595736,0,astro7,cxtb
0.31738734007748437,0,astro7,cxtb
0.307531571099561,0,astro7,cxtb
0.30421557413602707,0,astro7,cxtb
0.2975010694237285,0,astro7,cxtb
0.2785305851728569,0,astro7,cxtb
0.29367291976876664,0,astro7,cxtb
0.2921896663984831,0,astro7,cxtb
0.3025214325214848,0,astro7,cxtb
0.2937693377513175,0,astro7,cxtb
0.2795360994070183,1,astro7,cxtb
0.3085219127031116,1,astro7,cxtb
0.29863483848197003,1,astro7,cxtb
0.3016750055506838,1,astro7,cxtb
0.30548450646352276,1,astro7,cxtb
0.3031938742894303,1,astro7,cxtb
0.32934408638844115,1,astro7,cxtb
0.3098375124251134,1,astro7,cxtb
0.30456264248477716,1,astro7,cxtb
0.3139367788737129,1,astro7,cxtb
0.32034796916889563,1,astro7,cxtb
0.3170096069487077,1,astro7,cxtb
0.33709662608421087,1,astro7,cxtb
0.33779394200410134,1,astro7,cxtb
0.32795762155206315,1,astro7,cxtb
0.32603006363199905,1,astro7,cxtb
0.3377938796678386,1,astro7,cxtb
0.3310964566102719,1,astro7,cxtb
0.34790082004484907,1,astro7,cxtb
0.334084731059251,1,astro7,cxtb
0.32709544442054467,1,astro7,cxtb
0.32183565519014623,1,astro7,cxtb
0.32546947909560536,1,astro7,cxtb
0.32858185485137376,1,astro7,cxtb
0.3301982940269982,1,astro7,cxtb
0.3256843361602846,1,astro7,cxtb
0.3232494516757037,1,astro7,cxtb
0.3258942627140651,1,astro7,cxtb
0.2972879044442639,1,astro7,cxtb
0.3045570506608647,1,astro7,cxtb
0.31453546312110653,1,astro7,cxtb
0.3202626505978047,1,astro7,cxtb
0.29845746214287977,1,astro7,cxtb
0.3142408577693356,1,astro7,cxtb
0.29546832531753814,1,astro7,cxtb
0.30493651505518066,1,astro7,cxtb
0.30315332850004206,1,astro7,cxtb
0.28599566550069105,1,astro7,cxtb
0.2966147616717659,1,astro7,cxtb
0.302985694196804,1,astro7,cxtb
0.28940799150925384,1,astro7,cxtb
0.2985976696692991,1,astro7,cxtb
0.32459846772052287,1,astro7,cxtb
0.3046550083386313,1,astro7,cxtb
0.3054414502391736,1,astro7,cxtb
0.3226395354192307,1,astro7,cxtb
0.3172504897022492,1,astro7,cxtb
0.3054602849059058,1,astro7,cxtb
0.3150191006804719,1,astro7,cxtb
0.31952800259325903,1,astro7,cxtb
0.320217099013011,1,astro7,cxtb
0.322237275160132,1,astro7,cxtb
0.3445879681700715,1,astro7,cxtb
0.352433778735156,1,astro7,cxtb
0.3680293619588535,1,astro7,cxtb
0.3607940936112569,1,astro7,cxtb
0.33505101029164763,1,astro7,cxtb
0.3249047330097593,1,astro7,cxtb
0.33136162571969363,0,astro7,cxtb
0.33804329940320155,0,astro7,cxtb
0.35472719503861483,0,astro7,cxtb
0.3406906000459018,0,astro7,cxtb
0.3378943751618773,0,astro7,cxtb
0.342074193179724,0,astro7,cxtb
0.35216944751410634,0,astro7,cxtb
0.34887047369647406,0,astro7,cxtb
0.35869534840370043,0,astro7,cxtb
0.3517323511868073,0,astro7,cxtb
0.3370228441682608,0,astro7,cxtb
0.3361042726628637,0,astro7,cxtb
0.3380890459933267,0,astro7,cxtb
0.35895050416049246,0,astro7,cxtb
0.383691551586698,0,astro7,cxtb
0.365437859010111,0,astro7,cxtb
0.37719110193374417,0,astro7,cxtb
0.36537893177027864,0,astro7,cxtb
0.36956181107661257,0,astro7,cxtb
0.33515344066115726,0,astro7,cxtb
0.3873552395891988,0,astro7,cxtb
0.38465512312748634,0,astro7,cxtb
0.36947255715164623,0,astro7,cxtb
0.3764807340214891,0,astro7,cxtb
0.3774946320035093,0,astro7,cxtb
0.3833403836849602,0,astro7,cxtb
0.39457356606576377,0,astro7,cxtb
0.41344647184084193,0,astro7,cxtb
0.4346533284505754,0,astro7,cxtb
0.4618771847462194,0,astro7,cxtb
0.47211322511071335,0,astro7,cxtb
0.4615465519225316,0,astro7,cxtb
0.4766661882787502,0,astro7,cxtb
0.4915861452420328,0,astro7,cxtb
0.47977592116340156,0,astro7,cxtb
0.4903505584311958,0,astro7,cxtb
0.4745253887201183,0,astro7,cxtb
0.5026248915804187,0,astro7,cxtb
0.5033407090455546,0,astro7,cxtb
0.5093234568744579,0,astro7,cxtb
0.5284587069476796,0,astro7,cxtb
0.5207280375071224,0,astro7,cxtb
0.5143250048321285,0,astro7,cxtb
0.5457516247606546,0,astro7,cxtb
0.5546652733524414,0,astro7,cxtb
0.5424703261246662,0,astro7,cxtb
0.5587618752486464,0,astro7,cxtb
0.5421481470334114,0,astro7,cxtb
0.5534535224668655,0,astro7,cxtb
0.5544479325725177,0,astro7,cxtb
0.5314399575364034,0,astro7,cxtb
0.5490796282448888,0,astro7,cxtb
0.5527969772621653,0,astro7,cxtb
0.5205241381208938,0,astro7,cxtb
0.5268691757238618,0,astro7,cxtb
0.5409751708954411,0,astro7,cxtb
0.5431539465016606,0,astro7,cxtb
0.5495220318682962,0,astro7,cxtb
0.5377297984498799,0,astro7,cxtb
0.5469138500432449,0,astro7,cxtb
0.5710063560520492,0,astro7,cxtb
0.5650612107892122,0,astro7,cxtb
0.5589684434524758,0,astro7,cxtb
0.5637992997768786,0,astro7,cxtb
0.5397762486365983,0,astro7,cxtb
0.5602927230984208,0,astro7,cxtb
0.5696339751803265,0,astro7,cxtb
0.5484412264195038,0,astro7,cxtb
0.5560177366913782,0,astro7,cxtb
0.5410065903597764,0,astro7,cxtb
0.5320291647394196,0,astro7,cxtb
0.5235384857543308,0,astro7,cxtb
0.5416253483398753,0,astro7,cxtb
0.5109067127499612,0,astro7,cxtb
0.5222735857023659,0,astro7,cxtb
0.5195942467766833,0,astro7,cxtb
0.5251285309748682,0,astro7,cxtb
0.5352795937126164,0,astro7,cxtb
0.5679981181114916,0,astro7,cxtb
0.5655061207590234,0,astro7,cxtb
0.5465999711158374,0,astro7,cxtb
0.5581883186185829,0,astro7,cxtb
0.5509561611556746,0,astro7,cxtb
0.5338785085030492,0,astro7,cxtb
0.5238940291407634,0,astro7,cxtb
0.536790178877291,0,astro7,cxtb
0.5318350240713354,0,astro7,cxtb
0.5423718295035093,0,astro7,cxtb
0.5347520727717693,0,astro7,cxtb
0.5642978949044446,0,astro7,cxtb
0.576137788952463,0,astro7,cxtb
0.5454225064885615,0,astro7,cxtb
0.5541347758368727,0,astro7,cxtb
0.5588537542813541,1,astro7,cxtb
0.5646417424028759,1,astro7,cxtb
0.5543727791320888,1,astro7,cxtb
0.5616303416859897,1,astro7,cxtb
0.5593484277810841,1,astro7,cxtb
0.5687256715186212,1,astro7,cxtb
0.5581662582078581,1,astro7,cxtb
0.5443891524593234,1,astro7,cxtb
0.573097354687302,1,astro7,cxtb
0.5732466164459076,1,astro7,cxtb
0.5461871552095707,1,astro7,cxtb
0.5565092672818576,1,astro7,cxtb
0.5618684193444122,1,astro7,cxtb
0.5678408674085306,1,astro7,cxtb
0.5578989010625269,1,astro7,cxtb
0.5644296347374638,1,astro7,cxtb
0.5450417685241093,1,astro7,cxtb
0.572865441328668,1,astro7,cxtb
0.5617544970355747,1,astro7,cxtb
0.5645255227103548,1,astro7,cxtb
0.5749850532123085,1,astro7,cxtb
0.5576040499281861,0,astro7,cxtb
0.5534515137264825,0,astro7,cxtb
0.5589235698380886,0,astro7,cxtb
0.5701840640408311,0,astro7,cxtb
0.5534647268066767,0,astro7,cxtb
0.543426474561052,0,astro7,cxtb
0.5208354733144649,0,astro7,cxtb
0.5340392744024703,0,astro7,cxtb
0.5409129661091392,0,astro7,cxtb
0.529508843925416,0,astro7,cxtb
0.5523896034044146,0,astro7,cxtb
0.5458740359393415,0,astro7,cxtb
0.5415587252353474,0,astro7,cxtb
0.5774693098659819,0,astro7,cxtb
0.541043938744552,0,astro7,cxtb
0.5562582500606269,0,astro7,cxtb
0.553814740014311,0,astro7,cxtb
0.577567813656386,0,astro7,cxtb
0.6068440340592469,0,astro7,cxtb
0.6211247341126257,0,astro7,cxtb
0.6188772098146352,0,astro7,cxtb
0.6495611433495568,0,astro7,cxtb
0.6144006917808144,0,astro7,cxtb
0.6271811479640724,0,astro7,cxtb
0.5832158430273954,0,astro7,cxtb
0.5921108589753462,0,astro7,cxtb
0.6174075133700371,0,astro7,cxtb
0.6177922133880589,0,astro7,cxtb
0.5849884796943565,0,astro7,cxtb
0.5892614816034075,0,astro7,cxtb
0.6129717990033012,0,astro7,cxtb
0.5838439908308777,0,astro7,cxtb
0.555272839301929,0,astro7,cxtb
0.5509308409829934,0,astro7,cxtb
0.5546372233482137,0,astro7,cxtb
0.5621693164533813,0,astro7,cxtb
0.5664205911569858,0,astro7,cxtb
0.5429423374439485,0,astro7,cxtb
0.5433873051860891,0,astro7,cxtb
0.5480915426027589,0,astro7,cxtb
0.5673410786943698,0,astro7,cxtb
0.5682806796535594,0,astro7,cxtb
0.5610194913107435,0,astro7,cxtb
0.5584125232224183,0,astro7,cxtb
0.52270465537401,0,astro7,cxtb
0.5433344916678648,0,astro7,cxtb
0.5296461903547082,0,astro7,cxtb
0.5240863845925063,0,astro7,cxtb
0.528085276465189,0,astro7,cxtb
0.5586287345613971,0,astro7,cxtb
0.5046508774406352,0,astro7,cxtb
0.5220475495529869,0,astro7,cxtb
0.5520891648535382,0,astro7,cxtb
0.5528141374533072,0,astro7,cxtb
0.5397176948454638,0,astro7,cxtb
0.5144922293075676,0,astro7,cxtb
0.5075039863354198,0,astro7,cxtb
0.4971346232127538,0,astro7,cxtb
0.5234060794630023,0,astro7,cxtb
0.51332985686863,0,astro7,cxtb
0.5361426551132435,0,astro7,cxtb
0.5067351495890879,0,astro7,cxtb
0.5205327999058474,0,astro7,cxtb
0.5011483812724309,0,astro7,cxtb
0.4935523751252505,0,astro7,cxtb
0.47464686165746534,0,astro7,cxtb
0.49525163494083607,0,astro7,cxtb
0.5032873033690934,0,astro7,cxtb
0.506308459099614,0,astro7,cxtb
0.481482698281454,0,astro7,cxtb
0.474655480209109,0,astro7,cxtb
0.4507056154402723,0,astro7,cxtb
0.4582996682411678,0,astro7,cxtb
0.45802137261148795,0,astro7,cxtb
0.44328944231399714,0,astro7,cxtb
0.43647382010808683,0,astro7,cxtb
0.48394151211427,0,astro7,cxtb
0.4659611930747014,0,astro7,cxtb
0.4670551128206606,0,astro7,cxtb
0.4842636165065588,0,astro7,cxtb
0.48009941052622535,0,astro7,cxtb
0.46942268455343517,0,astro7,cxtb
0.45806608374157476,0,astro7,cxtb
0.4768239519993774,0,astro7,cxtb
0.4526157487149379,0,astro7,cxtb
0.4751961005500763,0,astro7,cxtb
0.4732931490168483,0,astro7,cxtb
0.44544107376919173,0,astro7,cxtb
0.4476634370647682,0,astro7,cxtb
0.4282895157523224,0,astro7,cxtb
0.4355037785176773,0,astro7,cxtb
0.43000552242657436,0,astro7,cxtb
0.4402924342435645,0,astro7,cxtb
0.4285523799310224,0,astro7,cxtb
0.4531185525352482,0,astro7,cxtb
0.4184886479143463,0,astro7,cxtb
0.4282547639745903,0,astro7,cxtb
0.4415281152777569,0,astro7,cxtb
0.4355591038189308,0,astro7,cxtb
0.4055831726085299,0,astro7,cxtb
0.40763667935283326,0,astro7,cxtb
0.4163587947802609,0,astro7,cxtb
0.41207399068455625,0,astro7,cxtb
0.4008552781291935,0,astro7,cxtb
0.38349804850923286,0,astro7,cxtb
0.42962153755978816,0,astro7,cxtb
0.43668323721052454,0,astro7,cxtb
0.4123578061565052,0,astro7,cxtb
0.4147356162513895,0,astro7,cxtb
0.4069578449688436,0,astro7,cxtb
0.41678036937862617,0,astro7,cxtb
0.3995101995466602,0,astro7,cxtb
0.40966731701956,0,astro7,cxtb
0.412092962831342,0,astro7,cxtb
0.41690919522791603,0,astro7,cxtb
0.41320388248717355,0,astro7,cxtb
0.38847292246559384,0,astro7,cxtb
0.38519469739289797,0,astro7,cxtb
0.4150363709169595,0,astro7,cxtb
0.40685989470503936,0,astro7,cxtb
0.3935252501577836,0,astro7,cxtb
0.38063576509849933,0,astro7,cxtb
0.3803420574170469,0,astro7,cxtb
0.3956034206500056,0,astro7,cxtb
0.36879552921321235,0,astro7,cxtb
0.3480609759624692,0,astro7,cxtb
0.37962918683073643,0,astro7,cxtb
0.3681347905637197,0,astro7,cxtb
0.35777845412386533,0,astro7,cxtb
0.36534858195839565,0,astro7,cxtb
0.34837693385223956,0,astro7,cxtb
0.3535119780813796,0,astro7,cxtb
0.35412472661642247,0,astro7,cxtb
0.36667982326972104,0,astro7,cxtb
0.3672206247469572,0,astro7,cxtb
0.3555062918251767,0,astro7,cxtb
0.37228789125897743,0,astro7,cxtb
0.35565943340728523,0,astro7,cxtb
0.3547594580557719,0,astro7,cxtb
0.3551732198876649,0,astro7,cxtb
0.34946564981378353,0,astro7,cxtb
0.35813646343613326,0,astro7,cxtb
0.3654609808566065,0,astro7,cxtb
0.3666487881625241,0,astro7,cxtb
0.3739797890374718,0,astro7,cxtb
0.3630063045728312,0,astro7,cxtb
0.35880672641339445,0,astro7,cxtb
0.3594333311972002,0,astro7,cxtb
0.3346391021312616,0,astro7,cxtb
0.3457157423570382,0,astro7,cxtb
0.36546280611137716,0,astro7,cxtb
0.3756083742722832,0,astro7,cxtb
0.3711412657532256,0,astro7,cxtb
0.3677551425242499,0,astro7,cxtb
0.3735220161904872,0,astro7,cxtb
0.36218406198996084,0,astro7,cxtb
0.3635969915810446,0,astro7,cxtb
0.36374673889945014,0,astro7,cxtb
0.3717211470287842,0,astro7,cxtb
0.3721924472087032,0,astro7,cxtb
0.3646211915428143,0,astro7,cxtb
0.3777679589012066,0,astro7,cxtb
0.3900412888179588,0,astro7,cxtb
0.3884821877010461,0,astro7,cxtb
0.375962063209046,0,astro7,cxtb
0.36826633950749416,0,astro7,cxtb
0.3411947834115898,0,astro7,cxtb
0.3624501390807506,0,astro7,cxtb
0.3478165604401191,0,astro7,cxtb
0.35743069031848906,0,astro7,cxtb
0.3705653185396759,0,astro7,cxtb
0.40354048668511555,0,astro7,cxtb
0.3791375983693162,0,astro7,cxtb
0.40105489749487866,0,astro7,cxtb
0.4565372364957301,0,astro7,cxtb
0.4260448088594525,0,astro7,cxtb
0.4211988467549788,0,astro7,cxtb
0.4197943774650966,0,astro7,cxtb
0.4265140985235819,0,astro7,cxtb
0.436622742837033,0,astro7,cxtb
0.4236149029641453,0,astro7,cxtb
0.43048206744390416,0,astro7,cxtb
0.4361223500535487,0,astro7,cxtb
0.4173281014948078,0,astro7,cxtb
0.4500719517684565,0,astro7,cxtb
0.42430143846820184,0,astro7,cxtb
0.419224815750813,0,astro7,cxtb
0.4226942293060504,0,astro7,cxtb
0.4227624667522611,0,astro7,cxtb
0.4302039371537193,0,astro7,cxtb
0.4164114594309486,0,astro7,cxtb
0.40137249940253444,0,astro7,cxtb
0.4017479758674707,0,astro7,cxtb
0.41376329013783436,0,astro7,cxtb
0.41011675922258917,0,astro7,cxtb
0.4109784465463758,0,astro7,cxtb
0.43596074711089466,0,astro7,cxtb
0.4135090472632283,0,astro7,cxtb
0.4221193758284349,0,astro7,cxtb
0.4288446843347889,0,astro7,cxtb
0.4227469663198254,0,astro7,cxtb
0.42876721546566654,0,astro7,cxtb
0.4097977920856067,0,astro7,cxtb
0.4145016734835206,0,astro7,cxtb
0.3944117512950057,0,astro7,cxtb
0.4032521508148443,0,astro7,cxtb
0.4355817091540574,0,astro7,cxtb
0.4266987033749611,0,astro7,cxtb
0.4270306876469155,0,astro7,cxtb
0.41873403747285937,0,astro7,cxtb
0.4373667839443655,0,astro7,cxtb
0.45394357753989556,0,astro7,cxtb
0.45868001098530264,0,astro7,cxtb
0.4862215375008207,0,astro7,cxtb
0.4880305480828673,0,astro7,cxtb
0.5072939897806661,0,astro7,cxtb
0.49233175977801014,0,astro7,cxtb
0.4996125996537449,0,astro7,cxtb
0.5081208453949779,0,astro7,cxtb
0.5164057085078387,0,astro7,cxtb
0.5242062340137161,0,astro7,cxtb
0.4864359738283746,0,astro7,cxtb
0.49831608001767924,0,astro7,cxtb
0.5297389850050275,0,astro7,cxtb
0.5546188363363452,0,astro7,cxtb
0.5767869760519477,0,astro7,cxtb
0.5505611309438305,0,astro7,cxtb
0.5208745112198648,0,astro7,cxtb
0.5639033254849509,0,astro7,cxtb
0.5578289899391542,0,astro7,cxtb
0.5529138188286493,0,astro7,cxtb
0.5698965895202239,0,astro7,cxtb
0.5719966391433933,0,astro7,cxtb
0.5895458820668702,0,astro7,cxtb
0.5867794500166194,0,astro7,cxtb
0.5861848958125399,0,astro7,cxtb
0.5938291710284151,0,astro7,cxtb
0.5870613547005095,0,astro7,cxtb
0.6036854079980796,0,astro7,cxtb
0.5758025406793045,0,astro7,cxtb
0.5933162597818883,0,astro7,cxtb
0.5851730836965451,0,astro7,cxtb
0.6210136535025069,0,astro7,cxtb
0.6109467594935939,0,astro7,cxtb
0.6131830761545771,0,astro7,cxtb
0.6072085589982942,0,astro7,cxtb
0.6258450796396134,0,astro7,cxtb
0.6424703380580997,0,astro7,cxtb
0.6804170712595269,0,astro7,cxtb
0.6596704263205325,0,astro7,cxtb
0.6366270549790254,0,astro7,cxtb
0.6518261810761699,0,astro7,cxtb
0.6455739011619979,0,astro7,cxtb
0.6628242566233923,0,astro7,cxtb
0.6445375847069352,0,astro7,cxtb
0.627981463313877,0,astro7,cxtb
0.6359213708545167,0,astro7,cxtb
0.6615919130681407,0,astro7,cxtb
0.6291533708709646,0,astro7,cxtb
0.6639514258121372,0,astro7,cxtb
0.6528601601922485,0,astro7,cxtb
0.6626306617963512,0,astro7,cxtb
0.6704159752202206,0,astro7,cxtb
0.6674666563504192,0,astro7,cxtb
0.6903780682034178,0,astro7,cxtb
0.7194907424349978,0,astro7,cxtb
0.7256211758954145,0,astro7,cxtb
0.7370319071154561,0,astro7,cxtb
0.7502535689899296,0,astro7,cxtb
0.7401061332746915,0,astro7,cxtb
0.7362943535230738,0,astro7,cxtb
0.738660551592392,0,astro7,cxtb
0.7435548566295515,0,astro7,cxtb
0.7181378592955368,0,astro7,cxtb
0.7130198376291841,0,astro7,cxtb
0.7558266275241617,0,astro7,cxtb
0.7691423604924666,0,astro7,cxtb
0.7793735701768826,0,astro7,cxtb
0.810301517786144,0,astro7,cxtb
0.8050437835211942,0,astro7,cxtb
0.837592220850984,0,astro7,cxtb
0.8384667472085429,0,astro7,cxtb
0.8427327028907377,0,astro7,cxtb
0.8740241943196755,0,astro7,cxtb
0.8596666753651332,0,astro7,cxtb
0.8938732967628384,0,astro7,cxtb
0.9244723809301713,0,astro7,cxtb
0.8851331108775301,0,astro7,cxtb
0.8946229068002656,0,astro7,cxtb
0.9152617803664904,0,astro7,cxtb
0.9059364245533403,0,astro7,cxtb
0.9244540855861466,0,astro7,cxtb
0.9389679538474285,1,astro7,cxtb
0.9398071566420789,1,astro7,cxtb
0.9225073118832703,1,astro7,cxtb
0.9114676836760081,1,astro7,cxtb
0.9536865074286645,1,astro7,cxtb
0.9336428431470771,1,astro7,cxtb
0.9170712718871028,1,astro7,cxtb
0.9254904741253691,1,astro7,cxtb
0.9476077558990019,1,astro7,cxtb
0.9639351614334495,1,astro7,cxtb
0.9693833230795598,1,astro7,cxtb
0.9841102704084155,1,astro7,cxtb
0.9681523586558676,1,astro7,cxtb
0.9854319235958465,1,astro7,cxtb
0.9665736409969554,1,astro7,cxtb
0.9646435969140872,1,astro7,cxtb
0.9577788800368632,0,astro7,cxtb
0.9567370980625345,0,astro7,cxtb
0.9714466461548021,0,astro7,cxtb
0.9367001298462365,0,astro7,cxtb
0.9431204474727574,0,astro7,cxtb
0.9267298130913019,0,astro7,cxtb
0.8988345928260097,0,astro7,cxtb
0.8897867659745122,0,astro7,cxtb
0.8644713086042565,0,astro7,cxtb
0.8733937577008035,0,astro7,cxtb
0.8821259026614843,0,astro7,cxtb
0.8432680219869257,0,astro7,cxtb
0.8149419079866712,0,astro7,cxtb
0.8142857048709379,0,astro7,cxtb
0.776839574787681,0,astro7,cxtb
0.7662766898333866,0,astro7,cxtb
0.7745002893951495,0,astro7,cxtb
0.7687857400631937,0,astro7,cxtb
0.770348247572908,0,astro7,cxtb
0.7519002263578813,0,astro7,cxtb
0.7311658036190081,0,astro7,cxtb
0.7502286430371057,0,astro7,cxtb
0.7277455004974632,0,astro7,cxtb
0.721337359853131,0,astro7,cxtb
0.7456295745908771,0,astro7,cxtb
0.7399434686416259,0,astro7,cxtb
0.7311117262616655,0,astro7,cxtb
0.7349076443168665,0,astro7,cxtb
0.7194199749194832,0,astro7,cxtb
0.7106081080435386,0,astro7,cxtb
0.6965764695096107,0,astro7,cxtb
0.7170550883438785,0,astro7,cxtb
0.7198223168275844,0,astro7,cxtb
0.7138402955335834,0,astro7,cxtb
0.7021042651688975,0,astro7,cxtb
0.7022453478317547,0,astro7,cxtb
0.69861907309139,0,astro7,cxtb
0.7113617992386286,0,astro7,cxtb
0.7030472940817256,0,astro7,cxtb
0.7235686464489102,0,astro7,cxtb
0.6953316754969993,0,astro7,cxtb
0.7068890584346875,0,astro7,cxtb
0.7037003754762554,0,astro7,cxtb
0.6899694518666382,1,astro7,cxtb
0.7073384300998844,1,astro7,cxtb
0.6921374987873251,1,astro7,cxtb
0.6909082949124954,1,astro7,cxtb
0.6396745024562326,1,astro7,cxtb
0.6551041857064723,1,astro7,cxtb
0.6654266172814273,1,astro7,cxtb
0.6535743693043783,1,astro7,cxtb
0.6506634121682561,1,astro7,cxtb
0.6243183888677415,1,astro7,cxtb
0.641493141101606,1,astro7,cxtb
0.6348888950883582,1,astro7,cxtb
0.6288064412251012,1,astro7,cxtb
0.6033072677689871,1,astro7,cxtb
0.6167765119268463,1,astro7,cxtb
0.6037264877624107,0,astro7,cxtb
0.5847806099825781,0,astro7,cxtb
0.556422379527955,0,astro7,cxtb
0.5639885917830016,0,astro7,cxtb
0.5534422201845126,0,astro7,cxtb
0.5610949762757884,0,astro7,cxtb
0.5279664656584574,0,astro7,cxtb
0.5076863363422712,0,astro7,cxtb
0.4858922814931076,0,astro7,cxtb
0.46979412883080807,0,astro7,cxtb
0.5064652795821828,0,astro7,cxtb
0.5024414548093635,0,astro7,cxtb
0.4798225279892523,0,astro7,cxtb
0.45541908542137954,0,astro7,cxtb
0.4337399899460749,0,astro7,cxtb
0.41314192165223607,0,astro7,cxtb
0.3958971095332345,0,astro7,cxtb
0.4110905367683761,0,astro7,cxtb
0.4030288350753228,0,astro7,cxtb
0.4122043655382472,0,astro7,cxtb
0.4005799364557958,0,astro7,cxtb
0.3918644536935666,0,astro7,cxtb
0.3697109362741774,0,astro7,cxtb
0.3917395154597637,0,astro7,cxtb
0.39126202246919806,0,astro7,cxtb
0.37450264601724875,0,astro7,cxtb
0.38274690521681987,0,astro7,cxtb
0.36738972862827035,0,astro7,cxtb
0.3767745728833151,0,astro7,cxtb
0.388000452980982,0,astro7,cxtb
0.3773182595890191,0,astro7,cxtb
0.3942145302280956,0,astro7,cxtb
0.3855495283687289,0,astro7,cxtb
0.38247889613459407,0,astro7,cxtb
0.3653439425294953,0,astro7,cxtb
0.3645694198029906,0,astro7,cxtb
0.36649505884213573,0,astro7,cxtb
0.3544466044469373,0,astro7,cxtb
0.3292357372742591,0,astro7,cxtb
0.35990463898685127,0,astro7,cxtb
0.35832406509188525,0,astro7,cxtb
0.37055998290761044,0,astro7,cxtb
0.4073432722871289,0,astro7,cxtb
0.3844897844731335,0,astro7,cxtb
0.3669767941568152,0,astro7,cxtb
0.35193470057571724,0,astro7,cxtb
0.37829842766400623,0,astro7,cxtb
0.3684168499510882,0,astro7,cxtb
0.3622222721656164,0,astro7,cxtb
0.3440109372053261,0,astro7,cxtb
0.3397836314982842,0,astro7,cxtb
0.3346054970080567,0,astro7,cxtb
0.3438642836562152,0,astro7,cxtb
0.36031219427255834,0,astro7,cxtb
0.3390091683343284,0,astro7,cxtb
0.32338574226517813,0,astro7,cxtb
0.329227152571027,0,astro7,cxtb
0.333040527871409,0,astro7,cxtb
0.3488149894257332,0,astro7,cxtb
0.34717721726970013,0,astro7,cxtb
0.32575136869202037,0,astro7,cxtb
0.334640009258966,0,astro7,cxtb
0.3192805141562645,0,astro7,cxtb
0.36121984387606165,0,astro7,cxtb
0.31913622534848457,0,astro7,cxtb
0.30905662401569006,0,astro7,cxtb
0.329965518628712,0,astro7,cxtb
0.3072936834620526,0,astro7,cxtb
0.31806411465791967,0,astro7,cxtb
0.31591364672604383,0,astro7,cxtb
0.3218594085402079,0,astro7,cxtb
0.3397593883085004,0,astro7,cxtb
0.3114871639417493,0,astro7,cxtb
0.3150279205092612,0,astro7,cxtb
0.3184203904080774,0,astro7,cxtb
0.32209414751520643,0,astro7,cxtb
0.32450860560322425,0,astro7,cxtb
0.3112444890497,0,astro7,cxtb
0.32287729354626216,0,astro7,cxtb
0.3256562805549068,0,astro7,cxtb
0.3041887275570042,0,astro7,cxtb
0.3058812831828424,0,astro7,cxtb
0.3000644015164499,0,astro7,cxtb
0.31493049920669886,0,astro7,cxtb
0.290207381944076,0,astro7,cxtb
0.3036711354724552,0,astro7,cxtb
0.3158544988433619,0,astro7,cxtb
0.31319270576366853,0,astro7,cxtb
0.29298984323507066,0,astro7,cxtb
0.31915256632801475,0,astro7,cxtb
0.31668459060453213,0,astro7,cxtb
0.3279946917453978,0,astro7,cxtb
0.3252085225846968,0,astro7,cxtb
0.3072067061433229,0,astro7,cxtb
0.3235036707799402,0,astro7,cxtb
0.3232666644387351,0,astro7,cxtb
0.33888368864396357,0,astro7,cxtb
0.31261310994788893,0,astro7,cxtb
0.2988815349176867,0,astro7,cxtb
0.3262361433274132,0,astro7,cxtb
0.33200871481766087,0,astro7,cxtb
0.31724351963366954,0,astro7,cxtb
0.32247637916073313,0,astro7,cxtb
0.31996937609811643,0,astro7,cxtb
0.3377042384835683,0,astro7,cxtb
0.3382170235876675,0,astro7,cxtb
0.3460162771849083,0,astro7,cxtb
0.36263812470370255,0,astro7,cxtb
0.34880177678862634,0,astro7,cxtb
0.3521532734177827,0,astro7,cxtb
0.3444158702882592,0,astro7,cxtb
0.35885918521414883,0,astro7,cxtb
0.3671426931099915,0,astro7,cxtb
0.3455947437157169,0,astro7,cxtb
0.3633331876846622,0,astro7,cxtb
0.3786789372825914,0,astro7,cxtb
0.3563693096444262,0,astro7,cxtb
0.3601706056184531,0,astro7,cxtb
0.3694310109593795,0,astro7,cxtb
0.37845200028136844,0,astro7,cxtb
0.3424802192298777,0,astro7,cxtb
0.34198112476050585,0,astro7,cxtb
0.36558794739010525,0,astro7,cxtb
0.34066836694468766,0,astro7,cxtb
0.38512761465217515,0,astro7,cxtb
0.395065719120977,1,astro7,cxtb
0.37231141401631723,1,astro7,cxtb
0.3716009067675564,1,astro7,cxtb
0.393927751090034,1,astro7,cxtb
0.394506193302728,1,astro7,cxtb
0.3946918987384073,1,astro7,cxtb
0.39530939086655026,1,astro7,cxtb
0.40519667157625544,1,astro7,cxtb
0.4022070801935704,1,astro7,cxtb
0.4039295023970716,1,astro7,cxtb
0.3877943383218551,1,astro7,cxtb
0.39803635261619913,1,astro7,cxtb
0.3928240154917231,1,astro7,cxtb
0.3734296801553104,1,astro7,cxtb
0.34766204782480803,1,astro7,cxtb
0.3389780855217798,1,astro7,cxtb
0.35645715579454607,1,astro7,cxtb
0.3774360353664024,1,astro7,cxtb
0.3871055968143768,1,astro7,cxtb
0.39655476742480766,0,astro7,cxtb
0.37865479500041876,0,astro7,cxtb
0.3686457344371767,0,astro7,cxtb
0.36614880140368194,0,astro7,cxtb
0.38114847030866994,0,astro7,cxtb
0.3779063642218507,0,astro7,cxtb
0.3868459926414635,0,astro7,cxtb
0.38280409021651046,0,astro7,cxtb
0.35043149303020493,0,astro7,cxtb
0.36102953731395093,0,astro7,cxtb
0.38455435922754705,0,astro7,cxtb
0.3834417519995507,0,astro7,cxtb
0.39903981560436225,0,astro7,cxtb
0.38867570057096046,0,astro7,cxtb
0.38827743531783065,0,astro7,cxtb
0.3785359179915592,0,astro7,cxtb
0.39809970543180817,0,astro7,cxtb
0.3996365858955057,0,astro7,cxtb
0.38260492698096044,0,astro7,cxtb
0.3857026712945748,0,astro7,cxtb
0.385588910008555,0,astro7,cxtb
0.3860013669398809,0,astro7,cxtb
0.41428950677657783,0,astro7,cxtb
0.3960792671885661,0,astro7,cxtb
0.3848212624982495,0,astro7,cxtb
0.3866507711112736,0,astro7,cxtb
0.39341449334040524,0,astro7,cxtb
0.42036092819107074,0,astro7,cxtb
0.39704623451088955,0,astro7,cxtb
0.3901981787725456,0,astro7,cxtb
0.3825489318076454,0,astro7,cxtb
0.37732168862978605,0,astro7,cxtb
0.3831289297580935,0,astro7,cxtb
0.37455759745621486,0,astro7,cxtb
0.3697315810559234,0,astro7,cxtb
0.38289829374752454,0,astro7,cxtb
0.3760157267342055,0,astro7,cxtb
0.39733281385276437,0,astro7,cxtb
0.3841572129046882,0,astro7,cxtb
0.36834601162402103,0,astro7,cxtb
0.361317239688614,0,astro7,cxtb
0.36544515864600435,0,astro7,cxtb
0.38921251269061663,0,astro7,cxtb
0.3893534140070507,0,astro7,cxtb
0.38398293869472144,0,astro7,cxtb
0.3910863145952691,0,astro7,cxtb
0.42731144161917034,0,astro7,cxtb
0.4238696677662421,0,astro7,cxtb
0.41572099232402754,0,astro7,cxtb
0.3990164402552846,0,astro7,cxtb
0.37940371712056076,0,astro7,cxtb
0.3781803344671191,0,astro7,cxtb
0.3768887712692576,0,astro7,cxtb
0.37257250775888573,0,astro7,cxtb
0.3801830752209836,0,astro7,cxtb
0.3875049087634523,0,astro7,cxtb
0.39870539064642513,0,astro7,cxtb
0.3960288685761359,0,astro7,cxtb
0.41517295926450004,0,astro7,cxtb
0.4110126045551971,0,astro7,cxtb
0.39846944738788675,0,astro7,cxtb
0.3958695919804933,0,astro7,cxtb
0.4207471589468559,0,astro7,cxtb
0.4072582512019955,0,astro7,cxtb
0.40543487827311,0,astro7,cxtb
0.4125117905688026,0,astro7,cxtb
0.4363004302555407,0,astro7,cxtb
0.42074841403535346,0,astro7,cxtb
0.43284980823828206,0,astro7,cxtb
0.4082370674558194,0,astro7,cxtb
0.4075838972330288,0,astro7,cxtb
0.38720921044105316,0,astro7,cxtb
0.42005396153625496,0,astro7,cxtb
0.44521010783188114,0,astro7,cxtb
0.438925162129731,0,astro7,cxtb
0.42147535645455214,0,astro7,cxtb
0.40874633567682667,0,astro7,cxtb
0.4417345916995988,0,astro7,cxtb
0.4395389402270379,0,astro7,cxtb
0.4101928571497581,0,astro7,cxtb
0.4420168028333948,0,astro7,cxtb
0.4286903187195521,0,astro7,cxtb
0.4215978262108571,0,astro7,cxtb
0.44923117349533515,0,astro7,cxtb
0.4533566601584701,0,astro7,cxtb
0.43231533624898094,0,astro7,cxtb
0.4707804540570756,0,astro7,cxtb
0.46665332438820567,0,astro7,cxtb
0.46114404564228195,0,astro7,cxtb
0.4880573149549266,0,astro7,cxtb
0.47908382086521734,0,astro7,cxtb
0.49764664606327136,0,astro7,cxtb
0.5089736516462334,0,astro7,cxtb
0.4961019128398645,0,astro7,cxtb
0.5029452745317918,0,astro7,cxtb
0.5081583151874705,0,astro7,cxtb
0.49727036001275426,0,astro7,cxtb
0.4933838431968665,0,astro7,cxtb
0.5096254951496242,0,astro7,cxtb
0.5129773312292844,0,astro7,cxtb
0.5081486271284953,0,astro7,cxtb
0.5382550064839529,0,astro7,cxtb
0.5401916943442021,0,astro7,cxtb
0.5461011526404833,0,astro7,cxtb
0.5648380215186619,0,astro7,cxtb
0.5628525844535925,0,astro7,cxtb
0.5595483226454461,0,astro7,cxtb
0.5565011068745711,0,astro7,cxtb
0.5457329172658801,0,astro7,cxtb
0.5648437961387875,0,astro7,cxtb
0.5809565468439255,0,astro7,cxtb
0.5714809625555256,0,astro7,cxtb
0.5765924000715807,0,astro7,cxtb
0.576962419979534,0,astro7,cxtb
0.5902907569445447,0,astro7,cxtb
0.6128868385036139,0,astro7,cxtb
0.6250597001933794,0,astro7,cxtb
0.6502830297271143,0,astro7,cxtb
0.6791072176813286,0,astro7,cxtb
0.6609385350736371,0,astro7,cxtb
0.6448870444604274,0,astro7,cxtb
0.6734240473092349,0,astro7,cxtb
0.6507760087102777,0,astro7,cxtb
0.6305827769714254,0,astro7,cxtb
0.6424660600592453,0,astro7,cxtb
0.6553468217322004,0,astro7,cxtb
0.6715076907892243,0,astro7,cxtb
0.691270216049366,0,astro7,cxtb
0.6929701089705468,0,astro7,cxtb
0.705553276158699,0,astro7,cxtb
0.71797087782713,0,astro7,cxtb
0.7072585520172643,0,astro7,cxtb
0.7125153004798476,0,astro7,cxtb
0.7204873377108187,0,astro7,cxtb
0.7283883901353566,0,astro7,cxtb
0.7320677559898735,0,astro7,cxtb
0.7492191274354436,0,astro7,cxtb
0.7246964453236605,0,astro7,cxtb
0.7114205687352232,0,astro7,cxtb
0.718717740794435,0,astro7,cxtb
0.7092112696977829,0,astro7,cxtb
0.7194042112162295,0,astro7,cxtb
0.7187974304374322,0,astro7,cxtb
0.75721130461922,0,astro7,cxtb
0.7789598682987062,0,astro7,cxtb
0.7755390118580607,0,astro7,cxtb
0.7883785879954006,0,astro7,cxtb
0.7797285665563728,0,astro7,cxtb
0.807916878848794,0,astro7,cxtb
0.7850154358273347,0,astro7,cxtb
0.7483017907559556,0,astro7,cxtb
0.7380435361530486,0,astro7,cxtb
0.7406899045540295,0,astro7,cxtb
0.7410869284153834,0,astro7,cxtb
0.7302193643952969,0,astro7,cxtb
0.751745681190746,0,astro7,cxtb
0.7341119227497671,0,astro7,cxtb
0.7446832371111749,0,astro7,cxtb
0.7214061391337269,0,astro7,cxtb
0.7198745384850372,0,astro7,cxtb
0.7346658396338236,0,astro7,cxtb
0.7458941141637604,0,astro7,cxtb
0.7297973493080366,0,astro7,cxtb
0.7255250368503908,0,astro7,cxtb
0.7397099538803146,0,astro7,cxtb
0.7170726396843383,0,astro7,cxtb
0.745498592676978,0,astro7,cxtb
0.7491106329900145,0,astro7,cxtb
0.7369275779122701,0,astro7,cxtb
0.7826070018987608,0,astro7,cxtb
0.740442767595022,0,astro7,cxtb
0.732564766863938,0,astro7,cxtb
0.774688351045608,0,astro7,cxtb
0.7910993731135125,0,astro7,cxtb
0.750312274939525,0,astro7,cxtb
0.7464402020576628,0,astro7,cxtb
0.7711427368386187,0,astro7,cxtb
0.778871427285885,0,astro7,cxtb
0.8021329152503064,0,astro7,cxtb
0.7608118464653874,0,astro7,cxtb
0.7458086944883495,0,astro7,cxtb
0.7426052212984479,0,astro7,cxtb
0.7048529221797034,0,astro7,cxtb
0.7087769726640714,0,astro7,cxtb
0.7267863579288267,0,astro7,cxtb
0.6927728442632062,0,astro7,cxtb
0.6791164421226454,0,astro7,cxtb
0.6809324006705703,0,astro7,cxtb
0.667263268329427,0,astro7,cxtb
0.6692411646638525,0,astro7,cxtb
0.6436315579114219,0,astro7,cxtb
0.6788439498074301,0,astro7,cxtb
0.689195557860218,0,astro7,cxtb
0.6800962929926311,0,astro7,cxtb
0.6660239510077477,0,astro7,cxtb
0.6659304946310042,0,astro7,cxtb
0.6512071656071481,0,astro7,cxtb
0.6648862751883743,0,astro7,cxtb
0.6434893644362719,0,astro7,cxtb
0.6668964544743561,0,astro7,cxtb
0.6589289948921163,0,astro7,cxtb
0.6471263521715067,0,astro7,cxtb
0.6216321761010186,0,astro7,cxtb
0.6492415090114659,0,astro7,cxtb
0.6297167947345694,0,astro7,cxtb
0.6198032700964523,0,astro7,cxtb
0.6388900988263709,0,astro7,cxtb
0.6392280792359402,0,astro7,cxtb
0.6537558290125594,0,astro7,cxtb
0.6230198713807465,0,astro7,cxtb
0.6114294418192838,0,astro7,cxtb
0.6206471879140536,0,astro7,cxtb
0.6036360676668002,0,astro7,cxtb
0.6083984581869604,0,astro7,cxtb
0.6265681523998275,0,astro7,cxtb
0.6052447424226017,0,astro7,cxtb
0.5867131821629898,0,astro7,cxtb
0.5937414534809141,0,astro7,cxtb
0.5842993119318408,0,astro7,cxtb
0.57723997293577,0,astro7,cxtb
0.5628968923598927,0,astro7,cxtb
0.5955543913685623,0,astro7,cxtb
0.5795678761185202,0,astro7,cxtb
0.607995877680154,1,astro7,cxtb
0.6009180171391146,1,astro7,cxtb
0.6090006504420111,1,astro7,cxtb
0.5993875532770473,1,astro7,cxtb
0.5924868872477658,1,astro7,cxtb
0.5863252374186588,1,astro7,cxtb
0.5879984434715427,1,astro7,cxtb
0.5579683704065597,1,astro7,cxtb
0.5681764135669158,1,astro7,cxtb
0.5751264971759598,1,astro7,cxtb
0.5690933966949553,1,astro7,cxtb
0.5394862452529271,1,astro7,cxtb
0.5842874934563868,1,astro7,cxtb
0.573677383234491,1,astro7,cxtb
0.5517475346960922,1,astro7,cxtb
0.5633211749218229,1,astro7,cxtb
0.5651349347129009,1,astro7,cxtb
0.5530517499620299,0,astro7,cxtb
0.5463400347330036,0,astro7,cxtb
0.5582772322749344,0,astro7,cxtb
0.53802572776636,0,astro7,cxtb
0.5600885575226834,0,astro7,cxtb
0.5674315611495632,0,astro7,cxtb
0.5552351876502946,0,astro7,cxtb
0.5476786865166595,0,astro7,cxtb
0.5321249170494544,0,astro7,cxtb
0.5392018831154379,0,astro7,cxtb
0.5183746894351294,0,astro7,cxtb
0.5265736089681702,0,astro7,cxtb
0.5107805935529305,0,astro7,cxtb
0.5129844169178457,0,astro7,cxtb
0.5119930882989313,0,astro7,cxtb
0.5056564083924984,0,astro7,cxtb
0.49169400232261606,0,astro7,cxtb
0.5015107371677863,0,astro7,cxtb
0.49753135324770903,0,astro7,cxtb
0.5257182596005001,0,astro7,cxtb
0.5119266431363736,0,astro7,cxtb
0.5282515435004053,0,astro7,cxtb
0.5370594388855644,0,astro7,cxtb
0.4985403627377879,0,astro7,cxtb
0.5056537061664227,0,astro7,cxtb
0.5080133273725885,0,astro7,cxtb
0.48713274655408434,0,astro7,cxtb
0.4892749231957976,0,astro7,cxtb
0.4757638400671475,0,astro7,cxtb
0.49705675547961864,0,astro7,cxtb
0.51355747496385,1,astro7,cxtb
0.5010373754539341,1,astro7,cxtb
0.5051052823895547,1,astro7,cxtb
0.5026468554112171,1,astro7,cxtb
0.4959863052704795,1,astro7,cxtb
0.49931511059990574,1,astro7,cxtb
0.481496535730215,1,astro7,cxtb
0.48308638226189266,1,astro7,cxtb
0.4847132100054216,1,astro7,cxtb
0.4705530447096874,1,astro7,cxtb
0.45331334839334364,1,astro7,cxtb
0.4403020055139376,1,astro7,cxtb
0.43342284956286303,1,astro7,cxtb
0.4371516249832564,1,astro7,cxtb
0.4092916451961755,1,astro7,cxtb
0.4193490991882784,1,astro7,cxtb
0.40670098964313395,0,astro7,cxtb
0.39117618129915577,0,astro7,cxtb
0.392212793173176,0,astro7,cxtb
0.40192605230419387,0,astro7,cxtb
0.4119439268271801,0,astro7,cxtb
0.40377813111630695,0,astro7,cxtb
0.3991449610226281,0,astro7,cxtb
0.40217248101957126,0,astro7,cxtb
0.3995719107324428,0,astro7,cxtb
0.4107597235349102,0,astro7,cxtb
0.4066941854331904,0,astro7,cxtb
0.41012822198076004,0,astro7,cxtb
0.4181847028768525,0,astro7,cxtb
0.41017944549755453,0,astro7,cxtb
0.40284432628171196,0,astro7,cxtb
0.397048771466964,0,astro7,cxtb
0.3875850347908205,0,astro7,cxtb
0.390390897452144,0,astro7,cxtb
0.4076481527787623,0,astro7,cxtb
0.37941109973856824,0,astro7,cxtb
0.40798979069513047,0,astro7,cxtb
0.3799972983521375,0,astro7,cxtb
0.38009974332947216,0,astro7,cxtb
0.3725786304812331,0,astro7,cxtb
0.38688962859027143,0,astro7,cxtb
0.3990774254499908,0,astro7,cxtb
0.37864822502819423,0,astro7,cxtb
0.36382971324567154,0,astro7,cxtb
0.36284751085020905,0,astro7,cxtb
0.35276250297519646,0,astro7,cxtb
0.34715804928305843,0,astro7,cxtb
0.35072341410548297,0,astro7,cxtb
0.35254840001266613,0,astro7,cxtb
0.35839030629794105,0,astro7,cxtb
0.3524278286364201,0,astro7,cxtb
0.3443015132884939,0,astro7,cxtb
0.366547591388282,0,astro7,cxtb
0.37955406171086276,0,astro7,cxtb
0.3816039028839279,0,astro7,cxtb
0.38782000754219104,0,astro7,cxtb
0.36245563847920964,0,astro7,cxtb
0.366547725465872,0,astro7,cxtb
0.34061708602152796,0,astro7,cxtb
0.37880690832021147,0,astro7,cxtb
0.3732046295224138,0,astro7,cxtb
0.3859326138895179,0,astro7,cxtb
0.3689212362644061,0,astro7,cxtb
0.35950863853834064,0,astro7,cxtb
0.35132300716085596,0,astro7,cxtb
0.37182726402562605,0,astro7,cxtb
0.3594872473536062,0,astro7,cxtb
0.36510375923748806,0,astro7,cxtb
0.358517011428585,0,astro7,cxtb
0.36640699117201314,0,astro7,cxtb
0.33022982646106674,0,astro7,cxtb
0.3327891852683597,0,astro7,cxtb
0.3217252104622022,0,astro7,cxtb
0.34970900061147225,0,astro7,cxtb
0.3491524867664914,0,astro7,cxtb
0.3599675622726531,0,astro7,cxtb
0.33291840842773107,0,astro7,cxtb
0.3282893666879834,1,astro7,cxtb
0.3239734693608264,1,astro7,cxtb
0.3363090849272177,1,astro7,cxtb
0.33755504653151136,1,astro7,cxtb
0.32532321912088175,1,astro7,cxtb
0.32367410527709894,1,astro7,cxtb
0.3048127557246914,1,astro7,cxtb
0.3263629713434547,1,astro7,cxtb
0.31493252768646873,1,astro7,cxtb
0.331983719327067,1,astro7,cxtb
0.3526985253303646,1,astro7,cxtb
0.36493129872935726,1,astro7,cxtb
0.3405703906081409,1,astro7,cxtb
0.32760127772567915,1,astro7,cxtb
0.30326331458841604,1,astro7,cxtb
0.35643866058075246,1,astro7,cxtb
0.34620302685498583,1,astro7,cxtb
0.33120637340055986,1,astro7,cxtb
0.3219603321979237,1,astro7,cxtb
0.3118216371682922,1,astro7,cxtb
0.3225305511453185,1,astro7,cxtb
0.357152721160932,0,astro7,cxtb
0.3285098164864043,0,astro7,cxtb
0.3193767123551432,0,astro7,cxtb
0.31929503545793136,0,astro7,cxtb
0.3384209396924775,0,astro7,cxtb
0.33122278709302744,0,astro7,cxtb
0.3345792763183742,0,astro7,cxtb
0.3232597483850934,0,astro7,cxtb
0.34442023210876005,0,astro7,cxtb
0.2914587699969539,0,astro7,cxtb
0.3064609911459191,0,astro7,cxtb
0.3359458977355257,0,astro7,cxtb
0.34829509744288073,0,astro7,cxtb
0.3082880999274621,0,astro7,cxtb
0.32357144676292277,0,astro7,cxtb
0.30280091415789867,0,astro7,cxtb
0.298878262189145,0,astro7,cxtb
0.30290612798631633,0,astro7,cxtb
0.30875430752458527,0,astro7,cxtb
0.3266969736299243,0,astro7,cxtb
0.339952438819262,0,astro7,cxtb
0.3236765947623907,0,astro7,cxtb
0.35310575491197255,0,astro7,cxtb
0.3137229575857554,0,astro7,cxtb
0.3382688523678142,0,astro7,cxtb
0.3219605787089785,0,astro7,cxtb
0.3209622608319802,0,astro7,cxtb
0.33085870035565,0,astro7,cxtb
0.33001494177057944,0,astro7,cxtb
0.33874542908848143,0,astro7,cxtb
0.3625940564508972,0,astro7,cxtb
0.3594884337777212,0,astro7,cxtb
0.36175358973134286,0,astro7,cxtb
0.3699103637736547,0,astro7,cxtb
0.3188910055417925,0,astro7,cxtb
0.35975184213658845,0,astro7,cxtb
0.3343064071810774,0,astro7,cxtb
0.36027526087643424,0,astro7,cxtb
0.35750666030160305,0,astro7,cxtb
0.3656586692247563,0,astro7,cxtb
0.3514413723391802,0,astro7,cxtb
0.339712072076848,0,astro7,cxtb
0.3286118434651081,0,astro7,cxtb
0.35061330752911307,0,astro7,cxtb
0.3277043207638054,0,astro7,cxtb
0.361561929969361,0,astro7,cxtb
0.36013329297683694,0,astro7,cxtb
0.3569662638881633,0,astro7,cxtb
0.3685760010090416,0,astro7,cxtb
0.34263131399655833,0,astro7,cxtb
0.3258830920187568,0,astro7,cxtb
0.32757904754307615,0,astro7,cxtb
0.32452198872386556,0,astro7,cxtb
0.33204073027891107,0,astro7,cxtb
0.318579683883679,0,astro7,cxtb
0.314723868758363,0,astro7,cxtb
0.32203633404332616,0,astro7,cxtb
0.321561692091985,0,astro7,cxtb
0.33679764228340325,0,astro7,cxtb
0.3124896090663386,0,astro7,cxtb
0.3197773994078016,0,astro7,cxtb
0.3154205191012054,0,astro7,cxtb
0.31404911535101887,0,astro7,cxtb
0.3202741338942584,0,astro7,cxtb
0.3422700869825346,0,astro7,cxtb
0.3195059754859589,0,astro7,cxtb
0.312216938675858,0,astro7,cxtb
0.30961901753489834,0,astro7,cxtb
0.31084550980785514,0,astro7,cxtb
0.3134350232762223,0,astro7,cxtb
0.29784572498471285,0,astro7,cxtb
0.302587242116452,0,astro7,cxtb
0.3377915627014169,0,astro7,cxtb
0.29969054173547904,0,astro7,cxtb
0.31084756074761394,0,astro7,cxtb
0.31141293491282546,0,astro7,cxtb
0.33078907445744327,0,astro7,cxtb
0.33350053666748897,0,astro7,cxtb
0.35199781833251714,0,astro7,cxtb
0.34833467044225597,0,astro7,cxtb
0.32265924662553014,0,astro7,cxtb
0.3369739329054435,0,astro7,cxtb
0.30920064157167115,0,astro7,cxtb
0.30978035591886427,0,astro7,cxtb
0.3006575773259739,0,astro7,cxtb
0.3089509717589504,0,astro7,cxtb
0.323579180157321,0,astro7,cxtb
0.3152391912251376,0,astro7,cxtb
0.3215422244903137,0,astro7,cxtb
0.32283757138029423,0,astro7,cxtb
0.33209000495974017,0,astro7,cxtb
0.3386729921320967,0,astro7,cxtb
0.3442374742612854,0,astro7,cxtb
0.330836201690104,0,astro7,cxtb
0.33917320574606225,0,astro7,cxtb
0.3413860573479863,0,astro7,cxtb
0.33362277685879743,0,astro7,cxtb
0.3522825170655047,0,astro7,cxtb
0.3552640522272454,0,astro7,cxtb
0.3495437883014705,0,astro7,cxtb
0.3498132073705961,0,astro7,cxtb
0.33744737133373104,0,astro7,cxtb
0.33546382805672026,0,astro7,cxtb
0.33678188840167367,0,astro7,cxtb
0.3468423556494773,0,astro7,cxtb
0.3354095590140095,0,astro7,cxtb
0.3593549000330206,0,astro7,cxtb
0.33334765321961146,0,astro7,cxtb
0.33187961951845496,0,astro7,cxtb
0.33427843999702866,0,astro7,cxtb
0.3417734545651087,0,astro7,cxtb
0.35599338168074884,0,astro7,cxtb
0.3528104410494976,0,astro7,cxtb
0.3259314063910987,0,astro7,cxtb
0.33493616624101946,0,astro7,cxtb
0.3535056197946646,0,astro7,cxtb
0.3310499556584632,0,astro7,cxtb
0.3293006697311615,0,astro7,cxtb
0.35067553205215857,0,astro7,cxtb
0.33796484331514526,0,astro7,cxtb
0.3310206258262188,0,astro7,cxtb
0.3502508429866736,0,astro7,cxtb
0.3115612773737497,0,astro7,cxtb
0.29738189527629466,0,astro7,cxtb
0.3303749640387461,0,astro7,cxtb
0.3526124409429538,0,astro7,cxtb
0.3395697093986654,0,astro7,cxtb
0.35229485375243347,0,astro7,cxtb
0.3313144574392181,0,astro7,cxtb
0.3397151494638192,0,astro7,cxtb
0.353891781735165,0,astro7,cxtb
0.33823162302245036,0,astro7,cxtb
0.3504724034369929,0,astro7,cxtb
0.35437590842573635,0,astro7,cxtb
0.3415132749767017,0,astro7,cxtb
0.3521776070333127,0,astro7,cxtb
0.3589767680266339,0,astro7,cxtb
0.3596484669953228,0,astro7,cxtb
0.35418653552247187,0,astro7,cxtb
0.3319400851622153,0,astro7,cxtb
0.3379849906517703,0,astro7,cxtb
0.35570031997737245,0,astro7,cxtb
0.3758262353026875,0,astro7,cxtb
0.3593526011662971,0,astro7,cxtb
0.36476170523848506,0,astro7,cxtb
0.3652090094588689,0,astro7,cxtb
0.3752699010959454,0,astro7,cxtb
0.36446087707465136,0,astro7,cxtb
0.33232565367040595,0,astro7,cxtb
0.3475284530559126,0,astro7,cxtb
0.3584822816120789,0,astro7,cxtb
0.36941304207349457,0,astro7,cxtb
0.347192675811469,0,astro7,cxtb
0.3540317067628328,0,astro7,cxtb
0.36870622849749096,0,astro7,cxtb
0.34869626858253544,0,astro7,cxtb
0.3595130623872887,0,astro7,cxtb
0.3804108953720889,0,astro7,cxtb
0.39026632650029763,0,astro7,cxtb
0.3845342773973591,0,astro7,cxtb
0.4345978945100848,0,astro7,cxtb
0.4005677007335932,0,astro7,cxtb
0.41886360506101555,0,astro7,cxtb
0.4049156096441783,0,astro7,cxtb
0.41981568553435855,0,astro7,cxtb
0.4233047305937514,0,astro7,cxtb
0.4188410433094445,0,astro7,cxtb
0.4043740602100698,0,astro7,cxtb
0.37754810548409934,0,astro7,cxtb
0.39392012687384126,0,astro7,cxtb
0.3933821959707967,0,astro7,cxtb
0.4260293060635378,0,astro7,cxtb
0.41132091978629803,0,astro7,cxtb
0.40855760930817286,0,astro7,cxtb
0.38282161536046294,0,astro7,cxtb
0.3852334549786045,0,astro7,cxtb
0.4115229970786921,0,astro7,cxtb
0.40574199124049876,0,astro7,cxtb
0.4238598478376845,0,astro7,cxtb
0.4263124985270298,0,astro7,cxtb
0.40106510150160246,0,astro7,cxtb
0.4134323703819923,0,astro7,cxtb
0.42605871163303083,0,astro7,cxtb
0.4206983458941824,0,astro7,cxtb
0.435991369170165,0,astro7,cxtb
0.4115645213070947,0,astro7,cxtb
0.4189066177226738,0,astro7,cxtb
0.4211614016346435,0,astro7,cxtb
0.4036136165750093,0,astro7,cxtb
0.40012703789320336,0,astro7,cxtb
0.39422322269365206,0,astro7,cxtb
0.41295659838138443,0,astro7,cxtb
0.43146537624205245,0,astro7,cxtb
0.4178473313260594,0,astro7,cxtb
0.43908640855921427,0,astro7,cxtb
0.40887776581950047,0,astro7,cxtb
0.4241552849332262,0,astro7,cxtb
0.4051716803007333,0,astro7,cxtb
0.4083672496733577,0,astro7,cxtb
0.3934725646564069,0,astro7,cxtb
0.36631685866731795,0,astro7,cxtb
0.3814067494224723,0,astro7,cxtb
0.39364608168858095,0,astro7,cxtb
0.4034493212157717,0,astro7,cxtb
0.37664525729524395,0,astro7,cxtb
0.36519529656092137,0,astro7,cxtb
0.38993704490547026,0,astro7,cxtb
0.39492315166085296,0,astro7,cxtb
0.39680286971687034,0,astro7,cxtb
0.38622493607700825,0,astro7,cxtb
0.37421634526149594,0,astro7,cxtb
0.3763861074153708,0,astro7,cxtb
0.3686512486526,0,astro7,cxtb
0.3929199032183764,0,astro7,cxtb
0.38547613529737224,0,astro7,cxtb
0.39918538317159485,0,astro7,cxtb
0.38498502101761795,0,astro7,cxtb
0.3873375613967259,0,astro7,cxtb
0.3862377851422481,0,astro7,cxtb
0.38124936946284016,0,astro7,cxtb
0.38738035639613294,0,astro7,cxtb
0.37307867792711313,0,astro7,cxtb
0.3696068430226114,0,astro7,cxtb
0.3673012790668421,0,astro7,cxtb
0.3705533152570643,0,astro7,cxtb
0.3844300800939509,0,astro7,cxtb
0.39514294386860077,0,astro7,cxtb
0.4031684673324847,0,astro7,cxtb
0.38267177513606687,0,astro7,cxtb
0.37647090734786604,0,astro7,cxtb
0.38671177829111897,0,astro7,cxtb
0.38289071039057354,0,astro7,cxtb
0.3671640077150091,0,astro7,cxtb
0.3557564674961084,0,astro7,cxtb
0.3344602299977075,0,astro7,cxtb
0.3639455629652077,0,astro7,cxtb
0.38651189632226607,0,astro7,cxtb
0.3782422213034367,0,astro7,cxtb
0.38308045643117217,0,astro7,cxtb
0.4044733738418357,0,astro7,cxtb
0.3874609261115976,0,astro7,cxtb
0.3881664334004728,0,astro7,cxtb
0.3592693254659002,0,astro7,cxtb
0.4025889436347479,0,astro7,cxtb
0.4031909693014304,0,astro7,cxtb
0.41832393660241557,0,astro7,cxtb
0.41839457980721206,0,astro7,cxtb
0.42752495118256034,0,astro7,cxtb
0.4411690728795287,0,astro7,cxtb
0.4330910415307738,0,astro7,cxtb
0.44543090894628584,0,astro7,cxtb
0.4477177151092259,0,astro7,cxtb
0.4395868696250093,0,astro7,cxtb
0.4293351625931614,0,astro7,cxtb
0.439442907864656,0,astro7,cxtb
0.4356143202646499,0,astro7,cxtb
0.41600769781993924,0,astro7,cxtb
0.43017211349971013,0,astro7,cxtb
0.43621737362872715,0,astro7,cxtb
0.41705632946662385,0,astro7,cxtb
0.43850160449986797,0,astro7,cxtb
0.4416279269347214,0,astro7,cxtb
0.4062400698597134,0,astro7,cxtb
0.4186415419367629,0,astro7,cxtb
0.4472702903724515,0,astro7,cxtb
0.4053789165039241,0,astro7,cxtb
0.418563344204881,0,astro7,cxtb
0.4253398878010147,0,astro7,cxtb
0.4596889908397978,0,astro7,cxtb
0.44665723386982803,0,astro7,cxtb
0.4340217960900315,0,astro7,cxtb
0.4777533272957354,0,astro7,cxtb
0.4670699844832188,0,astro7,cxtb
0.447331455579214,0,astro7,cxtb
0.46396181085791954,0,astro7,cxtb
0.46480238744898666,0,astro7,cxtb
0.4706962003124222,0,astro7,cxtb
0.4682840985821928,0,astro7,cxtb
0.47690193847035545,0,astro7,cxtb
0.47007775867180973,0,astro7,cxtb
0.4534110352015444,0,astro7,cxtb
0.45180688954702636,0,astro7,cxtb
0.4628690296581374,0,astro7,cxtb
0.49535054248300886,0,astro7,cxtb
0.4630049990229403,0,astro7,cxtb
0.47977371874577024,0,astro7,cxtb
0.48719843145855596,0,astro7,cxtb
0.4851208956106355,0,astro7,cxtb
0.46207402666645264,0,astro7,cxtb
0.45157902653143067,0,astro7,cxtb
0.4576938979427599,0,astro7,cxtb
0.45489103921893015,0,astro7,cxtb
0.4573492607049829,0,astro7,cxtb
0.46900298233330273,0,astro7,cxtb
0.4711157828614031,0,astro7,cxtb
0.48371469131041517,0,astro7,cxtb
0.4721206794339746,0,astro7,cxtb
0.48177820209709543,0,astro7,cxtb
0.5086469807534808,0,astro7,cxtb
0.503447578566168,0,astro7,cxtb
0.5190751214369806,0,astro7,cxtb
0.5390908431681354,0,astro7,cxtb
0.5248368919303446,0,astro7,cxtb
0.5407462832674594,0,astro7,cxtb
0.5501439085552983,0,astro7,cxtb
0.5370581463913512,0,astro7,cxtb
0.5211979096742404,0,astro7,cxtb
0.5362107452654181,0,astro7,cxtb
0.5534295359307808,0,astro7,cxtb
0.5509849877063155,0,astro7,cxtb
0.5353040507002149,0,astro7,cxtb
0.5445128442752686,0,astro7,cxtb
0.5601145588006113,0,astro7,cxtb
0.5625979674403132,0,astro7,cxtb
0.5553949432091528,0,astro7,cxtb
0.5728548558301084,0,astro7,cxtb
0.6001096904632277,0,astro7,cxtb
0.6132152768747247,0,astro7,cxtb
0.6342097573589838,0,astro7,cxtb
0.6288469356479928,0,astro7,cxtb
0.6189542499652776,0,astro7,cxtb
0.6508698084702349,0,astro7,cxtb
0.6612616369196024,0,astro7,cxtb
0.6857631002728874,0,astro7,cxtb
0.7017147052995307,0,astro7,cxtb
0.7275219588678478,0,astro7,cxtb
0.7400056270095713,0,astro7,cxtb
0.7267568659825235,0,astro7,cxtb
0.7380669455064471,0,astro7,cxtb
0.7504346640583249,0,astro7,cxtb
0.7393322646543964,0,astro7,cxtb
0.748455865921691,0,astro7,cxtb
0.746239793173412,0,astro7,cxtb
0.7247901357578659,0,astro7,cxtb
0.7185204933463047,0,astro7,cxtb
0.6975477326322184,0,astro7,cxtb
0.6823749349111691,0,astro7,cxtb
0.6961828162706409,0,astro7,cxtb
0.6977130078562841,0,astro7,cxtb
0.7159163296835664,0,astro7,cxtb
0.6959012665272295,0,astro7,cxtb
0.6802511870801989,0,astro7,cxtb
0.6807827840624716,0,astro7,cxtb
0.6851239845968518,0,astro7,cxtb
0.7181071021093001,0,astro7,cxtb
0.6987370402897832,0,astro7,cxtb
0.7088792984976413,0,astro7,cxtb
0.7291937986914278,0,astro7,cxtb
0.7017977755473065,0,astro7,cxtb
0.7264203103708947,0,astro7,cxtb
0.7067370069554867,0,astro7,cxtb
0.7092975955222058,0,astro7,cxtb
0.7320314704277456,0,astro7,cxtb
0.7547223492897905,0,astro7,cxtb
0.750834635294101,0,astro7,cxtb
0.7575810402165827,0,astro7,cxtb
0.7913665908646054,0,astro7,cxtb
0.806850720735777,0,astro7,cxtb
0.8087523153686824,0,astro7,cxtb
0.7908734709026781,0,astro7,cxtb
0.7980395117426554,0,astro7,cxtb
0.810250662033351,0,astro7,cxtb
0.8132625562847076,0,astro7,cxtb
0.7950402684069362,0,astro7,cxtb
0.7936592515887384,0,astro7,cxtb
0.8132959012019656,0,astro7,cxtb
0.7991775827463656,0,astro7,cxtb
0.8205704590819973,0,astro7,cxtb
0.8056848984258448,0,astro7,cxtb
0.7978055069648887,0,astro7,cxtb
0.817686686541018,0,astro7,cxtb
0.842708196918535,0,astro7,cxtb
0.8135005660831013,0,astro7,cxtb
0.8064463328160648,0,astro7,cxtb
0.7725986577261106,0,astro7,cxtb
0.7627117616024931,0,astro7,cxtb
0.7837427904472619,0,astro7,cxtb
0.7648425723755049,0,astro7,cxtb
0.7441655133780584,0,astro7,cxtb
0.7224126071932372,0,astro7,cxtb
0.7299023243601536,0,astro7,cxtb
0.7295067938301931,0,astro7,cxtb
0.7375934683579213,0,astro7,cxtb
0.7076372169057622,0,astro7,cxtb
0.711067155025459,0,astro7,cxtb
0.7266309299298627,0,astro7,cxtb
0.7450520702484771,0,astro7,cxtb
0.7329275754735417,0,astro7,cxtb
0.6510002045462387,0,astro7,cxtb
5.317414235599106,0,astro8,cxtb
3.8852330301870666,0,astro8,cxtb
3.593045968977836,0,astro8,cxtb
3.564120579681516,0,astro8,cxtb
3.633928527375094,0,astro8,cxtb
3.6784166002637324,0,astro8,cxtb
3.6195258235082135,0,astro8,cxtb
3.6888408995712547,0,astro8,cxtb
3.672964450523172,0,astro8,cxtb
3.6850115354270216,0,astro8,cxtb
3.6864310184109677,0,astro8,cxtb
3.6836988642425252,0,astro8,cxtb
3.7230990220225437,0,astro8,cxtb
3.759430662635641,0,astro8,cxtb
3.7133799575176147,0,astro8,cxtb
3.6513611733908933,0,astro8,cxtb
3.666930305786766,0,astro8,cxtb
3.623599949270174,0,astro8,cxtb
3.5976425966931633,0,astro8,cxtb
3.6083439861446105,0,astro8,cxtb
3.521618631702137,0,astro8,cxtb
3.4342519023531475,0,astro8,cxtb
3.361977088578494,0,astro8,cxtb
3.2775848721757157,0,astro8,cxtb
3.1886604266875143,0,astro8,cxtb
3.118279868879966,0,astro8,cxtb
3.0556716014017993,0,astro8,cxtb
2.9589895507177038,0,astro8,cxtb
2.904763070151954,0,astro8,cxtb
2.826933053537851,0,astro8,cxtb
2.7361479533926176,0,astro8,cxtb
2.6388963769921094,0,astro8,cxtb
2.633419123012013,0,astro8,cxtb
2.5681100094803506,0,astro8,cxtb
2.5185738814005822,0,astro8,cxtb
2.4438356040124316,0,astro8,cxtb
2.4103452125006575,0,astro8,cxtb
2.387882289414433,0,astro8,cxtb
2.362897438656412,0,astro8,cxtb
2.326087172353668,0,astro8,cxtb
2.260652956846342,0,astro8,cxtb
2.286209712589959,0,astro8,cxtb
2.264100733116919,0,astro8,cxtb
2.192468745953261,0,astro8,cxtb
2.210531009831897,0,astro8,cxtb
2.1875772436465835,0,astro8,cxtb
2.1711340993997656,0,astro8,cxtb
2.2145600758153883,0,astro8,cxtb
2.2226644609041637,0,astro8,cxtb
2.234454544034297,0,astro8,cxtb
2.23396254279375,0,astro8,cxtb
2.2046343195289744,0,astro8,cxtb
2.1530809078479005,0,astro8,cxtb
2.146757515295108,0,astro8,cxtb
2.1314443005472645,0,astro8,cxtb
2.0624787138639653,0,astro8,cxtb
2.017354177712835,0,astro8,cxtb
1.9643167346830595,0,astro8,cxtb
1.9350344274836926,0,astro8,cxtb
1.8315284761327124,0,astro8,cxtb
1.7483828301139308,0,astro8,cxtb
1.6872827706154865,0,astro8,cxtb
1.6778701627437071,0,astro8,cxtb
1.6405817759374186,0,astro8,cxtb
1.62757208106206,0,astro8,cxtb
1.585715754765526,0,astro8,cxtb
1.5496406220492245,0,astro8,cxtb
1.5090129373477754,0,astro8,cxtb
1.4857033144088216,0,astro8,cxtb
1.4642399627328968,0,astro8,cxtb
1.4189759139884501,0,astro8,cxtb
1.3757545944666456,0,astro8,cxtb
1.3471625825337337,0,astro8,cxtb
1.3600860956101406,0,astro8,cxtb
1.3321883672631751,0,astro8,cxtb
1.3368991549492322,0,astro8,cxtb
1.3214525532251602,0,astro8,cxtb
1.2962598467060005,0,astro8,cxtb
1.3057657292085896,0,astro8,cxtb
1.2798073230811517,0,astro8,cxtb
1.2686628656578258,0,astro8,cxtb
1.2916530279030052,0,astro8,cxtb
1.2709992990424508,0,astro8,cxtb
1.3097038151036255,0,astro8,cxtb
1.3634978002206275,0,astro8,cxtb
1.3875586006953988,0,astro8,cxtb
1.461351491375821,0,astro8,cxtb
1.4315072514164942,0,astro8,cxtb
1.4167092918872872,0,astro8,cxtb
1.356766136810715,0,astro8,cxtb
1.3389168719932822,0,astro8,cxtb
1.3085520864468847,0,astro8,cxtb
1.332681290867245,0,astro8,cxtb
1.311959331503855,0,astro8,cxtb
1.2509201128699055,0,astro8,cxtb
1.1952549733929594,0,astro8,cxtb
1.1413055919446613,0,astro8,cxtb
1.0998320096607979,0,astro8,cxtb
1.113971083110829,0,astro8,cxtb
1.1129320197564403,0,astro8,cxtb
1.0865048094571894,0,astro8,cxtb
1.0679913142264539,0,astro8,cxtb
1.082378693021056,0,astro8,cxtb
1.0633855832915975,0,astro8,cxtb
1.0715048249971797,0,astro8,cxtb
1.0576283011032284,0,astro8,cxtb
1.001087840228469,0,astro8,cxtb
1.022347625616408,0,astro8,cxtb
1.0440162766769328,0,astro8,cxtb
1.048096089977549,0,astro8,cxtb
1.0148383688831966,0,astro8,cxtb
0.9950206831006401,0,astro8,cxtb
1.028614227723915,0,astro8,cxtb
1.0390591336675048,0,astro8,cxtb
1.0146299562156356,0,astro8,cxtb
1.0124838584398421,0,astro8,cxtb
1.000772721096979,0,astro8,cxtb
1.026043943809419,0,astro8,cxtb
1.012507728960687,0,astro8,cxtb
1.0205131236027862,0,astro8,cxtb
1.0848524790310687,0,astro8,cxtb
1.0509786612062504,0,astro8,cxtb
1.0412445724356247,0,astro8,cxtb
1.0681830774367729,0,astro8,cxtb
1.07770671375074,0,astro8,cxtb
1.0341091143440766,0,astro8,cxtb
1.0232496085229443,0,astro8,cxtb
1.014410092482617,0,astro8,cxtb
1.0039093356062148,0,astro8,cxtb
1.0063353141986802,0,astro8,cxtb
0.9806883205107589,0,astro8,cxtb
0.9979996864612604,0,astro8,cxtb
0.9954972472412945,0,astro8,cxtb
0.9800544538344454,0,astro8,cxtb
0.9888154975397497,0,astro8,cxtb
0.9720241436717816,0,astro8,cxtb
0.9838280261184381,0,astro8,cxtb
0.968173970863647,0,astro8,cxtb
0.9486633781779599,0,astro8,cxtb
0.9480188984831553,0,astro8,cxtb
0.9579764676939174,0,astro8,cxtb
0.9463353083466941,0,astro8,cxtb
0.9458872049772985,0,astro8,cxtb
0.9442559140297636,0,astro8,cxtb
0.9455257511629894,0,astro8,cxtb
0.9381475220365656,0,astro8,cxtb
0.9645266336521358,0,astro8,cxtb
0.9430341682321802,0,astro8,cxtb
0.9588918418800871,0,astro8,cxtb
0.987747899464537,0,astro8,cxtb
0.9937366033696746,0,astro8,cxtb
0.9830291497631968,0,astro8,cxtb
1.0152061431590382,0,astro8,cxtb
0.99165669200123,0,astro8,cxtb
1.039480575727672,0,astro8,cxtb
1.0481649685344046,0,astro8,cxtb
1.0575834489782336,0,astro8,cxtb
1.041164742126053,0,astro8,cxtb
1.0263573005893776,0,astro8,cxtb
0.9839236617631788,0,astro8,cxtb
0.9070059459877844,0,astro8,cxtb
0.8796763565955533,0,astro8,cxtb
0.8866897474254255,0,astro8,cxtb
0.9164568352160679,0,astro8,cxtb
0.8788020680824413,0,astro8,cxtb
0.9120637795200099,0,astro8,cxtb
0.8910678984479796,0,astro8,cxtb
0.8812098626739445,0,astro8,cxtb
0.8590304282090663,0,astro8,cxtb
0.8696243975440737,0,astro8,cxtb
0.8795644755581971,0,astro8,cxtb
0.8368542146437652,0,astro8,cxtb
0.8155592307833774,0,astro8,cxtb
0.8459824914598734,0,astro8,cxtb
0.8511006094792584,0,astro8,cxtb
0.8507878709983279,0,astro8,cxtb
0.8397924032027687,0,astro8,cxtb
0.8293151243638307,0,astro8,cxtb
0.8658962361547533,0,astro8,cxtb
0.8636528666799155,0,astro8,cxtb
0.8761017516144066,0,astro8,cxtb
0.8950828429500863,0,astro8,cxtb
0.8941473064756259,0,astro8,cxtb
0.914466136701423,0,astro8,cxtb
0.8926162197224733,0,astro8,cxtb
0.9445998393047734,0,astro8,cxtb
0.9217433132150601,0,astro8,cxtb
0.9282642593257852,0,astro8,cxtb
0.9129053383375562,0,astro8,cxtb
0.9313831395655529,0,astro8,cxtb
0.8650441527465239,0,astro8,cxtb
0.8576222993253586,0,astro8,cxtb
0.8316114309133,0,astro8,cxtb
0.8334823748134782,0,astro8,cxtb
0.8182857777939049,0,astro8,cxtb
0.8119633405718739,0,astro8,cxtb
0.8409360459229526,0,astro8,cxtb
0.8335413289616169,0,astro8,cxtb
0.8533458952196228,0,astro8,cxtb
0.8720874089086645,0,astro8,cxtb
0.8572937202648191,0,astro8,cxtb
0.8042711112962048,0,astro8,cxtb
0.8265329479565782,0,astro8,cxtb
0.8268517759312939,0,astro8,cxtb
0.8079486542796167,0,astro8,cxtb
0.8180844144967425,0,astro8,cxtb
0.809745866237385,0,astro8,cxtb
0.8209834622272864,0,astro8,cxtb
0.7774775516298104,0,astro8,cxtb
0.7358164496117928,0,astro8,cxtb
0.782442017425713,0,astro8,cxtb
0.7797472169187144,0,astro8,cxtb
0.8078444989633733,0,astro8,cxtb
0.8102639161098236,0,astro8,cxtb
0.8245175784257384,0,astro8,cxtb
0.8381303823292698,0,astro8,cxtb
0.8270172519764765,0,astro8,cxtb
0.8452456356855157,0,astro8,cxtb
0.8598497334756782,0,astro8,cxtb
0.9090535270791664,0,astro8,cxtb
0.8893124546167112,0,astro8,cxtb
0.9070431254916816,0,astro8,cxtb
0.9073022503797189,0,astro8,cxtb
0.8657485127283728,0,astro8,cxtb
0.8460041293521571,0,astro8,cxtb
0.8254616747865563,0,astro8,cxtb
0.7770860303586536,0,astro8,cxtb
0.7986791746636042,0,astro8,cxtb
0.8033275405815866,0,astro8,cxtb
0.7618216636999401,0,astro8,cxtb
0.8070775877285672,0,astro8,cxtb
0.7929766676918815,0,astro8,cxtb
0.8330747777173928,0,astro8,cxtb
0.8279180741860095,0,astro8,cxtb
0.7940103814465513,0,astro8,cxtb
0.7729381862952306,0,astro8,cxtb
0.7661412081450525,0,astro8,cxtb
0.7706385808176621,0,astro8,cxtb
0.7634173896974212,0,astro8,cxtb
0.7469710351141499,0,astro8,cxtb
0.724996411830617,0,astro8,cxtb
0.7509634027280983,0,astro8,cxtb
0.8098565122926893,0,astro8,cxtb
0.7861880761640793,0,astro8,cxtb
0.8203544829074415,0,astro8,cxtb
0.811277159304936,0,astro8,cxtb
0.7945226112719671,0,astro8,cxtb
0.8359531355728516,0,astro8,cxtb
0.8260188287699957,0,astro8,cxtb
0.8510281815604535,0,astro8,cxtb
0.8204955864256432,0,astro8,cxtb
0.7919741726251649,0,astro8,cxtb
0.774150869581937,0,astro8,cxtb
0.7891969853451235,0,astro8,cxtb
0.7567842127345547,0,astro8,cxtb
0.730649612046488,0,astro8,cxtb
0.7349515440362355,0,astro8,cxtb
0.7550024874219838,0,astro8,cxtb
0.7323695534742076,0,astro8,cxtb
0.705728948960337,0,astro8,cxtb
0.6987412050377377,0,astro8,cxtb
0.714632302554969,0,astro8,cxtb
0.7330981102938383,0,astro8,cxtb
0.7509503930757616,0,astro8,cxtb
0.7646538631259042,0,astro8,cxtb
0.7729896086390775,0,astro8,cxtb
0.7828785275262712,0,astro8,cxtb
0.7526257148009476,0,astro8,cxtb
0.7583965209699755,0,astro8,cxtb
0.7486501980975534,0,astro8,cxtb
0.74159077197918,0,astro8,cxtb
0.745344392714901,0,astro8,cxtb
0.7537397837490036,0,astro8,cxtb
0.7862614615256813,0,astro8,cxtb
0.7861760231399538,0,astro8,cxtb
0.7788222093244845,0,astro8,cxtb
0.7964586708434755,0,astro8,cxtb
0.8080647098580309,0,astro8,cxtb
0.7757062152030465,0,astro8,cxtb
0.8046482328106594,0,astro8,cxtb
0.7719496344427483,0,astro8,cxtb
0.7840527533724504,0,astro8,cxtb
0.8181267418675098,0,astro8,cxtb
0.7953040579135241,0,astro8,cxtb
0.8117389538160757,0,astro8,cxtb
0.8129815845791772,0,astro8,cxtb
0.793502657937892,0,astro8,cxtb
0.7653264158525739,0,astro8,cxtb
0.7492564652564312,0,astro8,cxtb
0.7671177668439412,0,astro8,cxtb
0.7193005446892755,0,astro8,cxtb
0.7185614927230534,0,astro8,cxtb
0.6996184351879807,0,astro8,cxtb
0.7477249766098487,0,astro8,cxtb
0.6940925743590404,0,astro8,cxtb
0.6999494619982292,0,astro8,cxtb
0.722321421307344,0,astro8,cxtb
0.6969198991386346,0,astro8,cxtb
0.7335525165093545,0,astro8,cxtb
0.7352286701309557,0,astro8,cxtb
0.7412254683986109,0,astro8,cxtb
0.7104169599277899,0,astro8,cxtb
0.7481983804867763,0,astro8,cxtb
0.7718882392409947,0,astro8,cxtb
0.7404059007085619,0,astro8,cxtb
0.7567591488716999,0,astro8,cxtb
0.7331225629793107,0,astro8,cxtb
0.7466008569079823,0,astro8,cxtb
0.6827985486840155,0,astro8,cxtb
0.7293983594493552,0,astro8,cxtb
0.759899542434822,0,astro8,cxtb
0.820137903660141,0,astro8,cxtb
0.8120899490120213,0,astro8,cxtb
0.8204526983609209,0,astro8,cxtb
0.7962098676393002,0,astro8,cxtb
0.8390361102041738,0,astro8,cxtb
0.8406901164459653,0,astro8,cxtb
0.8318749927497787,0,astro8,cxtb
0.852716499586395,0,astro8,cxtb
0.8106353486554965,0,astro8,cxtb
0.7954515309367398,0,astro8,cxtb
0.7415064741543124,0,astro8,cxtb
0.7629425190878423,0,astro8,cxtb
0.75542635823118,0,astro8,cxtb
0.7237019991530115,0,astro8,cxtb
0.7166556744741296,0,astro8,cxtb
0.677044409162657,0,astro8,cxtb
0.6440767331873699,0,astro8,cxtb
0.6462564631229442,0,astro8,cxtb
0.6455597910628595,0,astro8,cxtb
0.6448650151927118,0,astro8,cxtb
0.6521711329551562,0,astro8,cxtb
0.652287923298061,0,astro8,cxtb
0.653737353542934,0,astro8,cxtb
0.690444939476211,0,astro8,cxtb
0.6765363884906145,0,astro8,cxtb
0.6306241527705873,0,astro8,cxtb
0.6567937520279248,0,astro8,cxtb
0.63873628671873,0,astro8,cxtb
0.6389270313709866,0,astro8,cxtb
0.6495918287181142,0,astro8,cxtb
0.6071558616048965,0,astro8,cxtb
0.6041526271448757,0,astro8,cxtb
0.6156984651452027,0,astro8,cxtb
0.635776166932622,0,astro8,cxtb
0.6489344296433007,0,astro8,cxtb
0.6365705563694346,0,astro8,cxtb
0.6540918374675836,0,astro8,cxtb
0.6597318306061755,0,astro8,cxtb
0.6676833086576861,0,astro8,cxtb
0.6879690074634396,0,astro8,cxtb
0.7065065804375208,0,astro8,cxtb
0.7408728613711644,0,astro8,cxtb
0.7635248762466753,0,astro8,cxtb
0.7577358920921033,0,astro8,cxtb
0.7703028614400266,0,astro8,cxtb
0.7616463138683611,0,astro8,cxtb
0.7717252369743902,0,astro8,cxtb
0.7914462953984241,0,astro8,cxtb
0.8127680028075511,0,astro8,cxtb
0.805023883390445,0,astro8,cxtb
0.7248046051745631,0,astro8,cxtb
0.7121484926049227,0,astro8,cxtb
0.7264705282805876,0,astro8,cxtb
0.735909426919747,0,astro8,cxtb
0.7247322229079579,0,astro8,cxtb
0.7089208802716493,0,astro8,cxtb
0.6966131215982674,0,astro8,cxtb
0.694908971171318,0,astro8,cxtb
0.7251846002019802,0,astro8,cxtb
0.6865223194364521,0,astro8,cxtb
0.6734780350021401,0,astro8,cxtb
0.6764513287488739,0,astro8,cxtb
0.6474792121144743,0,astro8,cxtb
0.6645277645958126,0,astro8,cxtb
0.656925436337354,0,astro8,cxtb
0.65493688428618,0,astro8,cxtb
0.6756938166763184,0,astro8,cxtb
0.7094198225460553,0,astro8,cxtb
0.717277110063586,0,astro8,cxtb
0.6985944303817719,0,astro8,cxtb
0.6662815139193746,0,astro8,cxtb
0.714261839225233,0,astro8,cxtb
0.673610716132693,0,astro8,cxtb
0.6757257768561427,0,astro8,cxtb
0.6486705213618036,0,astro8,cxtb
0.644627939278293,0,astro8,cxtb
0.6110550800085637,0,astro8,cxtb
0.6452166107214332,0,astro8,cxtb
0.6588002174498304,0,astro8,cxtb
0.6722566678652266,0,astro8,cxtb
0.6577637638435251,0,astro8,cxtb
0.6789577380848097,0,astro8,cxtb
0.6939672732194151,0,astro8,cxtb
0.6832824352513326,0,astro8,cxtb
0.692478664841248,0,astro8,cxtb
0.7171773605015431,0,astro8,cxtb
0.7649929747169005,0,astro8,cxtb
0.7801701087440337,0,astro8,cxtb
0.7748632105582041,0,astro8,cxtb
0.7565274329096568,0,astro8,cxtb
0.7506426859463372,0,astro8,cxtb
0.7202511121135824,0,astro8,cxtb
0.7210576352871629,0,astro8,cxtb
0.7392195335720042,0,astro8,cxtb
0.7637926776581214,0,astro8,cxtb
0.6992291628707897,0,astro8,cxtb
0.6877008562751159,0,astro8,cxtb
0.6825314510083701,0,astro8,cxtb
0.6753443782630312,0,astro8,cxtb
0.6923027173425551,0,astro8,cxtb
0.7012784818870784,0,astro8,cxtb
0.7328226599283552,0,astro8,cxtb
0.7411651983151571,0,astro8,cxtb
0.7475338407233916,0,astro8,cxtb
0.7539952640590715,0,astro8,cxtb
0.755190664380827,0,astro8,cxtb
0.7309326464422874,0,astro8,cxtb
0.7118515310022897,0,astro8,cxtb
0.7214986603348507,0,astro8,cxtb
0.7096642036214732,0,astro8,cxtb
0.7033419711705338,0,astro8,cxtb
0.7003878856203787,0,astro8,cxtb
0.7079745836295311,0,astro8,cxtb
0.7017830795957344,0,astro8,cxtb
0.7241581396036482,0,astro8,cxtb
0.7276324514588964,0,astro8,cxtb
0.7511611663640229,0,astro8,cxtb
0.7562600646437047,0,astro8,cxtb
0.7793418573087255,0,astro8,cxtb
0.7748878194767512,0,astro8,cxtb
0.7755146830264463,0,astro8,cxtb
0.7741894641478431,0,astro8,cxtb
0.8197704103952493,0,astro8,cxtb
0.8357725810034217,0,astro8,cxtb
0.8028190564875122,0,astro8,cxtb
0.8070306832950597,0,astro8,cxtb
0.8382852950509596,0,astro8,cxtb
0.8083757661840693,0,astro8,cxtb
0.7871240362748604,0,astro8,cxtb
0.7621155318142337,0,astro8,cxtb
0.7380745588687262,0,astro8,cxtb
0.7640928639317401,0,astro8,cxtb
0.792308610855542,0,astro8,cxtb
0.7550040193931801,0,astro8,cxtb
0.7917718064408882,0,astro8,cxtb
0.8056106058414134,0,astro8,cxtb
0.8607872943622106,0,astro8,cxtb
0.8419167140712801,0,astro8,cxtb
0.8799343529917146,0,astro8,cxtb
0.8656779536560093,0,astro8,cxtb
0.8668434493078263,0,astro8,cxtb
0.887810870560631,0,astro8,cxtb
0.8891504618685968,0,astro8,cxtb
0.9355770090702862,0,astro8,cxtb
0.9331995894866718,0,astro8,cxtb
0.919345832799856,0,astro8,cxtb
0.8828199119773024,0,astro8,cxtb
0.8824121101511577,0,astro8,cxtb
0.841666870076519,0,astro8,cxtb
0.8332179509584483,0,astro8,cxtb
0.8909252141794265,0,astro8,cxtb
0.9205128038581122,0,astro8,cxtb
0.8799582869850984,0,astro8,cxtb
0.887871909890701,0,astro8,cxtb
0.8647384212367704,0,astro8,cxtb
0.8566678703632754,0,astro8,cxtb
0.86109325684935,0,astro8,cxtb
0.8745113483656204,0,astro8,cxtb
0.8520456502055906,0,astro8,cxtb
0.8213641238344498,0,astro8,cxtb
0.8161749969574731,0,astro8,cxtb
0.8047954890701015,0,astro8,cxtb
0.7599460927786922,0,astro8,cxtb
0.7545802349789643,0,astro8,cxtb
0.7403526097108616,0,astro8,cxtb
0.7680918735667169,0,astro8,cxtb
0.7496680076250686,0,astro8,cxtb
0.7962604778716932,0,astro8,cxtb
0.8188198414403653,0,astro8,cxtb
0.7822116990121173,0,astro8,cxtb
0.7937812992516069,0,astro8,cxtb
0.7653238629614567,0,astro8,cxtb
0.7776172595609064,0,astro8,cxtb
0.7755723046149087,0,astro8,cxtb
0.8175184607053586,0,astro8,cxtb
0.7725989021177952,0,astro8,cxtb
0.7356929401628249,0,astro8,cxtb
0.708733303693146,0,astro8,cxtb
0.7224564085043794,0,astro8,cxtb
0.690228253204979,0,astro8,cxtb
0.6985767741887908,0,astro8,cxtb
0.7149131902556801,0,astro8,cxtb
0.7414714058009998,0,astro8,cxtb
0.7626152065194793,0,astro8,cxtb
0.7722907871345196,0,astro8,cxtb
0.7672273360657043,0,astro8,cxtb
0.8012482467529074,0,astro8,cxtb
0.8216814047591185,0,astro8,cxtb
0.792043708341218,0,astro8,cxtb
0.8052737299317443,0,astro8,cxtb
0.8023569906511503,0,astro8,cxtb
0.82087479309365,0,astro8,cxtb
0.8297372208267836,0,astro8,cxtb
0.8364747747992521,0,astro8,cxtb
0.8642967138980279,0,astro8,cxtb
0.9003973937086783,0,astro8,cxtb
0.9175212600327133,0,astro8,cxtb
0.8888133565215524,0,astro8,cxtb
0.92149516563862,0,astro8,cxtb
0.9454543669551821,0,astro8,cxtb
0.9254129763678278,0,astro8,cxtb
0.9220024726583315,0,astro8,cxtb
0.9263989337923614,0,astro8,cxtb
0.9088747216755377,0,astro8,cxtb
0.9049806291564858,0,astro8,cxtb
0.8715054220352629,0,astro8,cxtb
0.8430937172446477,0,astro8,cxtb
0.85500215039109,0,astro8,cxtb
0.849734442734338,0,astro8,cxtb
0.781597161893732,0,astro8,cxtb
0.761792912671607,0,astro8,cxtb
0.7635856183387376,0,astro8,cxtb
0.8011899964130864,0,astro8,cxtb
0.7769896723088126,0,astro8,cxtb
0.7622301592970044,0,astro8,cxtb
0.7396084542161797,0,astro8,cxtb
0.7241408235844939,0,astro8,cxtb
0.7807750813255141,0,astro8,cxtb
0.7898845429860466,0,astro8,cxtb
0.8279144813956598,0,astro8,cxtb
0.8411930244937896,0,astro8,cxtb
0.8249157909202978,0,astro8,cxtb
0.8585366348726143,0,astro8,cxtb
0.8920126973445022,0,astro8,cxtb
0.8954642446778969,0,astro8,cxtb
0.8556520154165302,0,astro8,cxtb
0.8354178963124995,0,astro8,cxtb
0.8422914078183387,0,astro8,cxtb
0.8106542502894847,0,astro8,cxtb
0.8055716578042891,0,astro8,cxtb
0.7667836151709881,0,astro8,cxtb
0.772380923556094,0,astro8,cxtb
0.7648824100700906,0,astro8,cxtb
0.7275764403585193,0,astro8,cxtb
0.7163653742161061,0,astro8,cxtb
0.7304875786801593,0,astro8,cxtb
0.7339158860083312,0,astro8,cxtb
0.696608255717054,0,astro8,cxtb
0.7221468361838068,0,astro8,cxtb
0.7071857454804875,0,astro8,cxtb
0.7243208341309716,0,astro8,cxtb
0.7104445651625777,0,astro8,cxtb
0.7200595688844953,0,astro8,cxtb
0.7315575568877559,0,astro8,cxtb
0.7187606302554853,0,astro8,cxtb
0.7231313610646091,0,astro8,cxtb
0.7273283508199545,0,astro8,cxtb
0.7207905960730963,0,astro8,cxtb
0.7567055435731656,0,astro8,cxtb
0.7480895038600497,0,astro8,cxtb
0.7193328232642316,0,astro8,cxtb
0.7164452151297152,0,astro8,cxtb
0.7260095166105011,0,astro8,cxtb
0.7597194713758765,0,astro8,cxtb
0.7910273402426675,0,astro8,cxtb
0.7874548584161624,0,astro8,cxtb
0.7913571355936461,0,astro8,cxtb
0.8242285458986369,0,astro8,cxtb
0.7976221077084354,0,astro8,cxtb
0.8285551316841014,0,astro8,cxtb
0.7917087704254772,0,astro8,cxtb
0.7937271040114886,0,astro8,cxtb
0.7595073219431607,0,astro8,cxtb
0.7528646789522657,0,astro8,cxtb
0.7505257359400758,0,astro8,cxtb
0.7419573767804869,0,astro8,cxtb
0.7523906577257434,0,astro8,cxtb
0.7809513087070398,0,astro8,cxtb
0.7900452512669093,0,astro8,cxtb
0.8144237793457224,0,astro8,cxtb
0.8133326119472037,0,astro8,cxtb
0.8063973134924207,0,astro8,cxtb
0.7772750868181663,0,astro8,cxtb
0.8272468005602317,0,astro8,cxtb
0.8082176232053119,0,astro8,cxtb
0.8136234634068114,0,astro8,cxtb
0.8072171271086293,0,astro8,cxtb
0.7826740700422499,0,astro8,cxtb
0.7941995300950865,0,astro8,cxtb
0.7912718197626891,0,astro8,cxtb
0.7580762224138867,0,astro8,cxtb
0.7335602254593481,0,astro8,cxtb
0.755791048869084,0,astro8,cxtb
0.7315670693409071,0,astro8,cxtb
0.710940786151834,0,astro8,cxtb
0.7006509680321326,0,astro8,cxtb
0.6876341577820057,0,astro8,cxtb
0.6403288068079832,0,astro8,cxtb
0.6676793003754093,0,astro8,cxtb
0.6751618895487745,0,astro8,cxtb
0.7046648656533692,0,astro8,cxtb
0.7370626576534081,0,astro8,cxtb
0.7731674115166325,0,astro8,cxtb
0.7806399509411484,0,astro8,cxtb
0.8160250008106584,0,astro8,cxtb
0.792971290567167,0,astro8,cxtb
0.7826980561022278,0,astro8,cxtb
0.7860898414345283,0,astro8,cxtb
0.7686197259744966,0,astro8,cxtb
0.7248051563971103,0,astro8,cxtb
0.7376030638283587,0,astro8,cxtb
0.6922478295825307,0,astro8,cxtb
0.7314911797421617,0,astro8,cxtb
0.7421123503346396,0,astro8,cxtb
0.7176732737896384,0,astro8,cxtb
0.7086371159896466,0,astro8,cxtb
0.7177555527716787,0,astro8,cxtb
0.7222912510156294,0,astro8,cxtb
0.7163744691103867,0,astro8,cxtb
0.7265815637936653,0,astro8,cxtb
0.7375621688291177,0,astro8,cxtb
0.7346243310722502,0,astro8,cxtb
0.6733873702914754,0,astro8,cxtb
0.6866969879370128,0,astro8,cxtb
0.7205241488156636,0,astro8,cxtb
0.7415570371427493,0,astro8,cxtb
0.6993985119904931,0,astro8,cxtb
0.6563291068917613,0,astro8,cxtb
0.6974251191067241,0,astro8,cxtb
0.6600213987078564,0,astro8,cxtb
0.6564618078641745,0,astro8,cxtb
0.6474355632879196,0,astro8,cxtb
0.6242044716910434,0,astro8,cxtb
0.6462375962979792,0,astro8,cxtb
0.6402060487028299,0,astro8,cxtb
0.6806191382670549,0,astro8,cxtb
0.6750350138337174,0,astro8,cxtb
0.6839336099373161,0,astro8,cxtb
0.7115382436533993,0,astro8,cxtb
0.728552848023993,0,astro8,cxtb
0.783237318691654,0,astro8,cxtb
0.7627917422721154,0,astro8,cxtb
0.7836230644013062,0,astro8,cxtb
0.7827666095137065,0,astro8,cxtb
0.7845226879183178,0,astro8,cxtb
0.7937111431526666,0,astro8,cxtb
0.7761724211853678,0,astro8,cxtb
0.7782843172234077,0,astro8,cxtb
0.7278883323957536,0,astro8,cxtb
0.7307887403673821,0,astro8,cxtb
0.7420226787467763,0,astro8,cxtb
0.7576731686327863,0,astro8,cxtb
0.7543119810839312,0,astro8,cxtb
0.7864406531724762,0,astro8,cxtb
0.771901039904062,0,astro8,cxtb
0.7336769395475237,0,astro8,cxtb
0.7368730075434269,0,astro8,cxtb
0.7392500148879284,0,astro8,cxtb
0.713856020870272,0,astro8,cxtb
0.7362211543041595,0,astro8,cxtb
0.7206727344706595,0,astro8,cxtb
0.6970879840785877,0,astro8,cxtb
0.7040500866716539,0,astro8,cxtb
0.706274798567661,0,astro8,cxtb
0.6939904191935573,0,astro8,cxtb
0.7028813866061167,0,astro8,cxtb
0.700362388163844,0,astro8,cxtb
0.6995551606510231,0,astro8,cxtb
0.6902122150124852,0,astro8,cxtb
0.6808666287622253,0,astro8,cxtb
0.680693570020649,0,astro8,cxtb
0.658142198011532,0,astro8,cxtb
0.7315534956369101,0,astro8,cxtb
0.7219797939293655,0,astro8,cxtb
0.7357761263401503,0,astro8,cxtb
0.7373966386783899,0,astro8,cxtb
0.7082124175556691,0,astro8,cxtb
0.7158439873129799,0,astro8,cxtb
0.7239927580164595,0,astro8,cxtb
0.6956636961747699,0,astro8,cxtb
0.667537208503866,0,astro8,cxtb
0.6762141080522439,0,astro8,cxtb
0.6172490656664728,0,astro8,cxtb
0.6441967247284374,0,astro8,cxtb
0.6281688201876028,0,astro8,cxtb
0.6205135461911976,0,astro8,cxtb
0.6282381352764355,0,astro8,cxtb
0.6348657503508075,0,astro8,cxtb
0.6084291249508642,0,astro8,cxtb
0.5932563424617,0,astro8,cxtb
0.615471122086075,0,astro8,cxtb
0.6436208829635084,0,astro8,cxtb
0.6419635848485562,0,astro8,cxtb
0.6362483421178754,0,astro8,cxtb
0.6879700741694564,0,astro8,cxtb
0.6841028138653439,0,astro8,cxtb
0.6645382053540089,0,astro8,cxtb
0.682332210997623,0,astro8,cxtb
0.6897549178364392,0,astro8,cxtb
0.7065667335536961,0,astro8,cxtb
0.6918979592913315,0,astro8,cxtb
0.7056672190903125,0,astro8,cxtb
0.7035297829831986,0,astro8,cxtb
0.706972554807529,0,astro8,cxtb
0.6905276445877685,0,astro8,cxtb
0.697709993379832,0,astro8,cxtb
0.7499237861691799,0,astro8,cxtb
0.7612776551043426,0,astro8,cxtb
0.7792876267997086,0,astro8,cxtb
0.7950133368147815,0,astro8,cxtb
0.8035874781098636,0,astro8,cxtb
0.8391963266983253,0,astro8,cxtb
0.8353955697557849,0,astro8,cxtb
0.78524981945169,0,astro8,cxtb
0.7612704324804695,0,astro8,cxtb
0.7506663843790998,0,astro8,cxtb
0.6904286044818487,0,astro8,cxtb
0.6714174101138088,0,astro8,cxtb
0.6930041486619609,0,astro8,cxtb
0.6774496881596975,0,astro8,cxtb
0.6428108327752774,0,astro8,cxtb
0.6875458498958141,0,astro8,cxtb
0.687867011616608,0,astro8,cxtb
0.720534252152702,0,astro8,cxtb
0.7394256477275746,0,astro8,cxtb
0.7048095423681598,0,astro8,cxtb
0.7169891023736049,0,astro8,cxtb
0.775886637687269,0,astro8,cxtb
0.7648782130124392,0,astro8,cxtb
0.7149406415398661,0,astro8,cxtb
0.7128335306705594,0,astro8,cxtb
0.7245082989432384,0,astro8,cxtb
0.7516108031960137,0,astro8,cxtb
0.750833172658763,0,astro8,cxtb
0.7790714439990016,0,astro8,cxtb
0.7468907376344552,0,astro8,cxtb
0.772770557962113,0,astro8,cxtb
0.8119616982598742,0,astro8,cxtb
0.7808554713638182,0,astro8,cxtb
0.7559184695572139,0,astro8,cxtb
0.7376248915199183,0,astro8,cxtb
0.7388882563148204,0,astro8,cxtb
0.7398360184867706,0,astro8,cxtb
0.784421154083287,0,astro8,cxtb
0.7382893667218432,0,astro8,cxtb
0.7436341542918039,0,astro8,cxtb
0.7263599078742651,0,astro8,cxtb
0.737675584869448,0,astro8,cxtb
0.7186058770067008,0,astro8,cxtb
0.7375988161165564,0,astro8,cxtb
0.7727467415355846,0,astro8,cxtb
0.7794173193621259,0,astro8,cxtb
0.7666007233512346,0,astro8,cxtb
0.7806239937155706,0,astro8,cxtb
0.7540809583187076,0,astro8,cxtb
0.7572183538418522,0,astro8,cxtb
0.7344321272950197,0,astro8,cxtb
0.706810998263707,0,astro8,cxtb
0.7132267343679973,0,astro8,cxtb
0.7065970057272393,0,astro8,cxtb
0.7001036701117059,0,astro8,cxtb
0.6788189106390077,0,astro8,cxtb
0.6358279484162509,0,astro8,cxtb
0.6532335169361152,0,astro8,cxtb
0.6314482705268262,0,astro8,cxtb
0.6624896105453426,0,astro8,cxtb
0.6708920019125334,0,astro8,cxtb
0.689727600683348,0,astro8,cxtb
0.7162123108098445,0,astro8,cxtb
0.7310997160684157,0,astro8,cxtb
0.7290925843833747,0,astro8,cxtb
0.7411039821850293,0,astro8,cxtb
0.6554335264711741,0,astro8,cxtb
0.6488778111592273,0,astro8,cxtb
0.6570819685416511,0,astro8,cxtb
0.6770615536885578,0,astro8,cxtb
0.6671094276830175,0,astro8,cxtb
0.6648367946442085,0,astro8,cxtb
0.6667053625345232,0,astro8,cxtb
0.7046363935511718,0,astro8,cxtb
0.7097937224751482,0,astro8,cxtb
0.6649708359962333,0,astro8,cxtb
0.6425900403081526,0,astro8,cxtb
0.6661885776590507,0,astro8,cxtb
0.6877243017957564,0,astro8,cxtb
0.7225962598458591,0,astro8,cxtb
0.743991919239194,0,astro8,cxtb
0.7843095232098333,0,astro8,cxtb
0.7939884349587863,0,astro8,cxtb
0.8114213606099322,0,astro8,cxtb
0.841329942472228,0,astro8,cxtb
0.8462237277069663,0,astro8,cxtb
0.8779682399281054,0,astro8,cxtb
0.8753460500404793,0,astro8,cxtb
0.8396073657556825,0,astro8,cxtb
0.8171314829263213,0,astro8,cxtb
0.8305388192621609,0,astro8,cxtb
0.8164794009586637,0,astro8,cxtb
0.7711411400707071,0,astro8,cxtb
0.7720216258685765,0,astro8,cxtb
0.7578157766880458,0,astro8,cxtb
0.743974000000198,0,astro8,cxtb
0.7443651078370306,0,astro8,cxtb
0.7454597526504497,0,astro8,cxtb
0.7694527133466823,0,astro8,cxtb
0.7687863525559829,0,astro8,cxtb
0.7670749018132842,0,astro8,cxtb
0.7590947488838345,0,astro8,cxtb
0.7476455576303541,0,astro8,cxtb
0.781533069777835,0,astro8,cxtb
0.7986914804453636,0,astro8,cxtb
0.7635409761743308,0,astro8,cxtb
0.7600867352915351,0,astro8,cxtb
0.7308607720338733,0,astro8,cxtb
0.7205928470551193,0,astro8,cxtb
0.7078055296137916,0,astro8,cxtb
0.7536316316112471,0,astro8,cxtb
0.7391324605847157,0,astro8,cxtb
0.6993012995806461,0,astro8,cxtb
0.6804584813068125,0,astro8,cxtb
0.6977179580346383,0,astro8,cxtb
0.7244549362909152,0,astro8,cxtb
0.6910663912476488,0,astro8,cxtb
0.7071749832202268,0,astro8,cxtb
0.7316507084330583,0,astro8,cxtb
0.7482240334201076,0,astro8,cxtb
0.7395964537959169,0,astro8,cxtb
0.7243689080887443,0,astro8,cxtb
0.6956080234614639,0,astro8,cxtb
0.7351386823875841,0,astro8,cxtb
0.7493311373269435,0,astro8,cxtb
0.7522864686133093,0,astro8,cxtb
0.742828453064107,0,astro8,cxtb
0.7522271090648567,0,astro8,cxtb
0.7520411376553374,0,astro8,cxtb
0.7471571602077622,0,astro8,cxtb
0.7794417603986549,0,astro8,cxtb
0.7835982898492653,0,astro8,cxtb
0.8219886339412528,0,astro8,cxtb
0.8414567792839851,0,astro8,cxtb
0.8424042440280705,0,astro8,cxtb
0.8188299752817421,0,astro8,cxtb
0.8493319700746018,0,astro8,cxtb
0.8694022298003733,0,astro8,cxtb
0.8674363174444809,0,astro8,cxtb
0.8616225957660837,0,astro8,cxtb
0.8215811838298005,0,astro8,cxtb
0.8156264204363423,0,astro8,cxtb
0.8170310623609203,0,astro8,cxtb
0.8064861740344228,0,astro8,cxtb
0.7990530712158765,0,astro8,cxtb
0.7808086126770947,0,astro8,cxtb
0.7736967724074628,0,astro8,cxtb
0.7837298763693079,0,astro8,cxtb
0.800316431879424,0,astro8,cxtb
0.7879283897081936,0,astro8,cxtb
0.7966113004694452,0,astro8,cxtb
0.7805558400973861,0,astro8,cxtb
0.8309575959576089,0,astro8,cxtb
0.7745771139714833,0,astro8,cxtb
0.7598488089926182,0,astro8,cxtb
0.7998876732093406,0,astro8,cxtb
0.8334517131442875,0,astro8,cxtb
0.815038765169284,0,astro8,cxtb
0.8256450077823285,0,astro8,cxtb
0.8105021995442045,0,astro8,cxtb
0.8432602100008705,0,astro8,cxtb
0.8415769361149483,0,astro8,cxtb
0.8358936555978393,0,astro8,cxtb
0.8262127790215683,0,astro8,cxtb
0.8435172152747846,0,astro8,cxtb
0.8201790830233522,0,astro8,cxtb
0.7952822406017909,0,astro8,cxtb
0.8207208277917859,0,astro8,cxtb
0.8324525692941068,0,astro8,cxtb
0.8351422341441824,0,astro8,cxtb
0.853226137812424,0,astro8,cxtb
0.8412315759375635,0,astro8,cxtb
0.8443773314095431,0,astro8,cxtb
0.8916610927306402,0,astro8,cxtb
0.9185025377293091,0,astro8,cxtb
0.9049264292470514,0,astro8,cxtb
0.8906745169190866,0,astro8,cxtb
0.8894806890094676,0,astro8,cxtb
0.9381606629577438,0,astro8,cxtb
0.9127749472243848,0,astro8,cxtb
0.8831544624202918,0,astro8,cxtb
0.869865164240554,0,astro8,cxtb
0.8740349455824917,0,astro8,cxtb
0.8868864859053543,0,astro8,cxtb
0.9310143458650425,0,astro8,cxtb
0.9328104276645407,0,astro8,cxtb
0.9174597059731991,0,astro8,cxtb
0.9155441696746871,0,astro8,cxtb
0.879010129010365,0,astro8,cxtb
0.8819561227521517,0,astro8,cxtb
0.8803353177204782,0,astro8,cxtb
0.8580543976251451,0,astro8,cxtb
0.8570164299437595,0,astro8,cxtb
0.8561405318910353,0,astro8,cxtb
0.8243823078982867,0,astro8,cxtb
0.8243569413432614,0,astro8,cxtb
0.8274899047350199,0,astro8,cxtb
0.8303614693942382,0,astro8,cxtb
0.8136325524674611,0,astro8,cxtb
0.8203973039061297,0,astro8,cxtb
0.8122822877479133,0,astro8,cxtb
0.8109196530450803,0,astro8,cxtb
0.8755376710627238,0,astro8,cxtb
0.8898186377042638,0,astro8,cxtb
0.8663790726535434,0,astro8,cxtb
0.8823970401155523,0,astro8,cxtb
0.9080816975997373,0,astro8,cxtb
0.8971687124347043,0,astro8,cxtb
0.9177857609799416,0,astro8,cxtb
0.9442638446271822,0,astro8,cxtb
0.9640607992712155,0,astro8,cxtb
0.9964181593879222,0,astro8,cxtb
0.9931189862475985,0,astro8,cxtb
1.0193068667401755,0,astro8,cxtb
1.0305386015292592,0,astro8,cxtb
1.0392681373630759,0,astro8,cxtb
1.0453501341117704,0,astro8,cxtb
1.0568999929529124,0,astro8,cxtb
1.083575297373464,0,astro8,cxtb
1.0619281648971173,0,astro8,cxtb
1.038157871625351,0,astro8,cxtb
1.0536287667951398,0,astro8,cxtb
0.97893930119258,0,astro8,cxtb
0.9717171524983974,0,astro8,cxtb
0.9541617347155175,0,astro8,cxtb
0.9509449511085295,0,astro8,cxtb
0.9159198765313472,0,astro8,cxtb
0.9342693293662604,0,astro8,cxtb
0.9704980473155936,0,astro8,cxtb
0.953192220013615,0,astro8,cxtb
0.9268424662917086,0,astro8,cxtb
0.9127739161032512,0,astro8,cxtb
0.8979982361353178,0,astro8,cxtb
0.867628178551737,0,astro8,cxtb
0.8736198286328328,0,astro8,cxtb
0.8695391402598383,0,astro8,cxtb
0.9182060955198412,0,astro8,cxtb
0.9056119188918176,0,astro8,cxtb
0.9287166164441869,0,astro8,cxtb
0.9302419847204254,0,astro8,cxtb
0.956070644576103,0,astro8,cxtb
0.9752019360883858,0,astro8,cxtb
0.9872662061768985,0,astro8,cxtb
0.9834165262367405,0,astro8,cxtb
1.0126065514155624,0,astro8,cxtb
1.0399944049202312,0,astro8,cxtb
1.0234284140468468,0,astro8,cxtb
0.9964008831183407,0,astro8,cxtb
0.9939748439471916,0,astro8,cxtb
0.9998066034139976,0,astro8,cxtb
0.9876373766712334,0,astro8,cxtb
0.9746836256460272,0,astro8,cxtb
0.9809745752249021,0,astro8,cxtb
0.9988962895136936,0,astro8,cxtb
0.9720952621119479,0,astro8,cxtb
0.9794769558725698,0,astro8,cxtb
0.964380027658221,0,astro8,cxtb
0.9753589036500468,0,astro8,cxtb
1.0320071504006105,0,astro8,cxtb
1.0536739636933712,0,astro8,cxtb
1.0498659158101706,0,astro8,cxtb
1.0496732397596331,0,astro8,cxtb
1.0249015755183501,0,astro8,cxtb
1.0240085703370974,0,astro8,cxtb
0.9798810921241912,0,astro8,cxtb
0.9400559676169365,0,astro8,cxtb
0.9384398536604284,0,astro8,cxtb
0.9542554759924569,0,astro8,cxtb
0.9187568544413635,0,astro8,cxtb
0.883789333813127,0,astro8,cxtb
0.9173221834150728,0,astro8,cxtb
0.9329921133094856,0,astro8,cxtb
0.9774883915700326,0,astro8,cxtb
1.003180643996443,0,astro8,cxtb
0.9838249294782727,0,astro8,cxtb
1.004672605329936,0,astro8,cxtb
0.9750719594866648,0,astro8,cxtb
0.9496157173019953,0,astro8,cxtb
0.9693067616115348,0,astro8,cxtb
0.9467605987685033,0,astro8,cxtb
0.9296409898437278,0,astro8,cxtb
0.9374841667980469,0,astro8,cxtb
0.9793507204124915,0,astro8,cxtb
1.0028994904138047,0,astro8,cxtb
1.006572254241389,0,astro8,cxtb
1.0290028051768179,0,astro8,cxtb
1.0291502549760119,0,astro8,cxtb
1.021991646198135,0,astro8,cxtb
1.0556052281315595,0,astro8,cxtb
1.0524504551227696,0,astro8,cxtb
1.0407259100043178,0,astro8,cxtb
1.0376030326257883,0,astro8,cxtb
1.0589891783290817,0,astro8,cxtb
1.0494508760528276,0,astro8,cxtb
1.0348738512696238,0,astro8,cxtb
1.0593679889340717,0,astro8,cxtb
1.1005425156249171,0,astro8,cxtb
1.0924589450689484,0,astro8,cxtb
1.106741071833875,0,astro8,cxtb
1.1630686092108675,0,astro8,cxtb
1.1464665798804552,0,astro8,cxtb
1.1377149173877874,0,astro8,cxtb
1.074126796478578,0,astro8,cxtb
1.0787284412543507,0,astro8,cxtb
1.0615837468063871,0,astro8,cxtb
1.033270967797106,0,astro8,cxtb
1.0143371028954995,0,astro8,cxtb
1.0020116981627434,0,astro8,cxtb
1.0006966432379516,0,astro8,cxtb
1.0022709246484236,0,astro8,cxtb
0.9976897792345916,0,astro8,cxtb
0.9724198646921789,0,astro8,cxtb
0.9690973464328251,0,astro8,cxtb
0.9964879342537851,0,astro8,cxtb
0.9923759902146587,0,astro8,cxtb
1.0175077389294214,0,astro8,cxtb
0.9952984143542509,0,astro8,cxtb
0.9756813143706136,0,astro8,cxtb
0.9746264003109388,0,astro8,cxtb
0.9928427299659721,0,astro8,cxtb
0.9656983839592925,0,astro8,cxtb
0.9655198804554211,0,astro8,cxtb
0.9884300044910559,0,astro8,cxtb
0.9552220168841715,0,astro8,cxtb
0.9398142210115934,0,astro8,cxtb
0.9382542339284461,0,astro8,cxtb
0.9242185089188739,0,astro8,cxtb
0.91261434651444,0,astro8,cxtb
0.9051005834958411,0,astro8,cxtb
0.8988896508937674,0,astro8,cxtb
0.8981593613964662,0,astro8,cxtb
0.9147723174497562,0,astro8,cxtb
0.9199768420542778,0,astro8,cxtb
0.9410355335429901,0,astro8,cxtb
0.9891417858513257,0,astro8,cxtb
0.9856657850682184,0,astro8,cxtb
0.9752761595175015,0,astro8,cxtb
0.9810999624368556,0,astro8,cxtb
0.9651527896021275,0,astro8,cxtb
0.9789216382428426,0,astro8,cxtb
0.9537261781689597,0,astro8,cxtb
0.9751409594440483,0,astro8,cxtb
0.9423894950909565,0,astro8,cxtb
0.9137310809190158,0,astro8,cxtb
0.9015225621531878,0,astro8,cxtb
0.8971177701122042,0,astro8,cxtb
0.9322735220608247,0,astro8,cxtb
0.9053858646524822,0,astro8,cxtb
0.8959367709999053,0,astro8,cxtb
0.8448737298938824,0,astro8,cxtb
0.8902484366820637,0,astro8,cxtb
0.8871062862156878,0,astro8,cxtb
0.8879872229107386,0,astro8,cxtb
0.8752135735526102,0,astro8,cxtb
0.879911503126263,0,astro8,cxtb
0.8652908082634809,0,astro8,cxtb
0.8634439301316346,0,astro8,cxtb
0.81362277411712,0,astro8,cxtb
0.8100174288314769,0,astro8,cxtb
0.7889193391928921,0,astro8,cxtb
0.8151790441376932,0,astro8,cxtb
0.7907071094379429,0,astro8,cxtb
0.7995635569711734,0,astro8,cxtb
0.8010198564487586,0,astro8,cxtb
0.8103098406555724,0,astro8,cxtb
0.808055898188884,0,astro8,cxtb
0.8189549155917974,0,astro8,cxtb
0.7838581568456722,0,astro8,cxtb
0.7702731166972135,0,astro8,cxtb
0.7662805863233327,0,astro8,cxtb
0.7870982894860974,0,astro8,cxtb
0.7866429583806726,0,astro8,cxtb
0.7648366863662335,0,astro8,cxtb
0.7262581725041255,0,astro8,cxtb
0.7168132888605405,0,astro8,cxtb
0.743092976178791,0,astro8,cxtb
0.7306069308867948,0,astro8,cxtb
0.7349687447535034,0,astro8,cxtb
0.7290158001410019,0,astro8,cxtb
0.7366459749623185,0,astro8,cxtb
0.775819763733946,0,astro8,cxtb
0.8225020024029116,0,astro8,cxtb
0.8791766205116888,0,astro8,cxtb
0.9023950434351065,0,astro8,cxtb
0.9023170242632775,0,astro8,cxtb
0.9033779283888325,0,astro8,cxtb
0.8768137925227948,0,astro8,cxtb
0.8490015815666021,0,astro8,cxtb
0.797685062257597,0,astro8,cxtb
0.7814875307493412,0,astro8,cxtb
0.762503316839873,0,astro8,cxtb
0.7496531191072203,0,astro8,cxtb
0.7393350047356556,0,astro8,cxtb
0.7297456710671807,0,astro8,cxtb
0.7393662172703587,0,astro8,cxtb
0.7691043659556765,0,astro8,cxtb
0.762806213343275,0,astro8,cxtb
0.7643374016721167,0,astro8,cxtb
0.7602281300546655,0,astro8,cxtb
0.7608288351383785,0,astro8,cxtb
0.7546154789526547,0,astro8,cxtb
0.7249962129177275,0,astro8,cxtb
0.7049034328216379,0,astro8,cxtb
0.6909895496817959,0,astro8,cxtb
0.6789040843991732,0,astro8,cxtb
0.6881642948057715,0,astro8,cxtb
0.694788235327746,0,astro8,cxtb
0.6902209123840529,0,astro8,cxtb
0.6867909876627695,0,astro8,cxtb
0.6800674527384135,0,astro8,cxtb
0.6688329887581754,0,astro8,cxtb
0.7055242443938546,0,astro8,cxtb
0.6967303930137424,0,astro8,cxtb
0.6830908867120876,0,astro8,cxtb
0.7132911400722185,0,astro8,cxtb
0.7169466253750754,0,astro8,cxtb
0.695882241529517,0,astro8,cxtb
0.7193007805375471,0,astro8,cxtb
0.7049080000223535,0,astro8,cxtb
0.6842334747518457,0,astro8,cxtb
0.7025500507165509,0,astro8,cxtb
0.7073509901048056,0,astro8,cxtb
0.7371909746357177,0,astro8,cxtb
0.7411836336985288,0,astro8,cxtb
0.7375351068893723,0,astro8,cxtb
0.726902316232919,0,astro8,cxtb
0.7082127423204808,0,astro8,cxtb
0.7040279767245295,0,astro8,cxtb
0.7268697923363588,0,astro8,cxtb
0.7199704344480365,0,astro8,cxtb
0.7062087447061813,0,astro8,cxtb
0.6910959377145646,0,astro8,cxtb
0.6783856371728179,0,astro8,cxtb
0.7085383737722081,0,astro8,cxtb
0.6737064287999581,0,astro8,cxtb
0.6463182973362455,0,astro8,cxtb
0.682867149488556,0,astro8,cxtb
0.691007084905992,0,astro8,cxtb
0.6937656813319468,0,astro8,cxtb
0.6916660870462128,0,astro8,cxtb
0.6734553297785201,0,astro8,cxtb
0.6605963401393258,0,astro8,cxtb
0.6925036724697559,0,astro8,cxtb
0.6559506370279968,0,astro8,cxtb
0.6422346271468858,0,astro8,cxtb
0.6817287692461236,0,astro8,cxtb
0.6759134544789446,0,astro8,cxtb
0.6771098232185178,0,astro8,cxtb
0.6693741767702679,0,astro8,cxtb
0.676878690455004,0,astro8,cxtb
0.6467477557809826,0,astro8,cxtb
0.6143603225043146,0,astro8,cxtb
0.6302495620804529,0,astro8,cxtb
0.6438774852246584,0,astro8,cxtb
0.6743834225263418,0,astro8,cxtb
0.7173083447043224,0,astro8,cxtb
0.7131226814918411,0,astro8,cxtb
0.7107610403744671,0,astro8,cxtb
0.6868813310112428,0,astro8,cxtb
0.6655812620858712,0,astro8,cxtb
0.7050820732785362,0,astro8,cxtb
0.7201611967609419,0,astro8,cxtb
0.6210535414420979,0,astro8,cxtb
0.6538426239264645,0,astro8,cxtb
0.6251472973157567,0,astro8,cxtb
0.6567845892637143,0,astro8,cxtb
0.6602201460540417,0,astro8,cxtb
0.6327803952661281,0,astro8,cxtb
0.6351812231481355,0,astro8,cxtb
0.6554654126667983,0,astro8,cxtb
0.6632164122957198,0,astro8,cxtb
0.6716016962191506,0,astro8,cxtb
0.6793512201450286,0,astro8,cxtb
0.6890921322936004,0,astro8,cxtb
0.6723286884975781,0,astro8,cxtb
0.6786716372774482,0,astro8,cxtb
0.6676181474324572,0,astro8,cxtb
0.6672970498863697,0,astro8,cxtb
0.6477010965941148,0,astro8,cxtb
0.6770295536186068,0,astro8,cxtb
0.7041707789373945,0,astro8,cxtb
0.667916844543648,0,astro8,cxtb
0.7219606699725539,0,astro8,cxtb
0.7113584440227881,0,astro8,cxtb
0.7035010582975548,0,astro8,cxtb
0.7292437582938466,0,astro8,cxtb
0.7209341859556181,0,astro8,cxtb
0.7122378866358825,0,astro8,cxtb
0.6737173969825286,0,astro8,cxtb
0.6813972373548968,0,astro8,cxtb
0.6430911833924476,0,astro8,cxtb
0.6576668208644565,0,astro8,cxtb
0.6862907626164022,0,astro8,cxtb
0.6878255502786087,0,astro8,cxtb
0.7076139106031126,0,astro8,cxtb
0.6858504760327493,0,astro8,cxtb
0.6765164107768795,0,astro8,cxtb
0.6540617388793435,0,astro8,cxtb
0.6485540655964305,0,astro8,cxtb
0.6219717696729231,0,astro8,cxtb
0.6657024841582443,0,astro8,cxtb
0.6664437358327686,0,astro8,cxtb
0.6701891532099595,0,astro8,cxtb
0.6779919913239978,0,astro8,cxtb
0.687602385135643,0,astro8,cxtb
0.6294334266795637,0,astro8,cxtb
0.6484301365051676,0,astro8,cxtb
0.6702033049704218,0,astro8,cxtb
0.6619133205357336,0,astro8,cxtb
0.6568795579846068,0,astro8,cxtb
0.7051504175275809,0,astro8,cxtb
0.6930328970189849,0,astro8,cxtb
0.7084338406334764,0,astro8,cxtb
0.7344746970926022,0,astro8,cxtb
0.6754128711751536,0,astro8,cxtb
0.6803157467699349,0,astro8,cxtb
0.7049988610451741,0,astro8,cxtb
0.7222900725480538,0,astro8,cxtb
0.7209936037976978,0,astro8,cxtb
0.7208489928627572,0,astro8,cxtb
0.7466563340097057,0,astro8,cxtb
0.726258825509702,0,astro8,cxtb
0.7769547375395034,0,astro8,cxtb
0.7926834438832632,0,astro8,cxtb
0.7396026759107496,0,astro8,cxtb
0.7480622219689025,0,astro8,cxtb
0.7609849293748148,0,astro8,cxtb
0.7436373157074676,0,astro8,cxtb
0.7500368167689079,0,astro8,cxtb
0.7533255020328845,0,astro8,cxtb
0.7185380525131031,0,astro8,cxtb
0.7199211455267008,0,astro8,cxtb
0.7116468404421025,0,astro8,cxtb
0.7002216721043781,0,astro8,cxtb
0.7044699886180067,0,astro8,cxtb
0.7403927638985073,0,astro8,cxtb
0.7299109440452136,0,astro8,cxtb
0.7193813748492012,0,astro8,cxtb
0.7199975685334475,0,astro8,cxtb
0.7167796988461812,0,astro8,cxtb
0.7043862676736201,0,astro8,cxtb
0.766333305493036,0,astro8,cxtb
0.7777408538807341,0,astro8,cxtb
0.8066510801820429,0,astro8,cxtb
0.7969770434193354,0,astro8,cxtb
0.7968636135090178,0,astro8,cxtb
0.7869905954619146,0,astro8,cxtb
0.7748821617806982,0,astro8,cxtb
0.767624022209104,0,astro8,cxtb
0.7526118266698612,0,astro8,cxtb
0.7824343798814944,0,astro8,cxtb
0.7687246535817976,0,astro8,cxtb
0.7536620799883201,0,astro8,cxtb
0.7842119425327864,0,astro8,cxtb
0.7966223179381003,0,astro8,cxtb
0.8120572146954748,0,astro8,cxtb
0.7982373271059021,0,astro8,cxtb
0.7820766654589587,0,astro8,cxtb
0.7973808816112569,0,astro8,cxtb
0.8171844676619765,0,astro8,cxtb
0.8255439859739144,0,astro8,cxtb
0.8219600181350599,0,astro8,cxtb
0.8427868741675064,0,astro8,cxtb
0.8506710854495488,0,astro8,cxtb
0.8234622999512805,0,astro8,cxtb
0.8044393345686982,0,astro8,cxtb
0.8585090221848359,0,astro8,cxtb
0.842031532883298,0,astro8,cxtb
0.7914695870682779,0,astro8,cxtb
0.7675931237282497,0,astro8,cxtb
0.7874730622183801,0,astro8,cxtb
0.7478514943800827,0,astro8,cxtb
0.7905933032699908,0,astro8,cxtb
0.7882807810003982,0,astro8,cxtb
0.7927995363370622,0,astro8,cxtb
0.7904125995484484,0,astro8,cxtb
0.7910522725452118,0,astro8,cxtb
0.8000201237986015,0,astro8,cxtb
0.8078114970051378,0,astro8,cxtb
0.796569908104177,0,astro8,cxtb
0.8011090454580096,0,astro8,cxtb
0.829873305266116,0,astro8,cxtb
0.806071733064858,0,astro8,cxtb
0.7936683019520325,0,astro8,cxtb
0.820218882387382,0,astro8,cxtb
0.8370798207591308,0,astro8,cxtb
0.8367794999296084,0,astro8,cxtb
0.8666888856753656,0,astro8,cxtb
0.8693938670240946,0,astro8,cxtb
0.8561500036778084,0,astro8,cxtb
0.8758719850635557,0,astro8,cxtb
0.9126176898338876,0,astro8,cxtb
0.9018424007357855,0,astro8,cxtb
0.8971438786549211,0,astro8,cxtb
0.8316623230493838,0,astro8,cxtb
0.8655621510976744,0,astro8,cxtb
0.8617205608546487,0,astro8,cxtb
0.8575540115283868,0,astro8,cxtb
0.8401950562844753,0,astro8,cxtb
0.865224358557656,0,astro8,cxtb
0.890272820866481,0,astro8,cxtb
0.8805147417117634,0,astro8,cxtb
0.8933692778118929,0,astro8,cxtb
0.9046679174385067,0,astro8,cxtb
0.9073545393196871,0,astro8,cxtb
0.9194063049951213,0,astro8,cxtb
0.8811662786255398,0,astro8,cxtb
0.9154233330284385,0,astro8,cxtb
0.9305473546302976,0,astro8,cxtb
0.8976771747697693,0,astro8,cxtb
0.8893966307183238,0,astro8,cxtb
0.8684999438800677,0,astro8,cxtb
0.8709625840897163,0,astro8,cxtb
0.8591242156004543,0,astro8,cxtb
0.8648492355743314,0,astro8,cxtb
0.8744173442480598,0,astro8,cxtb
0.8873147082649969,0,astro8,cxtb
0.9204678231555392,0,astro8,cxtb
0.9669697937259567,0,astro8,cxtb
0.9400017316199104,0,astro8,cxtb
0.9451651941275179,0,astro8,cxtb
0.9883934821759048,0,astro8,cxtb
0.9838334453436763,0,astro8,cxtb
0.9288942578715249,0,astro8,cxtb
0.9227144173986876,0,astro8,cxtb
0.9320597692565585,0,astro8,cxtb
0.9153687324929926,0,astro8,cxtb
0.9221491984737257,0,astro8,cxtb
0.9229786151821975,0,astro8,cxtb
0.9492012287332808,0,astro8,cxtb
0.953083801477969,0,astro8,cxtb
0.9887663325855536,0,astro8,cxtb
0.9961346330746845,0,astro8,cxtb
0.9796481190470413,0,astro8,cxtb
0.9564432808600721,0,astro8,cxtb
0.9414212936309566,0,astro8,cxtb
0.9441797055576406,0,astro8,cxtb
0.9800779507624676,0,astro8,cxtb
0.961891159637576,0,astro8,cxtb
0.9881312539453695,0,astro8,cxtb
0.9359285682795054,0,astro8,cxtb
0.9479375708003357,0,astro8,cxtb
0.9567895966349794,0,astro8,cxtb
0.9785171607872187,0,astro8,cxtb
0.9480609871738099,0,astro8,cxtb
0.9716517228472814,0,astro8,cxtb
0.9500439902111373,0,astro8,cxtb
0.9571500180674032,0,astro8,cxtb
0.9454821252634997,0,astro8,cxtb
0.9445183994319863,0,astro8,cxtb
0.9310452865984595,0,astro8,cxtb
0.9407256561718711,0,astro8,cxtb
0.9057676004259809,0,astro8,cxtb
0.9136474902698871,0,astro8,cxtb
0.9147641787174536,0,astro8,cxtb
0.9181297453346181,0,astro8,cxtb
0.9315169419942171,0,astro8,cxtb
0.8918684968535888,0,astro8,cxtb
0.8813406974305126,0,astro8,cxtb
0.9159906621488968,0,astro8,cxtb
0.8995519120624833,0,astro8,cxtb
0.902941494611094,0,astro8,cxtb
0.8947163123454364,0,astro8,cxtb
0.8984749293136014,0,astro8,cxtb
0.8883276986303265,0,astro8,cxtb
0.9081749302700437,0,astro8,cxtb
0.8553815630935625,0,astro8,cxtb
0.8890779241137666,0,astro8,cxtb
0.8735421333968832,0,astro8,cxtb
0.8710270548620163,0,astro8,cxtb
0.8755047688208936,0,astro8,cxtb
0.8673896419279155,0,astro8,cxtb
0.8347141192094365,0,astro8,cxtb
0.8374706679009035,0,astro8,cxtb
0.8592786906697549,0,astro8,cxtb
0.8477801845894108,0,astro8,cxtb
0.8564460951590006,0,astro8,cxtb
0.8538664526821051,0,astro8,cxtb
0.8692339475042715,0,astro8,cxtb
0.8410988315285555,0,astro8,cxtb
0.8994729326440607,0,astro8,cxtb
0.8954609499028591,0,astro8,cxtb
0.9316940660180915,0,astro8,cxtb
0.9398131581402484,0,astro8,cxtb
0.9156690558397163,0,astro8,cxtb
0.9279136203208375,0,astro8,cxtb
0.9338767021721583,0,astro8,cxtb
0.9229077685141451,0,astro8,cxtb
0.9305594668558654,0,astro8,cxtb
0.928695424270044,0,astro8,cxtb
0.9321773529003012,0,astro8,cxtb
0.9559137806153677,0,astro8,cxtb
0.9290272743327562,0,astro8,cxtb
0.9319034363665797,0,astro8,cxtb
0.9331701000400076,0,astro8,cxtb
0.932206379488769,0,astro8,cxtb
0.978792935485541,0,astro8,cxtb
0.9658134444365787,0,astro8,cxtb
0.9652617292772445,0,astro8,cxtb
0.9723830913270023,0,astro8,cxtb
0.9663977251999822,0,astro8,cxtb
1.0101720071118112,0,astro8,cxtb
0.9906451783587866,0,astro8,cxtb
0.9554914164222219,0,astro8,cxtb
0.9381600642554265,0,astro8,cxtb
0.9543418333802025,0,astro8,cxtb
0.9811846360812094,0,astro8,cxtb
0.9700844872786449,0,astro8,cxtb
0.9739623401601244,0,astro8,cxtb
0.9302803755525089,0,astro8,cxtb
0.9828462930150068,0,astro8,cxtb
0.9970952107428265,0,astro8,cxtb
0.9360938414249269,0,astro8,cxtb
0.9678737857761803,0,astro8,cxtb
0.9760590815034359,0,astro8,cxtb
0.9851087823893995,0,astro8,cxtb
0.976620686804059,0,astro8,cxtb
0.9850012697082222,0,astro8,cxtb
1.0363439043314078,0,astro8,cxtb
1.0772419474504649,0,astro8,cxtb
1.064097735893993,0,astro8,cxtb
1.0486274001718516,0,astro8,cxtb
1.0746476318617044,0,astro8,cxtb
1.0240869862665394,0,astro8,cxtb
1.035545623523005,0,astro8,cxtb
1.0329392299919515,0,astro8,cxtb
1.0373598270421212,0,astro8,cxtb
1.0643198710835398,0,astro8,cxtb
1.0525536808202478,0,astro8,cxtb
1.05370487958628,0,astro8,cxtb
1.0019766752143353,0,astro8,cxtb
0.9658821424870253,0,astro8,cxtb
0.9453850190046539,0,astro8,cxtb
0.9489441084518979,0,astro8,cxtb
0.9457983759413722,0,astro8,cxtb
0.9540594537402871,0,astro8,cxtb
0.9616411410937257,0,astro8,cxtb
0.9734713853688219,0,astro8,cxtb
0.9332417937873971,0,astro8,cxtb
0.9326435874839707,0,astro8,cxtb
0.976937643250582,0,astro8,cxtb
0.9842257587918853,0,astro8,cxtb
0.950831443844862,0,astro8,cxtb
0.9674365535900736,0,astro8,cxtb
0.9950185436011076,0,astro8,cxtb
1.014429566432846,0,astro8,cxtb
0.99075002809434,0,astro8,cxtb
0.9851111294166804,0,astro8,cxtb
0.9770368475142786,0,astro8,cxtb
0.9598039787786924,0,astro8,cxtb
0.961928451413942,0,astro8,cxtb
0.9213133976976932,0,astro8,cxtb
0.902814280689787,0,astro8,cxtb
0.8993527670959409,0,astro8,cxtb
0.9071530278392719,0,astro8,cxtb
0.9515834180940295,0,astro8,cxtb
0.9458593489006044,0,astro8,cxtb
0.8631581109952055,0,astro8,cxtb
0.8875338790922089,0,astro8,cxtb
0.8837563497291229,0,astro8,cxtb
0.8883527545490965,0,astro8,cxtb
0.8609808724062326,0,astro8,cxtb
0.8621181965258471,0,astro8,cxtb
0.8792659260053054,0,astro8,cxtb
0.8467968381754443,0,astro8,cxtb
0.8582253724673169,0,astro8,cxtb
0.83910310996473,0,astro8,cxtb
0.8472760146538445,0,astro8,cxtb
0.8403515283283431,0,astro8,cxtb
0.8172950820082775,0,astro8,cxtb
0.8137139485777307,0,astro8,cxtb
0.7988730476325804,0,astro8,cxtb
0.7676481449582967,0,astro8,cxtb
0.7553088869858884,0,astro8,cxtb
0.7523051031196395,0,astro8,cxtb
0.7722101181532255,0,astro8,cxtb
0.778171475089017,0,astro8,cxtb
0.7973605353287008,0,astro8,cxtb
0.8267098904893619,0,astro8,cxtb
0.7857036306994742,0,astro8,cxtb
0.779357965055496,0,astro8,cxtb
0.7751099786588862,0,astro8,cxtb
0.7372979132513943,0,astro8,cxtb
0.744166138276254,0,astro8,cxtb
0.7585079436834518,0,astro8,cxtb
0.7592123504885889,0,astro8,cxtb
0.7783402305747303,0,astro8,cxtb
0.7951888182978736,0,astro8,cxtb
0.7646620562650535,0,astro8,cxtb
0.7791174188152733,0,astro8,cxtb
0.7695695423395594,0,astro8,cxtb
0.7519763901499218,0,astro8,cxtb
0.7821001378104318,0,astro8,cxtb
0.7923650078231003,0,astro8,cxtb
0.7721799172412624,0,astro8,cxtb
0.77073037149267,0,astro8,cxtb
0.7202195029795229,0,astro8,cxtb
0.7132751045894427,0,astro8,cxtb
0.7665577271746883,0,astro8,cxtb
0.761132491641366,0,astro8,cxtb
0.7718358707292304,0,astro8,cxtb
0.7805053562603977,0,astro8,cxtb
0.7908049276936082,0,astro8,cxtb
0.8220793903934787,0,astro8,cxtb
0.851039137989106,0,astro8,cxtb
0.8487967832538963,0,astro8,cxtb
0.850336244664205,0,astro8,cxtb
0.8216393658307921,0,astro8,cxtb
0.8406721174258786,0,astro8,cxtb
0.8651594259440865,0,astro8,cxtb
0.8848725393091982,0,astro8,cxtb
0.868202621405416,0,astro8,cxtb
0.8620455225477599,0,astro8,cxtb
0.8508527078257097,0,astro8,cxtb
0.8356921599229937,0,astro8,cxtb
0.8225830540527497,0,astro8,cxtb
0.8245003194404674,0,astro8,cxtb
0.8098106758503314,0,astro8,cxtb
0.8052080955487257,0,astro8,cxtb
0.7704255842652892,0,astro8,cxtb
0.7990970535311314,0,astro8,cxtb
0.7765745543906287,0,astro8,cxtb
0.779203287001611,0,astro8,cxtb
0.7846713262040772,0,astro8,cxtb
0.7663859115508361,0,astro8,cxtb
0.7359587304631049,0,astro8,cxtb
0.7382125997720812,0,astro8,cxtb
0.7224570756848234,0,astro8,cxtb
0.7088194110416501,0,astro8,cxtb
0.7322770131579062,0,astro8,cxtb
0.7152441689255558,0,astro8,cxtb
0.7273560265494027,0,astro8,cxtb
0.726574545353169,0,astro8,cxtb
0.709639531361199,0,astro8,cxtb
0.7271428358531123,0,astro8,cxtb
0.7296142145696692,0,astro8,cxtb
0.7163448449012495,0,astro8,cxtb
0.7089554187942323,0,astro8,cxtb
0.6747997161744907,0,astro8,cxtb
0.6734455852738334,0,astro8,cxtb
0.6714634923029812,0,astro8,cxtb
0.6564470849862094,0,astro8,cxtb
0.6552119022471875,0,astro8,cxtb
0.668625414816396,0,astro8,cxtb
0.6365127963803532,0,astro8,cxtb
0.6300941679667771,0,astro8,cxtb
0.5837605887769599,0,astro8,cxtb
0.6189088970032929,0,astro8,cxtb
0.6282916867708477,0,astro8,cxtb
0.6427707185564783,0,astro8,cxtb
0.6192477290976942,0,astro8,cxtb
0.6216613342613695,0,astro8,cxtb
0.6325782125974879,0,astro8,cxtb
0.6295363322246567,0,astro8,cxtb
0.6091620479877251,0,astro8,cxtb
0.6271072062253522,0,astro8,cxtb
0.6294558054651714,0,astro8,cxtb
0.6343067538911881,0,astro8,cxtb
0.6124747269055375,0,astro8,cxtb
0.6234955560340412,0,astro8,cxtb
0.6429011503336607,0,astro8,cxtb
0.6241323493377728,0,astro8,cxtb
0.64072047526153,0,astro8,cxtb
0.6554657922746878,0,astro8,cxtb
0.6379827327905911,0,astro8,cxtb
0.6222960954867153,0,astro8,cxtb
0.6532527799767794,0,astro8,cxtb
0.6000961251028749,0,astro8,cxtb
0.6369175094931113,0,astro8,cxtb
0.6243422334234271,0,astro8,cxtb
0.6311992764652296,0,astro8,cxtb
0.6222079559541218,0,astro8,cxtb
0.6456389659216748,0,astro8,cxtb
0.6578549991632339,0,astro8,cxtb
0.6640944363212172,0,astro8,cxtb
0.647855945844886,0,astro8,cxtb
0.647405579644188,0,astro8,cxtb
0.6609426839408556,0,astro8,cxtb
0.668517741968593,0,astro8,cxtb
0.6689112946036235,0,astro8,cxtb
0.6777637421391043,0,astro8,cxtb
0.6973922957285316,0,astro8,cxtb
0.6954817280573059,0,astro8,cxtb
0.6869385039735362,0,astro8,cxtb
0.6838372534631522,0,astro8,cxtb
0.6969087784122073,0,astro8,cxtb
0.711341216751542,0,astro8,cxtb
0.6910195534675777,0,astro8,cxtb
0.6655814532572744,0,astro8,cxtb
0.6780609155273623,0,astro8,cxtb
0.6592036205563607,0,astro8,cxtb
0.6863174108555135,0,astro8,cxtb
0.694432694224457,0,astro8,cxtb
0.6887932112891482,0,astro8,cxtb
0.6675763751657989,0,astro8,cxtb
0.6868907169178916,0,astro8,cxtb
0.6821233476634804,0,astro8,cxtb
0.711328321128403,0,astro8,cxtb
0.6878284235185653,0,astro8,cxtb
0.6817606479576085,0,astro8,cxtb
0.6789400937034306,0,astro8,cxtb
0.6578919601826281,0,astro8,cxtb
0.6388192616827207,0,astro8,cxtb
0.6482651373373399,0,astro8,cxtb
0.653646003315692,0,astro8,cxtb
0.6350041595201595,0,astro8,cxtb
0.6588254410053906,0,astro8,cxtb
0.6756106361337552,0,astro8,cxtb
0.6826112902310981,0,astro8,cxtb
0.6901793527322507,0,astro8,cxtb
0.711095980669414,0,astro8,cxtb
0.6919230169637464,0,astro8,cxtb
0.647536477599967,0,astro8,cxtb
0.6248433146419957,0,astro8,cxtb
0.635333063211362,0,astro8,cxtb
0.6398088918890025,0,astro8,cxtb
0.6578523757825586,0,astro8,cxtb
0.6738804733019008,0,astro8,cxtb
0.6717658311914517,0,astro8,cxtb
0.6638774952495474,0,astro8,cxtb
0.6772212107277704,0,astro8,cxtb
0.6724818045284955,0,astro8,cxtb
0.6773416665252013,0,astro8,cxtb
0.6847350165468252,0,astro8,cxtb
0.6711360366639044,0,astro8,cxtb
0.6500787881517671,0,astro8,cxtb
0.667229163628232,0,astro8,cxtb
0.6520539992584489,0,astro8,cxtb
0.6326787193031145,0,astro8,cxtb
0.617843269207986,0,astro8,cxtb
0.6548692343308294,0,astro8,cxtb
0.6595723436834967,0,astro8,cxtb
0.6564065224589862,0,astro8,cxtb
0.6722627335686944,0,astro8,cxtb
0.6515635855624666,0,astro8,cxtb
0.6409458645187068,0,astro8,cxtb
0.6923617272449281,0,astro8,cxtb
0.6867698311825885,0,astro8,cxtb
0.6797587910735313,0,astro8,cxtb
0.7267050890904222,0,astro8,cxtb
0.6935850726907403,0,astro8,cxtb
0.6863296074473765,0,astro8,cxtb
0.6624919927471526,0,astro8,cxtb
0.6745032675146875,0,astro8,cxtb
0.6893980939796125,0,astro8,cxtb
0.7003992107780227,0,astro8,cxtb
0.7280616003303142,0,astro8,cxtb
0.7342481225609434,0,astro8,cxtb
0.7130146864665498,0,astro8,cxtb
0.7275403895130772,0,astro8,cxtb
0.7406247287792452,0,astro8,cxtb
0.7909952838731682,0,astro8,cxtb
0.78181567122363,0,astro8,cxtb
0.7953610008877592,0,astro8,cxtb
0.7757614803903103,0,astro8,cxtb
0.774955272358544,0,astro8,cxtb
0.7749682091292137,0,astro8,cxtb
0.7661692491153249,0,astro8,cxtb
0.7768322070675342,0,astro8,cxtb
0.7929491235945911,0,astro8,cxtb
0.7629426790047108,0,astro8,cxtb
0.7722629007244965,0,astro8,cxtb
0.7721804444031416,0,astro8,cxtb
0.8009603236680879,0,astro8,cxtb
0.8008209846673562,0,astro8,cxtb
0.8164634439269159,0,astro8,cxtb
0.8396992320919059,0,astro8,cxtb
0.822389017082393,0,astro8,cxtb
0.8071261529062753,0,astro8,cxtb
0.8165206408198824,0,astro8,cxtb
0.8075372881217971,0,astro8,cxtb
0.7857719474864421,0,astro8,cxtb
0.8057323218680297,0,astro8,cxtb
0.7753425655418913,0,astro8,cxtb
0.7866956221045073,0,astro8,cxtb
0.7923664746756636,0,astro8,cxtb
0.7874302608007421,0,astro8,cxtb
0.7584959777143384,0,astro8,cxtb
0.7394389071546199,0,astro8,cxtb
0.6931063290604489,0,astro8,cxtb
0.7081150878836622,0,astro8,cxtb
0.6548775074769262,0,astro8,cxtb
0.6753257108296826,0,astro8,cxtb
0.7190385781550603,0,astro8,cxtb
0.7122093811456106,0,astro8,cxtb
0.6973349860737175,0,astro8,cxtb
0.6904442560632051,0,astro8,cxtb
0.7062505582737406,0,astro8,cxtb
0.7099778201398629,0,astro8,cxtb
0.69447124215042,0,astro8,cxtb
0.6882548031652662,0,astro8,cxtb
0.6640093387861314,0,astro8,cxtb
0.6552249620600281,0,astro8,cxtb
0.6327693591016298,0,astro8,cxtb
0.6535511189717033,0,astro8,cxtb
0.6696752243206147,0,astro8,cxtb
0.6516912380145782,0,astro8,cxtb
0.6709984029426689,0,astro8,cxtb
0.6706791270941985,0,astro8,cxtb
0.7070551069058687,0,astro8,cxtb
0.6973556001334602,0,astro8,cxtb
0.7107309117387446,0,astro8,cxtb
0.6971448934200859,0,astro8,cxtb
0.6757522742483848,0,astro8,cxtb
0.7232630936044592,0,astro8,cxtb
0.7773087124416826,0,astro8,cxtb
0.7809803299492021,0,astro8,cxtb
0.7560193365511586,0,astro8,cxtb
0.7967508391482478,0,astro8,cxtb
0.8312311211890778,0,astro8,cxtb
0.7818296956817884,0,astro8,cxtb
0.8154836419983322,0,astro8,cxtb
0.8232829157236932,0,astro8,cxtb
0.772577699685865,0,astro8,cxtb
0.7908847513159823,0,astro8,cxtb
0.7646604665316162,0,astro8,cxtb
0.762833037355812,0,astro8,cxtb
0.787239727307924,0,astro8,cxtb
0.7490500946238301,0,astro8,cxtb
0.7759637217352856,0,astro8,cxtb
0.7689520272398513,0,astro8,cxtb
0.7749907370839751,0,astro8,cxtb
0.7755027795893346,0,astro8,cxtb
0.7490352775266425,0,astro8,cxtb
0.7775138018916017,0,astro8,cxtb
0.7612933722657129,0,astro8,cxtb
0.754061429818766,0,astro8,cxtb
0.74478255551987,0,astro8,cxtb
0.7358151364095384,0,astro8,cxtb
0.7212266341008058,0,astro8,cxtb
0.6946868160542468,0,astro8,cxtb
0.7136079547370592,0,astro8,cxtb
0.73241405213975,0,astro8,cxtb
0.7150108970292685,0,astro8,cxtb
0.7204411503219906,0,astro8,cxtb
0.7469946969482477,0,astro8,cxtb
0.7194311829714798,0,astro8,cxtb
0.7343263077188744,0,astro8,cxtb
0.7027815775508489,0,astro8,cxtb
0.7177164489716699,0,astro8,cxtb
0.6766985341906075,0,astro8,cxtb
0.7506850481804082,0,astro8,cxtb
0.6902621727817859,0,astro8,cxtb
0.6966622819232305,0,astro8,cxtb
0.683653841717974,0,astro8,cxtb
0.6677135868089438,0,astro8,cxtb
0.6924529721227599,0,astro8,cxtb
0.6845750617583938,0,astro8,cxtb
0.6632047292511066,0,astro8,cxtb
0.6925494400073169,0,astro8,cxtb
0.6674452772211016,0,astro8,cxtb
0.6729112511510164,0,astro8,cxtb
0.661107348223199,0,astro8,cxtb
0.7005889140241454,0,astro8,cxtb
0.701803783493102,0,astro8,cxtb
0.7041653745524042,0,astro8,cxtb
0.694511306071252,0,astro8,cxtb
0.6676875998659887,0,astro8,cxtb
0.6702493278518049,0,astro8,cxtb
0.6708867375944035,0,astro8,cxtb
0.6786788164271779,0,astro8,cxtb
0.6939736203539186,0,astro8,cxtb
0.7326401076045357,0,astro8,cxtb
0.7181821116944213,0,astro8,cxtb
0.7104169393641319,0,astro8,cxtb
0.6642777812203098,0,astro8,cxtb
0.6957718151551235,0,astro8,cxtb
0.6893999203685344,0,astro8,cxtb
0.711461447107492,0,astro8,cxtb
0.6852512150059924,0,astro8,cxtb
0.7100377356192508,0,astro8,cxtb
0.7377013575442283,0,astro8,cxtb
0.7327929017273934,0,astro8,cxtb
0.7561228604883291,0,astro8,cxtb
0.7460789563683569,0,astro8,cxtb
0.7261669198126973,0,astro8,cxtb
0.7466382481596542,0,astro8,cxtb
0.7470924975599528,0,astro8,cxtb
0.7570436996782787,0,astro8,cxtb
0.7682877956401329,0,astro8,cxtb
0.7857401246466237,0,astro8,cxtb
0.8071228072550443,0,astro8,cxtb
0.7974186381019377,0,astro8,cxtb
0.8069356927845319,0,astro8,cxtb
0.8974345442693862,0,astro8,cxtb
0.8605201172481326,0,astro8,cxtb
0.8943412571923849,0,astro8,cxtb
0.866247459196487,0,astro8,cxtb
0.928752576705972,0,astro8,cxtb
0.9865559721180959,0,astro8,cxtb
0.9482816229957229,0,astro8,cxtb
0.9619414586729753,0,astro8,cxtb
0.9173528226171724,0,astro8,cxtb
0.9018722814373334,0,astro8,cxtb
0.8934094119919963,0,astro8,cxtb
0.8818039993970717,0,astro8,cxtb
0.8943462131969292,0,astro8,cxtb
0.8865049881642836,0,astro8,cxtb
0.8637235318831422,0,astro8,cxtb
0.8288396455171763,0,astro8,cxtb
0.871723661894908,0,astro8,cxtb
0.8383072241702236,0,astro8,cxtb
0.865151232511381,0,astro8,cxtb
0.8849233448264434,0,astro8,cxtb
0.8612035728989016,0,astro8,cxtb
0.864163724570693,0,astro8,cxtb
0.8692053460221538,0,astro8,cxtb
0.886013608139678,0,astro8,cxtb
0.917841005576637,0,astro8,cxtb
0.9291063786970126,0,astro8,cxtb
0.9171490472468272,0,astro8,cxtb
0.930549993312615,0,astro8,cxtb
0.9223474508958958,0,astro8,cxtb
0.9425309357105219,0,astro8,cxtb
0.9454875764280294,0,astro8,cxtb
0.9449483760538274,0,astro8,cxtb
0.9150094921724423,0,astro8,cxtb
0.9141402031674976,0,astro8,cxtb
0.9517167658218889,0,astro8,cxtb
0.961098118604053,0,astro8,cxtb
0.9714008411462361,0,astro8,cxtb
0.9596556024620891,0,astro8,cxtb
0.9395015887846505,0,astro8,cxtb
0.9434883722237128,0,astro8,cxtb
0.9023980595211623,0,astro8,cxtb
0.9268818959386819,0,astro8,cxtb
0.946586355616069,0,astro8,cxtb
0.943827306948095,0,astro8,cxtb
0.9061236720190621,0,astro8,cxtb
0.9315178289453045,0,astro8,cxtb
0.9530090593896696,0,astro8,cxtb
0.9192454978553132,0,astro8,cxtb
0.9444019403952142,0,astro8,cxtb
0.9079413235546452,0,astro8,cxtb
0.9102298488849881,0,astro8,cxtb
0.9252080026604955,0,astro8,cxtb
0.9494482032281858,0,astro8,cxtb
0.9094545865670637,0,astro8,cxtb
0.8962046090506822,0,astro8,cxtb
0.9053803552175943,0,astro8,cxtb
0.8795374001476909,0,astro8,cxtb
0.8487188635282386,0,astro8,cxtb
0.825042458694446,0,astro8,cxtb
0.8210925456067203,0,astro8,cxtb
0.8208772168721238,0,astro8,cxtb
0.8024287292576336,0,astro8,cxtb
0.8181797890438204,0,astro8,cxtb
0.8004246936117684,0,astro8,cxtb
0.7894831412030958,0,astro8,cxtb
0.7757751578847925,0,astro8,cxtb
0.7761036272888049,0,astro8,cxtb
0.8104921742354045,0,astro8,cxtb
0.8271590228040334,0,astro8,cxtb
0.8316563689916731,0,astro8,cxtb
0.8052406693697217,0,astro8,cxtb
0.8231969657436664,0,astro8,cxtb
0.8422114907368153,0,astro8,cxtb
0.8443789976327396,0,astro8,cxtb
0.8312443732033048,0,astro8,cxtb
0.7979132836909492,0,astro8,cxtb
0.7331403545904882,0,astro8,cxtb
0.7566091783181214,0,astro8,cxtb
0.751869206761979,0,astro8,cxtb
0.7586064311941771,0,astro8,cxtb
0.7704400719924294,0,astro8,cxtb
0.7919407725683971,0,astro8,cxtb
0.7601403933088514,0,astro8,cxtb
0.7878842714773547,0,astro8,cxtb
0.7636450483935007,0,astro8,cxtb
0.7665198663210191,0,astro8,cxtb
0.7672104596558803,0,astro8,cxtb
0.7893422493201603,0,astro8,cxtb
0.7874591686579917,0,astro8,cxtb
0.7512916401575659,0,astro8,cxtb
0.7519305748953673,0,astro8,cxtb
0.7510352010370228,0,astro8,cxtb
0.7876886069082278,0,astro8,cxtb
0.7514562630767998,0,astro8,cxtb
0.7246772231997981,0,astro8,cxtb
0.6925481392160706,0,astro8,cxtb
0.6900418412725924,0,astro8,cxtb
0.7062672428902979,0,astro8,cxtb
0.7190942945883094,0,astro8,cxtb
0.697430686195177,0,astro8,cxtb
0.7223356430519547,0,astro8,cxtb
0.7427354345812561,0,astro8,cxtb
0.7360369048531717,0,astro8,cxtb
0.7389473672110537,0,astro8,cxtb
0.7615197699780495,0,astro8,cxtb
0.7594649023794008,0,astro8,cxtb
0.7470058296474067,0,astro8,cxtb
0.7547030302209893,0,astro8,cxtb
0.7719465857733054,0,astro8,cxtb
0.7910076707949107,0,astro8,cxtb
0.7934925999339275,0,astro8,cxtb
0.7973923704250391,0,astro8,cxtb
0.7916538795707174,0,astro8,cxtb
0.7889087604958446,0,astro8,cxtb
0.7752799742005687,0,astro8,cxtb
0.772111404505894,0,astro8,cxtb
0.7650867435622134,0,astro8,cxtb
0.7176551481090463,0,astro8,cxtb
0.7015557990158126,0,astro8,cxtb
0.7045816721701015,0,astro8,cxtb
0.7098214874673642,0,astro8,cxtb
0.7312918431019941,0,astro8,cxtb
0.6972409511099581,0,astro8,cxtb
0.7154707666392404,0,astro8,cxtb
0.7118366115282788,0,astro8,cxtb
0.7153504263997207,0,astro8,cxtb
0.7277308630087644,0,astro8,cxtb
0.7040894785811331,0,astro8,cxtb
0.7291163088121015,0,astro8,cxtb
0.712406014366233,0,astro8,cxtb
0.7122088691244528,0,astro8,cxtb
0.7379545086816522,0,astro8,cxtb
0.69321187021882,0,astro8,cxtb
0.7160355775602955,0,astro8,cxtb
0.7306880818295044,0,astro8,cxtb
0.7351372578120852,0,astro8,cxtb
0.7227181700509695,0,astro8,cxtb
0.7474843898199576,0,astro8,cxtb
0.7466230252368394,0,astro8,cxtb
0.7987301699462532,0,astro8,cxtb
0.7760826316619993,0,astro8,cxtb
0.7445887594233425,0,astro8,cxtb
0.7533003849699011,0,astro8,cxtb
0.7795394741742256,0,astro8,cxtb
0.7639691643329475,0,astro8,cxtb
0.7676218683271667,0,astro8,cxtb
0.745677145731088,0,astro8,cxtb
0.7235801746929156,0,astro8,cxtb
0.7117732370948812,0,astro8,cxtb
0.7094109681477987,0,astro8,cxtb
0.684350566578334,0,astro8,cxtb
0.6740895384851541,0,astro8,cxtb
0.698049253997076,0,astro8,cxtb
0.6703245323621854,0,astro8,cxtb
0.655721745430463,0,astro8,cxtb
0.6784333128951006,0,astro8,cxtb
0.6643456835131744,0,astro8,cxtb
0.6349949311564478,0,astro8,cxtb
0.6268617562149464,0,astro8,cxtb
0.6604000272130207,0,astro8,cxtb
0.6615357838669451,0,astro8,cxtb
0.6496790294243988,0,astro8,cxtb
0.6035799672479447,0,astro8,cxtb
0.6038125784591936,0,astro8,cxtb
0.5909201995991651,0,astro8,cxtb
0.6294143425929845,0,astro8,cxtb
0.6696981095383752,0,astro8,cxtb
0.6790206143296708,0,astro8,cxtb
0.6687304144920406,0,astro8,cxtb
0.6402993906857121,0,astro8,cxtb
0.656717492673522,0,astro8,cxtb
0.65755609409362,0,astro8,cxtb
0.6519978617962311,0,astro8,cxtb
0.6972733517831042,0,astro8,cxtb
0.6940470059772632,0,astro8,cxtb
0.725294971385674,0,astro8,cxtb
0.7399652376849171,0,astro8,cxtb
0.7612215589995694,0,astro8,cxtb
0.7654150062142666,0,astro8,cxtb
0.7832149860268061,0,astro8,cxtb
0.7537669100925661,0,astro8,cxtb
0.7269735153551412,0,astro8,cxtb
0.6538454988353172,0,astro8,cxtb
0.6470260979720276,0,astro8,cxtb
0.6668288255453076,0,astro8,cxtb
0.6567609281929774,0,astro8,cxtb
0.6403466932867993,0,astro8,cxtb
0.6643631208358947,0,astro8,cxtb
0.6857120931195695,0,astro8,cxtb
0.6780806558417974,0,astro8,cxtb
0.6886171089665976,0,astro8,cxtb
0.6533616566862293,0,astro8,cxtb
0.5891907204304903,0,astro8,cxtb
0.6433307476252371,0,astro8,cxtb
0.6392928275900917,0,astro8,cxtb
0.6103346590367829,0,astro8,cxtb
0.6063566861669591,0,astro8,cxtb
0.6438785291391832,0,astro8,cxtb
0.6467187122588726,0,astro8,cxtb
0.62138647894731,0,astro8,cxtb
0.5621246679327897,0,astro8,cxtb
0.620415774654778,0,astro8,cxtb
0.6588499437186436,0,astro8,cxtb
0.642469516773545,0,astro8,cxtb
0.6299291304335105,0,astro8,cxtb
0.6362998839681852,0,astro8,cxtb
0.6490652386347107,0,astro8,cxtb
0.6240471638409105,0,astro8,cxtb
0.6473357976584329,0,astro8,cxtb
0.6451276264816875,0,astro8,cxtb
0.6666799923207989,0,astro8,cxtb
0.6499360142771229,0,astro8,cxtb
0.6452510898938986,0,astro8,cxtb
0.6954331776451612,0,astro8,cxtb
0.6851805931241336,0,astro8,cxtb
0.70723292952082,0,astro8,cxtb
0.7341192324375003,0,astro8,cxtb
0.7438251916673528,0,astro8,cxtb
0.7084032929785623,0,astro8,cxtb
0.7162861720816635,0,astro8,cxtb
0.6831362174264514,0,astro8,cxtb
0.6849320799646835,0,astro8,cxtb
0.6952773771370173,0,astro8,cxtb
0.6827486868948839,0,astro8,cxtb
0.693171822841354,0,astro8,cxtb
0.6612105781773062,0,astro8,cxtb
0.6655282525144869,0,astro8,cxtb
0.6844189699338128,0,astro8,cxtb
0.7297413409774507,0,astro8,cxtb
0.7161745509787104,0,astro8,cxtb
0.6991518849401035,0,astro8,cxtb
0.7536115349255811,0,astro8,cxtb
0.7327207849968603,0,astro8,cxtb
0.7511079491811106,0,astro8,cxtb
0.7240069675235605,0,astro8,cxtb
0.7080084548949008,0,astro8,cxtb
0.6950254117243077,0,astro8,cxtb
0.6954649839048337,0,astro8,cxtb
0.687651792379449,0,astro8,cxtb
0.7034481455348769,0,astro8,cxtb
0.6793506976468786,0,astro8,cxtb
0.7093374627340093,0,astro8,cxtb
0.7236413253958429,0,astro8,cxtb
0.7163613790917313,0,astro8,cxtb
0.6852037341521378,0,astro8,cxtb
0.7009865071169271,0,astro8,cxtb
0.7272892615423723,0,astro8,cxtb
0.7077469045153156,0,astro8,cxtb
0.7243164200599114,0,astro8,cxtb
0.7300026768709748,0,astro8,cxtb
0.733644740769576,0,astro8,cxtb
0.7697384230149984,0,astro8,cxtb
0.8082397497792302,0,astro8,cxtb
0.8035844432971109,0,astro8,cxtb
0.8225120475249367,0,astro8,cxtb
0.8175513254466231,0,astro8,cxtb
0.8056185236897162,0,astro8,cxtb
0.798762563155036,0,astro8,cxtb
0.7973948608387041,0,astro8,cxtb
0.7996829926270053,0,astro8,cxtb
0.7992845396159369,0,astro8,cxtb
0.7784669097441447,0,astro8,cxtb
0.7730605743329338,0,astro8,cxtb
0.7579231774458748,0,astro8,cxtb
0.7548778778560398,0,astro8,cxtb
0.7746664304892101,0,astro8,cxtb
0.7805386136150549,0,astro8,cxtb
0.7850223629497766,0,astro8,cxtb
0.7736700612617697,0,astro8,cxtb
0.7827283397322542,0,astro8,cxtb
0.770616641643132,0,astro8,cxtb
0.8131931943226369,0,astro8,cxtb
0.7961135390282116,0,astro8,cxtb
0.7634819524588046,0,astro8,cxtb
0.7824253240117408,0,astro8,cxtb
0.7828944449326758,0,astro8,cxtb
0.7765224643359692,0,astro8,cxtb
0.8045726359644003,0,astro8,cxtb
0.7874811656516216,0,astro8,cxtb
0.7732238930851016,0,astro8,cxtb
0.7615712537350806,0,astro8,cxtb
0.765661709954432,0,astro8,cxtb
0.754748201801087,0,astro8,cxtb
0.752845413268191,0,astro8,cxtb
0.7611401934507322,0,astro8,cxtb
0.8051868083764789,0,astro8,cxtb
0.7632818147266737,0,astro8,cxtb
0.7767990271708742,0,astro8,cxtb
0.767937932159691,0,astro8,cxtb
0.8081238625577184,0,astro8,cxtb
0.7989441413115386,0,astro8,cxtb
0.7934154056024834,0,astro8,cxtb
0.789880961731049,0,astro8,cxtb
0.7906812981817773,0,astro8,cxtb
0.7800899394123099,0,astro8,cxtb
0.8142472013689502,0,astro8,cxtb
0.8078242281490732,0,astro8,cxtb
0.799683027576378,0,astro8,cxtb
0.8035001224928164,0,astro8,cxtb
0.7821839344262892,0,astro8,cxtb
0.7685122208738353,0,astro8,cxtb
0.7952069502868244,0,astro8,cxtb
0.7613710334953103,0,astro8,cxtb
0.7536024290894167,0,astro8,cxtb
0.7492553711935472,0,astro8,cxtb
0.7651793894660235,0,astro8,cxtb
0.7452349363054,0,astro8,cxtb
0.7889167902450885,0,astro8,cxtb
0.7437616709820645,0,astro8,cxtb
0.7490562407590295,0,astro8,cxtb
0.726471179717982,0,astro8,cxtb
0.7340751349198089,0,astro8,cxtb
0.7394679337209942,0,astro8,cxtb
0.7326500638931868,0,astro8,cxtb
0.7494430288431955,0,astro8,cxtb
0.774629459580389,0,astro8,cxtb
0.7869475266312757,0,astro8,cxtb
0.789952424762212,0,astro8,cxtb
0.7289245263202699,0,astro8,cxtb
0.7236567970803025,0,astro8,cxtb
0.7039991902386035,0,astro8,cxtb
0.7553554601805198,0,astro8,cxtb
0.7784003493594736,0,astro8,cxtb
0.7585577674511189,0,astro8,cxtb
0.7269348924429119,0,astro8,cxtb
0.720420830812654,0,astro8,cxtb
0.7716864232147926,0,astro8,cxtb
0.7627053672935964,0,astro8,cxtb
0.7380520635189993,0,astro8,cxtb
0.752099475452923,0,astro8,cxtb
0.7099011128630356,0,astro8,cxtb
0.7042896384598024,0,astro8,cxtb
0.7396574846581043,0,astro8,cxtb
0.7269255468330166,0,astro8,cxtb
0.7100180783351254,0,astro8,cxtb
0.7411956119464932,0,astro8,cxtb
0.6989229513000909,0,astro8,cxtb
0.7181747669431928,0,astro8,cxtb
0.6988439752059308,0,astro8,cxtb
0.7121656680893238,0,astro8,cxtb
0.7008103772243685,0,astro8,cxtb
0.7237719944913213,0,astro8,cxtb
0.7090914044734561,0,astro8,cxtb
0.7131225964032512,0,astro8,cxtb
0.7167330870590543,0,astro8,cxtb
0.7274560072172459,0,astro8,cxtb
0.699692351348407,0,astro8,cxtb
0.7212540042670803,0,astro8,cxtb
0.7273149205022563,0,astro8,cxtb
0.6955031391215407,0,astro8,cxtb
0.7067844834151786,0,astro8,cxtb
0.6921014202201432,0,astro8,cxtb
0.7091595205806706,0,astro8,cxtb
0.6767186328933089,0,astro8,cxtb
0.7013355253154897,0,astro8,cxtb
0.7172102845100641,0,astro8,cxtb
0.7251916158757503,0,astro8,cxtb
0.7179901960803187,0,astro8,cxtb
0.729710414835928,0,astro8,cxtb
0.7372706607281826,0,astro8,cxtb
0.7387610290762064,0,astro8,cxtb
0.7792814064419423,0,astro8,cxtb
0.7819226645972052,0,astro8,cxtb
0.8108823077055263,0,astro8,cxtb
0.7924627757477324,0,astro8,cxtb
0.7970825834579583,0,astro8,cxtb
0.785892581924479,0,astro8,cxtb
0.7462029790471639,0,astro8,cxtb
0.7630812911116049,0,astro8,cxtb
0.7684436067883547,0,astro8,cxtb
0.7993129388772251,0,astro8,cxtb
0.7554946465307223,0,astro8,cxtb
0.7442934221933288,0,astro8,cxtb
0.7608131864182907,0,astro8,cxtb
0.7790876727361026,0,astro8,cxtb
0.746400654354133,0,astro8,cxtb
0.7338420097764411,0,astro8,cxtb
0.7569077780826636,0,astro8,cxtb
0.7942040614533002,0,astro8,cxtb
0.7358859072270919,0,astro8,cxtb
0.7088242773879705,0,astro8,cxtb
0.7333751842990346,0,astro8,cxtb
0.7110001667882047,0,astro8,cxtb
0.7279944368849648,0,astro8,cxtb
0.7161608624767989,0,astro8,cxtb
0.7282746787599675,0,astro8,cxtb
0.707212002662476,0,astro8,cxtb
0.6931263025933736,0,astro8,cxtb
0.6894397674273677,0,astro8,cxtb
0.6850460152605887,0,astro8,cxtb
0.6700075479458895,0,astro8,cxtb
0.6683524016422993,0,astro8,cxtb
0.7106890464170238,0,astro8,cxtb
0.7330953094658035,0,astro8,cxtb
0.7404157039327215,0,astro8,cxtb
0.6975486870001881,0,astro8,cxtb
0.7067753145154351,0,astro8,cxtb
0.7052348553114572,0,astro8,cxtb
0.747126779385152,0,astro8,cxtb
0.7789038081740833,0,astro8,cxtb
0.7731421768242166,0,astro8,cxtb
0.7555627529768484,0,astro8,cxtb
0.7464011300242366,0,astro8,cxtb
0.725906796663218,0,astro8,cxtb
0.7079215588467175,0,astro8,cxtb
0.6959432361891155,0,astro8,cxtb
0.7342935950374576,0,astro8,cxtb
0.7309386009918806,0,astro8,cxtb
0.7379859238507144,0,astro8,cxtb
0.7219269389920424,0,astro8,cxtb
0.7285573929913614,0,astro8,cxtb
0.7131987374806402,0,astro8,cxtb
0.7337612744740261,0,astro8,cxtb
0.7146634341648643,0,astro8,cxtb
0.7176357547981275,0,astro8,cxtb
0.7171558754747347,0,astro8,cxtb
0.753985852906727,0,astro8,cxtb
0.7441257875001597,0,astro8,cxtb
0.7345600763060833,0,astro8,cxtb
0.7213170348381389,0,astro8,cxtb
0.7335871043230865,0,astro8,cxtb
0.7324168893432353,0,astro8,cxtb
0.7597098886044679,0,astro8,cxtb
0.7535999524180846,0,astro8,cxtb
0.7879834534885582,0,astro8,cxtb
0.7420866394516542,0,astro8,cxtb
0.7285142516900867,0,astro8,cxtb
0.721543653112985,0,astro8,cxtb
0.7463035189801278,0,astro8,cxtb
0.7263210497937314,0,astro8,cxtb
0.7200857594183578,0,astro8,cxtb
0.6843693538130909,0,astro8,cxtb
0.68857965047378,0,astro8,cxtb
0.688877959759947,0,astro8,cxtb
0.7034231103430042,0,astro8,cxtb
0.6792683002222266,0,astro8,cxtb
0.6772439837065594,0,astro8,cxtb
0.6532378899694304,0,astro8,cxtb
0.6500216154055055,0,astro8,cxtb
0.6581446297961959,0,astro8,cxtb
0.673816642131495,0,astro8,cxtb
0.654150737994543,0,astro8,cxtb
0.6432608444673081,0,astro8,cxtb
0.6611290655821395,0,astro8,cxtb
0.6451462985507754,0,astro8,cxtb
0.6454542745696131,0,astro8,cxtb
0.6337322782451026,0,astro8,cxtb
0.6345707641611374,0,astro8,cxtb
0.6301441053016469,0,astro8,cxtb
0.6374156894756656,0,astro8,cxtb
0.6314575774673858,0,astro8,cxtb
0.653684953241366,0,astro8,cxtb
0.6602442089191476,0,astro8,cxtb
0.6790456538850754,0,astro8,cxtb
0.6759731178981466,0,astro8,cxtb
0.6503938026359135,0,astro8,cxtb
0.6419875321130483,0,astro8,cxtb
0.6467575344210795,0,astro8,cxtb
0.6765265976723087,0,astro8,cxtb
0.6655531189010943,0,astro8,cxtb
0.6416386717790808,0,astro8,cxtb
0.6128520566522347,0,astro8,cxtb
0.6550397671780855,0,astro8,cxtb
0.6811174758271883,0,astro8,cxtb
0.6912977182551339,0,astro8,cxtb
0.6720130866940841,0,astro8,cxtb
0.6321854420898293,0,astro8,cxtb
0.6696459176006486,0,astro8,cxtb
0.6593419639425061,0,astro8,cxtb
0.6932362533110394,0,astro8,cxtb
0.6750302883793576,0,astro8,cxtb
0.686166811300987,0,astro8,cxtb
0.7172644538976329,0,astro8,cxtb
0.706988867617658,0,astro8,cxtb
0.6711063129544284,0,astro8,cxtb
0.7071199293998758,0,astro8,cxtb
0.7124507842909799,0,astro8,cxtb
0.6643994387654265,0,astro8,cxtb
0.6401322897050498,0,astro8,cxtb
0.6677206941893379,0,astro8,cxtb
0.6925137850369009,0,astro8,cxtb
0.6645925899490481,0,astro8,cxtb
0.6522295367645586,0,astro8,cxtb
0.6600444489516589,0,astro8,cxtb
0.6642701253573922,0,astro8,cxtb
0.6677351974797561,0,astro8,cxtb
0.6824921240467224,0,astro8,cxtb
0.6952616456929057,0,astro8,cxtb
0.6611162716924814,0,astro8,cxtb
0.6738138506795176,0,astro8,cxtb
0.6978217507748915,0,astro8,cxtb
0.6711977479325086,0,astro8,cxtb
0.6645019660820959,0,astro8,cxtb
0.6749579024702056,0,astro8,cxtb
0.674542792769673,0,astro8,cxtb
0.6418473333470901,0,astro8,cxtb
0.6401135859668067,0,astro8,cxtb
0.6495445718884965,0,astro8,cxtb
0.6486914683948533,0,astro8,cxtb
0.6565495019897662,0,astro8,cxtb
0.6655411476967495,0,astro8,cxtb
0.6705594195265595,0,astro8,cxtb
0.6566281852953069,0,astro8,cxtb
0.6763132515981242,0,astro8,cxtb
0.6805639407382302,0,astro8,cxtb
0.6662319761716367,0,astro8,cxtb
0.7081715986656055,0,astro8,cxtb
0.7014746785464011,0,astro8,cxtb
0.6780555956379934,0,astro8,cxtb
0.7133535601474116,0,astro8,cxtb
0.7038386843284489,0,astro8,cxtb
0.700442937931431,0,astro8,cxtb
0.7042122256303293,0,astro8,cxtb
0.6928938124496699,0,astro8,cxtb
0.7363146249728771,0,astro8,cxtb
0.7001171120251931,0,astro8,cxtb
0.6609673276362096,0,astro8,cxtb
0.6450171173642272,0,astro8,cxtb
0.6495109083404184,0,astro8,cxtb
0.6961854762059194,0,astro8,cxtb
0.6758188609074706,0,astro8,cxtb
0.6999223141970075,0,astro8,cxtb
0.6714464075479435,0,astro8,cxtb
0.6812242310188328,0,astro8,cxtb
0.6687075025380012,0,astro8,cxtb
0.6870879148496132,0,astro8,cxtb
0.6781347742574708,0,astro8,cxtb
0.684891570078272,0,astro8,cxtb
0.6588899091196045,0,astro8,cxtb
0.6837494657094295,0,astro8,cxtb
0.6708305175279073,0,astro8,cxtb
0.6749337617443381,0,astro8,cxtb
0.618129868193388,0,astro8,cxtb
0.6340010145803696,0,astro8,cxtb
0.6599489813331285,0,astro8,cxtb
0.6373262638054971,0,astro8,cxtb
0.6161342011237346,0,astro8,cxtb
0.6139859027351129,0,astro8,cxtb
0.6534287550606216,0,astro8,cxtb
0.6791548789741977,0,astro8,cxtb
0.6971098101125033,0,astro8,cxtb
0.6747895655709061,0,astro8,cxtb
0.6968961010183493,0,astro8,cxtb
0.7290080838502461,0,astro8,cxtb
0.7409234484649304,0,astro8,cxtb
0.7023976803454539,0,astro8,cxtb
0.708276482086285,0,astro8,cxtb
0.678994283101567,0,astro8,cxtb
0.6548839609032802,0,astro8,cxtb
0.6823567923246239,0,astro8,cxtb
0.6886361342683922,0,astro8,cxtb
0.6732043769681133,0,astro8,cxtb
0.6101469351373835,0,astro8,cxtb
0.620073641144131,0,astro8,cxtb
0.6091941391194715,0,astro8,cxtb
0.5865691431074065,0,astro8,cxtb
0.6260452408034515,0,astro8,cxtb
0.6236222993196735,0,astro8,cxtb
0.6072755478812563,0,astro8,cxtb
0.5988860065535758,0,astro8,cxtb
0.6029660421897999,0,astro8,cxtb
0.6231943147112085,0,astro8,cxtb
0.6367433319944743,0,astro8,cxtb
0.6411125150546791,0,astro8,cxtb
0.6862977983988116,0,astro8,cxtb
0.6584626818614477,0,astro8,cxtb
0.6555547741052858,0,astro8,cxtb
0.6880044972620464,0,astro8,cxtb
0.7133144656642194,0,astro8,cxtb
0.7094709101810391,0,astro8,cxtb
0.712909680064884,0,astro8,cxtb
0.723028992769526,0,astro8,cxtb
0.733421185748801,0,astro8,cxtb
0.7503970968219211,0,astro8,cxtb
0.8056024017758326,0,astro8,cxtb
0.7662312261117334,0,astro8,cxtb
0.7953439777516556,0,astro8,cxtb
0.7652891724891545,0,astro8,cxtb
0.7416405926831287,0,astro8,cxtb
0.7504724199546708,0,astro8,cxtb
0.7357502848129931,0,astro8,cxtb
0.7394394861968775,0,astro8,cxtb
0.724923754189427,0,astro8,cxtb
0.6981660035153514,0,astro8,cxtb
0.7125540502730868,0,astro8,cxtb
0.7171171418393973,0,astro8,cxtb
0.7190644090359778,0,astro8,cxtb
0.6973001373548928,0,astro8,cxtb
0.7155728394555546,0,astro8,cxtb
0.6986184345696373,0,astro8,cxtb
0.7033585232070877,0,astro8,cxtb
0.7298734245074825,0,astro8,cxtb
0.6937173044220852,0,astro8,cxtb
0.6793814970608891,0,astro8,cxtb
0.6813860181460599,0,astro8,cxtb
0.7439654278449964,0,astro8,cxtb
0.7015526436706576,0,astro8,cxtb
0.7118370883590828,0,astro8,cxtb
0.6931911676008184,0,astro8,cxtb
0.7246993397212153,0,astro8,cxtb
0.7407174826948834,0,astro8,cxtb
0.7342676371424649,0,astro8,cxtb
0.747903471817446,0,astro8,cxtb
0.7502704963842738,0,astro8,cxtb
0.7342024065042428,0,astro8,cxtb
0.7592762372881033,0,astro8,cxtb
0.7732146121691014,0,astro8,cxtb
0.7693947176843072,0,astro8,cxtb
0.7719953342570478,0,astro8,cxtb
0.7809652317259115,0,astro8,cxtb
0.7819759284632525,0,astro8,cxtb
0.7523276253171609,0,astro8,cxtb
0.7701040630400583,0,astro8,cxtb
0.7875986594782264,0,astro8,cxtb
0.7888416178450465,0,astro8,cxtb
0.7939123807136975,0,astro8,cxtb
0.8151846891353624,0,astro8,cxtb
0.7955167852514988,0,astro8,cxtb
0.8282002738039342,0,astro8,cxtb
0.8120804572863604,0,astro8,cxtb
0.8072026125380718,0,astro8,cxtb
0.7904850558960308,0,astro8,cxtb
0.8194151669242737,0,astro8,cxtb
0.8121506013775598,0,astro8,cxtb
0.8335583183513627,0,astro8,cxtb
0.7848452366733645,0,astro8,cxtb
0.8046668223641636,0,astro8,cxtb
0.8068540042728739,0,astro8,cxtb
0.8124323122723659,0,astro8,cxtb
0.804165305243868,0,astro8,cxtb
0.7852722532149323,0,astro8,cxtb
0.7727424036833642,0,astro8,cxtb
0.762503483687921,0,astro8,cxtb
0.7776531490634909,0,astro8,cxtb
0.7677144410585477,0,astro8,cxtb
0.7620284102051944,0,astro8,cxtb
0.762395062672456,0,astro8,cxtb
0.7764695772359614,0,astro8,cxtb
0.7936810680406006,0,astro8,cxtb
0.8060521076601825,0,astro8,cxtb
0.826260727710656,0,astro8,cxtb
0.8550605781462702,0,astro8,cxtb
0.8451314068819304,0,astro8,cxtb
0.8337061638093007,0,astro8,cxtb
0.8472159579087916,0,astro8,cxtb
0.8437703854152439,0,astro8,cxtb
0.8359296632951788,0,astro8,cxtb
0.8247677792084802,0,astro8,cxtb
0.8189054304470778,0,astro8,cxtb
0.8180664344660602,0,astro8,cxtb
0.8303499776407326,0,astro8,cxtb
0.8408141415920661,0,astro8,cxtb
0.8435610229040658,0,astro8,cxtb
0.8423943940384097,0,astro8,cxtb
0.8402022339877149,0,astro8,cxtb
0.8037516531003689,0,astro8,cxtb
0.8230656746076153,0,astro8,cxtb
0.8683623601301377,0,astro8,cxtb
0.9091796723726261,0,astro8,cxtb
0.8918084047361543,0,astro8,cxtb
0.8883507055179498,0,astro8,cxtb
0.9011263399376654,0,astro8,cxtb
0.9000534587094141,0,astro8,cxtb
0.8895457015531665,0,astro8,cxtb
0.8622692330139955,0,astro8,cxtb
0.864623280615481,0,astro8,cxtb
0.8372185829967626,0,astro8,cxtb
0.838213508600394,0,astro8,cxtb
0.8426562834706134,0,astro8,cxtb
0.8658637348722823,0,astro8,cxtb
0.848666483245019,0,astro8,cxtb
0.8801787430557277,0,astro8,cxtb
0.8742410914299882,0,astro8,cxtb
0.8727460697208631,0,astro8,cxtb
0.8481979388237953,0,astro8,cxtb
0.8741604218859711,0,astro8,cxtb
0.8703599040974931,0,astro8,cxtb
0.9095279493601037,0,astro8,cxtb
0.9181249490339216,0,astro8,cxtb
0.9356410709745913,0,astro8,cxtb
0.9004386787699679,0,astro8,cxtb
0.9159832114822823,0,astro8,cxtb
0.9064664405976985,0,astro8,cxtb
0.926914507284578,0,astro8,cxtb
0.9111617143448649,0,astro8,cxtb
0.923615594553586,0,astro8,cxtb
0.9136578438757539,0,astro8,cxtb
0.9297923782080342,0,astro8,cxtb
0.9262914880235475,0,astro8,cxtb
0.9166839098087041,0,astro8,cxtb
0.9499827533653834,0,astro8,cxtb
0.9538714347875524,0,astro8,cxtb
0.9212386090716365,0,astro8,cxtb
0.9116343793611172,0,astro8,cxtb
0.917192874996809,0,astro8,cxtb
0.8994671158631635,0,astro8,cxtb
0.9190958141947982,0,astro8,cxtb
0.8881956297863597,0,astro8,cxtb
0.8651119512989368,0,astro8,cxtb
0.9235354670645597,0,astro8,cxtb
0.9678841079741843,0,astro8,cxtb
0.9795453759500385,0,astro8,cxtb
0.9532381014825821,0,astro8,cxtb
0.9788911193926796,0,astro8,cxtb
1.0093390072698507,0,astro8,cxtb
0.9652030814043114,0,astro8,cxtb
0.9496574481914768,0,astro8,cxtb
0.9402727253468435,0,astro8,cxtb
0.9347798215540052,0,astro8,cxtb
0.955834757828905,0,astro8,cxtb
0.9515785700811762,0,astro8,cxtb
0.9501120552656496,0,astro8,cxtb
0.9417041411571883,0,astro8,cxtb
0.9389738439968238,0,astro8,cxtb
0.895324182231103,0,astro8,cxtb
0.9379244360022284,0,astro8,cxtb
0.9406501262011473,0,astro8,cxtb
0.9149476915083439,0,astro8,cxtb
0.9106178587514103,0,astro8,cxtb
0.9033199269241003,0,astro8,cxtb
0.9298369475111988,0,astro8,cxtb
0.9041134444309317,0,astro8,cxtb
0.8972489541919126,0,astro8,cxtb
0.9019585543534135,0,astro8,cxtb
0.8969270950880257,0,astro8,cxtb
0.9008329687970124,0,astro8,cxtb
0.8515415916496405,0,astro8,cxtb
0.8804990665045253,0,astro8,cxtb
0.8869088067815873,0,astro8,cxtb
0.8699977739829515,0,astro8,cxtb
0.8440546748893076,0,astro8,cxtb
0.8557204376058798,0,astro8,cxtb
0.8746836730447197,0,astro8,cxtb
0.8459887658272461,0,astro8,cxtb
0.8231162850517539,0,astro8,cxtb
0.8222659138149526,0,astro8,cxtb
0.8227701016243761,0,astro8,cxtb
0.8668403451085483,0,astro8,cxtb
0.8258476897283753,0,astro8,cxtb
0.86644492153026,0,astro8,cxtb
0.8492265118667995,0,astro8,cxtb
0.8587430918763238,0,astro8,cxtb
0.9152084228377506,0,astro8,cxtb
0.882297747135033,0,astro8,cxtb
0.90965808806991,0,astro8,cxtb
0.9054866043786489,0,astro8,cxtb
0.9010443146049668,0,astro8,cxtb
0.9009243275920116,0,astro8,cxtb
0.8887278268622109,0,astro8,cxtb
0.8510220654504053,0,astro8,cxtb
0.8559650494501098,0,astro8,cxtb
0.8645038333926637,0,astro8,cxtb
0.8793177834071615,0,astro8,cxtb
0.849354832993456,0,astro8,cxtb
0.868938419376977,0,astro8,cxtb
0.8588098225636821,0,astro8,cxtb
0.8898154165970309,0,astro8,cxtb
0.8722509752241666,0,astro8,cxtb
0.9255826424419742,0,astro8,cxtb
0.8988699012764522,0,astro8,cxtb
0.8925277537834605,0,astro8,cxtb
0.9034528287350602,0,astro8,cxtb
0.8865115910098318,0,astro8,cxtb
0.8819324661616839,0,astro8,cxtb
0.8886646340101249,0,astro8,cxtb
0.8915487312842506,0,astro8,cxtb
0.9039273089978028,0,astro8,cxtb
0.8847332328744683,0,astro8,cxtb
0.884333787375176,0,astro8,cxtb
0.9020546433060783,0,astro8,cxtb
0.8980726835207528,0,astro8,cxtb
0.8980773879597271,0,astro8,cxtb
0.8905113609712483,0,astro8,cxtb
0.87770229786345,0,astro8,cxtb
0.8959520824678482,0,astro8,cxtb
0.8633025012200086,0,astro8,cxtb
0.8991197239115523,0,astro8,cxtb
0.9228656459946435,0,astro8,cxtb
0.9093064153897659,0,astro8,cxtb
0.8707912144285944,0,astro8,cxtb
0.8618847647694621,0,astro8,cxtb
0.8338793752298715,0,astro8,cxtb
0.8352492538046244,0,astro8,cxtb
0.8309625274632642,0,astro8,cxtb
0.807517408563419,0,astro8,cxtb
0.8090917345411348,0,astro8,cxtb
0.7799890509465645,0,astro8,cxtb
0.7570339866857649,0,astro8,cxtb
0.730809853286144,0,astro8,cxtb
0.7285616105933106,0,astro8,cxtb
0.7310293610992402,0,astro8,cxtb
0.717585515885842,0,astro8,cxtb
0.7598295851819357,0,astro8,cxtb
0.750203843516892,0,astro8,cxtb
0.7413976412898315,0,astro8,cxtb
0.7511682132810577,0,astro8,cxtb
0.7531671966015301,0,astro8,cxtb
0.7338946992323729,0,astro8,cxtb
0.7123972084569671,0,astro8,cxtb
0.7390397303940126,0,astro8,cxtb
0.6949001375930108,0,astro8,cxtb
0.6786535804940373,0,astro8,cxtb
0.6752479045352149,0,astro8,cxtb
0.7039815393182514,0,astro8,cxtb
0.6762918932084626,0,astro8,cxtb
0.6642797646451495,0,astro8,cxtb
0.6819728805874945,0,astro8,cxtb
0.6722452061752746,0,astro8,cxtb
0.6775897244688229,0,astro8,cxtb
0.6663055429207676,0,astro8,cxtb
0.6480412696936024,0,astro8,cxtb
0.6581109715114314,0,astro8,cxtb
0.6373384785145599,0,astro8,cxtb
0.6725597395635092,0,astro8,cxtb
0.6741035473758284,0,astro8,cxtb
0.6766458479407219,0,astro8,cxtb
0.6890521376608404,0,astro8,cxtb
0.6491460042328178,1,astro8,cxtb
0.6603767157804409,1,astro8,cxtb
0.6379270277426957,1,astro8,cxtb
0.6568452457072308,1,astro8,cxtb
0.6466348113887286,1,astro8,cxtb
0.6493362503789698,1,astro8,cxtb
0.6615535065424925,1,astro8,cxtb
0.6581949453331879,1,astro8,cxtb
0.6289127472396423,1,astro8,cxtb
0.6560787448622551,1,astro8,cxtb
0.6588128667041495,1,astro8,cxtb
0.6556708554036002,1,astro8,cxtb
0.6546100137171978,1,astro8,cxtb
0.6902960905292523,1,astro8,cxtb
0.6970382538289833,1,astro8,cxtb
0.6806553551464899,1,astro8,cxtb
0.6886473047597359,1,astro8,cxtb
0.6935844786783343,1,astro8,cxtb
0.7116523560341192,1,astro8,cxtb
0.6946309404367619,1,astro8,cxtb
0.6759009036527182,1,astro8,cxtb
0.683751192304783,1,astro8,cxtb
0.6457456424134035,1,astro8,cxtb
0.6337257367513454,0,astro8,cxtb
0.6421020703936484,0,astro8,cxtb
0.669556387900583,0,astro8,cxtb
0.6733770942660073,0,astro8,cxtb
0.6596313411622611,0,astro8,cxtb
0.6431326553430637,0,astro8,cxtb
0.6825123376458405,0,astro8,cxtb
0.6839867669144681,0,astro8,cxtb
0.6933236723663555,0,astro8,cxtb
0.6743674542962642,0,astro8,cxtb
0.6623633702159706,0,astro8,cxtb
0.6744420190069355,0,astro8,cxtb
0.6932307575571752,0,astro8,cxtb
0.7135973954993343,0,astro8,cxtb
0.6897123417706125,0,astro8,cxtb
0.6754762347220568,0,astro8,cxtb
0.6879663159042696,0,astro8,cxtb
0.6863543643488967,0,astro8,cxtb
0.6853805181895328,0,astro8,cxtb
0.700081543942547,0,astro8,cxtb
0.6946887426170345,0,astro8,cxtb
0.6796934390488262,0,astro8,cxtb
0.6960805188598849,0,astro8,cxtb
0.6396979674098783,0,astro8,cxtb
0.6614225329405881,0,astro8,cxtb
0.6718113495278796,0,astro8,cxtb
0.6913194734724323,0,astro8,cxtb
0.6473499630527345,0,astro8,cxtb
0.6288899680615239,0,astro8,cxtb
0.6345940520940869,0,astro8,cxtb
0.6443849801864814,0,astro8,cxtb
0.6720022252452897,0,astro8,cxtb
0.6552499488307485,0,astro8,cxtb
0.6752066584871895,0,astro8,cxtb
0.6860411924762314,0,astro8,cxtb
0.7102091679059113,0,astro8,cxtb
0.6793904018308444,0,astro8,cxtb
0.7019088631779966,0,astro8,cxtb
0.6941509281293934,0,astro8,cxtb
0.6694187831526671,0,astro8,cxtb
0.6719074832234901,0,astro8,cxtb
0.6320850295329374,0,astro8,cxtb
0.6486099883065697,0,astro8,cxtb
0.6792100931434794,0,astro8,cxtb
0.6962751420726806,0,astro8,cxtb
0.6642643816852591,0,astro8,cxtb
0.7015540587302791,0,astro8,cxtb
0.69046110429846,0,astro8,cxtb
0.7149900858780504,0,astro8,cxtb
0.697320723165441,0,astro8,cxtb
0.7023089590205029,0,astro8,cxtb
0.6834216341155043,0,astro8,cxtb
0.6802285526473555,0,astro8,cxtb
0.6840797821070672,0,astro8,cxtb
0.7131705534908226,0,astro8,cxtb
0.6908920976472217,0,astro8,cxtb
0.7180229510917989,0,astro8,cxtb
0.7250216648793585,0,astro8,cxtb
0.7086250488893544,0,astro8,cxtb
0.7229404722011008,0,astro8,cxtb
0.7478988697654468,0,astro8,cxtb
0.763952443253289,0,astro8,cxtb
0.7807519308132065,0,astro8,cxtb
0.7517757657518107,0,astro8,cxtb
0.7620384219487345,0,astro8,cxtb
0.7707051311734334,0,astro8,cxtb
0.7788498984890891,0,astro8,cxtb
0.7925404618510397,0,astro8,cxtb
0.7665300830225844,0,astro8,cxtb
0.7610124347720253,0,astro8,cxtb
0.7620555995608361,0,astro8,cxtb
0.7467410437247141,0,astro8,cxtb
0.7477113993031821,0,astro8,cxtb
0.728552989018931,0,astro8,cxtb
0.7457982370214113,0,astro8,cxtb
0.7396115188944937,0,astro8,cxtb
0.763784439128206,0,astro8,cxtb
0.7430330703711843,0,astro8,cxtb
0.7398787412332894,0,astro8,cxtb
0.7494786097257977,0,astro8,cxtb
0.7207667812669127,0,astro8,cxtb
0.7126418028402468,0,astro8,cxtb
0.7276247093789096,0,astro8,cxtb
0.7413348331101706,0,astro8,cxtb
0.7305759509292571,0,astro8,cxtb
0.7418412524077918,0,astro8,cxtb
0.7711306556579745,0,astro8,cxtb
0.7659062021445415,0,astro8,cxtb
0.7888380409278569,0,astro8,cxtb
0.7849484713768305,0,astro8,cxtb
0.7860991964481419,0,astro8,cxtb
0.8087012751441945,0,astro8,cxtb
0.8150683297336019,0,astro8,cxtb
0.8191369656858681,0,astro8,cxtb
0.7763901316603755,0,astro8,cxtb
0.8037569270117028,0,astro8,cxtb
0.8101095959854533,0,astro8,cxtb
0.7993131819630845,0,astro8,cxtb
0.7698589881162566,0,astro8,cxtb
0.755528427861906,0,astro8,cxtb
0.7673730184892644,0,astro8,cxtb
0.7942692726238646,0,astro8,cxtb
0.746754864226593,0,astro8,cxtb
0.7542778962291803,0,astro8,cxtb
0.7770492094035253,0,astro8,cxtb
0.7715388839738537,0,astro8,cxtb
0.7942377402209656,0,astro8,cxtb
0.806954116010167,0,astro8,cxtb
0.8332446415500069,0,astro8,cxtb
0.8463352186076961,0,astro8,cxtb
0.836851579977449,0,astro8,cxtb
0.808251961727618,0,astro8,cxtb
0.8409040868589842,0,astro8,cxtb
0.8547813657470523,0,astro8,cxtb
0.8786750577493331,0,astro8,cxtb
0.8728847953025979,0,astro8,cxtb
0.8553282099336188,0,astro8,cxtb
0.88415549576507,0,astro8,cxtb
0.8728366398575406,0,astro8,cxtb
0.8791607945037304,0,astro8,cxtb
0.8886522361066344,0,astro8,cxtb
0.8984276687589264,0,astro8,cxtb
0.8880782483807442,0,astro8,cxtb
0.8757281895427934,0,astro8,cxtb
0.8758947317385898,0,astro8,cxtb
0.9132872037063746,0,astro8,cxtb
0.9326413054299707,0,astro8,cxtb
0.9399532123040734,0,astro8,cxtb
0.9527565509260152,0,astro8,cxtb
0.9683517969288007,0,astro8,cxtb
0.9717994802719606,0,astro8,cxtb
0.9762389891988187,0,astro8,cxtb
0.9896803221482794,0,astro8,cxtb
0.9918592282090625,0,astro8,cxtb
1.0050340451783364,0,astro8,cxtb
1.0047692096781007,0,astro8,cxtb
1.0112217553736682,0,astro8,cxtb
1.032095882180436,0,astro8,cxtb
1.0147375527599756,0,astro8,cxtb
1.0470195054027152,0,astro8,cxtb
1.0946718404335036,0,astro8,cxtb
1.0819448336704347,0,astro8,cxtb
1.071840121731933,0,astro8,cxtb
1.1062378310110788,0,astro8,cxtb
1.1047789404527648,0,astro8,cxtb
1.08694949458397,0,astro8,cxtb
1.0765929399036767,0,astro8,cxtb
1.0907014071863141,0,astro8,cxtb
1.069300045810925,0,astro8,cxtb
1.090931673257453,0,astro8,cxtb
1.0540334985838489,0,astro8,cxtb
1.0964580353561122,0,astro8,cxtb
1.045877227626144,0,astro8,cxtb
1.056257017576263,0,astro8,cxtb
1.0333502108222554,0,astro8,cxtb
1.0131397723868218,0,astro8,cxtb
1.03708103861701,0,astro8,cxtb
1.037623450181682,0,astro8,cxtb
1.0506196460420905,0,astro8,cxtb
1.0358358020961187,0,astro8,cxtb
1.0617793589678863,0,astro8,cxtb
1.0701251206365188,0,astro8,cxtb
1.081386437154946,0,astro8,cxtb
1.0713911802316707,0,astro8,cxtb
1.0569068751544695,0,astro8,cxtb
1.015789589656349,0,astro8,cxtb
0.9959903677626555,0,astro8,cxtb
1.0239567847509157,0,astro8,cxtb
1.0303749188224065,0,astro8,cxtb
1.0192251078370695,0,astro8,cxtb
0.9893166620466767,0,astro8,cxtb
0.987635313523088,0,astro8,cxtb
0.9880943269008368,0,astro8,cxtb
0.9787871346573035,0,astro8,cxtb
0.9926549549351866,0,astro8,cxtb
1.0015281121697124,0,astro8,cxtb
1.0121120015384943,0,astro8,cxtb
0.989408775379353,0,astro8,cxtb
1.0094073555240763,0,astro8,cxtb
0.9542083590580424,0,astro8,cxtb
0.9317140059872434,0,astro8,cxtb
0.9451476772203686,0,astro8,cxtb
0.9249378874493229,0,astro8,cxtb
0.944647905161539,0,astro8,cxtb
0.9200874130173384,0,astro8,cxtb
0.8753951907601623,0,astro8,cxtb
0.9127044976870539,0,astro8,cxtb
0.8932075068462167,0,astro8,cxtb
0.8879247796655121,0,astro8,cxtb
0.8410831575916656,0,astro8,cxtb
0.8170138539741006,0,astro8,cxtb
0.8411263316254394,0,astro8,cxtb
0.8246268419996321,0,astro8,cxtb
0.827573572225139,0,astro8,cxtb
0.8387258260598124,0,astro8,cxtb
0.8269729689200424,0,astro8,cxtb
0.8176362909019488,0,astro8,cxtb
0.8126216701182307,0,astro8,cxtb
0.8311760625153054,0,astro8,cxtb
0.8386054947125728,0,astro8,cxtb
0.8386213609081599,0,astro8,cxtb
0.8398992639651758,0,astro8,cxtb
0.8876504218586091,0,astro8,cxtb
0.8900976733704914,0,astro8,cxtb
0.8884912161240943,0,astro8,cxtb
0.8965050195446496,0,astro8,cxtb
0.9076824507918131,0,astro8,cxtb
0.8919270335492004,0,astro8,cxtb
0.8970296035214801,0,astro8,cxtb
0.9052365951842983,0,astro8,cxtb
0.8888398992802526,0,astro8,cxtb
0.9112312293058846,0,astro8,cxtb
0.9022546635109796,0,astro8,cxtb
0.9108904456007209,0,astro8,cxtb
0.8989666865595844,0,astro8,cxtb
0.8543950723634308,0,astro8,cxtb
0.8570109104608944,0,astro8,cxtb
0.8647468827018515,0,astro8,cxtb
0.8266809147065339,0,astro8,cxtb
0.8304979517770565,0,astro8,cxtb
0.8018396283922502,0,astro8,cxtb
0.8282512082082898,0,astro8,cxtb
0.8105274053297191,0,astro8,cxtb
0.7992637839905741,0,astro8,cxtb
0.7759463908776381,0,astro8,cxtb
0.7600522287338644,0,astro8,cxtb
0.7664748441640907,0,astro8,cxtb
0.7616174304423796,0,astro8,cxtb
0.7900326086419918,0,astro8,cxtb
0.7958136141329809,0,astro8,cxtb
0.8126962925886029,0,astro8,cxtb
0.8091676915880889,0,astro8,cxtb
0.7560714496862736,0,astro8,cxtb
0.7403523146942137,0,astro8,cxtb
0.7671087062293459,0,astro8,cxtb
0.7528016893522556,0,astro8,cxtb
0.7512436237352605,0,astro8,cxtb
0.8023154253614692,0,astro8,cxtb
0.8255350905466097,0,astro8,cxtb
0.8053061830439814,0,astro8,cxtb
0.8019969624112899,0,astro8,cxtb
0.7854271825630075,0,astro8,cxtb
0.7739479193296028,0,astro8,cxtb
0.7783167561131562,0,astro8,cxtb
0.7745844639664926,0,astro8,cxtb
0.7895352535211254,0,astro8,cxtb
0.7701496941229116,0,astro8,cxtb
0.7572554076429295,0,astro8,cxtb
0.7561619716513122,0,astro8,cxtb
0.7249937151439036,0,astro8,cxtb
0.7197304164882795,0,astro8,cxtb
0.7354767155942004,0,astro8,cxtb
0.7269561969522121,0,astro8,cxtb
0.7130551065310453,0,astro8,cxtb
0.7049822636524171,0,astro8,cxtb
0.728175285070746,0,astro8,cxtb
0.7013054542502167,0,astro8,cxtb
0.708279852552666,0,astro8,cxtb
0.7141454614213396,0,astro8,cxtb
0.7488697956102977,0,astro8,cxtb
0.7626339459043143,0,astro8,cxtb
0.7507027451320323,0,astro8,cxtb
0.7353366023842572,0,astro8,cxtb
0.7167081979668336,0,astro8,cxtb
0.7185664730628756,0,astro8,cxtb
0.7256200776611691,0,astro8,cxtb
0.7294153595494208,0,astro8,cxtb
0.707433280297879,0,astro8,cxtb
0.7025557450640724,0,astro8,cxtb
0.7014349660343331,0,astro8,cxtb
0.7267728252646801,0,astro8,cxtb
0.7534556043724628,0,astro8,cxtb
0.757402642574638,0,astro8,cxtb
0.7139929119002872,0,astro8,cxtb
0.7598320260128258,0,astro8,cxtb
0.7474874347582747,0,astro8,cxtb
0.7164685048658139,0,astro8,cxtb
0.7013322620428564,0,astro8,cxtb
0.6942606126748947,0,astro8,cxtb
0.7132532649303117,0,astro8,cxtb
0.7234361961270888,0,astro8,cxtb
0.7090091828827733,0,astro8,cxtb
0.7138589353100597,0,astro8,cxtb
0.6895751210357124,0,astro8,cxtb
0.6929055870410464,0,astro8,cxtb
0.6828162363338764,0,astro8,cxtb
0.69751952207874,0,astro8,cxtb
0.7129156181393926,0,astro8,cxtb
0.7261491225098078,0,astro8,cxtb
0.7202013178212454,0,astro8,cxtb
0.7250388321505647,0,astro8,cxtb
0.7228892780915266,0,astro8,cxtb
0.6772387142439827,0,astro8,cxtb
0.6942708457452886,0,astro8,cxtb
0.7104784169981135,0,astro8,cxtb
0.7114231157670506,0,astro8,cxtb
0.6904104426700969,0,astro8,cxtb
0.6881677676014132,0,astro8,cxtb
0.7097912961460414,0,astro8,cxtb
0.6937315599114001,0,astro8,cxtb
0.6858812931220699,0,astro8,cxtb
0.7141690418843172,0,astro8,cxtb
0.7213626258978845,0,astro8,cxtb
0.7349908896490991,0,astro8,cxtb
0.6883517297650081,0,astro8,cxtb
0.68640784512694,0,astro8,cxtb
0.723477144962132,0,astro8,cxtb
0.6938467667958936,0,astro8,cxtb
0.6638361097179315,0,astro8,cxtb
0.6509751745986101,0,astro8,cxtb
0.6893522668286289,0,astro8,cxtb
0.6505434290381131,0,astro8,cxtb
0.633854749405669,0,astro8,cxtb
0.6570794716379905,0,astro8,cxtb
0.6721801265850506,0,astro8,cxtb
0.6516409170413681,0,astro8,cxtb
0.6614202473196472,0,astro8,cxtb
0.677443787987229,0,astro8,cxtb
0.6814295996392273,0,astro8,cxtb
0.674486774821504,0,astro8,cxtb
0.6772621994582586,0,astro8,cxtb
0.7113334302491546,0,astro8,cxtb
0.7171285949435615,0,astro8,cxtb
0.7217817996294164,0,astro8,cxtb
0.6837462429135214,0,astro8,cxtb
0.6873263383878724,0,astro8,cxtb
0.6856325176414937,0,astro8,cxtb
0.6650353915638691,0,astro8,cxtb
0.6492646169842808,0,astro8,cxtb
0.6835748923218756,0,astro8,cxtb
0.6601930742156552,0,astro8,cxtb
0.674689444122987,0,astro8,cxtb
0.6261879339933328,0,astro8,cxtb
0.6316792288137715,0,astro8,cxtb
0.6279510907837489,0,astro8,cxtb
0.6198479653943714,0,astro8,cxtb
0.6313079210583284,0,astro8,cxtb
0.6220832632236459,0,astro8,cxtb
0.5994386758370923,0,astro8,cxtb
0.6005688841988367,0,astro8,cxtb
0.6143349867695563,0,astro8,cxtb
0.604605771916076,0,astro8,cxtb
0.6302807099768346,0,astro8,cxtb
0.6324972052471003,0,astro8,cxtb
0.5915926882772907,0,astro8,cxtb
0.6074275112402976,0,astro8,cxtb
0.5997424673327515,0,astro8,cxtb
0.6006991116473536,0,astro8,cxtb
0.6106705145086867,0,astro8,cxtb
0.6202258756007333,0,astro8,cxtb
0.605559986160934,0,astro8,cxtb
0.6584207415928006,0,astro8,cxtb
0.6418746167084821,0,astro8,cxtb
0.6458310264745927,0,astro8,cxtb
0.6615835278618417,0,astro8,cxtb
0.686918058887609,0,astro8,cxtb
0.6897835128856579,0,astro8,cxtb
0.6878511830804621,0,astro8,cxtb
0.6975842048452006,0,astro8,cxtb
0.7168625296987359,0,astro8,cxtb
0.6786862347614893,0,astro8,cxtb
0.6515990311128629,0,astro8,cxtb
0.6475397900806834,0,astro8,cxtb
0.6712092133309074,0,astro8,cxtb
0.655414504524569,0,astro8,cxtb
0.6636564636928687,0,astro8,cxtb
0.6377809918516445,0,astro8,cxtb
0.6235022885456306,0,astro8,cxtb
0.6056312677932579,0,astro8,cxtb
0.6218444305911817,0,astro8,cxtb
0.6030961121366016,0,astro8,cxtb
0.625639330353915,0,astro8,cxtb
0.5940176468431018,0,astro8,cxtb
0.5867638094503078,0,astro8,cxtb
0.6020537242502955,0,astro8,cxtb
0.6314551024672633,0,astro8,cxtb
0.6749579040572414,0,astro8,cxtb
0.6858612194562115,0,astro8,cxtb
0.6863063520057802,0,astro8,cxtb
0.6632417416107458,0,astro8,cxtb
0.680160094312652,0,astro8,cxtb
0.6968829268954044,0,astro8,cxtb
0.6794095236590291,0,astro8,cxtb
0.7064719447362044,0,astro8,cxtb
0.7021680936723314,0,astro8,cxtb
0.7019164473507657,0,astro8,cxtb
0.6995577208926668,0,astro8,cxtb
0.7435256736239717,0,astro8,cxtb
0.7126665946615768,0,astro8,cxtb
0.7271768127894703,0,astro8,cxtb
0.7382354153856673,0,astro8,cxtb
0.7467516401333804,0,astro8,cxtb
0.7469021463086128,0,astro8,cxtb
0.774294323948116,0,astro8,cxtb
0.7638258788970245,0,astro8,cxtb
0.7533492675372995,0,astro8,cxtb
0.7322066973786858,0,astro8,cxtb
0.7405874920667539,0,astro8,cxtb
0.7260558795888402,0,astro8,cxtb
0.714901681046872,0,astro8,cxtb
0.6863664689885778,0,astro8,cxtb
0.692427989370699,0,astro8,cxtb
0.7117874260936242,0,astro8,cxtb
0.7308264291754929,0,astro8,cxtb
0.7123526913894445,0,astro8,cxtb
0.6797278006930657,0,astro8,cxtb
0.6983498460782587,0,astro8,cxtb
0.6558291094934157,0,astro8,cxtb
0.6817725633717399,0,astro8,cxtb
0.6991078782997432,0,astro8,cxtb
0.7114658387797673,0,astro8,cxtb
0.7099843681195858,0,astro8,cxtb
0.6988019141401985,0,astro8,cxtb
0.7190732047288417,0,astro8,cxtb
0.6899190007230072,0,astro8,cxtb
0.6729132823493876,0,astro8,cxtb
0.6859966183175239,0,astro8,cxtb
0.6691804163708214,0,astro8,cxtb
0.6872959850811844,0,astro8,cxtb
0.7072542489910552,0,astro8,cxtb
0.6918287366753824,0,astro8,cxtb
0.7284802941772378,0,astro8,cxtb
0.7150489120271109,0,astro8,cxtb
0.70832737470922,0,astro8,cxtb
0.6744097187944573,0,astro8,cxtb
0.6798199147864862,0,astro8,cxtb
0.6867109375294352,0,astro8,cxtb
0.6940277493891273,0,astro8,cxtb
0.7371224924623528,0,astro8,cxtb
0.7304250930744524,0,astro8,cxtb
0.7330737557158051,0,astro8,cxtb
0.7605955198288873,0,astro8,cxtb
0.744372150423314,0,astro8,cxtb
0.7529627790213156,0,astro8,cxtb
0.7468558039664522,0,astro8,cxtb
0.7384075549173,0,astro8,cxtb
0.7717923020745885,0,astro8,cxtb
0.7730014446787112,0,astro8,cxtb
0.7635474993312417,0,astro8,cxtb
0.7118404503594052,0,astro8,cxtb
0.6929206082485594,0,astro8,cxtb
0.6722373583034238,0,astro8,cxtb
0.6450198649679161,0,astro8,cxtb
0.6323221714192235,0,astro8,cxtb
0.6640319860245769,0,astro8,cxtb
0.6627585411584709,0,astro8,cxtb
0.6645931622770201,0,astro8,cxtb
0.6638005801890735,0,astro8,cxtb
0.6597754567480578,0,astro8,cxtb
0.6590728034073916,0,astro8,cxtb
0.6682249516665876,0,astro8,cxtb
0.6530583242420803,0,astro8,cxtb
0.653089076881242,0,astro8,cxtb
0.641818831646306,0,astro8,cxtb
0.6491285629268625,0,astro8,cxtb
0.6563511123681651,0,astro8,cxtb
0.650810561709343,0,astro8,cxtb
0.6388047745198085,0,astro8,cxtb
0.6438411882387065,0,astro8,cxtb
0.6426407600452738,0,astro8,cxtb
0.6789225789411728,0,astro8,cxtb
0.6662198909635951,0,astro8,cxtb
0.6864791362845781,0,astro8,cxtb
0.7247031145042417,0,astro8,cxtb
0.7180616217367428,0,astro8,cxtb
0.7373674316831886,0,astro8,cxtb
0.7572644075306894,0,astro8,cxtb
0.709298083566571,0,astro8,cxtb
0.730159068472886,0,astro8,cxtb
0.7216406554299619,0,astro8,cxtb
0.7283255478569338,0,astro8,cxtb
0.7158140838722331,0,astro8,cxtb
0.691642996802612,0,astro8,cxtb
0.6929032707096534,0,astro8,cxtb
0.7104262124946111,0,astro8,cxtb
0.7206662370530194,0,astro8,cxtb
0.7120404061782734,0,astro8,cxtb
0.7186663244620035,0,astro8,cxtb
0.7304694942878257,0,astro8,cxtb
0.7088139068728434,0,astro8,cxtb
0.7206717601347797,0,astro8,cxtb
0.7312909254553784,0,astro8,cxtb
0.7110920010593946,0,astro8,cxtb
0.7039764499339395,0,astro8,cxtb
0.7071643253964849,0,astro8,cxtb
0.7174278589405028,0,astro8,cxtb
0.6796952321543849,0,astro8,cxtb
0.7023354384907352,0,astro8,cxtb
0.7155095796005139,0,astro8,cxtb
0.7209657722356659,0,astro8,cxtb
0.7105723439217662,0,astro8,cxtb
0.7326142033294821,0,astro8,cxtb
0.724554524340233,0,astro8,cxtb
0.7206833748605304,0,astro8,cxtb
0.7386722282322041,0,astro8,cxtb
0.7341264542583396,0,astro8,cxtb
0.7340307187846853,0,astro8,cxtb
0.7331597552043828,0,astro8,cxtb
0.7777061866578004,0,astro8,cxtb
0.7671240383370327,0,astro8,cxtb
0.7949131728538797,0,astro8,cxtb
0.7764316578294613,0,astro8,cxtb
0.7725413870618285,0,astro8,cxtb
0.8164776473550531,0,astro8,cxtb
0.7851180246660385,0,astro8,cxtb
0.7536058287056182,0,astro8,cxtb
0.8012849118899179,0,astro8,cxtb
0.7712117215465434,0,astro8,cxtb
0.7853588717853471,0,astro8,cxtb
0.813985635454341,0,astro8,cxtb
0.8250859604564195,0,astro8,cxtb
0.7631016416746039,0,astro8,cxtb
0.747700713899257,0,astro8,cxtb
0.7424045019425431,0,astro8,cxtb
0.7395371021361737,0,astro8,cxtb
0.7135096281675497,0,astro8,cxtb
0.715445946543744,0,astro8,cxtb
0.7167717748805048,0,astro8,cxtb
0.6723344936260075,0,astro8,cxtb
0.6804839243002425,0,astro8,cxtb
0.6870115495836671,0,astro8,cxtb
0.6580775367019825,0,astro8,cxtb
0.6585692446746113,0,astro8,cxtb
0.6613793694230401,0,astro8,cxtb
0.6750819653880904,0,astro8,cxtb
0.6939283938690807,0,astro8,cxtb
0.6973531620362958,0,astro8,cxtb
0.7283738922916625,0,astro8,cxtb
0.7326041017128165,0,astro8,cxtb
0.7496096070531126,0,astro8,cxtb
0.7557309995938933,0,astro8,cxtb
0.7870575517887747,0,astro8,cxtb
0.7677644266895639,0,astro8,cxtb
0.7691163203665932,0,astro8,cxtb
0.7834853800309645,0,astro8,cxtb
0.7562361809764546,0,astro8,cxtb
0.7728357292419744,0,astro8,cxtb
0.7859033813890421,0,astro8,cxtb
0.7838082532740847,0,astro8,cxtb
0.8184164802964071,0,astro8,cxtb
0.783877868795737,0,astro8,cxtb
0.7875480493272209,0,astro8,cxtb
0.7965780533349444,0,astro8,cxtb
0.7850878293326313,0,astro8,cxtb
0.7529230239152891,0,astro8,cxtb
0.7569486206652154,0,astro8,cxtb
0.733327944129373,0,astro8,cxtb
0.7200425676725855,0,astro8,cxtb
0.7254182569103921,0,astro8,cxtb
0.7104673804880401,0,astro8,cxtb
0.7193170188000227,0,astro8,cxtb
0.7235319147677963,0,astro8,cxtb
0.6900926503086419,0,astro8,cxtb
0.6660741541632386,0,astro8,cxtb
0.7341764027088228,0,astro8,cxtb
0.691891324544461,0,astro8,cxtb
0.7033137640499337,0,astro8,cxtb
0.660893625717406,0,astro8,cxtb
0.6718778430416366,0,astro8,cxtb
0.6793191769752215,0,astro8,cxtb
0.6729083263474491,0,astro8,cxtb
0.641547602787488,0,astro8,cxtb
0.663915580603776,0,astro8,cxtb
0.6794730210555753,0,astro8,cxtb
0.6896975317932454,0,astro8,cxtb
0.7189769024600419,0,astro8,cxtb
0.7065522928900043,0,astro8,cxtb
0.7312409390327566,0,astro8,cxtb
0.7484489205798329,0,astro8,cxtb
0.7482844526534865,0,astro8,cxtb
0.7451078527718484,0,astro8,cxtb
0.735253768941067,0,astro8,cxtb
0.7449157401932364,0,astro8,cxtb
0.7239731898715098,0,astro8,cxtb
0.7226835373632997,0,astro8,cxtb
0.7054868397490773,0,astro8,cxtb
0.6938213094811032,0,astro8,cxtb
0.6772363088614044,0,astro8,cxtb
0.6516159863589406,0,astro8,cxtb
0.668013989955004,0,astro8,cxtb
0.6590664710750642,0,astro8,cxtb
0.6669884257291981,0,astro8,cxtb
0.6267810870215734,0,astro8,cxtb
0.6354824067084128,0,astro8,cxtb
0.6335535749993043,0,astro8,cxtb
0.6314084907653377,0,astro8,cxtb
0.6583925299832598,0,astro8,cxtb
0.6338538870756844,0,astro8,cxtb
0.608678916041951,0,astro8,cxtb
0.6444418478520936,0,astro8,cxtb
0.6448502078509033,0,astro8,cxtb
0.6559716665509236,0,astro8,cxtb
0.6259067349544335,0,astro8,cxtb
0.6284624210638357,0,astro8,cxtb
0.6023906436421388,0,astro8,cxtb
0.5968522587120433,0,astro8,cxtb
0.6109675825596652,0,astro8,cxtb
0.6507725120577014,0,astro8,cxtb
0.6340931854769902,0,astro8,cxtb
0.6293637276420688,0,astro8,cxtb
0.6549638496078155,0,astro8,cxtb
0.6861968906905802,0,astro8,cxtb
0.6953440401229165,0,astro8,cxtb
0.6942942991339127,0,astro8,cxtb
0.6876374758369859,0,astro8,cxtb
0.631331033418547,0,astro8,cxtb
0.6453265909630462,0,astro8,cxtb
0.6408401592160934,0,astro8,cxtb
0.6397922061667419,0,astro8,cxtb
0.6115404171770774,0,astro8,cxtb
0.6271741671375128,0,astro8,cxtb
0.6465056348080747,0,astro8,cxtb
0.614522146921893,0,astro8,cxtb
0.6066878572718278,0,astro8,cxtb
0.6319980489327863,0,astro8,cxtb
0.6205194119614558,0,astro8,cxtb
0.6308354241282693,0,astro8,cxtb
0.564264264182819,0,astro8,cxtb
0.5415214581251554,0,astro8,cxtb
0.5717131951905456,0,astro8,cxtb
0.5846284091265866,0,astro8,cxtb
0.5874279685997894,0,astro8,cxtb
0.6062319522691766,0,astro8,cxtb
0.6094027853027788,0,astro8,cxtb
0.6043796186357978,0,astro8,cxtb
0.6140962739913238,0,astro8,cxtb
0.6245905509730159,0,astro8,cxtb
0.6123786080048382,0,astro8,cxtb
0.58122677104229,0,astro8,cxtb
0.5956624366036313,0,astro8,cxtb
0.5993451459379271,0,astro8,cxtb
0.6211636898315835,0,astro8,cxtb
0.6346985859948826,0,astro8,cxtb
0.6327479335910399,0,astro8,cxtb
0.6143614420649843,0,astro8,cxtb
0.6044375843589618,0,astro8,cxtb
0.5887173523469595,0,astro8,cxtb
0.5959191720655946,0,astro8,cxtb
0.6086324578728893,0,astro8,cxtb
0.6500140765600642,0,astro8,cxtb
0.6556313895586336,0,astro8,cxtb
0.6712259806666433,0,astro8,cxtb
0.6448709937550643,0,astro8,cxtb
0.6634063449449336,0,astro8,cxtb
0.7059382254697656,0,astro8,cxtb
0.7079828132701798,0,astro8,cxtb
0.684505834066722,0,astro8,cxtb
0.6834019973403899,0,astro8,cxtb
0.6625246388007549,0,astro8,cxtb
0.663575873733576,0,astro8,cxtb
0.6732577718864079,0,astro8,cxtb
0.6454869896789414,0,astro8,cxtb
0.6398607122366752,0,astro8,cxtb
0.607035506479481,0,astro8,cxtb
0.6227502263047827,0,astro8,cxtb
0.6016653405565708,0,astro8,cxtb
0.5979244747992105,0,astro8,cxtb
0.5901448655237812,0,astro8,cxtb
0.6015072599585265,0,astro8,cxtb
0.5889776211723807,0,astro8,cxtb
0.5897331927091127,0,astro8,cxtb
0.591230593284239,0,astro8,cxtb
0.5778291274404098,0,astro8,cxtb
0.584435278168692,0,astro8,cxtb
0.5840311944034516,0,astro8,cxtb
0.5690867075481869,0,astro8,cxtb
0.5923135897292323,0,astro8,cxtb
0.5967810675268304,0,astro8,cxtb
0.6149603471442586,0,astro8,cxtb
0.6071503397245946,0,astro8,cxtb
0.5856197621018553,0,astro8,cxtb
0.5271549853578283,0,astro8,cxtb
0.8787155749452349,0,astro9,cxta
0.576639688950471,0,astro9,cxta
0.5210935147928314,0,astro9,cxta
0.4834755359199885,0,astro9,cxta
0.462018338839401,0,astro9,cxta
0.4681115562371165,0,astro9,cxta
0.44410349918389364,0,astro9,cxta
0.44993637859992447,0,astro9,cxta
0.42150530593381896,0,astro9,cxta
0.4110405442311074,0,astro9,cxta
0.39591328411716387,0,astro9,cxta
0.40949609212476495,0,astro9,cxta
0.39659329830462453,0,astro9,cxta
0.3677813903995586,0,astro9,cxta
0.3566167997095496,0,astro9,cxta
0.3615556105985591,0,astro9,cxta
0.33691102339320245,0,astro9,cxta
0.3576029886396804,0,astro9,cxta
0.33890326900445483,0,astro9,cxta
0.31852973509890997,0,astro9,cxta
0.3278941706229163,0,astro9,cxta
0.3307543094730645,0,astro9,cxta
0.30954042957284494,0,astro9,cxta
0.3226201978804434,0,astro9,cxta
0.3328189990587406,0,astro9,cxta
0.33123023834743903,0,astro9,cxta
0.3406798720211778,0,astro9,cxta
0.31582900069732,0,astro9,cxta
0.29902578525213347,0,astro9,cxta
0.30104004463701345,0,astro9,cxta
0.31517549008990886,0,astro9,cxta
0.30916215267500546,0,astro9,cxta
0.2997273952267675,0,astro9,cxta
0.3210851963706002,0,astro9,cxta
0.30571091283285756,0,astro9,cxta
0.28394677444238065,0,astro9,cxta
0.29648880319462323,0,astro9,cxta
0.2937412271697703,0,astro9,cxta
0.28064554348058146,0,astro9,cxta
0.2680892936003173,0,astro9,cxta
0.26696625646822103,0,astro9,cxta
0.2656878433133777,0,astro9,cxta
0.24208112903451137,0,astro9,cxta
0.2420262837512327,0,astro9,cxta
0.2417516113640486,0,astro9,cxta
0.25266323444357414,0,astro9,cxta
0.2833759266716005,0,astro9,cxta
0.2805636639699842,0,astro9,cxta
0.29352329267751065,0,astro9,cxta
0.25523532824590345,0,astro9,cxta
0.24028576527289316,0,astro9,cxta
0.24456357496377126,0,astro9,cxta
0.27640397482081225,0,astro9,cxta
0.2767976802390984,0,astro9,cxta
0.26315401379674497,0,astro9,cxta
0.2736838540395731,0,astro9,cxta
0.24422867390945358,0,astro9,cxta
0.25989163231972545,0,astro9,cxta
0.2576387308238533,0,astro9,cxta
0.25186771757975596,0,astro9,cxta
0.22499999638566595,0,astro9,cxta
0.2416416976929015,0,astro9,cxta
0.2506285967138658,0,astro9,cxta
0.25328127842408754,1,astro9,cxta
0.24337282301464913,1,astro9,cxta
0.25609266261410984,1,astro9,cxta
0.2669545769462022,1,astro9,cxta
0.22595055449371185,1,astro9,cxta
0.23290545110471697,1,astro9,cxta
0.23163782840096336,1,astro9,cxta
0.23157621542539306,1,astro9,cxta
0.23997244737846057,1,astro9,cxta
0.24079578311076588,1,astro9,cxta
0.2496141873706307,1,astro9,cxta
0.2721681011546459,1,astro9,cxta
0.2328772710004389,1,astro9,cxta
0.22553065551702134,1,astro9,cxta
0.23964541613772916,1,astro9,cxta
0.2678554980386399,1,astro9,cxta
0.23557237741010484,1,astro9,cxta
0.2338386383325705,1,astro9,cxta
0.236945874236835,1,astro9,cxta
0.26953350485037497,1,astro9,cxta
0.23107109394750472,1,astro9,cxta
0.21698633815924692,1,astro9,cxta
0.1917395008880961,1,astro9,cxta
0.21863848950325812,1,astro9,cxta
0.21228425002325635,1,astro9,cxta
0.22286207083314039,1,astro9,cxta
0.2244518755513712,1,astro9,cxta
0.21049022512849566,1,astro9,cxta
0.20633517117320402,0,astro9,cxta
0.21892555250656232,0,astro9,cxta
0.2303074522254568,0,astro9,cxta
0.2153910742306967,0,astro9,cxta
0.22655979504118287,0,astro9,cxta
0.23193618878174208,0,astro9,cxta
0.21176734840283087,0,astro9,cxta
0.2050669788904089,0,astro9,cxta
0.19749116554176302,0,astro9,cxta
0.19646159027613197,0,astro9,cxta
0.21349049009844948,0,astro9,cxta
0.21940739322335664,0,astro9,cxta
0.210214428799065,0,astro9,cxta
0.21401631619921432,0,astro9,cxta
0.2229342605902575,0,astro9,cxta
0.23807206364302094,0,astro9,cxta
0.22905789031432272,0,astro9,cxta
0.2191520268777664,0,astro9,cxta
0.20505949629147666,0,astro9,cxta
0.21452333856218178,0,astro9,cxta
0.22742291704336226,0,astro9,cxta
0.23839935465909529,0,astro9,cxta
0.24061286543709925,0,astro9,cxta
0.22997589547662586,0,astro9,cxta
0.21980182959373135,0,astro9,cxta
0.20040131101522737,0,astro9,cxta
0.21179539865663052,0,astro9,cxta
0.18407406996023518,0,astro9,cxta
0.21521702144823265,0,astro9,cxta
0.20714045280154797,0,astro9,cxta
0.234785665482068,0,astro9,cxta
0.22625996569702708,0,astro9,cxta
0.20758812064434215,0,astro9,cxta
0.20914142301897493,0,astro9,cxta
0.20540600508405793,0,astro9,cxta
0.21415303831147406,0,astro9,cxta
0.23676688456616077,0,astro9,cxta
0.23139392090734814,0,astro9,cxta
0.25972832385111666,0,astro9,cxta
0.25596985342903217,0,astro9,cxta
0.2311570031132701,0,astro9,cxta
0.26783913170042883,0,astro9,cxta
0.22439187517741532,0,astro9,cxta
0.2385223453538656,0,astro9,cxta
0.22946001589796453,0,astro9,cxta
0.2285666434972378,0,astro9,cxta
0.22721214944402313,0,astro9,cxta
0.24819647220514404,0,astro9,cxta
0.23457245888873945,0,astro9,cxta
0.2164270439614309,0,astro9,cxta
0.2056279485988141,0,astro9,cxta
0.21403909531712556,0,astro9,cxta
0.20958990188969995,0,astro9,cxta
0.19098374839547633,0,astro9,cxta
0.2142687160673995,0,astro9,cxta
0.22935042575677045,0,astro9,cxta
0.2512134209493654,0,astro9,cxta
0.2441579045158916,0,astro9,cxta
0.2171116050249545,0,astro9,cxta
0.23893334451123902,0,astro9,cxta
0.2416296113039896,0,astro9,cxta
0.2350068897896434,0,astro9,cxta
0.22160939686233197,0,astro9,cxta
0.24996504071893608,0,astro9,cxta
0.25626170194520714,0,astro9,cxta
0.22400463553563568,0,astro9,cxta
0.22765322606456279,0,astro9,cxta
0.23243541537233528,0,astro9,cxta
0.22011978157317796,0,astro9,cxta
0.2262503237199466,0,astro9,cxta
0.2202372619193092,0,astro9,cxta
0.23109516969150287,0,astro9,cxta
0.24197177186429303,0,astro9,cxta
0.24791598023619424,0,astro9,cxta
0.2312257075487287,0,astro9,cxta
0.23995435401372375,0,astro9,cxta
0.20741229183426477,0,astro9,cxta
0.19857988099796298,0,astro9,cxta
0.21835858410750447,0,astro9,cxta
0.20720342502595493,0,astro9,cxta
0.22370593546027645,0,astro9,cxta
0.26024443674271946,0,astro9,cxta
0.2704626106092514,0,astro9,cxta
0.2239408913107989,0,astro9,cxta
0.2352100189997418,0,astro9,cxta
0.22746751639918472,0,astro9,cxta
0.27571528473293155,0,astro9,cxta
0.25147913144117046,0,astro9,cxta
0.26904316886353713,0,astro9,cxta
0.2585910371915875,0,astro9,cxta
0.2250960603688197,0,astro9,cxta
0.22914897421237398,0,astro9,cxta
0.23105406145446597,0,astro9,cxta
0.22907946275540012,0,astro9,cxta
0.2557689575741093,0,astro9,cxta
0.27098163239737466,0,astro9,cxta
0.2748992277529182,0,astro9,cxta
0.27642080592339807,0,astro9,cxta
0.2468907854429701,0,astro9,cxta
0.2611412935356913,0,astro9,cxta
0.2576622257613565,0,astro9,cxta
0.26520361201841886,0,astro9,cxta
0.2683806557777611,0,astro9,cxta
0.2368848326690777,0,astro9,cxta
0.25437089233007937,0,astro9,cxta
0.2733960700070228,0,astro9,cxta
0.2652327114015532,0,astro9,cxta
0.22768512552227127,0,astro9,cxta
0.2263171443338787,0,astro9,cxta
0.2523152155420499,0,astro9,cxta
0.27418888950896175,0,astro9,cxta
0.26045216333153004,0,astro9,cxta
0.2588036912556007,0,astro9,cxta
0.2629990250775007,0,astro9,cxta
0.24992420243595423,0,astro9,cxta
0.2669399899138626,0,astro9,cxta
0.26448010772865044,0,astro9,cxta
0.2524973784144927,0,astro9,cxta
0.26580773116041345,0,astro9,cxta
0.2736780726520515,0,astro9,cxta
0.2573960175457466,0,astro9,cxta
0.23657339018383608,0,astro9,cxta
0.23391051922987177,0,astro9,cxta
0.23364001359405515,0,astro9,cxta
0.23893747761308626,0,astro9,cxta
0.25289541687217054,0,astro9,cxta
0.23214243373232138,0,astro9,cxta
0.19520727896872803,0,astro9,cxta
0.227912762428583,0,astro9,cxta
0.212418826792651,0,astro9,cxta
0.24754353812214924,0,astro9,cxta
0.25985975906622005,0,astro9,cxta
0.2616873661979644,0,astro9,cxta
0.24165205329594247,0,astro9,cxta
0.24631625929093143,0,astro9,cxta
0.2512872788775932,0,astro9,cxta
0.2562529986251233,0,astro9,cxta
0.2655797734294314,0,astro9,cxta
0.24281804564004886,0,astro9,cxta
0.23553515741599448,0,astro9,cxta
0.23496076746541714,0,astro9,cxta
0.2555592115076975,0,astro9,cxta
0.24399569143939626,0,astro9,cxta
0.25865107809836374,0,astro9,cxta
0.2731052713070366,0,astro9,cxta
0.22893632833345995,0,astro9,cxta
0.22783203146156103,0,astro9,cxta
0.2516259030816974,0,astro9,cxta
0.21093883155860493,0,astro9,cxta
0.20888527592295558,0,astro9,cxta
0.2317071206753132,0,astro9,cxta
0.2652609141566265,0,astro9,cxta
0.26111406272862886,0,astro9,cxta
0.25789867933273636,0,astro9,cxta
0.251844154396263,0,astro9,cxta
0.23080451696980875,0,astro9,cxta
0.2262534772563528,0,astro9,cxta
0.2580184503486935,0,astro9,cxta
0.24666038156450526,0,astro9,cxta
0.24114415285508703,0,astro9,cxta
0.2363716040167354,0,astro9,cxta
0.21876913592952205,0,astro9,cxta
0.22132344487782893,0,astro9,cxta
0.24856272389214432,0,astro9,cxta
0.23245793999024225,0,astro9,cxta
0.2618200398471581,0,astro9,cxta
0.24536568444683526,0,astro9,cxta
0.23314948960528487,0,astro9,cxta
0.23287026559828963,0,astro9,cxta
0.26625511974338695,0,astro9,cxta
0.2759752603604265,0,astro9,cxta
0.27762719236071354,0,astro9,cxta
0.26878734723880165,0,astro9,cxta
0.25643945434424614,0,astro9,cxta
0.2633189722635662,0,astro9,cxta
0.24177200927887976,0,astro9,cxta
0.24467616169176593,0,astro9,cxta
0.23069369792495387,0,astro9,cxta
0.23063184103796755,0,astro9,cxta
0.2420553289379476,0,astro9,cxta
0.24531213171302332,0,astro9,cxta
0.24521486389650277,0,astro9,cxta
0.22767527768763499,0,astro9,cxta
0.2536963742492576,0,astro9,cxta
0.26767142574689695,1,astro9,cxta
0.2832854203791399,1,astro9,cxta
0.2801660504131644,1,astro9,cxta
0.28143490878231214,1,astro9,cxta
0.2549437918812213,1,astro9,cxta
0.2662531515997477,1,astro9,cxta
0.24334841114571573,1,astro9,cxta
0.25447462342193705,1,astro9,cxta
0.2510555917383128,1,astro9,cxta
0.27026944760844235,1,astro9,cxta
0.25074686630753973,1,astro9,cxta
0.25859315510037323,1,astro9,cxta
0.23148654330777446,1,astro9,cxta
0.26062585685933193,1,astro9,cxta
0.2597628787399989,1,astro9,cxta
0.27381124080901564,1,astro9,cxta
0.2560758595861028,1,astro9,cxta
0.253852844101257,1,astro9,cxta
0.254228000374186,1,astro9,cxta
0.24758145029288017,1,astro9,cxta
0.27552319641112705,1,astro9,cxta
0.30117744817188324,1,astro9,cxta
0.30089361603414594,1,astro9,cxta
0.25284791671173246,0,astro9,cxta
0.2669956586348537,0,astro9,cxta
0.25926773887726134,0,astro9,cxta
0.22197789892352052,0,astro9,cxta
0.24686169782346512,0,astro9,cxta
0.2336776100216777,0,astro9,cxta
0.2255838647117351,0,astro9,cxta
0.22348259856555788,0,astro9,cxta
0.2147901128181587,0,astro9,cxta
0.22027573466025033,0,astro9,cxta
0.249841565377751,0,astro9,cxta
0.23932772145099754,0,astro9,cxta
0.2439783259984024,0,astro9,cxta
0.25283907120218346,0,astro9,cxta
0.23928556751482788,0,astro9,cxta
0.23339046811922554,0,astro9,cxta
0.23833127072119398,0,astro9,cxta
0.27930618336872465,0,astro9,cxta
0.26139160827208724,0,astro9,cxta
0.2703466025623046,1,astro9,cxta
0.2639746026638461,1,astro9,cxta
0.2652894355145254,1,astro9,cxta
0.28222423999888707,1,astro9,cxta
0.25194506532687566,1,astro9,cxta
0.2514101621938047,1,astro9,cxta
0.2544388779081943,1,astro9,cxta
0.2319689366551047,1,astro9,cxta
0.2462644713475696,1,astro9,cxta
0.2579337081216139,1,astro9,cxta
0.24743255546889073,1,astro9,cxta
0.24936742769566334,1,astro9,cxta
0.27168899021740917,1,astro9,cxta
0.27035793038738304,1,astro9,cxta
0.2867925140806261,1,astro9,cxta
0.31447823626153476,0,astro9,cxta
0.3223218013099536,0,astro9,cxta
0.3095941283029025,0,astro9,cxta
0.30302169511295823,0,astro9,cxta
0.30389471224752307,0,astro9,cxta
0.2863672146066516,0,astro9,cxta
0.28202882361115694,0,astro9,cxta
0.2739974479551482,0,astro9,cxta
0.2902247106980989,0,astro9,cxta
0.3022717370192392,0,astro9,cxta
0.2786814529976328,0,astro9,cxta
0.2953445232565293,0,astro9,cxta
0.31400593681127265,0,astro9,cxta
0.31129023234794745,0,astro9,cxta
0.2803493986895681,0,astro9,cxta
0.2913839971915194,0,astro9,cxta
0.2900712218837783,0,astro9,cxta
0.2959410346137846,0,astro9,cxta
0.3070670667870973,0,astro9,cxta
0.3137694904000682,0,astro9,cxta
0.2800274677861168,0,astro9,cxta
0.26998169578463627,0,astro9,cxta
0.31699405155262245,0,astro9,cxta
0.29436078567184915,0,astro9,cxta
0.2881256708880825,0,astro9,cxta
0.3150079706933837,0,astro9,cxta
0.3102911551660738,0,astro9,cxta
0.2958006187610402,0,astro9,cxta
0.29603297538058876,0,astro9,cxta
0.3173017955080937,0,astro9,cxta
0.33944741132099027,0,astro9,cxta
0.3784342136737867,0,astro9,cxta
0.3990450521904565,0,astro9,cxta
0.39139547994254154,0,astro9,cxta
0.4088811229013925,0,astro9,cxta
0.40928161711367905,0,astro9,cxta
0.40011865734388513,0,astro9,cxta
0.373726744941507,0,astro9,cxta
0.3891640075225094,0,astro9,cxta
0.395929215369981,0,astro9,cxta
0.3950482507642052,0,astro9,cxta
0.40093731538170774,0,astro9,cxta
0.4487917866350707,0,astro9,cxta
0.41620813936336926,0,astro9,cxta
0.40011753044658316,0,astro9,cxta
0.4096726650587157,0,astro9,cxta
0.4129386497362232,0,astro9,cxta
0.4373780019439448,0,astro9,cxta
0.4279682580164302,0,astro9,cxta
0.42882524524805304,0,astro9,cxta
0.41321582789185957,0,astro9,cxta
0.44815937673916495,0,astro9,cxta
0.4588670389809017,0,astro9,cxta
0.4824633440786901,0,astro9,cxta
0.5152523953570617,0,astro9,cxta
0.4946190766721823,0,astro9,cxta
0.5056158279933939,0,astro9,cxta
0.5194259121368243,0,astro9,cxta
0.5500844994975251,0,astro9,cxta
0.5519832064273577,0,astro9,cxta
0.5333846209557015,0,astro9,cxta
0.5516709850545422,0,astro9,cxta
0.5155169465622333,0,astro9,cxta
0.5273038087031378,0,astro9,cxta
0.5424449949903157,0,astro9,cxta
0.5672543292626561,0,astro9,cxta
0.5551446443693483,0,astro9,cxta
0.5476277208842775,0,astro9,cxta
0.5617207722446632,0,astro9,cxta
0.5573749661281656,0,astro9,cxta
0.5558112681896152,0,astro9,cxta
0.5736744360420398,0,astro9,cxta
0.5648187815836209,0,astro9,cxta
0.5537865758329115,0,astro9,cxta
0.5874293812747675,0,astro9,cxta
0.5533877351070877,0,astro9,cxta
0.5709749403794977,0,astro9,cxta
0.5916592387321974,0,astro9,cxta
0.5905371952290039,0,astro9,cxta
0.6024731689861366,0,astro9,cxta
0.6091407709342107,0,astro9,cxta
0.591577933641993,0,astro9,cxta
0.592348260514014,0,astro9,cxta
0.5809213168805732,0,astro9,cxta
0.5921241327793408,0,astro9,cxta
0.579727372752399,0,astro9,cxta
0.560928348848912,0,astro9,cxta
0.5690765243476263,0,astro9,cxta
0.5335063776607716,0,astro9,cxta
0.5360758631552812,0,astro9,cxta
0.5212129745641542,0,astro9,cxta
0.5248323641481073,0,astro9,cxta
0.5149341165843849,0,astro9,cxta
0.4731133088343479,0,astro9,cxta
0.4800486480642046,0,astro9,cxta
0.5131288921801697,0,astro9,cxta
0.49973860380036356,0,astro9,cxta
0.4595344920051131,0,astro9,cxta
0.4607229526391113,0,astro9,cxta
0.4356888807242065,0,astro9,cxta
0.4562991488977919,0,astro9,cxta
0.41820908077986846,0,astro9,cxta
0.4349453735485861,0,astro9,cxta
0.4435618218897287,0,astro9,cxta
0.4053230730349463,0,astro9,cxta
0.4090775847639603,0,astro9,cxta
0.41997714019178606,0,astro9,cxta
0.4079560426746698,0,astro9,cxta
0.3827290494592077,0,astro9,cxta
0.3870499958746982,0,astro9,cxta
0.3488571656825252,0,astro9,cxta
0.3411457225672192,0,astro9,cxta
0.3586294198248417,0,astro9,cxta
0.35446014403454934,0,astro9,cxta
0.3484274889180771,0,astro9,cxta
0.3596790323916771,0,astro9,cxta
0.36295933946683734,0,astro9,cxta
0.3429536526078312,0,astro9,cxta
0.31218556560499494,0,astro9,cxta
0.32245494682584863,0,astro9,cxta
0.3102046642641031,0,astro9,cxta
0.30948932069474583,0,astro9,cxta
0.293556603941741,0,astro9,cxta
0.27727017174961405,0,astro9,cxta
0.26786213066471737,0,astro9,cxta
0.2764212965634358,0,astro9,cxta
0.2540027243578474,0,astro9,cxta
0.27060181822082296,0,astro9,cxta
0.2858906699749413,0,astro9,cxta
0.2754764750961078,0,astro9,cxta
0.23352433451026944,0,astro9,cxta
0.2591363800311731,0,astro9,cxta
0.23603274654887807,0,astro9,cxta
0.23704214374621346,0,astro9,cxta
0.24983917037222386,0,astro9,cxta
0.26545190892328385,0,astro9,cxta
0.269368582683047,0,astro9,cxta
0.25485282865660824,0,astro9,cxta
0.23762685217799712,0,astro9,cxta
0.2721833594955834,0,astro9,cxta
0.26645642769624994,0,astro9,cxta
0.27424446423785126,0,astro9,cxta
0.27143904860758045,0,astro9,cxta
0.26796537261153486,0,astro9,cxta
0.26088928048821264,0,astro9,cxta
0.27055079816311717,0,astro9,cxta
0.2840972560946546,0,astro9,cxta
0.2922710900618988,0,astro9,cxta
0.2444279541006079,0,astro9,cxta
0.27988314995140035,0,astro9,cxta
0.26717708088330655,0,astro9,cxta
0.24254503330947316,0,astro9,cxta
0.23785444376847148,0,astro9,cxta
0.244871681644677,0,astro9,cxta
0.24833884177276955,0,astro9,cxta
0.23461978666757888,0,astro9,cxta
0.22698808759043995,0,astro9,cxta
0.21148639367716382,0,astro9,cxta
0.2105419707137431,0,astro9,cxta
0.22326890668001273,0,astro9,cxta
0.21059796845096357,0,astro9,cxta
0.21554339579123394,0,astro9,cxta
0.2305336259466275,0,astro9,cxta
0.1921084166944568,0,astro9,cxta
0.19607078152563895,0,astro9,cxta
0.20279327736994898,0,astro9,cxta
0.24122232440308808,0,astro9,cxta
0.23116366947172765,0,astro9,cxta
0.22169385919146523,0,astro9,cxta
0.2063702096387317,0,astro9,cxta
0.21073204985200036,0,astro9,cxta
0.19827504395230605,0,astro9,cxta
0.22340528019002878,0,astro9,cxta
0.20408430675181938,0,astro9,cxta
0.21870346785305536,0,astro9,cxta
0.23544152639915755,0,astro9,cxta
0.26558677347860815,0,astro9,cxta
0.22876288610776943,0,astro9,cxta
0.21301356640878105,0,astro9,cxta
0.1933165385489459,0,astro9,cxta
0.21984774393515077,0,astro9,cxta
0.18552657491937352,0,astro9,cxta
0.17217678711335596,0,astro9,cxta
0.16397377076140152,0,astro9,cxta
0.16650652196673987,0,astro9,cxta
0.16637054993472658,0,astro9,cxta
0.1836472849086008,0,astro9,cxta
0.18168947643564354,0,astro9,cxta
0.17206075030709334,0,astro9,cxta
0.18349199247271555,0,astro9,cxta
0.19511945564326696,0,astro9,cxta
0.1998962535651333,0,astro9,cxta
0.18990422696450973,0,astro9,cxta
0.21403377153445338,0,astro9,cxta
0.1831063472076557,0,astro9,cxta
0.16619917517963348,0,astro9,cxta
0.182808322217776,0,astro9,cxta
0.20277105330129128,0,astro9,cxta
0.16353708249498103,0,astro9,cxta
0.16702194886720015,0,astro9,cxta
0.20107218172838756,0,astro9,cxta
0.19841569430008799,0,astro9,cxta
0.17328802370487018,0,astro9,cxta
0.17173634124897294,0,astro9,cxta
0.18007735689302912,0,astro9,cxta
0.16976673091331396,0,astro9,cxta
0.1865599265833817,0,astro9,cxta
0.19194697683678788,0,astro9,cxta
0.1707519373520485,0,astro9,cxta
0.17332518101566458,0,astro9,cxta
0.19825625494496987,0,astro9,cxta
0.1595448040145432,0,astro9,cxta
0.17855577445621781,0,astro9,cxta
0.20251155906919316,0,astro9,cxta
0.16788261302951668,0,astro9,cxta
0.16922579161548001,0,astro9,cxta
0.1915928413384163,0,astro9,cxta
0.15355409056677927,0,astro9,cxta
0.15139302866526338,0,astro9,cxta
0.18043844837583228,0,astro9,cxta
0.19154860865348708,0,astro9,cxta
0.18111588435359008,0,astro9,cxta
0.2001332946314959,0,astro9,cxta
0.21256615111241375,0,astro9,cxta
0.17844113311706875,0,astro9,cxta
0.16322272346392852,0,astro9,cxta
0.1623446073247295,0,astro9,cxta
0.19441996650321103,0,astro9,cxta
0.1817778876154466,0,astro9,cxta
0.17585662432419472,0,astro9,cxta
0.20054886249830595,0,astro9,cxta
0.17856136246322785,0,astro9,cxta
0.19400150780681938,0,astro9,cxta
0.1930749454870329,0,astro9,cxta
0.20669486209905696,0,astro9,cxta
0.195377176283895,0,astro9,cxta
0.17214292843106282,0,astro9,cxta
0.16875027643723553,0,astro9,cxta
0.17685951243365952,0,astro9,cxta
0.18328654231464414,0,astro9,cxta
0.18060478253917758,0,astro9,cxta
0.18068382634661936,0,astro9,cxta
0.1840790710580367,0,astro9,cxta
0.17536724552095814,0,astro9,cxta
0.20716168381908678,0,astro9,cxta
0.17273480348619072,0,astro9,cxta
0.1619471519123,0,astro9,cxta
0.1899110304561239,0,astro9,cxta
0.17296345892444853,0,astro9,cxta
0.13825580806646845,0,astro9,cxta
0.1709565302497258,0,astro9,cxta
0.1728703286089101,0,astro9,cxta
0.1800059866331675,0,astro9,cxta
0.1960811190830083,0,astro9,cxta
0.1825405661444941,0,astro9,cxta
0.18218760060381115,0,astro9,cxta
0.18312918536753434,0,astro9,cxta
0.17406230089713898,0,astro9,cxta
0.1819758242525142,0,astro9,cxta
0.19765021072004033,0,astro9,cxta
0.20279958640304377,0,astro9,cxta
0.1808968396429255,0,astro9,cxta
0.19183713381609152,0,astro9,cxta
0.15422481012493966,0,astro9,cxta
0.1669936170884072,0,astro9,cxta
0.17061852991878163,0,astro9,cxta
0.1677855071351685,0,astro9,cxta
0.1623759336960745,0,astro9,cxta
0.1960455036360788,0,astro9,cxta
0.2109489857125816,0,astro9,cxta
0.19891407093743196,0,astro9,cxta
0.1931072968715024,0,astro9,cxta
0.17467223483291677,0,astro9,cxta
0.17756580056556334,0,astro9,cxta
0.15665342615669453,0,astro9,cxta
0.13318991216069562,0,astro9,cxta
0.17618445333067378,0,astro9,cxta
0.17062348268900082,0,astro9,cxta
0.1575762009511408,0,astro9,cxta
0.1937027396381437,0,astro9,cxta
0.20341331591062628,0,astro9,cxta
0.1945322233946552,0,astro9,cxta
0.16575331546926342,0,astro9,cxta
0.17949161900051067,0,astro9,cxta
0.19577695924907346,0,astro9,cxta
0.16432311696380195,0,astro9,cxta
0.19593986131839802,0,astro9,cxta
0.164078331727865,0,astro9,cxta
0.19284342701597185,0,astro9,cxta
0.1575990130738749,0,astro9,cxta
0.15370703005783967,0,astro9,cxta
0.17615911198977613,0,astro9,cxta
0.19895915378427775,0,astro9,cxta
0.19502886502236733,0,astro9,cxta
0.2018403092503159,0,astro9,cxta
0.20179114900536702,0,astro9,cxta
0.19169974922552474,0,astro9,cxta
0.18149757702395564,0,astro9,cxta
0.19293913730148649,0,astro9,cxta
0.2185802672469853,0,astro9,cxta
0.19982882351726308,0,astro9,cxta
0.2358146478440359,0,astro9,cxta
0.24605304631356784,0,astro9,cxta
0.24501792867448682,0,astro9,cxta
0.22902782035933242,0,astro9,cxta
0.21511028002664215,0,astro9,cxta
0.2460070129927683,0,astro9,cxta
0.24594561353777655,0,astro9,cxta
0.20985679490713963,0,astro9,cxta
0.21004801172051105,0,astro9,cxta
0.19814688674692646,0,astro9,cxta
0.24478866024599513,0,astro9,cxta
0.2212453877207939,0,astro9,cxta
0.227623979151681,0,astro9,cxta
0.25291093262925674,0,astro9,cxta
0.24080561807276799,0,astro9,cxta
0.24318820725431653,0,astro9,cxta
0.22681409546215106,0,astro9,cxta
0.24150855681158473,0,astro9,cxta
0.23851960242293704,0,astro9,cxta
0.24261541356334979,0,astro9,cxta
0.2746135362466545,0,astro9,cxta
0.29933752740893954,0,astro9,cxta
0.32363221632382994,0,astro9,cxta
0.29581828207783445,0,astro9,cxta
0.29735680241731555,0,astro9,cxta
0.3475437291185128,0,astro9,cxta
0.36269071759783683,0,astro9,cxta
0.35766238462256433,0,astro9,cxta
0.3805921026929358,0,astro9,cxta
0.3661883776945916,0,astro9,cxta
0.40476112787781915,0,astro9,cxta
0.39846255926642965,0,astro9,cxta
0.41558860301346756,0,astro9,cxta
0.4149930018372529,0,astro9,cxta
0.4224418227767814,0,astro9,cxta
0.4501678151029936,0,astro9,cxta
0.4514415978900031,0,astro9,cxta
0.4601570636594142,0,astro9,cxta
0.4926326567277066,0,astro9,cxta
0.5042179768829846,0,astro9,cxta
0.5372167987003216,1,astro9,cxta
0.5286287401476272,1,astro9,cxta
0.5616892369957464,1,astro9,cxta
0.59773121991214,1,astro9,cxta
0.6417131906961978,1,astro9,cxta
0.6740038531205736,1,astro9,cxta
0.7092296829533443,1,astro9,cxta
0.7078248449624277,1,astro9,cxta
0.724112636639681,1,astro9,cxta
0.7692506355937136,1,astro9,cxta
0.784027694248514,1,astro9,cxta
0.8035360836043954,1,astro9,cxta
0.817927131933593,1,astro9,cxta
0.8506496103779497,1,astro9,cxta
0.8993258181364969,1,astro9,cxta
0.9550674005820585,0,astro9,cxta
0.9851609454349737,0,astro9,cxta
0.9775970608576621,0,astro9,cxta
0.9984904705115653,0,astro9,cxta
1.0285768453490765,0,astro9,cxta
1.062699598671769,0,astro9,cxta
1.0667489833787638,0,astro9,cxta
1.0682625292538503,0,astro9,cxta
1.084357650680484,0,astro9,cxta
1.0906390267313897,0,astro9,cxta
1.1028944882517397,0,astro9,cxta
1.1559605657269605,0,astro9,cxta
1.1506606987880672,0,astro9,cxta
1.1807070996313682,0,astro9,cxta
1.2052180844299771,0,astro9,cxta
1.2251695570935608,0,astro9,cxta
1.2048930981027755,0,astro9,cxta
1.2340238991924617,0,astro9,cxta
1.3061272958334034,0,astro9,cxta
1.3106643277438121,0,astro9,cxta
1.363413925080125,0,astro9,cxta
1.3559532660412423,0,astro9,cxta
1.3667129192807512,0,astro9,cxta
1.3221575365145395,0,astro9,cxta
1.336999826680647,0,astro9,cxta
1.3419051611414148,0,astro9,cxta
1.3629550386343519,0,astro9,cxta
1.317315195975884,0,astro9,cxta
1.3042302274168756,0,astro9,cxta
1.3169698744455327,0,astro9,cxta
1.3033761815631972,0,astro9,cxta
1.2842180139786403,0,astro9,cxta
1.2551017876422605,0,astro9,cxta
1.247623224087451,0,astro9,cxta
1.2126712197089222,0,astro9,cxta
1.1978442760412085,0,astro9,cxta
1.2035092660338147,0,astro9,cxta
1.185058486771488,0,astro9,cxta
1.207785424209947,0,astro9,cxta
1.2292123061614197,0,astro9,cxta
1.2378637620066792,0,astro9,cxta
1.1805673707898945,0,astro9,cxta
1.175595157777099,0,astro9,cxta
1.1700040969549712,0,astro9,cxta
1.1646671942466291,0,astro9,cxta
1.1701517086613435,0,astro9,cxta
1.135927163037292,0,astro9,cxta
1.1225687660204704,0,astro9,cxta
1.14731562671482,0,astro9,cxta
1.1543908674016534,0,astro9,cxta
1.1234645563221042,0,astro9,cxta
1.1139873532730804,0,astro9,cxta
1.1173467666302896,0,astro9,cxta
1.1072297742220196,0,astro9,cxta
1.1012064169006661,0,astro9,cxta
1.085109164840544,0,astro9,cxta
1.0339515135744828,0,astro9,cxta
0.997053005002661,0,astro9,cxta
0.9976403343384027,0,astro9,cxta
1.0214870341771263,0,astro9,cxta
1.0123154917693769,0,astro9,cxta
1.0082030402991544,0,astro9,cxta
0.964475724213955,0,astro9,cxta
0.9558752277362604,0,astro9,cxta
0.9203988423121544,0,astro9,cxta
0.924655573040145,0,astro9,cxta
0.9094032228939943,0,astro9,cxta
0.8620837913706326,0,astro9,cxta
0.8514114577363556,0,astro9,cxta
0.8234660625282747,0,astro9,cxta
0.7744144024250338,0,astro9,cxta
0.7392923874131135,0,astro9,cxta
0.7300294245848404,0,astro9,cxta
0.6889471352133449,0,astro9,cxta
0.6905836500963213,1,astro9,cxta
0.6606709149091093,1,astro9,cxta
0.6229995062914011,1,astro9,cxta
0.6128784065477508,1,astro9,cxta
0.5908746259736016,1,astro9,cxta
0.5787567284748317,1,astro9,cxta
0.62126244435929,1,astro9,cxta
0.5691883827005735,1,astro9,cxta
0.5830660010860609,1,astro9,cxta
0.5326409541520217,1,astro9,cxta
0.5360613670536412,1,astro9,cxta
0.5091470630006785,1,astro9,cxta
0.4780434904010443,1,astro9,cxta
0.4733134306185628,1,astro9,cxta
0.4778378485927799,1,astro9,cxta
0.44612210542946057,1,astro9,cxta
0.41458496555873847,1,astro9,cxta
0.4107876209994776,1,astro9,cxta
0.41143199106044304,1,astro9,cxta
0.40341700653339324,1,astro9,cxta
0.38581690883780295,1,astro9,cxta
0.38973487101256415,1,astro9,cxta
0.39198162971565176,1,astro9,cxta
0.35436401096946374,1,astro9,cxta
0.3484564551813766,1,astro9,cxta
0.36091631693521764,1,astro9,cxta
0.33316249702639084,1,astro9,cxta
0.3518070846905876,1,astro9,cxta
0.34283371571005256,1,astro9,cxta
0.3308944604643083,1,astro9,cxta
0.3346847055589231,1,astro9,cxta
0.3575386335806085,1,astro9,cxta
0.3632093580965532,1,astro9,cxta
0.33682067751355654,1,astro9,cxta
0.329578108091774,1,astro9,cxta
0.29887640845873736,1,astro9,cxta
0.3116663304095361,1,astro9,cxta
0.30835804475536127,1,astro9,cxta
0.3097591470759782,1,astro9,cxta
0.30446755826790606,1,astro9,cxta
0.29474753598313125,1,astro9,cxta
0.2975838613504358,1,astro9,cxta
0.31527741330888837,1,astro9,cxta
0.29270385997262705,1,astro9,cxta
0.31331155225100904,0,astro9,cxta
0.2893179858939511,0,astro9,cxta
0.2657329896778761,0,astro9,cxta
0.27403924206877167,0,astro9,cxta
0.29127041276391175,0,astro9,cxta
0.2875942762543016,0,astro9,cxta
0.288055673070444,0,astro9,cxta
0.2775127446377468,0,astro9,cxta
0.2809355324237829,0,astro9,cxta
0.2957063016234761,0,astro9,cxta
0.2715682742208895,0,astro9,cxta
0.23387190849557143,0,astro9,cxta
0.24981024226602114,0,astro9,cxta
0.24940909783374543,0,astro9,cxta
0.2632214722572036,0,astro9,cxta
0.27307494619917966,0,astro9,cxta
0.23985512972842732,0,astro9,cxta
0.24091682613358112,0,astro9,cxta
0.24826382174293488,0,astro9,cxta
0.25258159036510114,0,astro9,cxta
0.2643806972641923,0,astro9,cxta
0.21412708262703883,0,astro9,cxta
0.21590773087909534,0,astro9,cxta
0.22549929892380732,0,astro9,cxta
0.24976649638016077,0,astro9,cxta
0.25726118219546573,0,astro9,cxta
0.24122262009032885,0,astro9,cxta
0.22418038435863868,0,astro9,cxta
0.23381642916663245,0,astro9,cxta
0.2092211338728467,0,astro9,cxta
0.217217854839727,0,astro9,cxta
0.22067421976466092,0,astro9,cxta
0.23784340414970123,0,astro9,cxta
0.24873974217879147,0,astro9,cxta
0.2409705161475013,0,astro9,cxta
0.22443894738625725,0,astro9,cxta
0.22496361036562512,0,astro9,cxta
0.20634546919338856,0,astro9,cxta
0.23865727352156513,0,astro9,cxta
0.24695682927217008,0,astro9,cxta
0.2684349613418831,0,astro9,cxta
0.2536303683648877,0,astro9,cxta
0.2216303873104726,0,astro9,cxta
0.22098006477753476,0,astro9,cxta
0.22848344075634608,0,astro9,cxta
0.2292412269117808,0,astro9,cxta
0.21892196580321377,0,astro9,cxta
0.2164065971986153,0,astro9,cxta
0.23034833970223434,0,astro9,cxta
0.22736334368817374,0,astro9,cxta
0.22971958898756317,0,astro9,cxta
0.24286819291744957,0,astro9,cxta
0.22824532078336845,0,astro9,cxta
0.25119651503504015,0,astro9,cxta
0.21922369211914292,0,astro9,cxta
0.23508857470085523,0,astro9,cxta
0.20741178226837625,0,astro9,cxta
0.21766527453118809,0,astro9,cxta
0.20783269179477837,0,astro9,cxta
0.21841947489407754,0,astro9,cxta
0.22464415595609055,0,astro9,cxta
0.22198393575124173,0,astro9,cxta
0.21464100458222224,0,astro9,cxta
0.22121810030324007,0,astro9,cxta
0.2197903244096324,0,astro9,cxta
0.22956112692624797,0,astro9,cxta
0.19692289303638055,0,astro9,cxta
0.1936868430293049,0,astro9,cxta
0.22776890580813125,0,astro9,cxta
0.2004740991244374,0,astro9,cxta
0.2341378551893104,0,astro9,cxta
0.2007353912039167,0,astro9,cxta
0.2015190047020924,0,astro9,cxta
0.20764617201389376,0,astro9,cxta
0.2167495598774124,0,astro9,cxta
0.19524242239886266,0,astro9,cxta
0.20524919357814056,0,astro9,cxta
0.20771092928223336,0,astro9,cxta
0.18157057043928476,0,astro9,cxta
0.216984469541181,0,astro9,cxta
0.19448644027073742,0,astro9,cxta
0.19030153684109855,0,astro9,cxta
0.19568454193074275,0,astro9,cxta
0.18576485335217108,0,astro9,cxta
0.1910048346942435,0,astro9,cxta
0.19986428713693907,1,astro9,cxta
0.22198454799906434,1,astro9,cxta
0.2209774207455139,1,astro9,cxta
0.2218495349436342,1,astro9,cxta
0.18223872973843255,1,astro9,cxta
0.21237617876261122,1,astro9,cxta
0.19548002843885134,1,astro9,cxta
0.19004223306526388,1,astro9,cxta
0.2061523138073919,1,astro9,cxta
0.22410947305480783,1,astro9,cxta
0.2182758905948034,1,astro9,cxta
0.22040612245217653,1,astro9,cxta
0.20408337513385486,1,astro9,cxta
0.24364383201016146,1,astro9,cxta
0.22272672568168936,1,astro9,cxta
0.2137812395806445,1,astro9,cxta
0.2220901312893309,0,astro9,cxta
0.20697725498572944,0,astro9,cxta
0.23122203819650058,0,astro9,cxta
0.2327804708161818,0,astro9,cxta
0.20662244784990053,0,astro9,cxta
0.17614167055099192,0,astro9,cxta
0.20365476528804816,0,astro9,cxta
0.20241627476659946,0,astro9,cxta
0.2303142357530333,0,astro9,cxta
0.20698879566175657,0,astro9,cxta
0.20796248443757415,0,astro9,cxta
0.20720524221287084,0,astro9,cxta
0.20576405509801776,0,astro9,cxta
0.24411246587875038,0,astro9,cxta
0.24630780931562535,0,astro9,cxta
0.206838163060964,0,astro9,cxta
0.20911034777774506,0,astro9,cxta
0.22369786077051254,0,astro9,cxta
0.21647626457498695,0,astro9,cxta
0.18505896171782948,0,astro9,cxta
0.1936414551344013,0,astro9,cxta
0.19653231927239048,0,astro9,cxta
0.20209610494280353,0,astro9,cxta
0.22027494360835193,0,astro9,cxta
0.2150801475854668,0,astro9,cxta
0.22661304230923332,0,astro9,cxta
0.20387933932648505,0,astro9,cxta
0.204680390625321,0,astro9,cxta
0.20833883293690933,0,astro9,cxta
0.2068017114140565,0,astro9,cxta
0.24583553914169706,0,astro9,cxta
0.21133063094800117,0,astro9,cxta
0.2277415805915561,0,astro9,cxta
0.2218043080248338,0,astro9,cxta
0.20404566546500466,0,astro9,cxta
0.19402350687312195,0,astro9,cxta
0.20230202342466602,0,astro9,cxta
0.2154606221800508,0,astro9,cxta
0.1986606872183722,0,astro9,cxta
0.23228322445246263,0,astro9,cxta
0.23026646250687768,0,astro9,cxta
0.21735332791864392,0,astro9,cxta
0.21148848781482618,0,astro9,cxta
0.21511037210276085,0,astro9,cxta
0.21286900887447424,0,astro9,cxta
0.19798954312215725,0,astro9,cxta
0.1978739973099674,0,astro9,cxta
0.18108610612153242,0,astro9,cxta
0.205180324713763,0,astro9,cxta
0.21374854596188736,0,astro9,cxta
0.19298276546742704,0,astro9,cxta
0.18615661382654697,0,astro9,cxta
0.17793709468759691,0,astro9,cxta
0.1749776181453536,0,astro9,cxta
0.20682720881172859,0,astro9,cxta
0.21366588756000246,0,astro9,cxta
0.17133080656225672,0,astro9,cxta
0.19962060086298206,0,astro9,cxta
0.19978270632230727,0,astro9,cxta
0.21469761070887675,0,astro9,cxta
0.21542007529090557,0,astro9,cxta
0.22415763969004956,0,astro9,cxta
0.2176902464050967,0,astro9,cxta
0.20141455640127173,0,astro9,cxta
0.20662819853167624,0,astro9,cxta
0.20542686023173568,0,astro9,cxta
0.18256959581479573,0,astro9,cxta
0.19875387316785273,0,astro9,cxta
0.2080700189716002,0,astro9,cxta
0.2346120270868421,0,astro9,cxta
0.2222672873890983,0,astro9,cxta
0.2075053757766508,0,astro9,cxta
0.23711138540909915,0,astro9,cxta
0.2327231438948006,0,astro9,cxta
0.17834577250249625,0,astro9,cxta
0.20512641791041375,0,astro9,cxta
0.21246503316381518,0,astro9,cxta
0.1784642329689931,0,astro9,cxta
0.19082404422082272,0,astro9,cxta
0.17997196487851505,0,astro9,cxta
0.1872342771314164,0,astro9,cxta
0.21593448864410986,0,astro9,cxta
0.20970715851777874,0,astro9,cxta
0.23729107788938078,0,astro9,cxta
0.1950285872512914,0,astro9,cxta
0.18016947806248224,0,astro9,cxta
0.1866181752955916,0,astro9,cxta
0.21935064941716004,0,astro9,cxta
0.17371473854461345,0,astro9,cxta
0.1968196201567737,0,astro9,cxta
0.2285948263098008,0,astro9,cxta
0.24429018308079126,0,astro9,cxta
0.21793382945648365,0,astro9,cxta
0.2233003186098178,0,astro9,cxta
0.21034685926836452,0,astro9,cxta
0.17621603007170933,0,astro9,cxta
0.20394218511725432,0,astro9,cxta
0.22060383429524916,0,astro9,cxta
0.20275483314914483,0,astro9,cxta
0.2164230443377044,0,astro9,cxta
0.19327451460312564,0,astro9,cxta
0.21058950537362647,0,astro9,cxta
0.22290722800760354,0,astro9,cxta
0.21721516341366257,0,astro9,cxta
0.2367427103626494,0,astro9,cxta
0.21322930177636726,0,astro9,cxta
0.24164520474242787,0,astro9,cxta
0.23378732804073157,0,astro9,cxta
0.22345300749921987,0,astro9,cxta
0.25023396788637264,0,astro9,cxta
0.2297313342325435,0,astro9,cxta
0.19720350127593247,0,astro9,cxta
0.2481028869066186,0,astro9,cxta
0.22978664835711549,0,astro9,cxta
0.24314545144175378,0,astro9,cxta
0.23236080270842552,0,astro9,cxta
0.23862488751189345,0,astro9,cxta
0.2564927797737604,0,astro9,cxta
0.25769771153447535,0,astro9,cxta
0.2220752042221023,0,astro9,cxta
0.2257577715789789,0,astro9,cxta
0.2278223063856819,0,astro9,cxta
0.2633392232709923,0,astro9,cxta
0.2381790964132936,0,astro9,cxta
0.28503748345604507,0,astro9,cxta
0.2700738632319281,0,astro9,cxta
0.2703290478468268,0,astro9,cxta
0.2708154804047492,0,astro9,cxta
0.2928991365564458,0,astro9,cxta
0.27727153642540187,0,astro9,cxta
0.27165973723779235,0,astro9,cxta
0.29944000816461536,0,astro9,cxta
0.2826010550449289,0,astro9,cxta
0.2861257575830251,0,astro9,cxta
0.29212316541608113,0,astro9,cxta
0.27910281563960304,0,astro9,cxta
0.2936691542158673,0,astro9,cxta
0.28289396617272966,0,astro9,cxta
0.2741877402909468,0,astro9,cxta
0.3069516192502407,0,astro9,cxta
0.3067621411301713,0,astro9,cxta
0.28473801086436495,0,astro9,cxta
0.32063697996815604,0,astro9,cxta
0.32853476566141676,0,astro9,cxta
0.347536862640273,0,astro9,cxta
0.3617170399500851,0,astro9,cxta
0.3746406264060566,0,astro9,cxta
0.3711374898174979,0,astro9,cxta
0.3805888063687998,0,astro9,cxta
0.41502524554974235,0,astro9,cxta
0.4200059386145798,0,astro9,cxta
0.45864966335144447,0,astro9,cxta
0.44750674509780497,0,astro9,cxta
0.48826922931592137,0,astro9,cxta
0.46256238770247854,0,astro9,cxta
0.467763014354007,0,astro9,cxta
0.48068258240490164,0,astro9,cxta
0.5258638923874697,0,astro9,cxta
0.5185855501105917,0,astro9,cxta
0.48514674105996525,0,astro9,cxta
0.5003176168636885,0,astro9,cxta
0.5147067427782371,0,astro9,cxta
0.487128285692806,0,astro9,cxta
0.48343933631397856,0,astro9,cxta
0.49642905095769957,0,astro9,cxta
0.4921810001903369,0,astro9,cxta
0.48340364527586727,0,astro9,cxta
0.4875977422003095,0,astro9,cxta
0.4859493059778982,0,astro9,cxta
0.4820549065301694,0,astro9,cxta
0.46598616327517517,0,astro9,cxta
0.4444848218069622,0,astro9,cxta
0.4184867027009716,0,astro9,cxta
0.4503364983051157,1,astro9,cxta
0.44244046143316257,1,astro9,cxta
0.43225166920682034,1,astro9,cxta
0.4531284695088806,1,astro9,cxta
0.4257102417112129,1,astro9,cxta
0.46174534140017487,1,astro9,cxta
0.48463151459349696,1,astro9,cxta
0.4985371704175157,1,astro9,cxta
0.48342600649538525,1,astro9,cxta
0.5144322466886055,1,astro9,cxta
0.5090614314370074,1,astro9,cxta
0.5350068724557915,1,astro9,cxta
0.5310347237013486,1,astro9,cxta
0.543094090931704,1,astro9,cxta
0.5628836591628905,0,astro9,cxta
0.5989603810637821,0,astro9,cxta
0.5997112685598252,0,astro9,cxta
0.5981816671862885,0,astro9,cxta
0.5765394583724835,0,astro9,cxta
0.5572363385478205,0,astro9,cxta
0.5506793710997386,0,astro9,cxta
0.5590436007683507,0,astro9,cxta
0.5831707645990502,0,astro9,cxta
0.5976621856693304,0,astro9,cxta
0.5959886232910819,0,astro9,cxta
0.576899960004764,0,astro9,cxta
0.5678880007064158,0,astro9,cxta
0.5659995227296196,0,astro9,cxta
0.5616207831150792,0,astro9,cxta
0.5836824267601571,0,astro9,cxta
0.5713422772882031,0,astro9,cxta
0.5738296132716326,1,astro9,cxta
0.5533947056165115,1,astro9,cxta
0.581101038825246,1,astro9,cxta
0.6187740205652399,1,astro9,cxta
0.6026576745774174,1,astro9,cxta
0.5926705092899656,1,astro9,cxta
0.6248991425522793,1,astro9,cxta
0.6230373435275012,1,astro9,cxta
0.6135021935305017,1,astro9,cxta
0.63644757953902,1,astro9,cxta
0.6387893424089045,1,astro9,cxta
0.6326659765364122,1,astro9,cxta
0.6197014218243069,1,astro9,cxta
0.6670475023167647,1,astro9,cxta
0.6550074896636129,1,astro9,cxta
0.6294376164013787,1,astro9,cxta
0.6328403878994004,1,astro9,cxta
0.6270008090919784,1,astro9,cxta
0.6313879657293446,1,astro9,cxta
0.6033903633416313,1,astro9,cxta
0.6075848099979814,1,astro9,cxta
0.5923219431519405,0,astro9,cxta
0.631969263433484,0,astro9,cxta
0.6099349964866965,0,astro9,cxta
0.6316307522449697,0,astro9,cxta
0.6509665852375746,0,astro9,cxta
0.6261960127626751,0,astro9,cxta
0.5987028131175285,0,astro9,cxta
0.6324495309762909,0,astro9,cxta
0.6409963779959318,0,astro9,cxta
0.6678695429089517,0,astro9,cxta
0.6459121478915653,0,astro9,cxta
0.6388834143118217,0,astro9,cxta
0.6508280414435643,0,astro9,cxta
0.6434816788854684,0,astro9,cxta
0.6434400802454772,0,astro9,cxta
0.6243599980267984,0,astro9,cxta
0.6492587341124813,0,astro9,cxta
0.6054734923353687,0,astro9,cxta
0.5977026605600877,0,astro9,cxta
0.6207399422344884,0,astro9,cxta
0.5827902992382732,0,astro9,cxta
0.5675927204545372,0,astro9,cxta
0.5709919265606122,0,astro9,cxta
0.569960957275201,0,astro9,cxta
0.5589893853026875,0,astro9,cxta
0.589098886228615,0,astro9,cxta
0.6028876267199984,0,astro9,cxta
0.5617472743986189,0,astro9,cxta
0.5247620076222982,0,astro9,cxta
0.5344048733290053,0,astro9,cxta
0.5531527367061169,0,astro9,cxta
0.5166984905585542,0,astro9,cxta
0.4989921618595859,0,astro9,cxta
0.5080514170531713,0,astro9,cxta
0.5314667597605738,0,astro9,cxta
0.5094397414548197,0,astro9,cxta
0.4762854890159822,0,astro9,cxta
0.47197257993946395,0,astro9,cxta
0.4831787489891036,0,astro9,cxta
0.47766275548152914,1,astro9,cxta
0.45307144859680004,1,astro9,cxta
0.4588851981842012,1,astro9,cxta
0.43110200268338067,1,astro9,cxta
0.4382657676673284,1,astro9,cxta
0.47268877241031243,1,astro9,cxta
0.4437920427689835,1,astro9,cxta
0.432115374110076,1,astro9,cxta
0.42350746281375135,1,astro9,cxta
0.4334769985017367,1,astro9,cxta
0.4446318800718494,1,astro9,cxta
0.43753541016987835,1,astro9,cxta
0.40765582573466796,1,astro9,cxta
0.41802832015756225,1,astro9,cxta
0.4196453802734056,1,astro9,cxta
0.41880179251578403,0,astro9,cxta
0.3966599351354275,0,astro9,cxta
0.4083683377224801,0,astro9,cxta
0.39877177669847375,0,astro9,cxta
0.3897023443964965,0,astro9,cxta
0.3729064562565249,0,astro9,cxta
0.34577783077278557,0,astro9,cxta
0.3093153623860468,0,astro9,cxta
0.34202599990839044,0,astro9,cxta
0.31592843883204247,0,astro9,cxta
0.28507458680852416,0,astro9,cxta
0.3165900312707258,0,astro9,cxta
0.2971188291978545,0,astro9,cxta
0.3126941638443655,0,astro9,cxta
0.3141222738619703,0,astro9,cxta
0.2936329763977795,0,astro9,cxta
0.3055318275101834,0,astro9,cxta
0.30055268711344174,0,astro9,cxta
0.2824996221674212,0,astro9,cxta
0.2715082775837685,0,astro9,cxta
0.29969028194343533,0,astro9,cxta
0.30570520198954015,0,astro9,cxta
0.3205552796300472,0,astro9,cxta
0.29465819665768256,0,astro9,cxta
0.3145010784132221,0,astro9,cxta
0.3016962286425478,0,astro9,cxta
0.3154598548669077,0,astro9,cxta
0.33893546047419515,0,astro9,cxta
0.34580102680100977,0,astro9,cxta
0.3149075016070141,0,astro9,cxta
0.292877669177589,0,astro9,cxta
0.30620637415888674,0,astro9,cxta
0.31481105401243065,0,astro9,cxta
0.3193195259541801,0,astro9,cxta
0.2879680342318196,0,astro9,cxta
0.2857094997740988,0,astro9,cxta
0.2626861170271356,0,astro9,cxta
0.28077452976005146,0,astro9,cxta
0.3157650313593662,0,astro9,cxta
0.28365044471051426,0,astro9,cxta
0.2872147971133716,0,astro9,cxta
0.2993887438838362,0,astro9,cxta
0.27936593302725093,0,astro9,cxta
0.25407812853683676,0,astro9,cxta
0.24852274716194991,0,astro9,cxta
0.2817290617705586,0,astro9,cxta
0.2880927402206527,0,astro9,cxta
0.2741977968685364,0,astro9,cxta
0.2587197846974317,0,astro9,cxta
0.24426958792103903,0,astro9,cxta
0.265620212637424,0,astro9,cxta
0.2535722981037819,0,astro9,cxta
0.2787697344314148,0,astro9,cxta
0.2879103850358098,0,astro9,cxta
0.301301819930573,0,astro9,cxta
0.2604486809438143,0,astro9,cxta
0.23437188967153544,0,astro9,cxta
0.2621991586954489,0,astro9,cxta
0.2883123710583869,0,astro9,cxta
0.2439565894669292,0,astro9,cxta
0.24450597160550558,0,astro9,cxta
0.24053228892165124,0,astro9,cxta
0.23527724604634118,0,astro9,cxta
0.25303114544104266,0,astro9,cxta
0.2497715009608031,0,astro9,cxta
0.2481391921349728,0,astro9,cxta
0.2359995919392773,0,astro9,cxta
0.25170565204946516,0,astro9,cxta
0.25852321786904664,0,astro9,cxta
0.23846343147955265,0,astro9,cxta
0.26333003531322774,0,astro9,cxta
0.2636365102744708,0,astro9,cxta
0.2640120482588285,0,astro9,cxta
0.27326461204649527,0,astro9,cxta
0.24762791909411502,0,astro9,cxta
0.2365699914341767,0,astro9,cxta
0.22521901595120034,0,astro9,cxta
0.2489041448524833,0,astro9,cxta
0.24041358502585525,0,astro9,cxta
0.2676718912489664,0,astro9,cxta
0.2527766679485504,0,astro9,cxta
0.24975555855538234,0,astro9,cxta
0.2718145019182935,0,astro9,cxta
0.2598443262457307,0,astro9,cxta
0.2768305073190555,0,astro9,cxta
0.26771266194344495,0,astro9,cxta
0.2764668979411409,0,astro9,cxta
0.2925327668988483,0,astro9,cxta
0.2796368332234457,0,astro9,cxta
0.25665515483391727,0,astro9,cxta
0.25401963819379214,0,astro9,cxta
0.24806676277764275,0,astro9,cxta
0.2502328090846751,0,astro9,cxta
0.2615295232884504,0,astro9,cxta
0.20828914025616566,0,astro9,cxta
0.2205948228762533,0,astro9,cxta
0.22004842128882973,0,astro9,cxta
0.23924513895686084,0,astro9,cxta
0.23635196085309762,0,astro9,cxta
0.25442310466151885,0,astro9,cxta
0.25369877247315414,0,astro9,cxta
0.2523369613175274,0,astro9,cxta
0.25673470885305405,0,astro9,cxta
0.2403905057002753,0,astro9,cxta
0.23435042748236334,1,astro9,cxta
0.2310193335181176,1,astro9,cxta
0.25182835688855076,1,astro9,cxta
0.25997591642505985,1,astro9,cxta
0.2565201864924128,1,astro9,cxta
0.2643023802032081,1,astro9,cxta
0.26301572913469295,1,astro9,cxta
0.22878105159612125,1,astro9,cxta
0.2112401321930638,1,astro9,cxta
0.2423499038263466,1,astro9,cxta
0.24118144982760203,1,astro9,cxta
0.22729991841680697,1,astro9,cxta
0.2251834427886688,1,astro9,cxta
0.22847348730076197,1,astro9,cxta
0.2019028951913233,1,astro9,cxta
0.2208038814200895,1,astro9,cxta
0.2021963862521598,1,astro9,cxta
0.21157039974863892,1,astro9,cxta
0.2112741989565737,1,astro9,cxta
0.22584801105693794,1,astro9,cxta
0.2525590546361641,1,astro9,cxta
0.2457034757622999,1,astro9,cxta
0.26840658023831154,0,astro9,cxta
0.23704675046363483,0,astro9,cxta
0.25121300603456376,0,astro9,cxta
0.23091781089126545,0,astro9,cxta
0.24599198228303443,0,astro9,cxta
0.21587947712669733,0,astro9,cxta
0.23176583019247174,0,astro9,cxta
0.2558228949349297,0,astro9,cxta
0.23633068985688607,0,astro9,cxta
0.23328903883113505,0,astro9,cxta
0.19981679960367388,0,astro9,cxta
0.20298121907189368,0,astro9,cxta
0.2126476371847512,0,astro9,cxta
0.219496519652717,0,astro9,cxta
0.21100115408456588,0,astro9,cxta
0.21561482400572085,0,astro9,cxta
0.2015432432084352,0,astro9,cxta
0.20558624192514788,0,astro9,cxta
0.21229818160625724,0,astro9,cxta
0.22860365707276903,0,astro9,cxta
0.21325264292210305,0,astro9,cxta
0.20929568397723225,0,astro9,cxta
0.1870705860823317,0,astro9,cxta
0.20030520783209596,0,astro9,cxta
0.21066702619076286,0,astro9,cxta
0.20172696909847454,0,astro9,cxta
0.18314938308188156,0,astro9,cxta
0.1966583069507862,0,astro9,cxta
0.20355068389513217,1,astro9,cxta
0.2149269420735482,1,astro9,cxta
0.17383387615708418,1,astro9,cxta
0.17656350206079738,1,astro9,cxta
0.1799490654223522,1,astro9,cxta
0.19815575910753835,1,astro9,cxta
0.2016695906164372,1,astro9,cxta
0.20518843073747473,1,astro9,cxta
0.23282211659538346,1,astro9,cxta
0.23389893086485972,1,astro9,cxta
0.23134519658320118,1,astro9,cxta
0.21578538057770166,1,astro9,cxta
0.2217327631956104,1,astro9,cxta
0.21040550982489284,0,astro9,cxta
0.22543990662282515,0,astro9,cxta
0.22271224559584193,0,astro9,cxta
0.2371711201561676,0,astro9,cxta
0.24683150643876914,0,astro9,cxta
0.22662736901857816,0,astro9,cxta
0.21568227224235223,0,astro9,cxta
0.21283914116869393,0,astro9,cxta
0.22095423979661444,0,astro9,cxta
0.21983299686406324,0,astro9,cxta
0.2612332791097562,0,astro9,cxta
0.2468421737203349,0,astro9,cxta
0.23567253339044253,0,astro9,cxta
0.20830924165599451,0,astro9,cxta
0.22120573289937914,0,astro9,cxta
0.2283103408093894,0,astro9,cxta
0.21333014552575807,0,astro9,cxta
0.2340921194557781,0,astro9,cxta
0.25713841170003865,0,astro9,cxta
0.22039650210024408,0,astro9,cxta
0.2119318942342023,0,astro9,cxta
0.24333133413579375,0,astro9,cxta
0.23822432104112612,0,astro9,cxta
0.2474605603612988,0,astro9,cxta
0.26776502733938173,0,astro9,cxta
0.27554761631273417,0,astro9,cxta
0.25601948173080474,0,astro9,cxta
0.2589651888812667,0,astro9,cxta
0.2523143395812683,0,astro9,cxta
0.23867746340275162,0,astro9,cxta
0.24491913340641377,0,astro9,cxta
0.23722650069531243,0,astro9,cxta
0.279376239173823,0,astro9,cxta
0.286406706259557,0,astro9,cxta
0.2742230615473071,0,astro9,cxta
0.2808374033467373,0,astro9,cxta
0.2779282644259847,0,astro9,cxta
0.27524689208593345,0,astro9,cxta
0.2525452145114128,0,astro9,cxta
0.28332990999028584,0,astro9,cxta
0.26417399353159343,0,astro9,cxta
0.295151759471583,0,astro9,cxta
0.30594550396813236,0,astro9,cxta
0.30141657593583365,0,astro9,cxta
0.3230576466220628,0,astro9,cxta
0.2922296951623706,0,astro9,cxta
0.2842805436873962,0,astro9,cxta
0.2995377358652143,0,astro9,cxta
0.31517438636881834,0,astro9,cxta
0.3296280223804584,0,astro9,cxta
0.3466439670081767,0,astro9,cxta
0.3450098753600433,0,astro9,cxta
0.3433269412557437,0,astro9,cxta
0.3541139208803751,0,astro9,cxta
0.3601674130595696,0,astro9,cxta
0.3477250506259285,0,astro9,cxta
0.3645687913504945,0,astro9,cxta
0.3783092287703387,0,astro9,cxta
0.3927319503582892,0,astro9,cxta
0.39548003967085865,0,astro9,cxta
0.42043686258106117,0,astro9,cxta
0.4522720893081331,0,astro9,cxta
0.4864268885146739,0,astro9,cxta
0.5013809033131015,0,astro9,cxta
0.465110110813318,0,astro9,cxta
0.48175648229504303,0,astro9,cxta
0.43853561404967467,0,astro9,cxta
0.4805024855724684,0,astro9,cxta
0.4690321312682497,0,astro9,cxta
0.4832591374368471,0,astro9,cxta
0.46464287404708954,0,astro9,cxta
0.4945140239401937,0,astro9,cxta
0.5322479142358342,0,astro9,cxta
0.5462530589820563,0,astro9,cxta
0.5841645376646188,0,astro9,cxta
0.5883558954285768,0,astro9,cxta
0.5974871791782543,0,astro9,cxta
0.6033865269778723,0,astro9,cxta
0.5795229815194496,0,astro9,cxta
0.5997736004091841,0,astro9,cxta
0.6215623499585143,0,astro9,cxta
0.6474393299781753,0,astro9,cxta
0.6146502652498842,0,astro9,cxta
0.6331622215352344,0,astro9,cxta
0.6553199298003639,0,astro9,cxta
0.6556212842319359,0,astro9,cxta
0.6884505307823433,0,astro9,cxta
0.6912610181086395,0,astro9,cxta
0.6984247683263848,0,astro9,cxta
0.6853779190760895,0,astro9,cxta
0.6916565462991675,0,astro9,cxta
0.6647328289007677,0,astro9,cxta
0.6975076537420847,0,astro9,cxta
0.718906527399984,0,astro9,cxta
0.7551365856868641,0,astro9,cxta
0.7440649231112955,0,astro9,cxta
0.7642342211422156,0,astro9,cxta
0.7832283882314631,0,astro9,cxta
0.7820464888135981,0,astro9,cxta
0.8130501915382046,0,astro9,cxta
0.8149681631030709,0,astro9,cxta
0.8310956008785036,0,astro9,cxta
0.8580219640128606,0,astro9,cxta
0.8382843744814295,0,astro9,cxta
0.848844016721249,0,astro9,cxta
0.7952641249325597,0,astro9,cxta
0.7825425453557255,0,astro9,cxta
0.8166436745866854,0,astro9,cxta
0.8104878089160183,0,astro9,cxta
0.7972053784051597,0,astro9,cxta
0.7825297904417734,0,astro9,cxta
0.7892036459332563,0,astro9,cxta
0.810769573619179,0,astro9,cxta
0.7982214418300014,0,astro9,cxta
0.8073000600057517,0,astro9,cxta
0.781654475401604,0,astro9,cxta
0.7521518951203854,0,astro9,cxta
0.7691695528872766,0,astro9,cxta
0.7846313462092477,0,astro9,cxta
0.7836980365651514,0,astro9,cxta
0.8121574308993775,0,astro9,cxta
0.7959824151280703,0,astro9,cxta
0.7941794313143331,0,astro9,cxta
0.8115643798419103,0,astro9,cxta
0.8597037790495443,0,astro9,cxta
0.8733351920081239,0,astro9,cxta
0.8707731329597465,0,astro9,cxta
0.8655686667072909,0,astro9,cxta
0.8488008196655519,0,astro9,cxta
0.8441387796398891,0,astro9,cxta
0.8601488416156725,0,astro9,cxta
0.8547904217990658,0,astro9,cxta
0.8331713750308974,0,astro9,cxta
0.8241262119319767,0,astro9,cxta
0.8116572000953013,0,astro9,cxta
0.8003256787316068,0,astro9,cxta
0.7391128316700635,0,astro9,cxta
0.7130603029992865,0,astro9,cxta
0.7258761945170205,0,astro9,cxta
0.699758693133072,0,astro9,cxta
0.7235635214492878,0,astro9,cxta
0.7261178310821937,0,astro9,cxta
0.6933847670996386,0,astro9,cxta
0.693419787936937,0,astro9,cxta
0.6916880866864238,0,astro9,cxta
0.6898874001647146,0,astro9,cxta
0.6980680038315723,0,astro9,cxta
0.679102720701516,0,astro9,cxta
0.6697849949150783,0,astro9,cxta
0.685440508027953,0,astro9,cxta
0.6514451501324346,0,astro9,cxta
0.6367662347715809,0,astro9,cxta
0.6384813593115227,0,astro9,cxta
0.6339683164324772,0,astro9,cxta
0.6093190992480899,0,astro9,cxta
0.6122935358740222,0,astro9,cxta
0.5943643781806636,0,astro9,cxta
0.607691487341726,0,astro9,cxta
0.5697706714866858,0,astro9,cxta
0.5636651757404189,0,astro9,cxta
0.5640251425618521,0,astro9,cxta
0.5297823572612499,0,astro9,cxta
0.47951626819874765,0,astro9,cxta
0.4906734522888088,0,astro9,cxta
0.5267649291487124,0,astro9,cxta
0.478197075752439,0,astro9,cxta
0.4801470172530496,0,astro9,cxta
0.473208950031388,0,astro9,cxta
0.5124796975205883,0,astro9,cxta
0.5083175989038875,0,astro9,cxta
0.4798895801085041,0,astro9,cxta
0.46517857418821135,0,astro9,cxta
0.4630114971978337,0,astro9,cxta
0.4793683229346561,0,astro9,cxta
0.4575647544382262,0,astro9,cxta
0.45631177606340423,0,astro9,cxta
0.46462875037512724,0,astro9,cxta
0.45258628476506557,0,astro9,cxta
0.4220684302571658,0,astro9,cxta
0.41696236758292815,0,astro9,cxta
0.4150482697934882,0,astro9,cxta
0.41677152581013904,0,astro9,cxta
0.40213675429394174,0,astro9,cxta
0.3917121219138294,0,astro9,cxta
0.40221061014549353,0,astro9,cxta
0.4105137088782621,0,astro9,cxta
0.3980319293127049,0,astro9,cxta
0.4166734188680897,0,astro9,cxta
0.3988453780986878,0,astro9,cxta
0.39321776728530694,0,astro9,cxta
0.3963337772434396,0,astro9,cxta
0.36788098368138966,0,astro9,cxta
0.3766278162881909,0,astro9,cxta
0.3818993129788896,0,astro9,cxta
0.37719754784147175,0,astro9,cxta
0.3865378310438924,0,astro9,cxta
0.3539915487212184,0,astro9,cxta
0.33381452909090853,0,astro9,cxta
0.353536746506264,0,astro9,cxta
0.3422929135066268,0,astro9,cxta
0.3452235777976868,0,astro9,cxta
0.3256389883394459,0,astro9,cxta
0.3180231796488019,0,astro9,cxta
0.3119617239369382,0,astro9,cxta
0.3143704975219153,0,astro9,cxta
0.30940486678220575,0,astro9,cxta
0.314011532943714,0,astro9,cxta
0.3055238042180017,0,astro9,cxta
0.30697908562738135,0,astro9,cxta
0.3222794284692632,0,astro9,cxta
0.3044612887443438,0,astro9,cxta
0.29082128725158557,0,astro9,cxta
0.29170396689013184,0,astro9,cxta
0.30824855769265425,0,astro9,cxta
0.293033457906655,0,astro9,cxta
0.2957910669131228,0,astro9,cxta
0.2918557028107222,0,astro9,cxta
0.2903374911828078,0,astro9,cxta
0.2627887881181685,0,astro9,cxta
0.2662702916890591,0,astro9,cxta
0.2490549243676206,0,astro9,cxta
0.26891829621283364,0,astro9,cxta
0.278428571896077,0,astro9,cxta
0.29043874990034785,0,astro9,cxta
0.25575312232878217,0,astro9,cxta
0.2892078522098871,0,astro9,cxta
0.2773228553632595,0,astro9,cxta
0.2971748002975853,0,astro9,cxta
0.26229138224990023,0,astro9,cxta
0.2556101084206736,0,astro9,cxta
0.26633337473612145,0,astro9,cxta
0.27811091060820087,0,astro9,cxta
0.26584297042398997,0,astro9,cxta
0.2793277154277493,0,astro9,cxta
0.268256179497747,0,astro9,cxta
0.2744758019007341,0,astro9,cxta
0.2445290720091647,0,astro9,cxta
0.27149360838515435,0,astro9,cxta
0.29900248377291017,0,astro9,cxta
0.27444464260918056,0,astro9,cxta
0.2553113106889727,0,astro9,cxta
0.24924102179768753,0,astro9,cxta
0.26375469065515633,1,astro9,cxta
0.2623808770642327,1,astro9,cxta
0.280962456047948,1,astro9,cxta
0.28367336428297496,1,astro9,cxta
0.2542069402456258,1,astro9,cxta
0.26551597379075587,1,astro9,cxta
0.27759973198497095,1,astro9,cxta
0.2914305628418429,1,astro9,cxta
0.263791515302665,1,astro9,cxta
0.2646894190783755,1,astro9,cxta
0.26814163528247653,1,astro9,cxta
0.2404363872512351,1,astro9,cxta
0.2387740619877423,1,astro9,cxta
0.21931436598541057,1,astro9,cxta
0.2236212705056784,1,astro9,cxta
0.236911218687942,1,astro9,cxta
0.22032192407861415,1,astro9,cxta
0.2421082738797538,1,astro9,cxta
0.24557264891252464,1,astro9,cxta
0.23058413816992124,1,astro9,cxta
0.21277563841535926,1,astro9,cxta
0.23221617442762596,1,astro9,cxta
0.2166229829283861,1,astro9,cxta
0.2222393488391661,1,astro9,cxta
0.2462192421037919,1,astro9,cxta
0.24443766205902792,1,astro9,cxta
0.19288599059476502,1,astro9,cxta
0.24360622980280391,1,astro9,cxta
0.25711284022340825,1,astro9,cxta
0.23240882677747307,1,astro9,cxta
0.22743798003448817,0,astro9,cxta
0.2284454433871833,0,astro9,cxta
0.23894641839303685,0,astro9,cxta
0.2163952423070964,0,astro9,cxta
0.2366611314625781,0,astro9,cxta
0.25277884919089794,0,astro9,cxta
0.23907042627372416,0,astro9,cxta
0.24663065542651072,0,astro9,cxta
0.23829570201487246,0,astro9,cxta
0.24791156110588206,0,astro9,cxta
0.21936374425360625,0,astro9,cxta
0.23834488538185852,0,astro9,cxta
0.24946680481701422,0,astro9,cxta
0.24911486112803868,0,astro9,cxta
0.22233517663947316,0,astro9,cxta
0.22950458708855312,0,astro9,cxta
0.25548428907521564,0,astro9,cxta
0.24861770171135478,0,astro9,cxta
0.2449793300620278,0,astro9,cxta
0.2623004099164361,0,astro9,cxta
0.2586694806320883,0,astro9,cxta
0.23218180723083712,0,astro9,cxta
0.29341589655581995,0,astro9,cxta
0.28799937256525504,0,astro9,cxta
0.26030558830259287,0,astro9,cxta
0.24790431419870146,0,astro9,cxta
0.22624609469942614,0,astro9,cxta
0.22546013244889668,0,astro9,cxta
0.22078210208819085,0,astro9,cxta
0.21959694048589087,0,astro9,cxta
0.2023964414075547,0,astro9,cxta
0.21881226806520454,0,astro9,cxta
0.2224404291152319,0,astro9,cxta
0.22698654229711535,0,astro9,cxta
0.1989488816751669,0,astro9,cxta
0.21534995197578918,0,astro9,cxta
0.19723255459466468,1,astro9,cxta
0.20210752903406787,1,astro9,cxta
0.2097458157254478,1,astro9,cxta
0.20403780368702637,1,astro9,cxta
0.21499154678240534,1,astro9,cxta
0.2217879155230373,1,astro9,cxta
0.2411151132328848,1,astro9,cxta
0.2379215764277532,1,astro9,cxta
0.2515322187757208,1,astro9,cxta
0.23035644096210553,1,astro9,cxta
0.23761959556603743,1,astro9,cxta
0.2504642398355177,1,astro9,cxta
0.2464373010953465,1,astro9,cxta
0.22647197140107686,1,astro9,cxta
0.20491125017885678,1,astro9,cxta
0.22692130132855987,1,astro9,cxta
0.2512187672101443,1,astro9,cxta
0.28772065308913186,1,astro9,cxta
0.23771157745973429,1,astro9,cxta
0.21762424959858456,1,astro9,cxta
0.2265230544803957,1,astro9,cxta
0.20708830447479368,1,astro9,cxta
0.22198424113767853,1,astro9,cxta
0.20268611882771811,1,astro9,cxta
0.17981986770814093,1,astro9,cxta
0.19527422740838613,1,astro9,cxta
0.200810164364555,1,astro9,cxta
0.20321303274005856,1,astro9,cxta
0.20708557824263144,1,astro9,cxta
0.21981012551336043,1,astro9,cxta
0.23273798216116903,0,astro9,cxta
0.2278566523458971,0,astro9,cxta
0.20592715039955356,0,astro9,cxta
0.21665218802151598,0,astro9,cxta
0.21700138949231582,0,astro9,cxta
0.21710979819766693,0,astro9,cxta
0.21010961651545648,0,astro9,cxta
0.21204672714854753,0,astro9,cxta
0.17433677073364376,0,astro9,cxta
0.16986617573277268,0,astro9,cxta
0.19441056797540182,0,astro9,cxta
0.211641011275324,0,astro9,cxta
0.21870745828687457,0,astro9,cxta
0.22495113963576607,0,astro9,cxta
0.23647590365184962,0,astro9,cxta
0.2417931744729255,0,astro9,cxta
0.22303127417576163,0,astro9,cxta
0.23234164332694768,0,astro9,cxta
0.21745958148606656,0,astro9,cxta
0.1961213389726364,0,astro9,cxta
0.19184322724546085,0,astro9,cxta
0.22290861114292823,0,astro9,cxta
0.22319769438929002,0,astro9,cxta
0.22935615346774063,0,astro9,cxta
0.2305221088823841,0,astro9,cxta
0.23498609417746558,0,astro9,cxta
0.21662959612910962,0,astro9,cxta
0.2080226622305557,0,astro9,cxta
0.22279497492578273,0,astro9,cxta
0.21608698722992217,0,astro9,cxta
0.2027272907873694,0,astro9,cxta
0.22813715792229788,0,astro9,cxta
0.2220830570631822,0,astro9,cxta
0.21967871953357215,0,astro9,cxta
0.21841237988333087,0,astro9,cxta
0.22899624542538832,0,astro9,cxta
0.21905547545677856,0,astro9,cxta
0.2215042983323498,0,astro9,cxta
0.24157560900586397,0,astro9,cxta
0.2275834632906082,0,astro9,cxta
0.22209597652571336,0,astro9,cxta
0.23928014971729802,0,astro9,cxta
0.23382530815952038,0,astro9,cxta
0.24146649913680768,0,astro9,cxta
0.24053868806529255,0,astro9,cxta
0.2699147868610382,0,astro9,cxta
0.2698161183050108,0,astro9,cxta
0.2774048642120897,0,astro9,cxta
0.26497531131375734,0,astro9,cxta
0.2268603190075424,0,astro9,cxta
0.22473768660416274,0,astro9,cxta
0.23893202577588962,0,astro9,cxta
0.24571123361023153,1,astro9,cxta
0.23920838440759376,1,astro9,cxta
0.28299764893286267,1,astro9,cxta
0.27910573316974147,1,astro9,cxta
0.26480152401136514,1,astro9,cxta
0.26095012389167305,1,astro9,cxta
0.25791815102371635,1,astro9,cxta
0.28502739517205095,1,astro9,cxta
0.2575765833695792,1,astro9,cxta
0.2753425863266611,1,astro9,cxta
0.27093001868216354,1,astro9,cxta
0.26428986734115273,1,astro9,cxta
0.2695544103816523,1,astro9,cxta
0.25031713825183366,1,astro9,cxta
0.25165282640429487,1,astro9,cxta
0.26377681172006384,1,astro9,cxta
0.2705418871489695,1,astro9,cxta
0.273440702267647,1,astro9,cxta
0.290645892141759,1,astro9,cxta
0.2634662813714018,1,astro9,cxta
0.27329862820958417,1,astro9,cxta
0.2785506983162171,1,astro9,cxta
0.3230208932499511,1,astro9,cxta
0.27708592994763054,1,astro9,cxta
0.26706169517235584,1,astro9,cxta
0.27299015075971683,1,astro9,cxta
0.27121252549271846,1,astro9,cxta
0.28035348898121953,1,astro9,cxta
0.27333196513919755,1,astro9,cxta
0.2698169109542608,1,astro9,cxta
0.29191754021979616,1,astro9,cxta
0.276980222420279,1,astro9,cxta
0.2655631093958767,1,astro9,cxta
0.2795151557606238,1,astro9,cxta
0.27463467159338195,1,astro9,cxta
0.25600850563099586,1,astro9,cxta
0.27139589067909653,1,astro9,cxta
0.2896364506279613,1,astro9,cxta
0.26291900122943995,1,astro9,cxta
0.24127176701623917,1,astro9,cxta
0.24138797975009238,1,astro9,cxta
0.2631105624184861,1,astro9,cxta
0.2419149439955217,1,astro9,cxta
0.23976708954298795,1,astro9,cxta
0.2534502835453134,1,astro9,cxta
0.2576200323364886,1,astro9,cxta
0.26160019345980823,1,astro9,cxta
0.2601107494338662,1,astro9,cxta
0.2699954197378261,1,astro9,cxta
0.26972500960320117,1,astro9,cxta
0.2957889378896805,1,astro9,cxta
0.2960690947969304,1,astro9,cxta
0.2950598740223554,1,astro9,cxta
0.26392475951267597,1,astro9,cxta
0.2728014392151145,1,astro9,cxta
0.31493611605988464,1,astro9,cxta
0.29500261166946035,1,astro9,cxta
0.2796966805313226,1,astro9,cxta
0.30078099818603066,1,astro9,cxta
0.31114555791661974,1,astro9,cxta
0.3110736022974008,1,astro9,cxta
0.2873951974520273,1,astro9,cxta
0.3000048834352486,1,astro9,cxta
0.3359037576542956,1,astro9,cxta
0.307290331323869,1,astro9,cxta
0.326252183956661,1,astro9,cxta
0.3153407926404796,1,astro9,cxta
0.28100891188778004,1,astro9,cxta
0.33814003324228914,1,astro9,cxta
0.32876112762972814,1,astro9,cxta
0.327013593337425,1,astro9,cxta
0.3297925885849646,1,astro9,cxta
0.3353725662111228,1,astro9,cxta
0.329170254617516,1,astro9,cxta
0.32510159819922085,1,astro9,cxta
0.3369282408982369,1,astro9,cxta
0.3465796602946796,1,astro9,cxta
0.3130587124590782,1,astro9,cxta
0.31600539714223996,1,astro9,cxta
0.3296869286824323,1,astro9,cxta
0.3355477434947722,1,astro9,cxta
0.3045427209917413,1,astro9,cxta
0.35026308049085814,0,astro9,cxta
0.34834098355420895,0,astro9,cxta
0.3419098816949724,0,astro9,cxta
0.35162233907701484,0,astro9,cxta
0.34690837260454266,0,astro9,cxta
0.34313597588252814,0,astro9,cxta
0.31091039118406294,0,astro9,cxta
0.32011124404527197,0,astro9,cxta
0.3081262909349845,1,astro9,cxta
0.33485251530534493,1,astro9,cxta
0.3320937026869464,1,astro9,cxta
0.3144291071226456,1,astro9,cxta
0.3298132749600716,1,astro9,cxta
0.35571518209699254,1,astro9,cxta
0.37062294152926056,1,astro9,cxta
0.352032141106331,1,astro9,cxta
0.3504673679769538,1,astro9,cxta
0.35962800621483143,1,astro9,cxta
0.3805371409957802,1,astro9,cxta
0.3850524777221065,1,astro9,cxta
0.33308328244549407,1,astro9,cxta
0.3648626645636356,1,astro9,cxta
0.37999471780990124,1,astro9,cxta
0.3651674221117996,1,astro9,cxta
0.35865045374529764,1,astro9,cxta
0.37558689692076536,1,astro9,cxta
0.3863804172871026,1,astro9,cxta
0.38488802643311487,1,astro9,cxta
0.40245872787872095,1,astro9,cxta
0.38901954001719175,1,astro9,cxta
0.39868054863794233,1,astro9,cxta
0.410714081037387,1,astro9,cxta
0.42556238224271736,1,astro9,cxta
0.45190948564027583,1,astro9,cxta
0.4573162396828252,1,astro9,cxta
0.44644432051205424,1,astro9,cxta
0.40573877123805585,1,astro9,cxta
0.4291200231592076,1,astro9,cxta
0.4174813662514667,0,astro9,cxta
0.42549301520515054,0,astro9,cxta
0.44896152694529295,0,astro9,cxta
0.45809086930947673,0,astro9,cxta
0.46962521935330426,0,astro9,cxta
0.499752609810498,0,astro9,cxta
0.49558656784621125,0,astro9,cxta
0.4932409893286846,0,astro9,cxta
0.49316601597570986,0,astro9,cxta
0.49462678831422485,0,astro9,cxta
0.5223024126529391,0,astro9,cxta
0.516967957179628,0,astro9,cxta
0.5162643765303092,0,astro9,cxta
0.5142156162984627,0,astro9,cxta
0.5300672647444701,0,astro9,cxta
0.5104875730139582,0,astro9,cxta
0.5143046594342358,0,astro9,cxta
0.48189993989589563,0,astro9,cxta
0.47681151854746745,0,astro9,cxta
0.4350512824763623,0,astro9,cxta
0.4570190933033046,0,astro9,cxta
0.4515893034937972,0,astro9,cxta
0.4464332637461763,0,astro9,cxta
0.41728331297483645,0,astro9,cxta
0.43846300828820123,1,astro9,cxta
0.4254599781374978,1,astro9,cxta
0.4557266449868145,1,astro9,cxta
0.44726870205670444,1,astro9,cxta
0.4002964763100102,1,astro9,cxta
0.4295897602243097,1,astro9,cxta
0.4208520992445152,1,astro9,cxta
0.42868837126327597,1,astro9,cxta
0.43420932131352596,1,astro9,cxta
0.4494608866411134,1,astro9,cxta
0.4272035186678464,1,astro9,cxta
0.42364928759364356,1,astro9,cxta
0.42180968851895184,1,astro9,cxta
0.38311770866399275,1,astro9,cxta
0.4094922679487481,1,astro9,cxta
0.40252122650710026,1,astro9,cxta
0.4066973992423469,1,astro9,cxta
0.4277710504164154,1,astro9,cxta
0.44055559935964633,1,astro9,cxta
0.43878130674768406,1,astro9,cxta
0.46905627986408976,1,astro9,cxta
0.45202297093342175,1,astro9,cxta
0.44065675446770114,1,astro9,cxta
0.4400156421688142,1,astro9,cxta
0.458139870747403,1,astro9,cxta
0.43781769234050105,1,astro9,cxta
0.4030256446472775,1,astro9,cxta
0.4081797176040274,1,astro9,cxta
0.4121000787430463,1,astro9,cxta
0.391655138585477,1,astro9,cxta
0.3578340737152126,1,astro9,cxta
0.3504351434409675,1,astro9,cxta
0.3714279655383811,1,astro9,cxta
0.3647148768680246,1,astro9,cxta
0.3840024171655936,1,astro9,cxta
0.35095847953003806,1,astro9,cxta
0.3892380922693469,1,astro9,cxta
0.34570165485185256,1,astro9,cxta
0.3789427264224877,0,astro9,cxta
0.3710638684344983,0,astro9,cxta
0.38620137653319514,0,astro9,cxta
0.3751316493581995,0,astro9,cxta
0.3728694921451973,0,astro9,cxta
0.36803619732391835,0,astro9,cxta
0.39426214612715443,0,astro9,cxta
0.3685453241121626,0,astro9,cxta
0.38396994069390616,0,astro9,cxta
0.37569281238866964,0,astro9,cxta
0.35421997543441947,0,astro9,cxta
0.3472728857323562,0,astro9,cxta
0.3495017706201608,0,astro9,cxta
0.3819877654396892,1,astro9,cxta
0.36988869609254443,1,astro9,cxta
0.3854432291257727,1,astro9,cxta
0.3863513077293894,1,astro9,cxta
0.3994286486751606,1,astro9,cxta
0.3863744433165518,1,astro9,cxta
0.37068322390473557,1,astro9,cxta
0.3926453852499909,1,astro9,cxta
0.37755185407463143,1,astro9,cxta
0.35845943947402426,1,astro9,cxta
0.3781948221525147,1,astro9,cxta
0.3355613867636216,1,astro9,cxta
0.3472838520433689,1,astro9,cxta
0.35543030384727786,1,astro9,cxta
0.356843252541749,0,astro9,cxta
0.34463717083743767,0,astro9,cxta
0.3484997529235449,0,astro9,cxta
0.35079992891605355,0,astro9,cxta
0.3402152479500357,0,astro9,cxta
0.32832151328483516,0,astro9,cxta
0.3173679078116985,0,astro9,cxta
0.32877317669429623,0,astro9,cxta
0.31786978849458264,0,astro9,cxta
0.3106991969827612,0,astro9,cxta
0.31445546574157884,0,astro9,cxta
0.31724557775677936,0,astro9,cxta
0.28890318789146757,0,astro9,cxta
0.3042122005973591,0,astro9,cxta
0.29267919731663156,0,astro9,cxta
0.2894162041205156,0,astro9,cxta
0.2840636779134798,0,astro9,cxta
0.2774777836183292,0,astro9,cxta
0.27960595659734766,0,astro9,cxta
0.2751768599504347,0,astro9,cxta
0.27329956911529235,0,astro9,cxta
0.2665323823330011,0,astro9,cxta
0.26143472809724155,0,astro9,cxta
0.25645121585029806,0,astro9,cxta
0.2447634240831009,0,astro9,cxta
0.275967382373926,0,astro9,cxta
0.2697926145094289,0,astro9,cxta
0.2763759732308953,0,astro9,cxta
0.2562902644284846,0,astro9,cxta
0.2626009282479453,0,astro9,cxta
0.2632303854885458,0,astro9,cxta
0.24770271758114443,0,astro9,cxta
0.2423273671305032,0,astro9,cxta
0.2523399795026636,0,astro9,cxta
0.2520467457167331,0,astro9,cxta
0.23028221603830723,0,astro9,cxta
0.21102799757306517,0,astro9,cxta
0.23198110331759286,0,astro9,cxta
0.23620205346429876,0,astro9,cxta
0.24120273259950373,0,astro9,cxta
0.25730499032525994,0,astro9,cxta
0.29333242484440586,0,astro9,cxta
0.2838469288695769,0,astro9,cxta
0.2511901783490294,0,astro9,cxta
0.19754944769890412,0,astro9,cxta
0.2046569243365188,0,astro9,cxta
0.2213182679691938,0,astro9,cxta
0.20083425680627914,0,astro9,cxta
0.21803050794286388,0,astro9,cxta
0.20403993245536892,0,astro9,cxta
0.21789523325787746,0,astro9,cxta
0.19819213276681186,0,astro9,cxta
0.18994568782923557,0,astro9,cxta
0.21187005124844577,0,astro9,cxta
0.23300394600084154,0,astro9,cxta
0.21744140551449964,0,astro9,cxta
0.22353418609732797,0,astro9,cxta
0.21404875408134402,0,astro9,cxta
0.23125909378245935,0,astro9,cxta
0.2119837643439856,0,astro9,cxta
0.21719448370617844,0,astro9,cxta
0.22123844698934694,0,astro9,cxta
0.22398238257351716,0,astro9,cxta
0.24451629879587178,0,astro9,cxta
0.22986419429145433,1,astro9,cxta
0.23074411201067055,1,astro9,cxta
0.22500087580066272,1,astro9,cxta
0.22684981529937592,1,astro9,cxta
0.22570992584319008,1,astro9,cxta
0.21295326687360808,1,astro9,cxta
0.22377390195418326,1,astro9,cxta
0.23108447797476736,1,astro9,cxta
0.21818162190151488,1,astro9,cxta
0.22117191003622766,1,astro9,cxta
0.1947608359924827,1,astro9,cxta
0.1944861720938474,1,astro9,cxta
0.22209702997255004,1,astro9,cxta
0.20321838974097906,1,astro9,cxta
0.24128498944473775,1,astro9,cxta
0.22867419852964346,0,astro9,cxta
0.22251598946967993,0,astro9,cxta
0.22098445360236735,0,astro9,cxta
0.2259182995261055,0,astro9,cxta
0.22688256447986577,0,astro9,cxta
0.23722123549390003,1,astro9,cxta
0.23362704747261548,1,astro9,cxta
0.21888327433965854,1,astro9,cxta
0.2316205972133174,1,astro9,cxta
0.23580188075126585,1,astro9,cxta
0.24927181468799903,1,astro9,cxta
0.23063951616170592,1,astro9,cxta
0.25325331591487604,1,astro9,cxta
0.25183510870874165,1,astro9,cxta
0.24896464768223492,1,astro9,cxta
0.2564504554083963,1,astro9,cxta
0.25276381195092795,1,astro9,cxta
0.2361539322908539,1,astro9,cxta
0.2719212512173199,1,astro9,cxta
0.25119333694668444,1,astro9,cxta
0.23894051475096623,1,astro9,cxta
0.23594631142451217,1,astro9,cxta
0.25591448728299904,1,astro9,cxta
0.249354964708873,1,astro9,cxta
0.24381486857570772,1,astro9,cxta
0.22937023036381662,1,astro9,cxta
0.23234333934079862,1,astro9,cxta
0.2475561367649321,1,astro9,cxta
0.26545881677284244,1,astro9,cxta
0.25174122281251865,1,astro9,cxta
0.2633382335861869,1,astro9,cxta
0.26893337831264025,1,astro9,cxta
0.2662240050367748,1,astro9,cxta
0.24814220730568373,1,astro9,cxta
0.25944641940191315,1,astro9,cxta
0.24251440457683632,1,astro9,cxta
0.26985565039742054,1,astro9,cxta
0.25589927919306493,1,astro9,cxta
0.25169813781674577,1,astro9,cxta
0.2499806783640185,1,astro9,cxta
0.2691126112132439,1,astro9,cxta
0.2867226372105167,1,astro9,cxta
0.29840117723201637,1,astro9,cxta
0.27729225484476017,1,astro9,cxta
0.27794224064704515,1,astro9,cxta
0.27057080691267194,1,astro9,cxta
0.28831800094402954,1,astro9,cxta
0.2851598491424174,1,astro9,cxta
0.28408446360835615,1,astro9,cxta
0.2750374347789446,1,astro9,cxta
0.27011519510877086,1,astro9,cxta
0.2802965500833583,1,astro9,cxta
0.2777092494024616,1,astro9,cxta
0.2921607204604664,1,astro9,cxta
0.2840459214197285,1,astro9,cxta
0.2555282688115409,1,astro9,cxta
0.28873403798446173,1,astro9,cxta
0.2908757390660986,1,astro9,cxta
0.3066289523705062,1,astro9,cxta
0.2982023262380793,0,astro9,cxta
0.30732177547093315,0,astro9,cxta
0.2879684453076684,0,astro9,cxta
0.30688782387687874,0,astro9,cxta
0.3000924324618375,0,astro9,cxta
0.3038756807998669,0,astro9,cxta
0.31662296824595687,1,astro9,cxta
0.3150693476649689,1,astro9,cxta
0.33507786353349006,1,astro9,cxta
0.29608025878686633,1,astro9,cxta
0.29278776306581067,1,astro9,cxta
0.30190311643877493,1,astro9,cxta
0.2952738973735765,1,astro9,cxta
0.342580845879938,1,astro9,cxta
0.34923472825693475,1,astro9,cxta
0.3698964587063085,1,astro9,cxta
0.3586645600067839,1,astro9,cxta
0.36585614621169416,1,astro9,cxta
0.3628030375916377,1,astro9,cxta
0.35434911428631877,1,astro9,cxta
0.3543557103841135,1,astro9,cxta
0.34531637291590306,1,astro9,cxta
0.360678046814613,1,astro9,cxta
0.36524472620525095,1,astro9,cxta
0.3644518095471767,1,astro9,cxta
0.3443202661539412,1,astro9,cxta
0.3467669536031609,1,astro9,cxta
0.32750622878016106,1,astro9,cxta
0.3132450597455613,1,astro9,cxta
0.3436239130662992,1,astro9,cxta
0.3699461851319902,1,astro9,cxta
0.3518391345894988,1,astro9,cxta
0.33423799493822814,1,astro9,cxta
0.32421657947049015,1,astro9,cxta
0.32114181905537204,1,astro9,cxta
0.3077212782284209,1,astro9,cxta
0.3209201664992691,1,astro9,cxta
0.32138195957895566,1,astro9,cxta
0.3007670681555079,1,astro9,cxta
0.30882158568548534,1,astro9,cxta
0.31039669682275933,1,astro9,cxta
0.2710767062922027,1,astro9,cxta
0.2918724637631762,1,astro9,cxta
0.30655512842272437,0,astro9,cxta
0.31003471405430233,0,astro9,cxta
0.32672477297778746,0,astro9,cxta
0.31587641468799865,0,astro9,cxta
0.31000175655680046,0,astro9,cxta
0.30759418917746145,0,astro9,cxta
0.31352815786772936,0,astro9,cxta
0.3179774341231127,0,astro9,cxta
0.32333637504996876,0,astro9,cxta
0.34263720822623817,0,astro9,cxta
0.31311579739450285,0,astro9,cxta
0.29166019867403764,0,astro9,cxta
0.29087130655334736,0,astro9,cxta
0.3207490122411204,0,astro9,cxta
0.2833089292356039,0,astro9,cxta
0.2903363998510545,0,astro9,cxta
0.2880398833561068,0,astro9,cxta
0.3017437033323356,0,astro9,cxta
0.2885512126479181,0,astro9,cxta
0.28534591540830184,0,astro9,cxta
0.2931143594557946,0,astro9,cxta
0.2850080646220673,0,astro9,cxta
0.2768128347918232,0,astro9,cxta
0.2687424512790731,0,astro9,cxta
0.28919578483681874,0,astro9,cxta
0.2827014744309726,0,astro9,cxta
0.29230638377038626,0,astro9,cxta
0.27507221565864903,0,astro9,cxta
0.27707920671054814,0,astro9,cxta
0.27559679364681383,0,astro9,cxta
0.2582462534911488,0,astro9,cxta
0.2959218937241588,0,astro9,cxta
0.2557827265531268,0,astro9,cxta
0.2631861630275448,0,astro9,cxta
0.26494578974045635,0,astro9,cxta
0.25690255301114867,1,astro9,cxta
0.2558997972550974,1,astro9,cxta
0.25141555726518783,1,astro9,cxta
0.2863456078461545,1,astro9,cxta
0.27747469731649405,1,astro9,cxta
0.30058981598486956,1,astro9,cxta
0.296667878755574,1,astro9,cxta
0.26654846933122467,1,astro9,cxta
0.2641411303518753,1,astro9,cxta
0.2826059544866519,1,astro9,cxta
0.2915432117746377,1,astro9,cxta
0.27424002591358215,1,astro9,cxta
0.2786688523942154,1,astro9,cxta
0.2673616475380644,1,astro9,cxta
0.24144569937643037,1,astro9,cxta
0.2597533228470549,1,astro9,cxta
0.25190206849592356,1,astro9,cxta
0.2626752766445635,1,astro9,cxta
0.26679011116124757,1,astro9,cxta
0.22514251121334983,1,astro9,cxta
0.23204008015008978,1,astro9,cxta
0.24106609325823122,1,astro9,cxta
0.263527690331086,1,astro9,cxta
0.26383156599046986,1,astro9,cxta
0.27057416635725473,1,astro9,cxta
0.2705512625031209,1,astro9,cxta
0.2876865756809889,1,astro9,cxta
0.24685799234738798,1,astro9,cxta
0.2578520017144755,1,astro9,cxta
0.27077412910888116,1,astro9,cxta
0.29255207571607034,1,astro9,cxta
0.2763645675306033,1,astro9,cxta
0.27529355800452227,1,astro9,cxta
0.30167934921997835,1,astro9,cxta
0.30588818056736505,1,astro9,cxta
0.29535009224109066,1,astro9,cxta
0.2995985308633449,1,astro9,cxta
0.2915217682028523,1,astro9,cxta
0.30856021885003715,1,astro9,cxta
0.3014865910054695,1,astro9,cxta
0.30430139324964894,1,astro9,cxta
0.2913170931300564,1,astro9,cxta
0.32107344228436496,1,astro9,cxta
0.29920458280116957,1,astro9,cxta
0.2956187226593481,1,astro9,cxta
0.30371904769517355,1,astro9,cxta
0.33103568820660345,0,astro9,cxta
0.3161766868725906,0,astro9,cxta
0.318860996524668,0,astro9,cxta
0.33457204377929917,0,astro9,cxta
0.3519823377665774,0,astro9,cxta
0.3637078300800833,0,astro9,cxta
0.3402395744437269,0,astro9,cxta
0.35272514708685704,0,astro9,cxta
0.3885548320201353,0,astro9,cxta
0.3883274540093598,0,astro9,cxta
0.3885565831485,0,astro9,cxta
0.39051605017393753,0,astro9,cxta
0.39209021377312064,0,astro9,cxta
0.41821066236432153,0,astro9,cxta
0.3874352835778325,0,astro9,cxta
0.3839896674575363,0,astro9,cxta
0.3972536034648385,0,astro9,cxta
0.3996546195896899,0,astro9,cxta
0.424035847620384,0,astro9,cxta
0.42021077203945867,0,astro9,cxta
0.3993561467045656,0,astro9,cxta
0.4184529404768924,1,astro9,cxta
0.40455941672928186,1,astro9,cxta
0.4083071079021159,1,astro9,cxta
0.38878500558537415,1,astro9,cxta
0.41730893126006624,1,astro9,cxta
0.4193166810728806,1,astro9,cxta
0.40618561859014196,1,astro9,cxta
0.39742252754694785,1,astro9,cxta
0.3965061211904738,1,astro9,cxta
0.42148205231054303,1,astro9,cxta
0.4423115058806537,1,astro9,cxta
0.42064658363429436,1,astro9,cxta
0.42169528364213166,1,astro9,cxta
0.4310182761052306,1,astro9,cxta
0.39204716105689663,1,astro9,cxta
0.3642800809040082,1,astro9,cxta
0.38638928345041224,1,astro9,cxta
0.40493868798400123,1,astro9,cxta
0.3999473142372325,1,astro9,cxta
0.41919559546783763,1,astro9,cxta
0.435984859694468,1,astro9,cxta
0.43640297500348546,1,astro9,cxta
0.4111554366659451,1,astro9,cxta
0.4136819666186443,1,astro9,cxta
0.4066858063317771,1,astro9,cxta
0.41675487677711165,1,astro9,cxta
0.4020541376824521,1,astro9,cxta
0.3887005080522932,0,astro9,cxta
0.40292642229447095,0,astro9,cxta
0.40180795505610734,0,astro9,cxta
0.3837990400495935,0,astro9,cxta
0.3698062442663192,0,astro9,cxta
0.38155404368832235,0,astro9,cxta
0.3722984251453851,0,astro9,cxta
0.3912636967571253,1,astro9,cxta
0.3678574826522533,1,astro9,cxta
0.35797574239045044,1,astro9,cxta
0.3778802814106154,1,astro9,cxta
0.3473555792975449,1,astro9,cxta
0.34745615067431945,1,astro9,cxta
0.34269622039349495,1,astro9,cxta
0.32959017733776014,1,astro9,cxta
0.3540595369486169,1,astro9,cxta
0.3469657143357144,1,astro9,cxta
0.33054652228638043,1,astro9,cxta
0.3326901190406241,1,astro9,cxta
0.36205104128132126,1,astro9,cxta
0.3292185970169021,1,astro9,cxta
0.3059719799336197,1,astro9,cxta
0.33300597655700204,1,astro9,cxta
0.3058638556518722,1,astro9,cxta
0.3142380297167604,1,astro9,cxta
0.30021594214170794,1,astro9,cxta
0.2878333615931569,0,astro9,cxta
0.28548100932906967,0,astro9,cxta
0.27059345822574643,0,astro9,cxta
0.25059711596680845,0,astro9,cxta
0.2635328095105465,0,astro9,cxta
0.2684169893224959,0,astro9,cxta
0.26416003962894863,0,astro9,cxta
0.2717625909174663,0,astro9,cxta
0.25518347513954537,0,astro9,cxta
0.25665487290982725,0,astro9,cxta
0.2664947340268771,0,astro9,cxta
0.26855036988346914,0,astro9,cxta
0.2519382631363818,0,astro9,cxta
0.2442150192651312,0,astro9,cxta
0.2796736124637464,0,astro9,cxta
0.274099992597308,0,astro9,cxta
0.23704589304781623,1,astro9,cxta
0.22859864293468862,1,astro9,cxta
0.24056852910923085,1,astro9,cxta
0.25133853408196466,1,astro9,cxta
0.25116198697556225,1,astro9,cxta
0.2554934720511529,1,astro9,cxta
0.2503922297398349,1,astro9,cxta
0.2744898750938099,1,astro9,cxta
0.26306124323361324,1,astro9,cxta
0.23102478085445038,1,astro9,cxta
0.2178376142311025,1,astro9,cxta
0.24176012824981802,1,astro9,cxta
0.2595977345216605,1,astro9,cxta
0.25472874387771566,1,astro9,cxta
0.25620579150943806,1,astro9,cxta
0.25768352412019685,1,astro9,cxta
0.251064699868568,1,astro9,cxta
0.2581620273465912,1,astro9,cxta
0.25687209850972725,1,astro9,cxta
0.24119478897721675,1,astro9,cxta
0.2544079449212063,1,astro9,cxta
0.259270698356416,1,astro9,cxta
0.23065925992240643,1,astro9,cxta
0.23378200812889885,1,astro9,cxta
0.24435207714067295,1,astro9,cxta
0.228096683607587,1,astro9,cxta
0.23498524165753132,1,astro9,cxta
0.23800620276997883,1,astro9,cxta
0.23106279486342662,1,astro9,cxta
0.2441548809050974,1,astro9,cxta
0.24392353651899762,1,astro9,cxta
0.23164840502664943,1,astro9,cxta
0.2483053433771858,1,astro9,cxta
0.24596302833323522,1,astro9,cxta
0.2536192884129843,1,astro9,cxta
0.23921047237516213,1,astro9,cxta
0.23778209118631738,1,astro9,cxta
0.23272697664690445,1,astro9,cxta
0.2547220329310513,1,astro9,cxta
0.23731528561081142,1,astro9,cxta
0.23354133355351855,1,astro9,cxta
0.24600840321932374,1,astro9,cxta
0.21521196508038776,1,astro9,cxta
0.23377813062875955,1,astro9,cxta
0.25159898267698977,1,astro9,cxta
0.2440660603411944,1,astro9,cxta
0.24681357799293305,1,astro9,cxta
0.22164201932459324,1,astro9,cxta
0.2199814967399732,1,astro9,cxta
0.24099814063291666,1,astro9,cxta
0.23510803171123776,1,astro9,cxta
0.22203400969323608,1,astro9,cxta
0.23474558297196202,1,astro9,cxta
0.22980884150577396,1,astro9,cxta
0.2064620246423553,1,astro9,cxta
0.23558898303193962,1,astro9,cxta
0.20821343037395845,1,astro9,cxta
0.18845324034828212,1,astro9,cxta
0.19549015813990261,1,astro9,cxta
0.22639070542493217,1,astro9,cxta
0.24078644010755798,1,astro9,cxta
0.21381906785921817,1,astro9,cxta
0.24192040452890073,1,astro9,cxta
0.24137701550986115,1,astro9,cxta
0.2279322388231565,1,astro9,cxta
0.22526285886173525,1,astro9,cxta
0.23264818994553768,1,astro9,cxta
0.23483470656465089,1,astro9,cxta
0.2203919778301913,1,astro9,cxta
0.21132055744783854,1,astro9,cxta
0.24219705086876386,1,astro9,cxta
0.24873977445980644,1,astro9,cxta
0.24889186217876058,1,astro9,cxta
0.24764055833247606,1,astro9,cxta
0.23628162518774215,1,astro9,cxta
0.2008063125910725,1,astro9,cxta
0.20391461480061712,1,astro9,cxta
0.23671797369695752,1,astro9,cxta
0.22806184285870268,1,astro9,cxta
0.25583975992051083,1,astro9,cxta
0.25499931656481106,1,astro9,cxta
0.2557762078380215,1,astro9,cxta
0.24738844826881176,1,astro9,cxta
0.24667984380792454,1,astro9,cxta
0.22188861627379886,1,astro9,cxta
0.22262059506071752,1,astro9,cxta
0.26697984127039004,1,astro9,cxta
0.23010654464530828,1,astro9,cxta
0.2640710295948563,1,astro9,cxta
0.2540771282071768,1,astro9,cxta
0.2375504842948084,1,astro9,cxta
0.22219980404049858,1,astro9,cxta
0.24513644932392697,1,astro9,cxta
0.22806531154895837,1,astro9,cxta
0.252631337851,1,astro9,cxta
0.2538229067867466,1,astro9,cxta
0.215275464158992,1,astro9,cxta
0.2518052743036107,1,astro9,cxta
0.24178191412819022,1,astro9,cxta
0.22829249849069913,1,astro9,cxta
0.2439505584372815,1,astro9,cxta
0.22999408265958168,1,astro9,cxta
0.2421466827510463,1,astro9,cxta
0.2555775274685021,1,astro9,cxta
0.2230346977414064,1,astro9,cxta
0.21393309640536215,1,astro9,cxta
0.22802131257704497,1,astro9,cxta
0.28938675416825826,1,astro9,cxta
0.2628170754538741,1,astro9,cxta
0.25924760293934945,1,astro9,cxta
0.2545449000690982,1,astro9,cxta
0.25070046403960816,1,astro9,cxta
0.22594146009695273,1,astro9,cxta
0.24052864627105555,1,astro9,cxta
0.25840118616922947,1,astro9,cxta
0.2536377638122974,1,astro9,cxta
0.2835898928895683,1,astro9,cxta
0.26662917552108767,1,astro9,cxta
0.2710946990186409,1,astro9,cxta
0.2817623047649791,1,astro9,cxta
0.2916005216851558,1,astro9,cxta
0.31036140690515135,1,astro9,cxta
0.3146916976716002,1,astro9,cxta
0.3199033324609023,1,astro9,cxta
0.3209085015937337,1,astro9,cxta
0.31837155945083295,1,astro9,cxta
0.33143657548376143,1,astro9,cxta
0.32501447955779394,1,astro9,cxta
0.3089757591791937,1,astro9,cxta
0.318501363795116,1,astro9,cxta
0.32932031769313863,1,astro9,cxta
0.3405428171915125,1,astro9,cxta
0.347853406865325,1,astro9,cxta
0.35671031097404354,1,astro9,cxta
0.34788095076256986,1,astro9,cxta
0.33295782606724894,1,astro9,cxta
0.34004741087489126,0,astro9,cxta
0.3604655340595807,0,astro9,cxta
0.34915495603806607,0,astro9,cxta
0.3517838262448407,0,astro9,cxta
0.3782589765174228,0,astro9,cxta
0.3972253936246205,0,astro9,cxta
0.3820796475508528,0,astro9,cxta
0.3825761144987928,1,astro9,cxta
0.39718894396850096,1,astro9,cxta
0.38756418172871276,1,astro9,cxta
0.37844970116260035,1,astro9,cxta
0.3958888149089826,1,astro9,cxta
0.41782849042240544,1,astro9,cxta
0.3915594033309237,1,astro9,cxta
0.39079256878865304,1,astro9,cxta
0.41686021674497237,1,astro9,cxta
0.4200637241014245,1,astro9,cxta
0.42333693502620307,1,astro9,cxta
0.4117779109865031,1,astro9,cxta
0.4235746788623721,1,astro9,cxta
0.46284677496021853,1,astro9,cxta
0.45959505849615157,1,astro9,cxta
0.4776495708337772,1,astro9,cxta
0.5009628593397011,1,astro9,cxta
0.4963624782980735,1,astro9,cxta
0.4769584495652848,1,astro9,cxta
0.47675422304985404,0,astro9,cxta
0.4848998878494396,0,astro9,cxta
0.4637331457252459,0,astro9,cxta
0.4784506942992769,0,astro9,cxta
0.5001623429112604,0,astro9,cxta
0.47896218520644185,0,astro9,cxta
0.4779375541906207,0,astro9,cxta
0.48761847864788316,0,astro9,cxta
0.46675639341440606,0,astro9,cxta
0.49575314030708817,0,astro9,cxta
0.5162761032537105,0,astro9,cxta
0.523375918867045,1,astro9,cxta
0.5181602466642418,1,astro9,cxta
0.528104083604507,1,astro9,cxta
0.5681396538180328,1,astro9,cxta
0.5506086821015177,1,astro9,cxta
0.5481506233395531,1,astro9,cxta
0.5490924117180516,1,astro9,cxta
0.5582813155128898,1,astro9,cxta
0.5514368907616113,1,astro9,cxta
0.5349494440443125,1,astro9,cxta
0.5209024554034696,1,astro9,cxta
0.5141718321500597,1,astro9,cxta
0.5036125342869445,1,astro9,cxta
0.5000515322539129,1,astro9,cxta
0.4950696475829029,1,astro9,cxta
0.5215817298396449,1,astro9,cxta
0.47798804816043966,1,astro9,cxta
0.4845248234391129,1,astro9,cxta
0.5022830211668785,1,astro9,cxta
0.464011693817647,1,astro9,cxta
0.4454640064699912,1,astro9,cxta
0.42856254639169655,0,astro9,cxta
0.4389384574370867,0,astro9,cxta
0.4345450066310513,0,astro9,cxta
0.4315817498498397,0,astro9,cxta
0.4631021127211488,0,astro9,cxta
0.43531212164218186,0,astro9,cxta
0.45023819933280573,0,astro9,cxta
0.45652461059449384,0,astro9,cxta
0.4548609174612808,0,astro9,cxta
0.4718991767969294,0,astro9,cxta
0.4736064407929059,0,astro9,cxta
0.4848532494904862,0,astro9,cxta
0.48858509215722823,0,astro9,cxta
0.5033790394096352,0,astro9,cxta
0.5108497516506256,0,astro9,cxta
0.545409480147544,0,astro9,cxta
0.5368121968584914,0,astro9,cxta
0.5698102255284793,1,astro9,cxta
0.5846380852405079,1,astro9,cxta
0.5487516716723615,1,astro9,cxta
0.5383681920843435,1,astro9,cxta
0.5506233713438196,1,astro9,cxta
0.5100627750924558,1,astro9,cxta
0.5106401272824801,1,astro9,cxta
0.5000514145370706,1,astro9,cxta
0.5050086730365723,1,astro9,cxta
0.5199918253483805,1,astro9,cxta
0.4885816705727891,1,astro9,cxta
0.4801411133543928,1,astro9,cxta
0.49645610920861943,1,astro9,cxta
0.48591151836324903,1,astro9,cxta
0.4828890723380663,1,astro9,cxta
0.46753752673812693,1,astro9,cxta
0.4846644450897464,1,astro9,cxta
0.4979585850566329,1,astro9,cxta
0.49014578640193734,1,astro9,cxta
0.5136584401505081,1,astro9,cxta
0.49229151751535355,1,astro9,cxta
0.4985158450607373,1,astro9,cxta
0.48623159834481977,1,astro9,cxta
0.4828069237676663,1,astro9,cxta
0.5125435145426823,1,astro9,cxta
0.5272179874570206,1,astro9,cxta
0.5024378952721226,1,astro9,cxta
0.4986257275104938,1,astro9,cxta
0.49185211545078666,1,astro9,cxta
0.5007935710070105,1,astro9,cxta
0.50256083926066,1,astro9,cxta
0.4721602731396544,1,astro9,cxta
0.4644803760445009,1,astro9,cxta
0.46298198263473356,1,astro9,cxta
0.469616774731822,1,astro9,cxta
0.4790599074652055,1,astro9,cxta
0.47111448964160774,1,astro9,cxta
0.44012681758617994,1,astro9,cxta
0.44335769737146996,1,astro9,cxta
0.4734188189659146,1,astro9,cxta
0.4366616603112682,1,astro9,cxta
0.41611049064134453,1,astro9,cxta
0.3957899405929259,1,astro9,cxta
0.39780602513074576,1,astro9,cxta
0.4220270060461921,1,astro9,cxta
0.3964903531020139,1,astro9,cxta
0.3945027429458671,1,astro9,cxta
0.3856029154380062,1,astro9,cxta
0.37154058984587535,1,astro9,cxta
0.37286468142471,1,astro9,cxta
0.35580021845357207,1,astro9,cxta
0.36849302350477686,1,astro9,cxta
0.38303302512958787,1,astro9,cxta
0.3660795853163088,1,astro9,cxta
0.37516508544495264,1,astro9,cxta
0.3691807661688757,1,astro9,cxta
0.3723991021524006,1,astro9,cxta
0.37200547043677573,1,astro9,cxta
0.39009085113168435,1,astro9,cxta
0.36552411836951354,1,astro9,cxta
0.34129588284305346,1,astro9,cxta
0.36528901865653496,0,astro9,cxta
0.34451862884846834,0,astro9,cxta
0.37184162287118244,0,astro9,cxta
0.3582969695806704,0,astro9,cxta
0.338480313290343,0,astro9,cxta
0.33976336567089305,0,astro9,cxta
0.31412015570965457,0,astro9,cxta
0.3277377287725572,0,astro9,cxta
0.3270925562172315,0,astro9,cxta
0.30752700173616176,0,astro9,cxta
0.27722952601888906,0,astro9,cxta
0.30151942417225785,0,astro9,cxta
0.2979601728759547,0,astro9,cxta
0.3250293133317711,0,astro9,cxta
0.30164449770610696,0,astro9,cxta
0.2972660771773088,0,astro9,cxta
0.334116509330653,0,astro9,cxta
0.293198779680905,0,astro9,cxta
0.29561038512332544,1,astro9,cxta
0.3053630902340861,1,astro9,cxta
0.2920024667185101,1,astro9,cxta
0.27213446060994273,1,astro9,cxta
0.31254578977955655,1,astro9,cxta
0.2981391700688793,1,astro9,cxta
0.29347842360778054,1,astro9,cxta
0.245810677029691,1,astro9,cxta
0.2748578101185604,1,astro9,cxta
0.2770219828629964,1,astro9,cxta
0.26088260252751155,1,astro9,cxta
0.274459501709798,1,astro9,cxta
0.2658418631195211,1,astro9,cxta
0.26164193857700835,1,astro9,cxta
0.2994146860953245,1,astro9,cxta
0.2475478128182113,1,astro9,cxta
0.24812432787500954,1,astro9,cxta
0.26061200028397585,1,astro9,cxta
0.23715054515656095,1,astro9,cxta
0.23542977503826729,1,astro9,cxta
0.2415322159920004,1,astro9,cxta
0.22548991624959366,1,astro9,cxta
0.23255374889400837,1,astro9,cxta
0.24657881192344314,0,astro9,cxta
0.2517912979224049,0,astro9,cxta
0.23125819956565435,0,astro9,cxta
0.23605454517446345,0,astro9,cxta
0.22838945097151264,0,astro9,cxta
0.23445272240709744,0,astro9,cxta
0.22632412283432293,0,astro9,cxta
0.23636744439607657,0,astro9,cxta
0.24096661827203356,0,astro9,cxta
0.22255777066014845,0,astro9,cxta
0.21643451998608734,0,astro9,cxta
0.24290645858833645,0,astro9,cxta
0.2656791316948322,0,astro9,cxta
0.23904708758410728,0,astro9,cxta
0.22448915930953073,0,astro9,cxta
0.23034926479589404,0,astro9,cxta
0.22468758630171576,0,astro9,cxta
0.22413549488686318,0,astro9,cxta
0.22047391024713817,0,astro9,cxta
0.21753949876083173,0,astro9,cxta
0.22755527771572892,0,astro9,cxta
0.2545178883136944,0,astro9,cxta
0.2126592921258129,0,astro9,cxta
0.2248213407781304,0,astro9,cxta
0.24709684239988625,0,astro9,cxta
0.21709920965801205,0,astro9,cxta
0.19949737735648665,0,astro9,cxta
0.21546769675349564,0,astro9,cxta
0.21670260099365313,0,astro9,cxta
0.23675143585319797,0,astro9,cxta
0.22611921666217538,0,astro9,cxta
0.23075629570014794,0,astro9,cxta
0.21058824991795752,0,astro9,cxta
0.21391645104168,0,astro9,cxta
0.20693521490736005,0,astro9,cxta
0.21518901204885302,0,astro9,cxta
0.22112746156790689,0,astro9,cxta
0.22648734908988502,0,astro9,cxta
0.21721380873262158,0,astro9,cxta
0.22234545490546503,0,astro9,cxta
0.2182943436945895,1,astro9,cxta
0.22053663341904062,1,astro9,cxta
0.2322831630967177,1,astro9,cxta
0.21717967330789473,1,astro9,cxta
0.2109041146873337,1,astro9,cxta
0.21474278303985087,1,astro9,cxta
0.1963887940882161,1,astro9,cxta
0.23180615026332796,1,astro9,cxta
0.2307801393540939,1,astro9,cxta
0.23576041979510184,1,astro9,cxta
0.22917027423324288,1,astro9,cxta
0.22419688312956224,1,astro9,cxta
0.21605950245848293,1,astro9,cxta
0.22014938189250766,1,astro9,cxta
0.25699944329954394,1,astro9,cxta
0.25568705133316966,1,astro9,cxta
0.226610558667094,1,astro9,cxta
0.24666527455660012,1,astro9,cxta
0.22335960722844875,1,astro9,cxta
0.23423723800538038,1,astro9,cxta
0.24233011783752173,1,astro9,cxta
0.23045361510149154,1,astro9,cxta
0.2227623265343283,1,astro9,cxta
0.2608142376425881,0,astro9,cxta
0.2827627111228863,0,astro9,cxta
0.25101756763031563,0,astro9,cxta
0.24655714183170374,0,astro9,cxta
0.2452192585423915,0,astro9,cxta
0.25278561846350617,0,astro9,cxta
0.24667315849035906,0,astro9,cxta
0.20877735062457953,0,astro9,cxta
0.23383555758421373,0,astro9,cxta
0.22811655039742187,0,astro9,cxta
0.2464082434567044,1,astro9,cxta
0.23267591720353883,1,astro9,cxta
0.23124713423265036,1,astro9,cxta
0.24321086439360096,1,astro9,cxta
0.20757363699418624,1,astro9,cxta
0.22928059472274998,1,astro9,cxta
0.24563674699594615,1,astro9,cxta
0.24387043815887638,1,astro9,cxta
0.23305184115024125,1,astro9,cxta
0.26351633981532163,1,astro9,cxta
0.24058481217762756,1,astro9,cxta
0.2508508274836033,1,astro9,cxta
0.2273848469899567,1,astro9,cxta
0.23041185836182243,1,astro9,cxta
0.23312330423822583,1,astro9,cxta
0.22987951801845863,1,astro9,cxta
0.2382843879291591,1,astro9,cxta
0.23000958545483585,1,astro9,cxta
0.24119990606551603,1,astro9,cxta
0.23768909600469668,1,astro9,cxta
0.21114864927439062,1,astro9,cxta
0.2209937690410556,1,astro9,cxta
0.2314392807770075,1,astro9,cxta
0.23225998074810192,1,astro9,cxta
0.21580501490891907,1,astro9,cxta
0.22202744618325698,1,astro9,cxta
0.24074334472391293,1,astro9,cxta
0.22660886030753608,1,astro9,cxta
0.22069385901091002,1,astro9,cxta
0.2164635473077103,1,astro9,cxta
0.18727762395872125,1,astro9,cxta
0.22133463611903015,1,astro9,cxta
0.22384946559047358,1,astro9,cxta
0.22272021717237422,1,astro9,cxta
0.24116846515338525,0,astro9,cxta
0.23495527784742873,0,astro9,cxta
0.22270807750219423,0,astro9,cxta
0.20705663272578861,0,astro9,cxta
0.22627163061938277,0,astro9,cxta
0.22016250748676566,0,astro9,cxta
0.25420311235922743,0,astro9,cxta
0.22561319393046037,0,astro9,cxta
0.2496014156964017,0,astro9,cxta
0.22326547865704194,0,astro9,cxta
0.22424556108433297,0,astro9,cxta
0.22767133449769517,0,astro9,cxta
0.23463321315415656,0,astro9,cxta
0.2462056969621946,0,astro9,cxta
0.21347108532740078,0,astro9,cxta
0.227882428128259,0,astro9,cxta
0.2544969434847387,0,astro9,cxta
0.26951378751403726,0,astro9,cxta
0.26379098379836374,0,astro9,cxta
0.23852851526889782,0,astro9,cxta
0.2569719158161894,0,astro9,cxta
0.2461376932983916,0,astro9,cxta
0.25804134305601056,0,astro9,cxta
0.2311282745379834,0,astro9,cxta
0.216595383050086,0,astro9,cxta
0.23981519375058385,0,astro9,cxta
0.2469593644094618,0,astro9,cxta
0.21395198242164665,1,astro9,cxta
0.24239467195689304,1,astro9,cxta
0.25496579495905913,1,astro9,cxta
0.23761233676865778,1,astro9,cxta
0.2117413198472137,1,astro9,cxta
0.2324435039601152,1,astro9,cxta
0.228397179905226,1,astro9,cxta
0.23162162734534472,1,astro9,cxta
0.2656392045004331,1,astro9,cxta
0.25565622007077504,1,astro9,cxta
0.2616676900272922,1,astro9,cxta
0.261398396792201,1,astro9,cxta
0.27218233014439774,1,astro9,cxta
0.2681906516211385,1,astro9,cxta
0.29037339702148907,1,astro9,cxta
0.283476085304391,1,astro9,cxta
0.2959769679798686,1,astro9,cxta
0.3154044125455002,1,astro9,cxta
0.2981893189039097,1,astro9,cxta
0.2856525619629599,1,astro9,cxta
0.2958911959868348,1,astro9,cxta
0.29927914062973393,1,astro9,cxta
0.2761612617009006,1,astro9,cxta
0.30276422700381145,1,astro9,cxta
0.3117921983502057,1,astro9,cxta
0.3181915058695832,1,astro9,cxta
0.3229481553220111,1,astro9,cxta
0.3049871223447756,1,astro9,cxta
0.31394119920950175,1,astro9,cxta
0.33749930644024634,1,astro9,cxta
0.32851267735969775,0,astro9,cxta
0.32480096312747325,0,astro9,cxta
0.3552961525248984,0,astro9,cxta
0.3658797880610304,0,astro9,cxta
0.3572239892490044,0,astro9,cxta
0.333164151276126,0,astro9,cxta
0.34269921355765787,0,astro9,cxta
0.3737056311660676,0,astro9,cxta
0.3644611366436316,0,astro9,cxta
0.3424205211950895,0,astro9,cxta
0.36194810847294645,0,astro9,cxta
0.3802133275994947,0,astro9,cxta
0.3749282974705153,1,astro9,cxta
0.37932614942147636,1,astro9,cxta
0.34649626800478145,1,astro9,cxta
0.36682003024532883,1,astro9,cxta
0.36755649015067854,1,astro9,cxta
0.4134188551939243,1,astro9,cxta
0.39395416784259946,1,astro9,cxta
0.3920499236004803,1,astro9,cxta
0.39062811900993244,1,astro9,cxta
0.3883792250993042,1,astro9,cxta
0.4345340857645678,1,astro9,cxta
0.4141657094043927,1,astro9,cxta
0.4099128312366341,1,astro9,cxta
0.41897876659249866,1,astro9,cxta
0.39793717478620827,1,astro9,cxta
0.4277471676016247,1,astro9,cxta
0.40415663585072614,0,astro9,cxta
0.3967364515295215,0,astro9,cxta
0.40860544845880964,0,astro9,cxta
0.39080233341388715,0,astro9,cxta
0.37616697648748854,0,astro9,cxta
0.3740592894895546,0,astro9,cxta
0.384053581321994,0,astro9,cxta
0.408727917511712,0,astro9,cxta
0.3886882195779542,0,astro9,cxta
0.36462663708862375,0,astro9,cxta
0.3949027461281402,0,astro9,cxta
0.3948591168383882,0,astro9,cxta
0.42039227711619254,0,astro9,cxta
0.40526143613423227,0,astro9,cxta
0.43075460067230054,0,astro9,cxta
0.4393809464858719,0,astro9,cxta
0.4422629467491272,0,astro9,cxta
0.45991455142113774,0,astro9,cxta
0.4380629737804632,0,astro9,cxta
0.4420766003937684,1,astro9,cxta
0.4440078738076892,1,astro9,cxta
0.44574768275302723,1,astro9,cxta
0.4515724425971282,1,astro9,cxta
0.4607426241082518,1,astro9,cxta
0.45755975401590865,1,astro9,cxta
0.4475651243803785,1,astro9,cxta
0.46284039359887813,1,astro9,cxta
0.4562714588193995,1,astro9,cxta
0.450450603158813,1,astro9,cxta
0.45362114900093287,1,astro9,cxta
0.4545577047038174,1,astro9,cxta
0.44685364841843556,1,astro9,cxta
0.40999469090206986,1,astro9,cxta
0.4242761697638162,1,astro9,cxta
0.42676271374536995,1,astro9,cxta
0.42966319745862447,1,astro9,cxta
0.4222625142735186,1,astro9,cxta
0.43031692901549723,1,astro9,cxta
0.4236620709662861,1,astro9,cxta
0.3884474416535807,1,astro9,cxta
0.399422028212436,1,astro9,cxta
0.40247658307669276,1,astro9,cxta
0.43887632080830213,1,astro9,cxta
0.4303747722450532,1,astro9,cxta
0.4250498418209837,1,astro9,cxta
0.4440079052908908,1,astro9,cxta
0.46155843470442115,1,astro9,cxta
0.48936841277867216,1,astro9,cxta
0.4793526028256291,1,astro9,cxta
0.45707408738728394,0,astro9,cxta
0.46338482596936703,0,astro9,cxta
0.47900806588214845,0,astro9,cxta
0.5003747111972539,0,astro9,cxta
0.46650390115251866,0,astro9,cxta
0.46280692970865267,0,astro9,cxta
0.46664397479824127,1,astro9,cxta
0.4650192174364885,1,astro9,cxta
0.47880583905387514,1,astro9,cxta
0.4939478829926179,1,astro9,cxta
0.4729630100310661,1,astro9,cxta
0.4670848901627486,1,astro9,cxta
0.4860485312298559,1,astro9,cxta
0.4731000541309547,1,astro9,cxta
0.4788208270552125,1,astro9,cxta
0.47901558304024916,1,astro9,cxta
0.5003669865211101,1,astro9,cxta
0.5100604129253823,1,astro9,cxta
0.49299460877113255,1,astro9,cxta
0.4773845719377734,1,astro9,cxta
0.4624617011710389,1,astro9,cxta
0.5095360708328567,1,astro9,cxta
0.5313695846989487,1,astro9,cxta
0.5186845908166294,1,astro9,cxta
0.5151948933758224,1,astro9,cxta
0.5064261259471894,1,astro9,cxta
0.5059410945683119,1,astro9,cxta
0.5290469220744479,1,astro9,cxta
0.507325062151084,1,astro9,cxta
0.4679194204409004,1,astro9,cxta
0.45886192806619786,1,astro9,cxta
0.4821798716287803,1,astro9,cxta
0.46862000706223783,1,astro9,cxta
0.47965108969556797,1,astro9,cxta
0.4685192290865727,1,astro9,cxta
0.49228961937705357,1,astro9,cxta
0.462471873803336,1,astro9,cxta
0.4366080832575123,1,astro9,cxta
0.46031772012842126,1,astro9,cxta
0.4440688944368908,1,astro9,cxta
0.4370008190141454,1,astro9,cxta
0.45008467213541054,1,astro9,cxta
0.4399952252201458,1,astro9,cxta
0.41407865331575144,1,astro9,cxta
0.4035806016962139,1,astro9,cxta
0.40292305682325014,1,astro9,cxta
0.4170243671029628,1,astro9,cxta
0.40154716744850966,1,astro9,cxta
0.391387080454652,1,astro9,cxta
0.37990997681272404,1,astro9,cxta
0.3764194826675902,1,astro9,cxta
0.3491716386226424,0,astro9,cxta
0.3617645039591695,0,astro9,cxta
0.33293891764906197,0,astro9,cxta
0.3459856238464924,0,astro9,cxta
0.34562527544185623,0,astro9,cxta
0.34565159910425186,0,astro9,cxta
0.32987271269887397,0,astro9,cxta
0.3652891712996271,0,astro9,cxta
0.3457898157209814,0,astro9,cxta
0.3408229829732046,0,astro9,cxta
0.31799705019250446,0,astro9,cxta
0.32041560556508425,0,astro9,cxta
0.31178062379430366,0,astro9,cxta
0.3105792272443172,0,astro9,cxta
0.2985113128098267,0,astro9,cxta
0.2922247281384413,0,astro9,cxta
0.30571800933907667,0,astro9,cxta
0.3094925673849453,0,astro9,cxta
0.29328960884736793,0,astro9,cxta
0.2783219579581067,0,astro9,cxta
0.2703632375561874,0,astro9,cxta
0.2943450960697209,0,astro9,cxta
0.29510466097768323,0,astro9,cxta
0.28126629444538687,0,astro9,cxta
0.25243364340547825,0,astro9,cxta
0.27832349161330117,0,astro9,cxta
0.2865653373759299,0,astro9,cxta
0.28238647580433895,1,astro9,cxta
0.26606158842545535,1,astro9,cxta
0.26601571742861746,1,astro9,cxta
0.2697710923925523,1,astro9,cxta
0.25571455765012696,1,astro9,cxta
0.269567026052086,1,astro9,cxta
0.24381206017061371,1,astro9,cxta
0.25781145031494324,1,astro9,cxta
0.25224008298689093,1,astro9,cxta
0.24728185138924827,1,astro9,cxta
0.2354639217449424,1,astro9,cxta
0.22903920377774317,1,astro9,cxta
0.22447986111537382,1,astro9,cxta
0.24478277192231562,1,astro9,cxta
0.20873265097614452,1,astro9,cxta
0.21428426483593735,1,astro9,cxta
0.2262534312828699,1,astro9,cxta
0.2189449912062319,1,astro9,cxta
0.20775585201864957,1,astro9,cxta
0.21231110782416734,1,astro9,cxta
0.19863233969351768,1,astro9,cxta
0.21793067696367896,1,astro9,cxta
0.23189840305790038,1,astro9,cxta
0.21255802790978914,1,astro9,cxta
0.22210801253255413,1,astro9,cxta
0.19991686325332686,1,astro9,cxta
0.18898716382017514,1,astro9,cxta
0.19863161002938004,1,astro9,cxta
0.2139767922894601,1,astro9,cxta
0.20085169655278676,1,astro9,cxta
0.2039928605937101,1,astro9,cxta
0.19813251005177754,1,astro9,cxta
0.2165731084099946,1,astro9,cxta
0.19869405095150788,1,astro9,cxta
0.1823796177047138,1,astro9,cxta
0.19879533187392745,1,astro9,cxta
0.22079278433823424,1,astro9,cxta
0.21232645080587173,0,astro9,cxta
0.20494698970259978,0,astro9,cxta
0.18844249574013203,0,astro9,cxta
0.19965766531589585,0,astro9,cxta
0.17774607292518052,0,astro9,cxta
0.18661877449129916,0,astro9,cxta
0.19416578997881226,0,astro9,cxta
0.18272913808397326,0,astro9,cxta
0.18584458546815108,0,astro9,cxta
0.19575549927503008,0,astro9,cxta
0.1775194925532737,0,astro9,cxta
0.20682755866621386,0,astro9,cxta
0.22278498776092973,0,astro9,cxta
0.23581061105870094,1,astro9,cxta
0.2084515415217908,1,astro9,cxta
0.20778830242889645,1,astro9,cxta
0.1859248254263245,1,astro9,cxta
0.24039254935157198,1,astro9,cxta
0.21168392068064418,1,astro9,cxta
0.21118909531618046,1,astro9,cxta
0.19994611682061575,1,astro9,cxta
0.21563271170745774,1,astro9,cxta
0.19305173103434542,1,astro9,cxta
0.16600789435406163,1,astro9,cxta
0.20060859082975113,1,astro9,cxta
0.20196849106853118,1,astro9,cxta
0.18101080844752865,1,astro9,cxta
0.1849185783460147,1,astro9,cxta
0.1941826419424955,1,astro9,cxta
0.19412128421178607,1,astro9,cxta
0.21864430507497473,1,astro9,cxta
0.2077203228981934,1,astro9,cxta
0.18725073686245922,1,astro9,cxta
0.20706302413195962,1,astro9,cxta
0.23769696711434796,1,astro9,cxta
0.1845314342108747,0,astro9,cxta
0.19526625975066483,0,astro9,cxta
0.17222553602384313,0,astro9,cxta
0.16727807601868278,0,astro9,cxta
0.18295982471106986,0,astro9,cxta
0.19722554601901915,0,astro9,cxta
0.19393969429002336,0,astro9,cxta
0.2225462766372504,0,astro9,cxta
0.2155050452580479,0,astro9,cxta
0.22271130963476063,0,astro9,cxta
0.21447437161061658,0,astro9,cxta
0.22681869116329698,0,astro9,cxta
0.2173560225343994,0,astro9,cxta
0.19645984849097642,0,astro9,cxta
0.1966433009532984,0,astro9,cxta
0.20919327855590567,0,astro9,cxta
0.19634525815974624,0,astro9,cxta
0.22678762050851853,0,astro9,cxta
0.23471059136467004,0,astro9,cxta
0.2054393225773846,0,astro9,cxta
0.21684900374333013,0,astro9,cxta
0.22036544132839975,0,astro9,cxta
0.20728180482503147,0,astro9,cxta
0.20381232234494528,0,astro9,cxta
0.2127286931546004,0,astro9,cxta
0.21162347677150853,0,astro9,cxta
0.20163779514429192,0,astro9,cxta
0.21941838875968603,0,astro9,cxta
0.20727465905198972,0,astro9,cxta
0.2038513651596651,0,astro9,cxta
0.22273398496670613,0,astro9,cxta
0.2341684614428323,0,astro9,cxta
0.22058647495421838,0,astro9,cxta
0.2068050435831444,0,astro9,cxta
0.20844337134489205,1,astro9,cxta
0.17630511400206836,1,astro9,cxta
0.207668704177914,1,astro9,cxta
0.20314514580359366,1,astro9,cxta
0.20140948079510831,1,astro9,cxta
0.16385234759517128,1,astro9,cxta
0.193656591231284,1,astro9,cxta
0.21053621820015772,1,astro9,cxta
0.24423329386551987,1,astro9,cxta
0.2169840197875677,1,astro9,cxta
0.23177485694236782,1,astro9,cxta
0.2023064564571419,1,astro9,cxta
0.21598938596522393,1,astro9,cxta
0.23151268416436532,1,astro9,cxta
0.23418323252570952,1,astro9,cxta
0.18807896402902452,1,astro9,cxta
0.20153694013399695,1,astro9,cxta
0.20917853752617488,1,astro9,cxta
0.2460563718849411,1,astro9,cxta
0.2556037279290007,1,astro9,cxta
0.23368660275085765,1,astro9,cxta
0.24130384543261582,1,astro9,cxta
0.22961025621725425,1,astro9,cxta
0.24014113432587786,1,astro9,cxta
0.24239971218765857,1,astro9,cxta
0.23440413423004539,1,astro9,cxta
0.1951804854302614,1,astro9,cxta
0.18977755857511472,1,astro9,cxta
0.20792145158986672,1,astro9,cxta
0.25072574123164654,1,astro9,cxta
0.2334326481049983,1,astro9,cxta
0.21332389157563483,1,astro9,cxta
0.19211451084623216,1,astro9,cxta
0.20301269535462646,1,astro9,cxta
0.21683767207935709,1,astro9,cxta
0.24678600817376778,1,astro9,cxta
0.2223544091406287,1,astro9,cxta
0.23220040705077555,1,astro9,cxta
0.194052636816943,1,astro9,cxta
0.20366164715969529,1,astro9,cxta
0.19250700641539173,1,astro9,cxta
0.21960349388464567,1,astro9,cxta
0.22449270033990423,1,astro9,cxta
0.22885752440500906,1,astro9,cxta
0.21708061395786715,1,astro9,cxta
0.24036784960798915,1,astro9,cxta
0.22402479933440123,1,astro9,cxta
0.20493088905014384,1,astro9,cxta
0.1815874976037635,1,astro9,cxta
0.21857995446844547,1,astro9,cxta
0.2132512419772095,1,astro9,cxta
0.2232851920117263,1,astro9,cxta
0.2084982849090385,1,astro9,cxta
0.22078486504995826,1,astro9,cxta
0.23014179742518065,1,astro9,cxta
0.22225286075372344,1,astro9,cxta
0.23985182844074904,1,astro9,cxta
0.22676925848493357,1,astro9,cxta
0.22699088223818392,1,astro9,cxta
0.22761461834211782,1,astro9,cxta
0.22167923864073474,1,astro9,cxta
0.21118229497144847,1,astro9,cxta
0.2598805534740605,1,astro9,cxta
0.2356788664228046,1,astro9,cxta
0.2594616233137416,1,astro9,cxta
0.26500461128503333,1,astro9,cxta
0.2698111634482037,1,astro9,cxta
0.2713120175188988,1,astro9,cxta
0.2904798824000983,1,astro9,cxta
0.2972203687194948,1,astro9,cxta
0.25867848197623905,1,astro9,cxta
0.2615743630172954,1,astro9,cxta
0.29952984910465946,1,astro9,cxta
0.2977415267403749,0,astro9,cxta
0.30264021786759265,0,astro9,cxta
0.3011570390361165,0,astro9,cxta
0.3093587695612874,0,astro9,cxta
0.28679380330097043,0,astro9,cxta
0.29319061599201346,0,astro9,cxta
0.30963568336361114,0,astro9,cxta
0.32062606950573347,0,astro9,cxta
0.2944925360438643,0,astro9,cxta
0.276522765143878,1,astro9,cxta
0.32383437787798497,1,astro9,cxta
0.3051247851931313,1,astro9,cxta
0.31828722730974224,1,astro9,cxta
0.2892649639104545,1,astro9,cxta
0.31317184978334844,1,astro9,cxta
0.31158408417979055,1,astro9,cxta
0.3106210234149536,1,astro9,cxta
0.3041117876348245,1,astro9,cxta
0.2875779043412399,1,astro9,cxta
0.2934264403173557,1,astro9,cxta
0.32023424585665444,1,astro9,cxta
0.3156744299510681,1,astro9,cxta
0.3256979101700308,1,astro9,cxta
0.3297326369120801,0,astro9,cxta
0.3512027322952604,0,astro9,cxta
0.36076064827747995,0,astro9,cxta
0.35034770361550355,0,astro9,cxta
0.36924971924435807,0,astro9,cxta
0.35119045310696295,0,astro9,cxta
0.3837403266583442,0,astro9,cxta
0.40531713806317893,0,astro9,cxta
0.39071177770308474,0,astro9,cxta
0.4007791571133772,0,astro9,cxta
0.38520326650052866,0,astro9,cxta
0.3730684681158948,0,astro9,cxta
0.38159427051570305,0,astro9,cxta
0.39909583156835027,0,astro9,cxta
0.41148459105080576,0,astro9,cxta
0.39934184902990033,1,astro9,cxta
0.4051926245300205,1,astro9,cxta
0.3942621744848725,1,astro9,cxta
0.40560392152159425,1,astro9,cxta
0.4451830240924479,1,astro9,cxta
0.42105712043166366,1,astro9,cxta
0.4285518580391126,1,astro9,cxta
0.40935769721772786,1,astro9,cxta
0.4309738708665306,1,astro9,cxta
0.42261550703034884,1,astro9,cxta
0.40748387324901586,1,astro9,cxta
0.42843515986114555,1,astro9,cxta
0.40189740496571125,1,astro9,cxta
0.4008481043645186,1,astro9,cxta
0.4055414900443848,1,astro9,cxta
0.399404964981371,1,astro9,cxta
0.41814591292615944,1,astro9,cxta
0.4239106641029396,1,astro9,cxta
0.43496107707740084,1,astro9,cxta
0.43303996423260754,1,astro9,cxta
0.4261704154918708,1,astro9,cxta
0.4727829503360075,1,astro9,cxta
0.46849359883207287,1,astro9,cxta
0.4956033324334195,1,astro9,cxta
0.51706605754431,1,astro9,cxta
0.511282012890421,1,astro9,cxta
0.5293511165894316,1,astro9,cxta
0.5214711757800258,1,astro9,cxta
0.5123194617112595,1,astro9,cxta
0.5016821033537959,1,astro9,cxta
0.49653023215087977,1,astro9,cxta
0.5008972117740106,1,astro9,cxta
0.49981788691701584,1,astro9,cxta
0.48865336929964387,1,astro9,cxta
0.5112844221804475,1,astro9,cxta
0.48078412711073815,1,astro9,cxta
0.49062921916532554,1,astro9,cxta
0.51230722281126,1,astro9,cxta
0.5230203129066865,1,astro9,cxta
0.524815369437411,1,astro9,cxta
0.5460043500889392,1,astro9,cxta
0.5778235428619739,1,astro9,cxta
0.5673877971631061,1,astro9,cxta
0.5903796552254974,1,astro9,cxta
0.6093869352459114,1,astro9,cxta
0.5898285632764808,1,astro9,cxta
0.5852967725954982,1,astro9,cxta
0.60081571085451,1,astro9,cxta
0.5826705208472591,1,astro9,cxta
0.6084111585818397,1,astro9,cxta
0.5839417360112958,1,astro9,cxta
0.5956997927524393,1,astro9,cxta
0.5912220629263898,1,astro9,cxta
0.5599999547496503,1,astro9,cxta
0.5651194463595935,1,astro9,cxta
0.5229165238462229,1,astro9,cxta
0.5091717963287095,1,astro9,cxta
0.506669349409401,1,astro9,cxta
0.48867223871783944,1,astro9,cxta
0.4853641564184867,1,astro9,cxta
0.46298608606256814,0,astro9,cxta
0.45631586352624426,0,astro9,cxta
0.4525054353550744,0,astro9,cxta
0.4483566058920316,0,astro9,cxta
0.45154548899098773,0,astro9,cxta
0.42006766111155275,0,astro9,cxta
0.4013797909626105,0,astro9,cxta
0.3754305858122094,0,astro9,cxta
0.3877994031888583,0,astro9,cxta
0.3637221163580529,0,astro9,cxta
0.3527335385289574,0,astro9,cxta
0.3650388319836618,1,astro9,cxta
0.3491357874784709,1,astro9,cxta
0.3627671148495321,1,astro9,cxta
0.33791340651770685,1,astro9,cxta
0.3363820631563287,1,astro9,cxta
0.3093571107224268,1,astro9,cxta
0.30689463755106056,1,astro9,cxta
0.30011104729093097,1,astro9,cxta
0.28022225241110843,1,astro9,cxta
0.27390703446931053,1,astro9,cxta
0.2821598773143113,1,astro9,cxta
0.27328011316617484,1,astro9,cxta
0.30307659552798655,1,astro9,cxta
0.305352848451166,1,astro9,cxta
0.2778775581840411,1,astro9,cxta
0.2582272467694676,1,astro9,cxta
0.23010872004396038,1,astro9,cxta
0.2577592803428767,1,astro9,cxta
0.2527746637293717,1,astro9,cxta
0.24538510492263332,1,astro9,cxta
0.22016798808120855,1,astro9,cxta
0.21971316830984824,1,astro9,cxta
0.24678282579439773,1,astro9,cxta
0.25176945314814153,1,astro9,cxta
0.22534259273244697,1,astro9,cxta
0.25004544433401377,1,astro9,cxta
0.2627097701888634,1,astro9,cxta
0.2569098029249269,1,astro9,cxta
0.24803908846326844,1,astro9,cxta
0.22699601882305756,1,astro9,cxta
0.2275123748342941,1,astro9,cxta
0.2357366841337812,1,astro9,cxta
0.2339916163461405,1,astro9,cxta
0.2511326701677161,1,astro9,cxta
0.2367557181068041,1,astro9,cxta
0.2192171051614045,1,astro9,cxta
0.23965151247115812,0,astro9,cxta
0.2637322199577197,0,astro9,cxta
0.24008320586998524,0,astro9,cxta
0.24588195688152617,0,astro9,cxta
0.2612147029940933,0,astro9,cxta
0.24061614661550704,0,astro9,cxta
0.24088044738818706,0,astro9,cxta
0.2386283512286554,0,astro9,cxta
0.2562336945399581,1,astro9,cxta
0.24148083053433936,1,astro9,cxta
0.24037810247525052,1,astro9,cxta
0.2549104078204483,1,astro9,cxta
0.2595757370203819,1,astro9,cxta
0.26563248897245817,1,astro9,cxta
0.2456589327323562,1,astro9,cxta
0.2636377225392877,1,astro9,cxta
0.2735074602037035,1,astro9,cxta
0.26132253731833127,1,astro9,cxta
0.2493143079082561,1,astro9,cxta
0.2528679621098775,1,astro9,cxta
0.24244415087780194,1,astro9,cxta
0.2525205713536482,1,astro9,cxta
0.2594084862208737,1,astro9,cxta
0.22625208015103207,1,astro9,cxta
0.23773961890142237,1,astro9,cxta
0.2450962268656164,1,astro9,cxta
0.2629347861579948,1,astro9,cxta
0.25016112683753594,1,astro9,cxta
0.2449799479057834,1,astro9,cxta
0.2550100448629326,1,astro9,cxta
0.2549443006783879,1,astro9,cxta
0.25193575155053005,1,astro9,cxta
0.24662941252476475,1,astro9,cxta
0.22073060944906409,1,astro9,cxta
0.23545283321905824,1,astro9,cxta
0.26306230292547855,1,astro9,cxta
0.2850619329075396,1,astro9,cxta
0.2544285530156294,1,astro9,cxta
0.2494247680277662,0,astro9,cxta
0.2767021871392601,0,astro9,cxta
0.25503461821820655,0,astro9,cxta
0.2293179633756998,0,astro9,cxta
0.19754031919664575,0,astro9,cxta
